0.002739 -0.004604 -0.009181 -0.009669 -0.547471
-0.001264 0.003363 -0.190476 0.403793 0.328347
-0.006648 0.014046 -0.079337 0.136240 -0.822760
-0.015307 0.032314 -0.352959 0.771767 1.304875
-0.020707 0.042921 0.081166 -0.225162 -0.160101
-0.018659 0.037709 0.021618 -0.039008 0.932961
-0.011685 0.022801 0.326321 -0.700161 -0.500664
-0.002126 0.003995 0.152705 -0.250170 0.053336
0.004284 -0.006358 0.167920 -0.269267 -0.269198
0.009176 -0.012735 0.077156 -0.053872 -0.191388
0.011002 -0.012128 0.014372 0.082423 -0.211112
0.010206 -0.005935 -0.054090 0.226457 -0.158187
0.007031 0.005158 -0.104695 0.328967 0.976935
0.009374 0.003034 0.220702 -0.425034 -0.999549
0.011475 0.002073 -0.114393 0.365704 -0.279998
0.005081 0.020608 -0.205342 0.561953 1.138969
0.004475 0.025372 0.173578 -0.310529 0.161096
0.012379 0.011528 0.221753 -0.383364 0.288732
0.023078 -0.007414 0.313269 -0.564934 -0.484489
0.032308 -0.021937 0.149149 -0.169683 -1.166147
0.030533 -0.011047 -0.236779 0.704086 1.611460
0.031905 -0.008792 0.303359 -0.572926 0.736383
0.048862 -0.042410 0.544232 -1.106972 -0.540767
0.066952 -0.077852 0.361676 -0.678461 -1.862405
0.069117 -0.077380 -0.251328 0.683083 0.746572
0.064293 -0.064150 0.008889 -0.009518 -1.615736
0.054050 -0.041215 -0.519798 1.145080 0.730096
0.038376 -0.009073 -0.265465 0.477535 -0.656216
0.023486 0.019290 -0.478854 0.939711 1.355962
0.013450 0.035281 -0.024916 -0.121886 0.256261
0.014061 0.027486 0.055356 -0.267389 0.436082
0.019073 0.011121 0.195125 -0.550127 -1.540614
0.016520 0.013812 -0.320919 0.668073 1.065930
0.010842 0.023627 0.035515 -0.163608 -0.625942
0.008020 0.027499 -0.175908 0.350755 0.161900
0.002049 0.039253 -0.123026 0.240819 0.946022
0.003363 0.035001 0.187746 -0.444639 -2.245085
-0.004205 0.053120 -0.563638 1.328794 3.000000
-0.006738 0.059830 0.433228 -0.959511 0.743681
0.015254 0.012751 0.666605 -1.397822 -1.677980
0.030508 -0.015170 0.098726 -0.023054 -0.135461
0.033577 -0.014283 0.054860 0.066354 1.279385
0.044314 -0.031652 0.480768 -0.924225 -1.846246
0.051190 -0.039738 -0.134592 0.498209 -0.085363
0.045394 -0.020039 -0.155559 0.490714 0.992826
0.045888 -0.016738 0.178953 -0.313721 -1.031926
0.046166 -0.013361 -0.163908 0.472177 0.053202
0.040059 0.003811 -0.141887 0.390975 0.190053
0.035693 0.016140 -0.076899 0.230189 1.171417
0.040402 0.007466 0.311140 -0.653244 -1.192890
0.044791 0.000754 -0.090102 0.302904 0.422248
0.044033 0.006041 0.051607 -0.032787 -0.780883
0.040878 0.016956 -0.208619 0.572183 1.795137
0.044515 0.011949 0.388453 -0.804255 -0.689030
0.055315 -0.008238 0.152790 -0.217278 0.377216
0.063913 -0.022578 0.276974 -0.498617 -2.215189
0.060226 -0.008313 -0.459013 1.191095 2.102123
0.056041 0.005297 0.246911 -0.484376 -0.768456
0.060714 -0.001456 -0.012183 0.136674 0.774405
0.065395 -0.008058 0.245445 -0.459694 0.182973
0.076371 -0.028784 0.303562 -0.579028 -0.560538
0.084756 -0.043191 0.116616 -0.150293 -1.059552
0.082443 -0.033706 -0.231248 0.615779 2.321397
0.088794 -0.046280 0.546140 -1.220892 -3.000000
0.090612 -0.048529 -0.451619 1.075672 2.279790
0.087973 -0.043011 0.316738 -0.772960 -2.227312
0.085812 -0.039700 -0.422249 0.915578 0.888642
0.075057 -0.018833 -0.117021 0.142590 -1.351576
0.061450 0.007035 -0.562274 1.141911 2.239814
0.054016 0.016974 0.187629 -0.618191 -1.925390
0.048584 0.023071 -0.456996 0.902858 1.931436
0.043235 0.028894 0.187082 -0.589502 -0.153638
0.049542 0.009163 0.128953 -0.403548 1.010524
0.061339 -0.021720 0.460333 -1.136340 -1.698888
0.068328 -0.040044 -0.108413 0.197522 0.648188
0.068420 -0.043254 0.112223 -0.350973 -0.864633
0.067204 -0.044537 -0.172015 0.277718 -0.272196
0.058656 -0.030630 -0.255434 0.418423 0.262367
0.050318 -0.019168 -0.162094 0.160512 -0.295919
0.041936 -0.008839 -0.256895 0.355253 0.824547
0.037222 -0.007955 0.020172 -0.301670 -1.725075
0.026529 0.006721 -0.553026 1.019834 0.818417
0.009996 0.033758 -0.275212 0.346982 1.302083
0.007627 0.027998 0.155357 -0.622604 -1.139252
0.006110 0.022095 -0.229646 0.313230 0.835855
0.002484 0.021911 0.047337 -0.313670 1.662724
0.015342 -0.015222 0.594389 -1.533256 -2.133418
0.024729 -0.042070 -0.121782 0.161278 -0.742377
0.015041 -0.025391 -0.362192 0.668953 -1.541200
-0.009539 0.023585 -0.865934 1.773913 3.000000
-0.024007 0.046708 0.138267 -0.579378 0.410122
-0.015938 0.019122 0.265366 -0.802328 -1.857020
-0.017839 0.017099 -0.358079 0.680013 3.000000
-0.012143 -0.002259 0.639718 -1.619652 -3.000000
-0.006750 -0.018820 -0.366069 0.754858 0.042409
-0.020955 0.009309 -0.344841 0.658479 1.346191
-0.025715 0.014337 0.105108 -0.391336 -0.132743
-0.022485 0.001609 0.056847 -0.249554 0.983043
-0.013714 -0.023074 0.381018 -0.979193 -2.721782
-0.016673 -0.019646 -0.525782 1.121861 1.061214
-0.030432 0.007002 -0.164033 0.228292 0.457875
-0.033928 0.008987 -0.011364 -0.123703 -0.990927
-0.041013 0.019666 -0.341862 0.648896 0.456257
-0.051598 0.038237 -0.188325 0.288482 0.546339
-0.055541 0.041931 -0.009500 -0.097609 0.936070
-0.049806 0.024802 0.295542 -0.753157 -1.707528
-0.049514 0.022520 -0.278756 0.619376 0.502331
-0.057283 0.039317 -0.110637 0.229398 2.173541
-0.047313 0.015785 0.607173 -1.388386 -1.486937
-0.033167 -0.014645 0.102578 -0.156388 -1.381502
-0.038250 0.000234 -0.355398 0.888662 0.182588
-0.051122 0.031836 -0.289078 0.700343 0.084495
-0.062091 0.058399 -0.260030 0.634000 1.405795
-0.063192 0.062787 0.203267 -0.399104 0.141825
-0.054327 0.046688 0.240298 -0.408850 -0.828857
-0.050401 0.044732 -0.042875 0.300754 1.813352
-0.040125 0.029642 0.554915 -1.039746 -0.926724
-0.024327 0.004418 0.236676 -0.237545 0.938289
-0.008677 -0.019020 0.545166 -0.929231 -1.989284
-0.000213 -0.024781 -0.119431 0.618240 0.058927
-0.004462 -0.002298 -0.093613 0.511819 1.266400
0.000288 -0.001961 0.329586 -0.480978 -0.668573
0.008944 -0.010274 0.104183 0.056134 0.161861
0.014207 -0.010772 0.158795 -0.079225 -0.547524
0.016917 -0.005617 -0.022752 0.332227 2.130422
0.030230 -0.025576 0.686178 -1.310942 -0.620097
0.053396 -0.067278 0.473797 -0.789986 -2.264678
0.057323 -0.064670 -0.274899 0.897293 0.588509
0.050507 -0.040444 -0.067168 0.326537 0.326570
0.050124 -0.033725 0.047432 0.015080 -0.537538
0.048518 -0.025630 -0.127320 0.386112 1.162782
0.051270 -0.029113 0.263500 -0.547837 -0.708461
0.057075 -0.040055 0.027843 -0.009092 -0.321810
0.056133 -0.036361 -0.074701 0.191724 0.329758
0.055445 -0.034819 0.039813 -0.110111 -1.232972
0.048897 -0.020922 -0.366104 0.795098 1.594381
0.045024 -0.015126 0.170364 -0.486195 -0.705772
0.047103 -0.023404 -0.065380 0.062917 -1.011076
0.037824 -0.005954 -0.397765 0.802697 0.809321
0.027432 0.012540 -0.123217 0.135036 1.392729
0.031760 -0.003313 0.338298 -0.916103 -1.583137
0.034629 -0.014459 -0.192667 0.338943 -0.131128
0.026134 0.000355 -0.232282 0.403774 0.931344
0.023099 0.001696 0.079357 -0.326218 -1.040850
0.019296 0.005144 -0.268290 0.487872 0.053815
0.008985 0.023330 -0.247696 0.425926 0.197606
0.000404 0.037338 -0.181859 0.279326 0.146885
-0.005935 0.046785 -0.135432 0.196115 0.970077
-0.004980 0.040614 0.182226 -0.496224 -0.678740
-0.002373 0.032826 -0.050818 0.097019 0.208799
-0.003080 0.034176 0.015236 -0.027459 1.171603
0.005235 0.015965 0.399589 -0.874930 -1.519989
0.010934 0.005903 -0.112568 0.352617 0.401378
0.009135 0.013553 0.021977 0.035878 0.940696
0.016240 0.000850 0.332423 -0.663737 -0.397745
0.026781 -0.018636 0.195554 -0.319282 -0.546661
0.030953 -0.022972 0.013790 0.095780 0.296125
0.033534 -0.024306 0.114864 -0.159184 0.777388
0.043322 -0.042919 0.373938 -0.766498 -2.299008
0.042969 -0.038245 -0.388998 0.976749 0.421710
0.030441 -0.007800 -0.238588 0.557286 1.808429
0.033026 -0.014181 0.365740 -0.857702 -2.965077
0.027831 -0.002089 -0.622169 1.432629 1.370448
0.012280 0.032239 -0.157824 0.306582 -0.461786
0.002869 0.051965 -0.312513 0.678327 1.307922
-0.000957 0.059400 0.119565 -0.291344 1.100550
0.010960 0.032686 0.475688 -1.039472 -1.677542
0.018595 0.019060 -0.091635 0.336338 0.522791
0.018407 0.024527 0.081528 -0.056319 1.201253
0.029586 0.004521 0.476468 -0.935723 -1.058947
0.041440 -0.015233 0.117934 -0.068099 0.186382
0.047411 -0.021033 0.180522 -0.220884 0.700932
0.059298 -0.040776 0.413337 -0.762470 -1.299771
0.067157 -0.051218 -0.018620 0.224259 0.178219
0.067738 -0.046425 0.047269 0.019188 -0.805016
0.064377 -0.034368 -0.214697 0.578275 0.010821
0.056020 -0.012932 -0.203672 0.498857 0.540987
0.051572 -0.002217 -0.019619 0.045384 1.170149
0.058579 -0.018453 0.368890 -0.847838 -1.626943
0.062423 -0.026639 -0.174576 0.419023 0.227363
0.057072 -0.014512 -0.093553 0.192896 0.758730
0.058435 -0.019011 0.160897 -0.410287 -0.416281
0.062081 -0.028889 0.022049 -0.090073 -2.393678
0.047091 0.003753 -0.769420 1.703701 2.958281
0.036240 0.024309 0.222810 -0.638654 -1.383029
0.035802 0.021455 -0.242957 0.479745 1.841836
0.038356 0.012254 0.368704 -0.922059 -1.933775
0.040072 0.006633 -0.280451 0.618302 1.819485
0.041033 0.002778 0.326386 -0.791992 -1.635770
0.043077 -0.002610 -0.222033 0.503329 1.498078
0.044240 -0.006189 0.278432 -0.666552 -2.091091
0.041377 0.000059 -0.419184 0.957396 0.324394
0.026911 0.032131 -0.305231 0.656789 2.499199
0.031345 0.019951 0.524293 -1.241787 -1.995901
0.038805 0.003101 -0.148529 0.373400 1.078537
0.040083 0.001081 0.211187 -0.463049 -0.176651
0.047278 -0.014042 0.149106 -0.298437 0.456086
0.056257 -0.032872 0.299654 -0.641924 -0.790457
0.062958 -0.046285 0.036625 -0.039934 -1.174572
0.056707 -0.030845 -0.348189 0.803277 0.021733
0.043111 -0.000800 -0.332303 0.706262 0.129212
0.030786 0.024537 -0.284644 0.567582 1.320859
0.028214 0.026809 0.154431 -0.439392 0.415490
0.037026 0.004097 0.286214 -0.697098 -1.447966
0.038725 -0.000477 -0.199416 0.451390 0.749490
0.035800 0.005488 0.052137 -0.143613 -1.038307
0.030942 0.016053 -0.294011 0.662605 1.856371
0.031589 0.013573 0.324235 -0.767035 -0.650117
0.040084 -0.005742 0.101712 -0.210317 0.570385
0.047923 -0.022730 0.289894 -0.636443 -0.839643
0.053884 -0.034933 0.009432 0.014610 0.054073
0.054698 -0.035973 0.031143 -0.065693 -0.741859
0.051078 -0.027926 -0.211484 0.462287 -0.425562
0.039918 -0.004129 -0.346546 0.728539 1.495067
0.036120 0.001007 0.154705 -0.454130 -0.470704
0.039104 -0.009264 -0.004672 -0.066877 0.140489
0.039861 -0.014191 0.042440 -0.178873 0.514763
0.044986 -0.029312 0.213472 -0.574579 -2.066743
0.039758 -0.020446 -0.472641 0.997660 0.332167
0.023258 0.012581 -0.353468 0.664871 1.003574
0.015868 0.023196 -0.017483 -0.120924 0.694114
0.019715 0.008429 0.209375 -0.613449 -1.149075
0.020334 0.002592 -0.176890 0.307519 1.066445
0.020393 -0.001810 0.178616 -0.516925 -1.816571
0.015378 0.006104 -0.427302 0.894347 1.206981
0.006436 0.022317 -0.021637 -0.066867 0.832138
0.011044 0.007503 0.251403 -0.668370 0.106985
0.021692 -0.019774 0.281449 -0.700435 -1.725874
0.021407 -0.020776 -0.293617 0.631437 0.319155
0.011925 -0.001714 -0.181273 0.329668 -1.508387
-0.005305 0.034197 -0.679124 1.456870 2.373761
-0.016544 0.054948 0.113780 -0.388677 0.683707
-0.007630 0.030745 0.331725 -0.820326 -1.502077
-0.004547 0.022846 -0.175545 0.406677 0.567413
-0.007789 0.030430 0.012634 -0.019943 0.061890
-0.006948 0.029459 0.029408 -0.028658 1.008651
0.000860 0.013592 0.360206 -0.757664 0.170259
0.016249 -0.017957 0.409728 -0.825086 -1.259393
0.024170 -0.030889 -0.011902 0.161953 0.787496
0.029018 -0.037392 0.253428 -0.479352 -2.257445
0.024149 -0.022104 -0.494596 1.223154 1.550295
0.014906 0.000901 0.030090 -0.050541 1.324854
0.024909 -0.021347 0.468878 -1.052131 -2.247612
0.028599 -0.027971 -0.281506 0.694978 0.626135
0.021667 -0.011327 -0.066246 0.148100 -0.075388
0.018560 -0.004669 -0.089159 0.185612 0.313884
0.017117 -0.002386 0.016585 -0.067485 -0.358784
0.015386 0.000498 -0.102764 0.208408 1.941810
0.024220 -0.021229 0.542540 -1.278127 -2.115041
0.031705 -0.038631 -0.165295 0.380961 -0.588601
0.021320 -0.015727 -0.353813 0.763509 0.468105
0.010431 0.006271 -0.191716 0.346551 1.176146
0.010623 0.001779 0.200019 -0.559298 -1.818063
0.006440 0.008162 -0.407092 0.859750 0.705788
-0.005038 0.030785 -0.168142 0.284102 -0.136569
-0.012699 0.044616 -0.214968 0.408431 0.088818
-0.020746 0.060119 -0.187787 0.370356 2.374763
-0.012558 0.039493 0.595018 -1.381837 -0.332558
0.008732 -0.007877 0.470883 -1.001157 -1.573564
0.016959 -0.022552 -0.057267 0.246851 -1.088408
0.007510 0.003232 -0.414454 1.036430 2.250070
0.006043 0.008858 0.338260 -0.729200 -1.291878
0.010844 0.000761 -0.096468 0.308223 1.041947
0.013955 -0.003268 0.250855 -0.499141 -1.756787
0.012229 0.004393 -0.335213 0.864544 2.587267
0.016146 -0.001781 0.528056 -1.146248 -1.326834
0.028266 -0.025713 0.080083 -0.070341 -0.800112
0.026188 -0.016699 -0.183240 0.514666 1.252138
0.027297 -0.016381 0.237136 -0.484679 -2.891462
0.017507 0.008958 -0.723689 1.725709 1.703383
0.000128 0.049773 -0.148304 0.343119 2.469517
0.010548 0.026370 0.667042 -1.492786 -1.038308
0.030033 -0.014744 0.309364 -0.583682 0.191255
0.043616 -0.040544 0.370067 -0.709627 -2.145720
0.044129 -0.035959 -0.342038 0.917084 0.777550
0.035831 -0.013230 -0.074313 0.233300 0.478268
0.036099 -0.011823 0.087122 -0.157216 -0.352724
0.037236 -0.012718 -0.029866 0.108590 0.722848
0.040890 -0.019880 0.211819 -0.460108 -1.068284
0.042228 -0.021685 -0.143619 0.357966 0.899242
0.042563 -0.022123 0.159278 -0.369751 -0.175416
0.047758 -0.034203 0.100886 -0.238507 -1.076923
0.044669 -0.027653 -0.254210 0.556205 -0.009567
0.034581 -0.006609 -0.250676 0.500942 0.309093
0.026700 0.007890 -0.144084 0.230678 0.594808
0.024909 0.007888 0.053853 -0.224408 -1.272205
0.018548 0.018973 -0.370577 0.766884 1.053084
0.010801 0.032929 -0.018320 -0.054647 -0.768671
0.004874 0.043415 -0.277287 0.572167 0.927464
-0.000066 0.052363 0.029068 -0.113248 0.012602
0.001043 0.049049 0.026494 -0.053920 1.090713
0.009231 0.031419 0.382082 -0.820513 -0.090592
0.023711 0.001859 0.342726 -0.665443 -0.593954
0.033356 -0.014653 0.140617 -0.170421 -0.085589
0.038411 -0.020221 0.112309 -0.109920 -0.517759
0.039481 -0.016942 -0.058301 0.269213 0.227826
0.038736 -0.010380 0.020614 0.063028 0.869207
0.045368 -0.021493 0.310170 -0.611376 -0.153855
0.056700 -0.043224 0.257039 -0.481310 -2.478380
0.050521 -0.024768 -0.563559 1.382010 2.575912
0.045371 -0.011437 0.302689 -0.683964 -0.724320
0.052578 -0.026983 0.058877 -0.104587 -0.371840
0.052501 -0.025906 -0.062358 0.154996 -0.224867
0.048589 -0.017024 -0.133190 0.288940 0.609462
0.047395 -0.015575 0.072676 -0.209222 0.454184
0.053324 -0.030969 0.223504 -0.558547 -0.106737
0.061536 -0.051611 0.187630 -0.478832 -1.651907
0.058102 -0.045967 -0.357535 0.745091 0.365841
0.046448 -0.023810 -0.226140 0.372267 -0.785793
0.032287 0.002128 -0.481581 0.922078 1.552231
0.023486 0.014009 0.039391 -0.308343 -2.219407
0.010224 0.036529 -0.700173 1.414256 2.173995
-0.003195 0.058749 0.026049 -0.274460 0.115387
-0.001558 0.047763 0.055997 -0.276957 0.171794
0.001675 0.035562 0.105769 -0.334668 0.564325
0.009526 0.014821 0.286642 -0.701423 -0.284625
0.018956 -0.007545 0.185693 -0.425140 -1.305352
0.017649 -0.004065 -0.249534 0.585649 2.247272
0.022711 -0.016004 0.500127 -1.160422 -2.173902
0.028113 -0.027820 -0.227123 0.543227 -0.439836
0.016243 -0.000668 -0.366452 0.815901 1.994104
0.014972 0.000262 0.300478 -0.747248 -2.388864
0.010984 0.008115 -0.497140 1.115280 2.274785
0.006378 0.016521 0.263880 -0.668186 -0.963478
0.010384 0.005908 -0.062187 0.124342 -1.203402
-0.000106 0.029377 -0.461276 1.040766 1.788339
-0.006576 0.042897 0.135284 -0.342415 -0.055977
-0.001689 0.031554 0.109466 -0.228535 0.539252
0.006165 0.015215 0.283019 -0.586676 -0.322813
0.015210 -0.002111 0.169982 -0.287232 -0.612178
0.017891 -0.003814 -0.035134 0.194958 0.461304
0.019586 -0.003407 0.119286 -0.169381 -0.548462
0.020684 -0.001562 -0.063752 0.255982 -0.238618
0.016582 0.012011 -0.141334 0.423016 1.829953
0.023131 0.000581 0.466861 -0.977174 -0.075673
0.041145 -0.035978 0.434682 -0.859601 -1.765754
0.046734 -0.042910 -0.152958 0.492478 0.811154
0.046174 -0.037271 0.123764 -0.199761 -0.091041
0.050567 -0.044423 0.096090 -0.159841 -1.103437
0.047144 -0.034667 -0.266162 0.638456 1.599688
0.047307 -0.035312 0.272324 -0.652699 -2.399763
0.042220 -0.024501 -0.524105 1.169985 1.644574
0.032425 -0.005063 0.031928 -0.175442 -1.284433
0.025142 0.007802 -0.394795 0.807429 1.346608
0.018412 0.018549 0.056419 -0.252979 -0.685175
0.016030 0.019757 -0.174646 0.305739 1.061753
0.016107 0.015765 0.177317 -0.494878 -1.779577
0.011251 0.024369 -0.418112 0.907015 0.754814
-0.000372 0.048454 -0.164474 0.310567 1.424954
0.002456 0.039777 0.304492 -0.731621 -1.344002
0.005495 0.033083 -0.150721 0.380081 1.155254
0.007127 0.030861 0.230989 -0.479550 -0.226063
0.014715 0.016553 0.149055 -0.241975 -0.667998
0.016153 0.017891 -0.076343 0.301501 2.562241
0.030140 -0.009345 0.773220 -1.641536 -2.997930
0.040892 -0.026938 -0.231578 0.724904 0.367694
0.034236 -0.005134 -0.102165 0.374473 0.704033
0.034893 -0.001544 0.134101 -0.186391 -0.575794
0.036395 0.000107 -0.058352 0.262965 1.749147
0.045728 -0.016550 0.523249 -1.080213 -1.172108
0.058727 -0.040653 0.128668 -0.143115 -0.807454
0.058567 -0.034696 -0.135893 0.434108 1.069920
0.060384 -0.035101 0.225387 -0.442162 -1.966151
0.056331 -0.022791 -0.426012 1.039474 1.609889
0.050203 -0.007820 0.117310 -0.269692 -0.169371
0.053741 -0.015789 0.059990 -0.132276 -0.775230
0.050996 -0.009324 -0.196476 0.448675 0.063553
0.043646 0.006868 -0.171488 0.365308 0.243805
0.038445 0.017444 -0.089055 0.168377 0.922656
0.041003 0.010226 0.216031 -0.521047 -1.491256
0.039619 0.013267 -0.283456 0.657151 2.838391
0.047227 -0.004577 0.660815 -1.522396 -1.154878
0.065751 -0.045765 0.267714 -0.558970 -1.560577
0.066098 -0.044468 -0.248572 0.607732 0.299507
0.058334 -0.026562 -0.140420 0.295399 -0.157624
0.051771 -0.013302 -0.187873 0.369159 -0.484548
0.041117 0.008139 -0.344703 0.702496 1.604188
0.038087 0.010880 0.191196 -0.547332 -0.854283
0.039944 0.003129 -0.097142 0.148472 0.097708
0.036722 0.007475 -0.064155 0.070805 0.863196
0.039890 -0.002840 0.221743 -0.579518 -1.310176
0.039961 -0.005149 -0.216558 0.449166 0.898539
0.037353 -0.001673 0.085009 -0.264633 -0.665171
0.036290 -0.001690 -0.137333 0.256482 -0.085283
0.030271 0.009533 -0.163793 0.306166 -1.100959
0.016420 0.038536 -0.527936 1.137840 2.866843
0.014446 0.039493 0.425809 -1.058959 -2.246075
0.016292 0.033980 -0.330652 0.756915 1.038757
0.010007 0.048139 0.014887 -0.034848 2.175991
0.024953 0.014570 0.730690 -1.628543 -1.121132
0.046437 -0.030791 0.345859 -0.662046 -0.557991
0.056522 -0.048493 0.159400 -0.232742 -1.123187
0.055498 -0.041349 -0.209492 0.580030 -0.485936
0.044061 -0.012380 -0.362472 0.870168 2.513254
0.046435 -0.017596 0.478234 -1.104271 -2.687787
0.047556 -0.019385 -0.418928 0.985118 1.885311
0.043528 -0.010672 0.215069 -0.526574 -0.703688
0.047392 -0.020433 -0.020856 0.028721 -0.027590
0.046421 -0.019339 -0.027677 0.026247 -1.354033
0.036353 0.002061 -0.474606 1.033913 0.919866
0.023638 0.027988 -0.162803 0.278282 0.454973
0.020130 0.032449 -0.013228 -0.049712 -0.050813
0.019180 0.032099 -0.034127 0.030996 1.877431
0.030231 0.005256 0.585067 -1.359219 -0.351037
0.051075 -0.041741 0.458562 -1.004884 -1.972093
0.056243 -0.051279 -0.197585 0.504636 -0.148953
0.047536 -0.030635 -0.238115 0.531290 0.297127
0.040134 -0.015333 -0.132705 0.240871 0.240941
0.036498 -0.010045 -0.049524 0.027561 0.427349
0.037385 -0.015746 0.093481 -0.309036 -0.043648
0.040822 -0.027360 0.078618 -0.274418 -0.879675
0.038135 -0.025068 -0.211970 0.380253 -0.464721
0.026679 -0.003781 -0.360773 0.684093 0.373554
0.014846 0.016871 -0.231769 0.357167 -1.240403
-0.002655 0.050145 -0.642361 1.299481 1.094083
-0.020989 0.084820 -0.276466 0.453743 2.764304
-0.013817 0.062136 0.632648 -1.565417 -0.853970
0.005441 0.016170 0.332204 -0.752761 -1.332251
0.009712 0.007949 -0.116824 0.324993 0.684956
0.009621 0.010220 0.111420 -0.203552 -1.236883
0.005792 0.021632 -0.301625 0.762811 0.668604
-0.001765 0.041408 -0.077422 0.237403 2.495456
0.011668 0.013302 0.746844 -1.622725 -2.264898
0.026193 -0.014288 -0.017243 0.212012 0.474594
0.028716 -0.013665 0.142788 -0.175321 -0.773976
0.029275 -0.008824 -0.114007 0.410144 1.486687
0.034679 -0.015965 0.382508 -0.752259 -0.453877
0.046874 -0.038403 0.228266 -0.379432 -0.818223
0.050585 -0.041366 -0.041692 0.222233 0.924506
0.055185 -0.047879 0.270598 -0.538440 -1.120111
0.058583 -0.052594 -0.099285 0.290009 -0.291207
0.052833 -0.038098 -0.188273 0.435642 0.530014
0.048975 -0.030241 -0.005480 -0.034684 -0.883766
0.042939 -0.018681 -0.295559 0.606005 1.339132
0.040157 -0.016225 0.154753 -0.467654 -2.291794
0.031068 0.000552 -0.606821 1.285302 1.525299
0.017135 0.026859 -0.092261 0.052773 -0.692589
0.008787 0.040188 -0.324519 0.608421 2.468584
0.012221 0.026808 0.493641 -1.254282 -2.570783
0.014617 0.018453 -0.370536 0.806116 1.602971
0.010535 0.025472 0.164367 -0.436251 -0.126085
0.016145 0.011170 0.116641 -0.283773 0.713669
0.025486 -0.010468 0.350031 -0.795217 -1.009556
0.032671 -0.025910 0.010751 0.008646 -2.024335
0.019691 0.004954 -0.657991 1.519612 3.000000
0.013542 0.017782 0.346615 -0.842321 -1.069686
0.020121 0.002098 -0.016022 0.042642 0.877096
0.025313 -0.009641 0.274780 -0.622571 -1.208664
0.028187 -0.015330 -0.129474 0.323695 -2.063953
0.009359 0.028577 -0.810310 1.858505 2.656585
-0.005174 0.060387 0.079599 -0.231246 2.526916
0.014635 0.014144 0.909116 -2.065457 -2.172849
0.036196 -0.031965 0.172586 -0.274442 -0.278921
0.041268 -0.038994 0.081453 -0.081130 -1.775849
0.032786 -0.015734 -0.504034 1.230589 2.127049
0.026990 -0.001157 0.211344 -0.474951 -1.293602
0.026765 0.000367 -0.221058 0.537265 1.775547
0.029810 -0.006090 0.371290 -0.842056 -1.919931
0.031772 -0.009254 -0.270796 0.662111 1.605211
0.031735 -0.008491 0.266958 -0.606032 -0.049727
0.042005 -0.031317 0.247082 -0.540697 -0.648275
0.047561 -0.042962 0.031730 -0.050813 -1.180822
0.041064 -0.027768 -0.355592 0.801706 -0.134389
0.026127 0.004685 -0.391813 0.826988 1.625577
0.021381 0.011831 0.152395 -0.450336 -0.987798
0.020810 0.009903 -0.179687 0.342454 0.503137
0.016997 0.015680 -0.011674 -0.046967 0.508313
0.019867 0.006456 0.154776 -0.410967 -0.581095
0.022113 -0.000320 -0.041600 0.064179 -0.482706
0.017246 0.009608 -0.201388 0.429020 1.650056
0.020207 0.001107 0.347640 -0.837959 -1.765888
0.022233 -0.004098 -0.244069 0.557072 2.234265
0.027423 -0.016944 0.501109 -1.177522 -2.774468
0.028870 -0.020220 -0.425341 0.982700 0.563540
0.015796 0.008686 -0.229686 0.475392 0.706685
0.011360 0.016449 0.006856 -0.077914 -0.176810
0.010407 0.016571 -0.054262 0.081832 0.294399
0.010167 0.015636 0.041954 -0.125835 -0.596288
0.007821 0.020333 -0.158577 0.354833 -0.060131
0.001083 0.035488 -0.178548 0.405224 2.782383
0.012421 0.009314 0.742814 -1.690183 -1.936313
0.028971 -0.026030 0.087822 -0.106402 0.261787
0.034261 -0.034727 0.176510 -0.327044 -1.584423
0.030808 -0.023816 -0.347563 0.858243 1.160307
0.024802 -0.008969 0.045516 -0.099603 1.734003
0.038157 -0.039626 0.620689 -1.420447 -1.807291
0.050837 -0.067716 0.016212 -0.010125 -2.433096
0.035462 -0.032365 -0.783124 1.760924 -0.336076
0.002239 0.040167 -0.879053 1.877910 2.618984
-0.015317 0.073601 -0.002866 -0.169375 0.436396
-0.012723 0.062117 0.132412 -0.403877 -0.322032
-0.009769 0.052915 0.015980 -0.062732 2.055820
0.004406 0.020231 0.691189 -1.557635 -0.237116
0.030189 -0.035839 0.599427 -1.260964 -3.000000
0.034101 -0.039354 -0.400143 1.051924 1.146072
0.025957 -0.017148 -0.008921 0.076272 0.241738
0.027254 -0.018270 0.073437 -0.129734 -0.859808
0.024489 -0.010464 -0.210833 0.512604 0.865010
0.021907 -0.004138 0.080525 -0.185278 -0.388368
0.022522 -0.005392 -0.049281 0.118050 -0.383880
0.018023 0.004983 -0.175407 0.398845 0.790543
0.016311 0.008414 0.088786 -0.217960 0.127053
0.020652 -0.001731 0.128343 -0.290269 -1.490636
0.015826 0.009948 -0.368085 0.860332 2.144376
0.015470 0.010544 0.347701 -0.806970 -2.181154
0.014719 0.013138 -0.382629 0.913031 0.569532
0.003308 0.040039 -0.189217 0.444049 1.939786
0.008609 0.028421 0.452298 -1.007123 -0.911597
0.020416 0.004185 0.139720 -0.220385 0.220367
0.027421 -0.007579 0.210522 -0.368039 1.112584
0.043196 -0.039028 0.577459 -1.198782 -1.335936
0.057309 -0.065749 0.130444 -0.157703 -1.747600
0.051031 -0.046561 -0.442880 1.103711 0.537813
0.037156 -0.013178 -0.252231 0.579167 1.076376
0.034341 -0.007591 0.110034 -0.286575 0.336520
0.040952 -0.023982 0.220415 -0.532721 -1.917134
0.036988 -0.015660 -0.416521 0.930015 0.971993
0.026966 0.005037 -0.086190 0.120262 0.231310
0.025063 0.006284 -0.009287 -0.055173 0.547636
0.028310 -0.004082 0.171216 -0.459530 -1.130796
0.027574 -0.004537 -0.206635 0.424304 -0.846062
0.013753 0.024796 -0.483964 1.039413 1.704251
0.005829 0.039437 0.085349 -0.285632 -0.445286
0.006148 0.036180 -0.068712 0.116542 1.831628
0.015513 0.013451 0.535354 -1.238764 -1.836560
0.024489 -0.005877 -0.083927 0.247724 1.436291
0.030731 -0.018461 0.394569 -0.863762 -0.939402
0.040171 -0.037819 0.078966 -0.118611 0.432836
0.046269 -0.049887 0.225614 -0.482022 -1.348558
0.046365 -0.048970 -0.219324 0.514088 -0.458712
0.034725 -0.023154 -0.362725 0.778149 0.806687
0.025750 -0.005965 -0.087392 0.094277 -0.406742
0.019576 0.003822 -0.221038 0.392816 1.072497
0.017919 0.002653 0.136936 -0.439813 -2.011256
0.009945 0.016642 -0.533488 1.120044 1.042702
-0.004326 0.044355 -0.181966 0.283141 1.320980
-0.002880 0.036106 0.252946 -0.683766 -0.673428
0.002573 0.020881 0.020913 -0.088735 0.433752
0.006231 0.011312 0.161711 -0.387435 0.762648
0.017685 -0.015083 0.410624 -0.929908 -1.435050
0.024453 -0.029308 -0.070162 0.199837 -0.403780
0.019053 -0.016023 -0.199693 0.463354 0.332999
0.013383 -0.003559 -0.084491 0.166488 -0.094266
0.009407 0.004281 -0.114378 0.226197 -0.675552
0.000360 0.023541 -0.337516 0.733451 1.743167
-0.001492 0.025721 0.242788 -0.605177 0.406439
0.010771 -0.003286 0.370522 -0.847508 -1.137478
0.017900 -0.018616 -0.012358 0.065099 -0.448561
0.014469 -0.009602 -0.158856 0.382942 0.393892
0.010811 -0.001031 -0.024735 0.051906 -0.422849
0.007015 0.007487 -0.164711 0.371207 2.327556
0.015946 -0.013707 0.608855 -1.410078 -1.468771
0.030342 -0.045950 0.113511 -0.225487 -0.300913
0.032947 -0.051084 0.017139 -0.034953 0.186572
0.034979 -0.056450 0.084270 -0.231623 -1.136377
0.030887 -0.049268 -0.287769 0.580824 -0.579652
0.015719 -0.019028 -0.470682 0.932321 2.360693
0.012780 -0.019662 0.320833 -0.937897 -2.911910
0.006149 -0.011637 -0.649050 1.309322 1.215099
-0.011503 0.020074 -0.235730 0.296754 -0.986720
-0.027490 0.047187 -0.562915 1.053394 1.593581
-0.039358 0.064618 -0.032785 -0.160929 1.499543
-0.030871 0.036949 0.456155 -1.213747 -1.979254
-0.026053 0.021297 -0.212534 0.405613 -0.746063
-0.039502 0.048962 -0.459536 0.974910 2.112741
-0.043806 0.055455 0.241702 -0.626290 0.746881
-0.029392 0.021107 0.478927 -1.091574 -2.866698
-0.029521 0.023469 -0.481855 1.178245 0.410588
-0.045940 0.063307 -0.340466 0.826646 1.946887
-0.046648 0.066991 0.302724 -0.621274 0.439063
-0.031871 0.037842 0.436382 -0.838962 -0.397459
-0.017279 0.012437 0.294266 -0.441803 0.252596
-0.003934 -0.008181 0.373141 -0.591074 -0.415620
0.008144 -0.024784 0.231612 -0.247196 -0.436887
0.014510 -0.028153 0.087223 0.073533 0.485230
0.021289 -0.033361 0.251218 -0.329317 -0.963707
0.024944 -0.032024 -0.067397 0.386396 -0.277315
0.020524 -0.013518 -0.153703 0.540407 2.338534
0.030034 -0.028814 0.626665 -1.282475 -1.585834
0.044416 -0.054684 0.094950 -0.034122 -1.167010
0.040566 -0.039333 -0.286507 0.793279 0.474550
0.032463 -0.016816 -0.119757 0.343259 0.393183
0.030372 -0.009933 0.014592 0.006922 1.054196
0.037987 -0.026051 0.365164 -0.804552 -2.085083
0.038658 -0.025711 -0.329113 0.799116 1.106279
0.033026 -0.012365 0.045874 -0.116397 0.665126
0.039292 -0.027333 0.266902 -0.627766 -1.985101
0.036729 -0.021725 -0.392819 0.888064 0.194645
0.022492 0.009152 -0.319975 0.665031 0.189589
0.011033 0.032200 -0.253664 0.494331 1.336682
0.009776 0.031582 0.189254 -0.511217 -0.900186
0.011209 0.026409 -0.116362 0.241020 1.000141
0.013179 0.021025 0.213856 -0.500889 0.213367
0.023026 -0.001091 0.278716 -0.607763 -0.536721
0.030509 -0.016327 0.096444 -0.163348 -0.146365
0.033400 -0.020733 0.048351 -0.059297 0.089066
0.035959 -0.024836 0.079555 -0.145448 0.536222
0.042737 -0.039232 0.258923 -0.571170 -1.271824
0.044635 -0.042677 -0.162451 0.384758 -0.959538
0.031906 -0.014025 -0.473538 1.044387 1.089619
0.020401 0.009323 -0.103572 0.140343 0.052060
0.016604 0.014200 -0.086445 0.104963 -0.532687
0.009585 0.026804 -0.264045 0.521879 0.826545
0.004538 0.034953 0.010515 -0.103982 0.888981
0.010774 0.018135 0.300654 -0.731542 -1.746913
0.011026 0.017145 -0.285901 0.662314 -0.226456
-0.001857 0.046666 -0.358533 0.817356 2.447342
0.000084 0.041876 0.452858 -1.032030 -0.586204
0.014047 0.011984 0.246643 -0.476087 0.036560
0.024050 -0.006661 0.253883 -0.460051 -0.306676
0.032103 -0.019845 0.149416 -0.205363 0.048493
0.038408 -0.028945 0.165944 -0.250824 0.427910
0.047911 -0.045840 0.308978 -0.592398 -0.963957
0.053868 -0.054985 -0.009796 0.123161 -0.012435
0.053530 -0.051269 -0.007257 0.064129 -1.231621
0.045172 -0.031051 -0.409723 0.938745 1.534176
0.039196 -0.019003 0.108774 -0.316463 -1.164279
0.035796 -0.013765 -0.277511 0.567043 0.302353
0.026822 0.003227 -0.171915 0.289797 -0.311653
0.017909 0.019327 -0.273712 0.515201 0.483340
0.010209 0.032307 -0.112104 0.141664 1.706944
0.017025 0.012363 0.451339 -1.125215 -1.573829
0.024409 -0.006641 -0.079788 0.153316 0.755547
0.026279 -0.012440 0.172477 -0.436121 0.308917
0.035191 -0.034301 0.273213 -0.658088 -2.174073
0.031638 -0.027139 -0.448508 0.994531 1.160721
0.021627 -0.007111 -0.053872 0.024313 -1.025575
0.012669 0.009452 -0.393145 0.796284 2.446071
0.013313 0.002916 0.422530 -1.097816 -2.205520
0.015369 -0.005545 -0.316846 0.648520 0.605262
0.006831 0.010134 -0.111124 0.145615 0.221610
0.003859 0.012628 -0.037795 -0.018113 0.071712
0.002792 0.011153 -0.015585 -0.055399 0.187264
0.003379 0.006427 0.044848 -0.180056 -0.012607
0.005046 -0.000157 0.038648 -0.150859 0.121439
0.007375 -0.007824 0.077828 -0.232886 -1.054689
0.003452 -0.000772 -0.272837 0.575558 0.547113
-0.003735 0.013093 -0.087476 0.126761 0.905017
-0.001226 0.004431 0.212032 -0.552064 -1.100029
-0.000158 0.000125 -0.157199 0.323635 0.696231
-0.001768 0.001981 0.075799 -0.222825 -0.479147
-0.001964 0.000809 -0.084992 0.158661 -1.259889
-0.013725 0.026354 -0.502001 1.110166 2.323680
-0.018246 0.034263 0.272974 -0.687739 0.246429
-0.005871 0.004720 0.346154 -0.793762 -1.492909
-0.002091 -0.002883 -0.155168 0.395397 0.250959
-0.006566 0.008523 -0.069158 0.180190 1.027956
-0.002491 -0.000063 0.271873 -0.600267 -2.251068
-0.006686 0.011353 -0.479114 1.148758 2.490447
-0.009142 0.017825 0.353171 -0.796481 0.224601
0.006314 -0.015966 0.420070 -0.898275 -0.663114
0.018599 -0.040841 0.195528 -0.358103 -2.331019
0.010952 -0.019820 -0.575672 1.389167 1.391318
-0.002570 0.012098 -0.102818 0.229283 0.479995
-0.003486 0.013911 0.056413 -0.133189 -0.201136
-0.002623 0.012215 -0.012951 0.045548 -0.831745
-0.008699 0.027077 -0.290077 0.691388 0.296650
-0.018288 0.049926 -0.190233 0.458945 1.305909
-0.017266 0.048858 0.239909 -0.499103 0.409612
-0.005136 0.024457 0.366671 -0.722740 -0.041558
0.009082 -0.002233 0.344909 -0.618444 -0.779282
0.017597 -0.014173 0.082031 0.010216 0.001706
0.020914 -0.014083 0.083784 -0.005493 -0.110167
0.023554 -0.012881 0.048328 0.064860 0.466338
0.028619 -0.017788 0.204457 -0.305962 0.082925
0.037334 -0.031256 0.231447 -0.369253 -1.335086
0.037720 -0.025716 -0.210738 0.633338 0.544520
0.033058 -0.010143 -0.023359 0.155033 -1.279410
0.023653 0.015316 -0.445881 1.109550 2.044539
0.019544 0.027221 0.237694 -0.489336 0.454879
0.031937 0.001992 0.381958 -0.773151 -1.172128
0.039289 -0.009800 -0.012657 0.167989 -0.116702
0.038046 -0.001693 -0.049518 0.238006 0.632378
0.040305 -0.002199 0.161690 -0.256472 -0.652981
0.042388 -0.002087 -0.056760 0.254898 1.741900
0.051740 -0.018996 0.522629 -1.084826 -0.629303
0.068329 -0.051670 0.308275 -0.562869 -0.699637
0.076033 -0.063866 0.077966 -0.056576 -1.612427
0.068564 -0.042788 -0.450115 1.098863 0.617961
0.054925 -0.010740 -0.233283 0.517864 0.188456
0.046947 0.006174 -0.166214 0.333778 1.842523
0.052589 -0.009048 0.446424 -1.078121 -2.339629
0.054738 -0.014968 -0.336031 0.755168 0.235402
0.043008 0.010302 -0.251309 0.516661 1.255589
0.041361 0.011266 0.167413 -0.454630 0.125680
0.048797 -0.007946 0.204672 -0.508987 0.104041
0.057613 -0.029372 0.236467 -0.565765 -2.384994
0.051188 -0.015275 -0.555242 1.248142 1.645715
0.040146 0.007380 0.000681 -0.092110 -0.809699
0.034756 0.016463 -0.269402 0.539200 1.634923
0.034897 0.012618 0.274611 -0.714649 -1.178079
0.037907 0.003414 -0.122495 0.239259 1.418802
0.042471 -0.009018 0.349253 -0.848060 -1.507712
0.046301 -0.018821 -0.155709 0.339254 0.293814
0.042118 -0.010620 -0.054000 0.076124 0.337503
0.042236 -0.013074 0.059543 -0.195518 -0.067345
0.044168 -0.019869 0.037243 -0.146297 -0.559036
0.041960 -0.017368 -0.147042 0.266058 0.044220
0.036450 -0.008132 -0.128706 0.198516 0.610412
0.035410 -0.009993 0.075988 -0.285124 -1.207695
0.030395 -0.002664 -0.325458 0.640021 0.021199
0.017621 0.021725 -0.313799 0.585029 1.501041
0.015092 0.021832 0.185564 -0.563503 -0.704194
0.017696 0.011401 -0.054262 0.031554 0.601457
0.019504 0.003680 0.144127 -0.412898 -0.124079
0.024371 -0.010259 0.099685 -0.288536 -1.592160
0.017745 0.002842 -0.429360 0.929084 1.500548
0.010685 0.015813 0.074250 -0.261168 0.684476
0.018131 -0.004398 0.297699 -0.746594 -1.317914
0.021167 -0.013085 -0.144130 0.295877 -0.147566
0.014492 0.000353 -0.189742 0.377537 0.121893
0.007768 0.013121 -0.146888 0.264958 2.858453
0.020915 -0.020207 0.801485 -1.907440 -2.842538
0.033822 -0.050759 -0.151848 0.341359 -0.774360
0.022762 -0.026825 -0.400840 0.853077 1.017509
0.013685 -0.010061 -0.054651 0.000278 -2.027544
-0.001966 0.020895 -0.726038 1.532063 2.128430
-0.016665 0.047977 -0.012208 -0.148402 -0.141047
-0.018221 0.045549 -0.065279 0.024140 -0.239033
-0.022521 0.051242 -0.149455 0.258346 1.451053
-0.018932 0.040214 0.327507 -0.797322 -0.772678
-0.011184 0.022219 0.061271 -0.115396 -0.028097
-0.008992 0.018749 0.048452 -0.059587 0.376168
-0.004609 0.011147 0.170454 -0.318368 -0.904189
-0.003885 0.013033 -0.133170 0.402907 1.652031
0.001802 0.003583 0.415753 -0.859588 -1.322660
0.009489 -0.009202 -0.029547 0.202896 0.341294
0.010621 -0.006767 0.085692 -0.076786 -0.177122
0.012867 -0.007126 0.026817 0.056899 -0.964375
0.007542 0.009771 -0.292246 0.781127 2.179609
0.010440 0.006765 0.434583 -0.908317 -0.874301
0.021848 -0.014718 0.137331 -0.180349 -0.077776
0.026822 -0.020793 0.111580 -0.125343 0.903349
0.037313 -0.039949 0.412240 -0.826322 -2.595406
0.036504 -0.032963 -0.449818 1.149484 2.189655
0.033316 -0.022869 0.287536 -0.618134 -0.448373
0.041788 -0.040375 0.136946 -0.265662 -0.961765
0.040916 -0.036788 -0.179485 0.435862 0.089204
0.034475 -0.022123 -0.143057 0.302138 -0.223487
0.027359 -0.007488 -0.212812 0.430740 -0.152825
0.017911 0.011375 -0.259843 0.514923 0.170889
0.008705 0.028957 -0.200999 0.369753 -0.720941
-0.004138 0.055024 -0.440719 0.930639 3.000000
-0.001815 0.046364 0.553603 -1.333950 -2.440696
0.003793 0.033357 -0.269978 0.653510 1.569984
0.003452 0.035352 0.251047 -0.536627 0.398781
0.015981 0.009345 0.375503 -0.765652 -1.862327
0.018469 0.008618 -0.248817 0.708466 1.905051
0.021268 0.006994 0.386543 -0.769234 -2.409468
0.020562 0.014482 -0.419049 1.118541 2.194244
0.018524 0.024419 0.314242 -0.595498 -0.103659
0.030251 0.003603 0.272732 -0.451403 -0.999031
0.034429 0.001635 -0.062568 0.341446 1.117354
0.039398 -0.002241 0.309735 -0.523826 -0.307597
0.049657 -0.017769 0.203939 -0.259380 -0.931363
0.051611 -0.013853 -0.105242 0.446046 0.690613
0.052084 -0.007488 0.127939 -0.118633 -0.118860
0.056401 -0.010373 0.088108 -0.027473 0.036428
0.060178 -0.012187 0.100730 -0.063073 0.650229
0.068542 -0.024849 0.316907 -0.565452 -0.189072
0.079922 -0.044338 0.252705 -0.415006 -0.456180
0.087026 -0.054371 0.103203 -0.093254 -1.363649
0.082190 -0.038287 -0.343825 0.887138 0.480524
0.071847 -0.012210 -0.174523 0.428174 1.540728
0.075203 -0.019571 0.340583 -0.780640 -0.615416
0.084654 -0.040719 0.133171 -0.288019 -0.903498
0.084018 -0.038902 -0.163999 0.369994 0.360787
0.079997 -0.031005 -0.037668 0.031163 -0.661560
0.074164 -0.020330 -0.253502 0.498161 0.837682
0.069716 -0.014379 0.029947 -0.189791 -0.804676
0.065565 -0.009660 -0.236652 0.418125 0.630096
0.060376 -0.003370 -0.023726 -0.095159 -1.118574
0.051979 0.010087 -0.395006 0.758676 1.394611
0.045549 0.018263 0.071607 -0.332877 -0.025724
0.048151 0.006242 0.058829 -0.271418 -0.591998
0.046511 0.005019 -0.140076 0.203365 0.506791
0.044298 0.005244 0.028831 -0.186590 -0.649198
0.041092 0.008157 -0.188383 0.325643 1.200382
0.041572 0.002529 0.211055 -0.595263 -2.191685
0.035339 0.013278 -0.520292 1.110837 0.193306
0.015953 0.053596 -0.450047 0.915832 2.638474
0.015503 0.049864 0.424550 -1.075376 -0.604067
0.028194 0.018743 0.211438 -0.494698 -0.175743
0.035362 0.002791 0.147521 -0.308641 -0.367478
0.038760 -0.003390 0.022985 -0.005887 0.222321
0.041160 -0.007070 0.096818 -0.176477 -0.426612
0.042179 -0.007462 -0.045350 0.152178 0.883897
0.046280 -0.015291 0.249457 -0.535487 -0.431974
0.053333 -0.029675 0.104017 -0.191452 -0.882813
0.051655 -0.024173 -0.186993 0.458541 1.131684
0.051822 -0.024350 0.193951 -0.454612 0.125830
0.060399 -0.044388 0.235115 -0.549911 -1.893816
0.057226 -0.037597 -0.391705 0.871012 0.107548
0.042487 -0.006408 -0.346118 0.696945 -0.396289
0.026126 0.026508 -0.472124 0.951767 0.574195
0.011146 0.055141 -0.278175 0.492156 1.854080
0.012291 0.047075 0.333508 -0.878023 0.110508
0.026128 0.012555 0.359014 -0.855087 -1.815681
0.028250 0.007718 -0.250611 0.592036 0.868066
0.024068 0.017494 0.040261 -0.091677 0.372926
0.028102 0.008669 0.161187 -0.347756 0.654987
0.038829 -0.014597 0.374898 -0.813597 -0.396279
0.051092 -0.040265 0.239291 -0.479632 -0.793801
0.055399 -0.047527 -0.022913 0.106777 -0.378601
0.052083 -0.038657 -0.142659 0.335284 -1.237065
0.038284 -0.007561 -0.546585 1.213522 0.448013
0.019600 0.032333 -0.388973 0.795013 1.186166
0.011976 0.045657 0.006031 -0.113229 -0.156981
0.011052 0.044785 -0.051938 0.066952 1.859509
0.021245 0.019924 0.560024 -1.296218 -0.879158
0.037553 -0.016185 0.257227 -0.527128 -1.431633
0.038270 -0.014910 -0.219671 0.575656 0.979044
0.036111 -0.007999 0.110374 -0.217610 -1.003067
0.033834 -0.001147 -0.223175 0.550776 2.317556
0.040405 -0.015445 0.549201 -1.243258 -0.900504
0.056224 -0.050003 0.243574 -0.502155 -1.492861
0.056075 -0.047653 -0.249358 0.604627 0.709865
0.051015 -0.036238 -0.004798 -0.022932 -0.599412
0.046912 -0.028733 -0.199808 0.393854 0.578571
0.042891 -0.023026 -0.002116 -0.100506 -1.754695
0.031171 -0.000465 -0.582284 1.214672 0.967799
0.014504 0.031650 -0.252964 0.408907 2.099035
0.018336 0.016004 0.442452 -1.172353 -1.248991
0.027512 -0.009734 0.018458 -0.134182 -0.433615
0.025367 -0.008455 -0.125248 0.193787 -0.106411
0.019697 0.000507 -0.158335 0.255257 -0.170604
0.012266 0.013041 -0.213278 0.372275 -0.295483
0.001796 0.032308 -0.310207 0.591772 1.064077
-0.003520 0.039644 0.042989 -0.212152 1.112814
0.005478 0.015316 0.406164 -0.998204 -0.568132
0.017757 -0.014159 0.209138 -0.488502 0.126608
0.026918 -0.035282 0.249199 -0.570686 -1.899039
0.024248 -0.028984 -0.380647 0.866749 0.490851
0.012480 -0.003648 -0.208913 0.411386 0.069208
0.004653 0.011143 -0.182841 0.332236 0.387351
-0.000060 0.018332 -0.053418 0.032848 1.399418
0.007074 -0.001433 0.408884 -1.010459 -2.746657
0.005006 0.001698 -0.508996 1.137512 0.827639
-0.009681 0.033040 -0.227062 0.445634 0.639661
-0.014519 0.041259 -0.015728 -0.026372 0.512086
-0.011843 0.033380 0.149167 -0.364416 1.151008
0.001645 0.002431 0.524596 -1.177881 -2.504203
0.005782 -0.004538 -0.314568 0.800234 1.069827
0.000442 0.009903 0.045943 -0.063150 0.333524
0.004461 0.002611 0.154789 -0.299603 -0.876340
0.004766 0.004595 -0.138499 0.389532 0.833006
0.004810 0.007009 0.139652 -0.259231 0.244265
0.011960 -0.006560 0.217858 -0.419659 -0.007017
0.020573 -0.022787 0.213107 -0.395228 -1.476016
0.019265 -0.015886 -0.276903 0.725953 1.068643
0.015437 -0.004561 0.083962 -0.145288 -0.543023
0.015167 -0.001900 -0.096896 0.273007 1.657053
0.022354 -0.016806 0.454564 -1.003293 -2.739383
0.022196 -0.013873 -0.459213 1.120715 2.738348
0.022239 -0.012894 0.457994 -1.041210 -2.744390
0.022171 -0.011257 -0.458124 1.093434 1.906135
0.016713 0.001513 0.182597 -0.431033 -1.078300
0.016771 0.001488 -0.178356 0.417884 0.691516
0.014293 0.007095 0.053495 -0.128739 0.227788
0.017909 -0.001178 0.127208 -0.284365 -0.342806
0.020672 -0.006893 0.011499 -0.006460 -0.671474
0.016676 0.003053 -0.210724 0.498648 0.342745
0.010592 0.017178 -0.094199 0.214417 1.000795
0.013470 0.010536 0.237096 -0.537298 0.753140
0.027854 -0.021524 0.481876 -1.064578 -0.888545
0.041100 -0.049501 0.182116 -0.350078 -1.738545
0.036881 -0.037484 -0.391389 0.935453 0.936264
0.027673 -0.016524 -0.070598 0.127894 0.847595
0.030541 -0.024949 0.213117 -0.541377 -1.226023
0.030884 -0.027601 -0.194477 0.395035 -0.165939
0.022121 -0.010388 -0.243867 0.468040 0.214403
0.013886 0.004205 -0.168461 0.267287 -1.042367
0.000245 0.030680 -0.512821 1.050591 1.332277
-0.011318 0.051604 -0.067412 0.014602 0.102410
-0.013448 0.051832 -0.039136 -0.002859 1.048556
-0.008162 0.036886 0.302611 -0.737287 -2.283155
-0.011437 0.044320 -0.463660 1.084731 0.544303
-0.026301 0.078984 -0.280926 0.661599 2.895016
-0.018398 0.062198 0.673304 -1.475242 -0.129429
0.007312 0.008618 0.613471 -1.217631 -1.981935
0.018453 -0.007757 -0.053646 0.373282 2.169529
0.030802 -0.026782 0.668810 -1.304558 -1.505237
0.047394 -0.054687 0.163309 -0.113422 0.471312
0.057154 -0.067515 0.324256 -0.524658 -1.700316
0.058891 -0.063293 -0.235570 0.719243 -0.090705
0.049106 -0.035513 -0.254234 0.675807 0.625779
0.043275 -0.019776 -0.038465 0.121875 0.317014
0.043903 -0.020354 0.069496 -0.147134 -0.971527
0.040241 -0.011555 -0.251673 0.578647 0.987278
0.036852 -0.004582 0.080853 -0.217431 -0.332373
0.037849 -0.007952 -0.030502 0.044563 -0.636836
0.032415 0.003407 -0.240704 0.518973 0.267665
0.024636 0.019476 -0.148913 0.290903 -0.169422
0.017550 0.033815 -0.205410 0.426975 0.844872
0.014938 0.038184 0.073707 -0.198845 1.375450
0.026914 0.010309 0.524136 -1.186811 -0.290734
0.045737 -0.030830 0.418244 -0.882523 -2.255371
0.047398 -0.031008 -0.332496 0.849285 0.316856
0.036398 -0.003715 -0.218508 0.525249 1.280028
0.036256 -0.003120 0.209856 -0.481245 0.209972
0.045977 -0.024986 0.276383 -0.614504 0.223207
0.058474 -0.052712 0.348727 -0.774963 -1.126040
0.064935 -0.066608 -0.024020 0.065358 -2.025945
0.050666 -0.034549 -0.687972 1.524282 1.627652
0.034278 -0.001380 -0.134063 0.159615 -2.617697
0.011533 0.044998 -1.000780 2.139852 2.115254
-0.014207 0.096406 -0.290264 0.466289 2.763059
-0.007630 0.074564 0.616757 -1.536069 -1.290251
0.008074 0.036687 0.170665 -0.380500 1.095974
0.022045 0.006043 0.527307 -1.147175 -1.202796
0.034942 -0.019647 0.119591 -0.156399 -1.253803
0.031399 -0.006847 -0.295510 0.785786 0.627754
0.023883 0.013776 -0.081518 0.256888 1.928580
0.033453 -0.005553 0.558112 -1.206700 -1.773372
0.043804 -0.025052 -0.037959 0.207870 0.606102
0.046398 -0.026862 0.166923 -0.291711 -0.054942
0.052719 -0.037879 0.149410 -0.261768 -1.147393
0.051106 -0.031230 -0.228902 0.583728 1.349968
0.051082 -0.030077 0.226000 -0.510536 -1.066555
0.053016 -0.034106 -0.127976 0.296921 0.563931
0.051766 -0.032041 0.064687 -0.186519 0.121449
0.055202 -0.041829 0.107148 -0.303167 -1.438122
0.049973 -0.032425 -0.367185 0.760437 0.816101
0.040900 -0.016279 -0.087800 0.059791 -1.833209
0.025240 0.013846 -0.693625 1.433115 1.944155
0.010614 0.039754 -0.040655 -0.110502 0.498444
0.012198 0.028785 0.119535 -0.435566 -0.579312
0.012996 0.021540 -0.078729 0.064908 0.217976
0.011257 0.021237 -0.008432 -0.078128 0.205591
0.012226 0.015587 0.056799 -0.203720 1.841156
0.026677 -0.020177 0.664287 -1.572305 -1.250532
0.044733 -0.062201 0.240976 -0.552087 -2.702394
0.036466 -0.043558 -0.651684 1.460402 1.244115
0.018987 -0.007168 -0.224519 0.381076 -0.030801
0.009876 0.007901 -0.231338 0.375469 1.292308
0.009259 0.002778 0.199029 -0.618709 -1.869048
0.004687 0.007666 -0.425420 0.843533 1.357034
-0.003192 0.019643 0.029560 -0.227165 0.116320
-0.001314 0.009561 0.064444 -0.278255 0.263352
0.002952 -0.004990 0.148844 -0.449774 -1.575763
-0.001634 0.001745 -0.376381 0.770740 0.370824
-0.014110 0.025920 -0.248379 0.447408 0.899447
-0.018055 0.030046 0.050016 -0.230746 0.076027
-0.015652 0.020690 0.070281 -0.238799 -0.350696
-0.015258 0.017360 -0.050054 0.067388 -0.281173
-0.019162 0.024726 -0.144917 0.299083 -1.241555
-0.033226 0.055958 -0.557306 1.254839 2.824713
-0.036688 0.062566 0.380661 -0.892670 -1.742374
-0.033320 0.056245 -0.209939 0.555302 1.190419
-0.033856 0.060836 0.181686 -0.312540 1.450613
-0.017137 0.027978 0.653424 -1.323247 -1.719634
-0.002710 0.003930 0.070524 0.096386 1.393802
0.009377 -0.013610 0.532512 -0.961978 -0.862439
0.024814 -0.037818 0.240886 -0.263174 -0.305360
0.032452 -0.044132 0.141488 -0.056711 0.034378
0.038420 -0.047825 0.156873 -0.127725 -0.984419
0.038229 -0.038725 -0.165538 0.574760 1.253989
0.040112 -0.036604 0.258062 -0.453908 -1.003707
0.043766 -0.039557 -0.074106 0.295123 1.145686
0.048547 -0.046606 0.311826 -0.635826 -1.525206
0.050884 -0.048844 -0.193162 0.507387 0.192681
0.044620 -0.033278 -0.120668 0.277159 -1.123688
0.032433 -0.006043 -0.487975 1.078864 1.932226
0.025942 0.005879 0.160836 -0.458809 -0.350652
0.029959 -0.006303 0.040691 -0.156925 -1.077703
0.024406 0.004075 -0.317251 0.666331 0.697049
0.016443 0.019260 -0.082072 0.103834 1.166440
0.020889 0.005841 0.303309 -0.765282 -2.072867
0.019102 0.008271 -0.390219 0.864367 0.951460
0.009932 0.027305 -0.069836 0.101936 0.567739
0.010866 0.023202 0.115976 -0.302236 -0.105593
0.014701 0.013716 0.076169 -0.175685 -0.308184
0.015636 0.012017 -0.028973 0.086723 -0.234815
0.012897 0.019298 -0.107833 0.276121 1.264654
0.016989 0.011042 0.311111 -0.677225 -0.079392
0.028772 -0.013623 0.278704 -0.562531 -0.677507
0.035353 -0.025240 0.051396 -0.028148 -0.334917
0.035228 -0.021729 -0.057360 0.201152 -0.129207
0.032148 -0.012431 -0.096704 0.264703 -0.786536
0.023112 0.009639 -0.354662 0.835160 1.739687
0.020598 0.015472 0.226738 -0.523228 -0.584597
0.025660 0.004623 0.027360 -0.028309 0.385178
0.029297 -0.002240 0.154181 -0.312226 0.398439
0.038067 -0.020444 0.284222 -0.597547 -1.246181
0.041098 -0.024844 -0.131119 0.363164 0.557711
0.039668 -0.019905 0.058835 -0.108681 0.087538
0.042628 -0.025876 0.089140 -0.189914 -0.452405
0.043210 -0.026836 -0.059494 0.137115 -0.297606
0.038929 -0.017552 -0.154453 0.326290 1.271269
0.041293 -0.024838 0.271242 -0.677897 -2.385831
0.036226 -0.014955 -0.521988 1.148486 0.861595
0.021284 0.015900 -0.226838 0.410712 0.899271
0.018218 0.018370 0.072402 -0.277019 -0.370869
0.018563 0.013817 -0.054578 0.043964 0.405886
0.019053 0.009638 0.078731 -0.249618 -0.241546
0.020534 0.003957 -0.004255 -0.038503 -1.864591
0.007944 0.031241 -0.623474 1.387809 1.980208
-0.003689 0.055285 0.038804 -0.158520 1.551588
0.008027 0.026687 0.545930 -1.262029 -2.422960
0.013493 0.015767 -0.269426 0.686700 0.860640
0.006265 0.008255 0.002133 0.004590 -0.357927
0.003948 0.014164 -0.117688 0.288038 0.832405
0.004784 0.012885 0.158563 -0.343357 0.091302
0.011649 -0.001452 0.184861 -0.375880 -0.468639
0.015866 -0.008776 0.026763 0.002882 0.220915
0.018421 -0.012221 0.100767 -0.173317 0.996958
0.029079 -0.034478 0.431320 -0.933170 -1.770209
0.034491 -0.044156 -0.158351 0.428060 -0.886916
0.022418 -0.014977 -0.444972 1.028413 1.122062
0.012269 0.007237 -0.064318 0.099688 1.425677
0.019176 -0.010608 0.408340 -0.980298 -1.202777
0.027381 -0.030246 0.003810 -0.019126 -0.550919
0.023932 -0.023194 -0.175814 0.367698 0.177580
0.018186 -0.012210 -0.111955 0.186206 0.003311
0.013784 -0.005312 -0.108309 0.160398 -0.668993
0.005037 0.011077 -0.328593 0.655341 0.975481
-0.001544 0.021722 -0.001884 -0.110159 -0.488455
-0.004935 0.025503 -0.167090 0.294286 1.267662
-0.003202 0.018045 0.252415 -0.655396 -1.027630
-0.000083 0.008946 -0.094991 0.186864 -0.381386
-0.006414 0.022275 -0.221362 0.478138 1.448334
-0.005617 0.019078 0.259591 -0.623169 -1.258055
-0.003742 0.014792 -0.164206 0.393750 0.589472
-0.006367 0.021347 0.032107 -0.058302 -0.429287
-0.007999 0.026224 -0.113268 0.298128 0.759621
-0.007497 0.026742 0.137485 -0.264220 -0.412013
-0.004844 0.023520 -0.004214 0.097429 0.164748
-0.003962 0.025352 0.048131 -0.004057 0.600589
0.001893 0.016610 0.244116 -0.428818 0.148407
0.012534 -0.001814 0.288201 -0.495119 0.471364
0.027118 -0.028191 0.440938 -0.824256 -0.889089
0.038771 -0.047018 0.143213 -0.130730 -0.730711
0.039719 -0.041909 -0.095133 0.380032 1.548881
0.046356 -0.051912 0.425218 -0.864508 -2.298827
0.048065 -0.051267 -0.337115 0.872506 0.909091
0.040865 -0.032628 -0.024403 0.074081 0.846670
0.045600 -0.043483 0.260287 -0.609318 -3.000000
0.036067 -0.021989 -0.733953 1.657060 1.894475
0.019608 0.012501 -0.092016 0.096110 -0.354206
0.013557 0.021981 -0.210267 0.375842 1.110760
0.012541 0.020000 0.158177 -0.463484 -0.641036
0.014488 0.012426 -0.059875 0.075732 0.577049
0.015912 0.006815 0.130554 -0.351427 -0.159601
0.020002 -0.004126 0.074352 -0.199907 -0.215794
0.021516 -0.008599 0.001733 -0.027066 0.223913
0.023087 -0.013250 0.076635 -0.203883 -0.309431
0.024090 -0.016651 -0.026045 0.029824 -0.249924
0.021426 -0.012011 -0.107017 0.200711 0.006382
0.017243 -0.004593 -0.102313 0.172038 -0.525423
0.009690 0.010058 -0.275013 0.558028 0.833194
0.004292 0.019104 0.003923 -0.094744 0.161249
0.005462 0.013444 0.054558 -0.188086 -0.160186
0.006518 0.008981 -0.001457 -0.038023 -0.322880
0.004283 0.012717 -0.109951 0.221930 -0.194443
-0.001406 0.024618 -0.174500 0.373359 1.397882
0.000909 0.018201 0.288740 -0.680742 -1.221687
0.004184 0.011111 -0.123307 0.310937 1.235787
0.007490 0.004449 0.287243 -0.632135 -1.296339
0.010245 0.000070 -0.147786 0.397870 0.458866
0.007441 0.008448 0.006845 0.027879 -0.085521
0.007126 0.011079 -0.022532 0.103143 0.753253
0.011221 0.003796 0.226521 -0.460820 0.330244
0.022394 -0.018963 0.332231 -0.678577 -0.123011
0.034798 -0.043707 0.288602 -0.565133 -1.900738
0.033711 -0.037374 -0.340854 0.863118 1.732851
0.031810 -0.031435 0.243544 -0.545344 -1.722659
0.030080 -0.026769 -0.328122 0.761302 0.634870
0.021350 -0.007670 -0.109590 0.205150 -0.720242
0.012222 0.011184 -0.346365 0.733871 1.384515
0.007660 0.018588 0.116479 -0.346981 -0.095263
0.011590 0.007103 0.080374 -0.231146 -0.668937
0.010301 0.008645 -0.144004 0.301088 0.386084
0.007133 0.014594 -0.015013 0.001760 1.471714
0.016286 -0.007569 0.471401 -1.098916 -2.589280
0.017765 -0.010419 -0.394238 0.927370 1.439817
0.011734 0.003112 0.090607 -0.231843 -1.864792
0.002908 0.022908 -0.529992 1.205241 2.441369
-0.001928 0.032603 0.285033 -0.691741 0.739911
0.014215 -0.004711 0.522024 -1.174620 -2.013293
0.021531 -0.019267 -0.153442 0.421426 0.127068
0.016340 -0.005332 -0.106565 0.280095 0.215133
0.013559 0.002109 -0.032942 0.096012 0.459999
0.015306 -0.001156 0.119844 -0.255018 -0.124409
0.019232 -0.009092 0.076759 -0.144867 -0.213291
0.020877 -0.011587 0.005815 0.017307 0.206533
0.022508 -0.014321 0.075510 -0.152154 -2.317249
0.010119 0.015102 -0.692760 1.604449 1.752705
-0.005727 0.050617 -0.102515 0.198680 1.685035
0.001287 0.033679 0.451670 -1.032013 0.006504
0.019162 -0.005502 0.442931 -0.936055 -2.918754
0.017328 0.003064 -0.531288 1.334220 2.275587
0.011402 0.019813 0.231854 -0.468025 1.449565
0.030197 -0.020046 0.706990 -1.518041 -2.752934
0.039975 -0.036894 -0.214346 0.641596 1.322808
0.040370 -0.033209 0.232409 -0.441438 -1.364262
0.040596 -0.030064 -0.219594 0.584883 0.334142
0.034185 -0.013239 -0.101748 0.264167 -0.124323
0.029354 -0.001384 -0.139942 0.330036 0.515327
0.027234 0.003466 0.033194 -0.080800 -1.192208
0.020607 0.018779 -0.363371 0.836502 1.787936
0.018045 0.024143 0.232979 -0.547709 0.930896
0.033415 -0.010732 0.535186 -1.193927 -1.898307
0.042033 -0.027945 -0.101574 0.308588 0.567714
0.041850 -0.025341 0.091648 -0.171164 -0.601427
0.041543 -0.023274 -0.106383 0.268789 -0.701530
0.032710 -0.002607 -0.334879 0.761724 0.894230
0.025382 0.013082 -0.032971 0.036102 0.814150
0.029452 0.002313 0.235735 -0.568245 -1.656461
0.027767 0.005884 -0.317999 0.729282 -0.066355
0.014701 0.035274 -0.335848 0.745809 1.055498
0.008316 0.048777 0.015043 -0.056539 0.967599
0.015228 0.032926 0.329858 -0.729863 -0.127549
0.027385 0.007472 0.278728 -0.550330 -0.043040
0.038141 -0.012925 0.259562 -0.474633 -0.484614
0.045249 -0.024086 0.096687 -0.091076 -0.410130
0.046422 -0.021824 -0.037631 0.200550 -0.017810
0.044871 -0.014260 -0.040083 0.179461 -0.161307
0.042248 -0.005131 -0.091087 0.277400 -0.216273
0.037214 0.008841 -0.160654 0.421931 0.885668
0.036718 0.011798 0.134727 -0.263863 0.541235
0.045636 -0.006402 0.310897 -0.644396 -0.323572
0.055830 -0.026452 0.199615 -0.365985 -0.586263
0.059913 -0.032173 0.005353 0.072602 0.228357
0.061724 -0.033578 0.084875 -0.140197 -0.856149
0.059474 -0.026597 -0.196504 0.481963 0.122915
0.052560 -0.010430 -0.149726 0.331685 0.451521
0.049646 -0.004748 0.003300 -0.041250 -0.014928
0.049680 -0.006188 -0.001537 -0.031168 0.592124
0.053564 -0.016598 0.195219 -0.485026 -0.748490
0.056355 -0.024205 -0.054602 0.094966 -0.332212
0.052028 -0.015960 -0.161576 0.315864 0.262300
0.047392 -0.008114 -0.070744 0.081242 -0.951593
0.038261 0.009491 -0.385004 0.792524 1.796508
0.034909 0.012792 0.215140 -0.607176 -0.419058
0.040605 -0.003916 0.070562 -0.236713 -0.277199
0.041555 -0.008867 -0.022634 -0.014932 -0.465090
0.037572 -0.002472 -0.176107 0.331122 0.047686
0.030899 0.009574 -0.157845 0.274369 -1.058872
0.017562 0.036702 -0.508241 1.075947 1.902071
0.009958 0.050017 0.125436 -0.386681 1.204760
0.022813 0.017780 0.516740 -1.220186 -2.481380
0.026749 0.009175 -0.316739 0.760479 1.077491
0.021337 0.022282 0.044543 -0.090489 0.026846
0.023229 0.018931 0.050128 -0.077877 0.088108
0.025761 0.015050 0.076458 -0.116377 -0.121802
0.027951 0.012816 0.033305 0.002573 0.041874
0.029527 0.012616 0.045471 -0.012399 0.438683
0.034227 0.005738 0.189164 -0.328468 0.296234
0.043695 -0.011334 0.284216 -0.525704 -0.502574
0.051658 -0.024156 0.114848 -0.123643 -0.851613
0.050616 -0.016373 -0.166133 0.505532 0.344368
0.046368 -0.002453 -0.047007 0.197551 0.194708
0.045812 0.002181 0.018879 0.037327 0.168028
0.047680 0.001138 0.074321 -0.087928 1.268258
0.059067 -0.021676 0.493962 -1.043803 -1.038886
0.071799 -0.046542 0.144448 -0.216292 -0.449930
0.074651 -0.049044 -0.001310 0.086432 -0.214380
0.073291 -0.043514 -0.066610 0.189698 -0.358032
0.068369 -0.031659 -0.179418 0.402428 0.517705
0.064764 -0.024750 -0.001615 -0.049317 -1.273239
0.056277 -0.007643 -0.421611 0.894871 1.244729
0.047845 0.007688 -0.001873 -0.111159 -1.435952
0.038184 0.025660 -0.479776 0.997657 1.670536
0.030195 0.039222 0.078018 -0.298425 -0.229663
0.031654 0.032155 -0.004567 -0.059652 0.524484
0.034876 0.022582 0.165278 -0.415934 0.522860
0.044848 -0.000968 0.333237 -0.761405 -1.623532
0.047260 -0.005447 -0.210559 0.518623 1.693991
0.050192 -0.011508 0.355251 -0.804287 -1.551521
0.053982 -0.019000 -0.163744 0.411057 0.145980
0.048504 -0.005752 -0.110644 0.256142 0.733679
0.049007 -0.007216 0.134922 -0.321539 -2.095289
0.040430 0.012413 -0.561640 1.284328 2.177566
0.032612 0.028957 0.167703 -0.429541 0.033065
0.039406 0.012553 0.172403 -0.394397 0.122045
0.047022 -0.004239 0.208617 -0.447776 1.322064
0.064096 -0.041917 0.644202 -1.429465 -1.463659
0.080004 -0.075677 0.153750 -0.282125 -2.868330
0.067221 -0.044404 -0.790538 1.823848 1.524712
0.046108 0.001715 -0.267847 0.509183 0.340541
0.037733 0.016242 -0.151656 0.224063 0.550889
0.035328 0.016854 0.030752 -0.187568 -0.427621
0.033646 0.016595 -0.114267 0.169579 1.205737
0.037083 0.005051 0.284909 -0.736398 -2.177858
0.033867 0.010191 -0.443139 0.970452 1.510346
0.026310 0.024788 0.063126 -0.220864 0.707541
0.033450 0.005994 0.293464 -0.715664 0.419194
0.047851 -0.027940 0.426821 -0.983921 -1.745992
0.053223 -0.039794 -0.155879 0.369674 -0.265898
0.045361 -0.022307 -0.237319 0.506217 0.049795
0.036324 -0.003984 -0.215007 0.414849 -0.010973
0.027722 0.012165 -0.215455 0.396054 -0.530578
0.015607 0.035942 -0.390101 0.791878 0.607521
0.004082 0.058109 -0.187350 0.327551 2.490505
0.013057 0.033995 0.633911 -1.512995 -0.408002
0.035394 -0.017417 0.484496 -1.073676 -1.832931
0.042454 -0.031145 -0.128981 0.364157 -1.020871
0.030624 -0.002069 -0.461941 1.085370 1.693113
0.023575 0.013876 0.107044 -0.265911 -0.157496
0.026734 0.006376 0.051285 -0.112715 1.141866
0.036345 -0.015337 0.428373 -0.965268 -2.202719
0.038712 -0.019144 -0.307268 0.750062 0.737736
0.031481 -0.001882 -0.055580 0.125194 0.462669
0.032355 -0.004155 0.098772 -0.234266 0.360879
0.038677 -0.018816 0.217173 -0.497956 -0.542375
0.043719 -0.030139 0.035827 -0.076411 -1.517921
0.035109 -0.010448 -0.464974 1.049223 1.607584
0.027384 0.005214 0.076408 -0.244849 -0.660896
0.025993 0.006058 -0.145153 0.279819 1.483041
0.030079 -0.005731 0.347898 -0.855686 0.272797
0.045688 -0.043102 0.433009 -1.017846 -2.310193
0.047590 -0.047994 -0.335053 0.747308 -0.145348
0.033439 -0.017948 -0.373046 0.760749 0.407717
0.021384 0.004816 -0.230686 0.387166 -0.549281
0.008552 0.028364 -0.410736 0.789212 1.180425
0.000029 0.041451 -0.017115 -0.119336 0.012173
-0.000686 0.037647 -0.018493 -0.072293 -0.117136
-0.002301 0.037559 -0.062066 0.065995 0.654511
-0.000508 0.030977 0.151124 -0.390021 -0.859816
-0.000314 0.029858 -0.140258 0.323836 0.842245
-0.000345 0.030186 0.137697 -0.298611 -1.056014
-0.001978 0.035598 -0.218110 0.558227 2.012605
0.002679 0.027170 0.448785 -0.960125 -1.151308
0.012760 0.008408 0.057091 0.004853 -0.411912
0.012278 0.015168 -0.080833 0.329932 1.353265
0.018053 0.007540 0.368178 -0.698424 2.244981
0.047579 -0.053721 1.106434 -2.352520 -3.000000
0.071651 -0.099962 0.102315 -0.004526 -0.773475
0.070826 -0.090611 -0.143046 0.467399 -0.617566
0.061269 -0.065157 -0.334814 0.805845 1.440916
0.057716 -0.057556 0.155203 -0.407525 -1.877892
0.051509 -0.045840 -0.463676 0.976541 -0.601622
0.029209 0.000124 -0.651634 1.325873 1.048123
0.010319 0.035316 -0.294910 0.453112 1.534529
0.008718 0.030135 0.213173 -0.697125 -1.064178
0.009996 0.020250 -0.147753 0.188619 0.794624
0.009354 0.015841 0.114841 -0.401688 -0.787481
0.008613 0.012807 -0.150853 0.240389 -0.057706
0.002202 0.023318 -0.169828 0.286633 1.649515
0.006370 0.009646 0.376571 -0.955662 -0.700429
0.016605 -0.016285 0.136612 -0.354443 -0.375891
0.019549 -0.024560 0.011230 -0.065009 -0.881960
0.014176 -0.014064 -0.279119 0.582784 -0.439890
0.000203 0.014933 -0.419599 0.868806 0.301473
-0.014477 0.044274 -0.315382 0.607765 1.632218
-0.016250 0.043807 0.224832 -0.614024 -0.682179
-0.011985 0.031588 -0.010463 -0.007736 -0.795545
-0.017769 0.044274 -0.277961 0.635418 1.758626
-0.017205 0.042946 0.304185 -0.683586 -0.226571
-0.006748 0.021033 0.219444 -0.420031 -1.716164
-0.009502 0.031686 -0.355230 0.935643 2.479481
-0.007161 0.030598 0.469372 -0.963632 -0.129106
0.010534 -0.003920 0.416286 -0.771701 -0.963369
0.020659 -0.018997 0.091482 0.003942 0.582932
0.028230 -0.028189 0.286483 -0.458840 0.806389
0.045034 -0.058909 0.553290 -1.074323 -2.090353
0.053236 -0.069758 -0.140432 0.507100 0.917351
0.053939 -0.065774 0.174282 -0.295964 -0.969884
0.054563 -0.063855 -0.142044 0.382805 -0.809177
0.043699 -0.038095 -0.400884 0.903216 0.885816
0.033774 -0.017623 -0.096900 0.135027 0.484603
0.033181 -0.020226 0.066672 -0.260108 -0.204683
0.034492 -0.027579 -0.000744 -0.111147 -2.114179
0.020445 -0.000019 -0.699691 1.472610 0.539692
-0.003726 0.048653 -0.510542 0.977637 2.974561
-0.004337 0.042020 0.476701 -1.279182 0.246734
0.016089 -0.010229 0.545373 -1.342600 -2.238489
0.022832 -0.027963 -0.205096 0.427348 0.511305
0.018154 -0.019909 -0.029603 -0.016883 -0.377834
0.014498 -0.015190 -0.152871 0.250029 -0.611454
0.004388 0.003548 -0.352340 0.684521 1.133770
-0.002068 0.012710 0.027973 -0.211998 0.349430
0.001314 -0.000529 0.141047 -0.449255 -0.795247
0.001599 -0.005662 -0.125742 0.182693 -0.701730
-0.008059 0.012082 -0.356668 0.700766 0.232340
-0.020700 0.035920 -0.276191 0.498715 1.130633
-0.024236 0.038722 0.098043 -0.346129 -0.681653
-0.024987 0.036736 -0.134678 0.238232 0.944802
-0.024141 0.032340 0.176014 -0.449267 0.454061
-0.014224 0.008787 0.319848 -0.729167 -1.241083
-0.009820 -0.000094 -0.097961 0.269400 1.104398
-0.006356 -0.006606 0.269972 -0.584332 -0.462745
0.001286 -0.022202 0.113013 -0.203941 -1.491977
-0.004103 -0.007647 -0.381029 0.918916 0.438800
-0.016273 0.021003 -0.228620 0.524818 1.338488
-0.016488 0.021270 0.216315 -0.497065 -0.588548
-0.011877 0.011627 0.015161 0.005985 -0.170236
-0.012434 0.014787 -0.042817 0.150613 -0.152359
-0.015175 0.023339 -0.094248 0.276878 1.471171
-0.009177 0.012039 0.392688 -0.828655 -0.260536
0.004638 -0.015673 0.299002 -0.566091 -1.945610
0.003599 -0.007992 -0.348797 0.930671 1.541887
0.000056 0.004163 0.169502 -0.303198 0.862692
0.012513 -0.020673 0.452812 -0.934570 -1.477515
0.020696 -0.034555 -0.041558 0.221317 -1.360982
0.010086 -0.005857 -0.487985 1.205601 1.350090
-0.000262 0.019922 -0.031626 0.104013 0.044611
-0.001264 0.023765 -0.018593 0.089114 0.096706
-0.001410 0.026322 0.011162 0.039982 0.333758
0.001197 0.023402 0.118887 -0.183458 1.498732
0.015834 -0.006121 0.611839 -1.283200 -1.446155
0.030499 -0.033615 0.123781 -0.113590 -1.846398
0.023220 -0.010391 -0.486057 1.260357 1.917628
0.016741 0.008683 0.159356 -0.281192 1.203015
0.031049 -0.020424 0.555196 -1.167445 -1.093777
0.045843 -0.049197 0.186464 -0.289518 -3.000000
0.033415 -0.015465 -0.805227 1.952191 3.000000
0.021486 0.013611 0.204507 -0.458715 -0.974702
0.023078 0.011207 -0.123645 0.327012 0.466445
0.021254 0.016989 0.031782 -0.031712 -0.373926
0.019990 0.021945 -0.094608 0.276168 1.741290
0.027774 0.006435 0.482093 -1.036430 -1.504896
0.036869 -0.010323 -0.025138 0.178174 0.976022
0.042399 -0.018623 0.300615 -0.584109 -0.949969
0.048052 -0.027006 -0.016674 0.152915 0.078362
0.047983 -0.022881 0.013031 0.055488 -0.090770
0.047955 -0.019831 -0.014441 0.097008 0.504624
0.050788 -0.024252 0.155537 -0.313153 -0.631487
0.052811 -0.027187 -0.053552 0.159180 1.320867
0.059535 -0.041908 0.388342 -0.883353 -2.961724
0.055333 -0.031564 -0.595170 1.371249 0.906050
0.037827 0.006843 -0.282049 0.567835 2.349596
0.042244 -0.007106 0.500346 -1.242667 -1.865899
0.049672 -0.026623 -0.126232 0.241931 -0.796999
0.039416 -0.005613 -0.386094 0.804883 1.872774
0.036564 -0.003364 0.241154 -0.671288 -1.794350
0.034179 -0.001798 -0.358251 0.730234 0.083403
0.020519 0.025144 -0.325457 0.623712 1.983414
0.020729 0.019425 0.333738 -0.889664 -0.961644
0.027503 0.000283 0.006550 -0.082482 -0.661298
0.023351 0.007295 -0.213492 0.427328 0.862344
0.020594 0.010775 0.074533 -0.243235 -1.678906
0.012344 0.027447 -0.485248 1.061687 1.790097
0.004936 0.041698 0.112323 -0.326530 0.941709
0.015545 0.015626 0.417690 -0.973348 -0.353480
0.029715 -0.016175 0.291923 -0.627817 -1.987402
0.028109 -0.010257 -0.369981 0.903434 0.860211
0.019187 0.011260 -0.077625 0.186758 0.108268
0.016801 0.017120 -0.041910 0.108522 0.721701
0.019899 0.010670 0.196082 -0.424824 -0.489689
0.024392 0.002058 0.029346 -0.013261 0.168263
0.026673 -0.000950 0.084575 -0.135977 -0.524728
0.026541 0.001876 -0.090573 0.272077 0.205813
0.024319 0.009320 -0.020947 0.103992 0.280761
0.025338 0.009288 0.071573 -0.102694 -0.249974
0.026496 0.009418 -0.013360 0.106288 1.652754
0.036944 -0.011600 0.534239 -1.143835 -0.083009
0.057605 -0.054771 0.499774 -1.024882 -2.636977
0.060032 -0.055224 -0.375313 0.974057 0.921829
0.051411 -0.032942 -0.057307 0.155662 -0.682219
0.044676 -0.017176 -0.279056 0.629158 0.423366
0.036461 0.000283 -0.132604 0.252513 0.699953
0.035848 -0.000666 0.101150 -0.292501 0.285097
0.041745 -0.016336 0.193705 -0.491308 -1.736533
0.037903 -0.009003 -0.383919 0.840770 1.531647
0.032880 -0.000202 0.130735 -0.381819 -0.740110
0.033127 -0.003564 -0.117407 0.204788 0.080095
0.029001 0.003075 -0.089143 0.129518 0.988565
0.032023 -0.007000 0.239233 -0.624681 0.617924
0.045620 -0.040772 0.440564 -1.064279 -3.000000
0.043225 -0.036818 -0.556850 1.230714 1.152466
0.028883 -0.007752 -0.162309 0.241993 -0.894227
0.016496 0.015193 -0.456408 0.900493 1.081838
0.005539 0.033779 -0.093176 0.044669 0.089199
0.002336 0.034953 -0.067028 0.014728 0.713907
0.004326 0.025410 0.165914 -0.486770 -0.731624
0.005964 0.018451 -0.082926 0.128834 0.941803
0.008887 0.009432 0.228166 -0.571762 -1.307291
0.009207 0.007667 -0.210529 0.468530 0.647738
0.005145 0.016048 0.006476 -0.040616 1.121718
0.012820 -0.002342 0.376333 -0.870921 -2.643632
0.010157 0.004585 -0.506416 1.189729 0.834463
-0.004382 0.037913 -0.222269 0.493202 2.100122
0.000677 0.025680 0.473052 -1.085376 -0.847512
0.013736 -0.002631 0.181542 -0.346026 -0.460269
0.017884 -0.008956 0.026524 0.023337 0.256636
0.020669 -0.012161 0.112507 -0.181364 0.195796
0.026466 -0.022421 0.177284 -0.331561 -0.279191
0.031695 -0.031433 0.084657 -0.123744 0.891718
0.041057 -0.050595 0.382679 -0.828081 -1.256444
0.047996 -0.064492 -0.033939 0.116919 -1.678457
0.035640 -0.035709 -0.582634 1.311759 1.850881
0.024921 -0.014209 0.043961 -0.211404 -2.175483
0.012208 0.010739 -0.677523 1.440564 1.168188
-0.006927 0.048776 -0.281485 0.482658 1.699221
-0.006928 0.042553 0.279635 -0.777496 -0.533987
0.000494 0.021708 0.092573 -0.275786 -0.166210
0.002998 0.014140 0.033044 -0.106496 -0.378059
0.001754 0.016197 -0.094808 0.205393 1.431563
0.007475 0.002564 0.379449 -0.874615 -2.564999
0.005448 0.008256 -0.477795 1.132145 1.667537
-0.002423 0.026650 0.081803 -0.190057 0.653125
0.005100 0.009932 0.293979 -0.642837 -1.788615
0.004837 0.012830 -0.305021 0.768478 1.406958
0.002076 0.021276 0.165120 -0.329047 -0.850237
0.002922 0.022151 -0.121757 0.363296 1.909353
0.010750 0.007436 0.511213 -1.081803 -0.196568
0.029703 -0.031151 0.437478 -0.858313 -2.125786
0.032998 -0.032385 -0.270180 0.773421 0.425488
0.025202 -0.009721 -0.120616 0.369843 0.941632
0.026713 -0.010071 0.195013 -0.376910 -1.050748
0.027484 -0.008693 -0.155243 0.434702 0.951382
0.027683 -0.006661 0.163968 -0.322119 -0.392762
0.031589 -0.013194 0.031982 -0.010225 -0.247514
0.031245 -0.010052 -0.048986 0.165483 0.343497
0.031613 -0.009124 0.066943 -0.114946 -0.190012
0.033025 -0.010821 0.003917 0.027767 -0.088351
0.032618 -0.008601 -0.024227 0.082872 0.088012
0.032262 -0.006909 0.006270 0.003166 -0.225192
0.031027 -0.003448 -0.067845 0.168250 0.689660
0.032930 -0.007580 0.162249 -0.368127 -0.724007
0.034561 -0.010828 -0.079750 0.197145 0.296943
0.033397 -0.007981 0.021095 -0.050749 0.339439
0.036505 -0.015306 0.134056 -0.313258 -0.194074
0.040560 -0.024755 0.069096 -0.163215 -0.750866
0.038357 -0.020074 -0.178454 0.390454 -0.404006
0.028633 0.000798 -0.307732 0.653605 1.219487
0.024531 0.007388 0.101017 -0.309303 -0.049807
0.028175 -0.003600 0.081494 -0.243168 0.516986
0.034843 -0.020993 0.251619 -0.624568 -1.565330
0.034447 -0.021556 -0.269554 0.579409 0.018335
0.023921 0.000098 -0.257265 0.508568 1.158713
0.021414 0.001995 0.130466 -0.400601 -1.175618
0.018746 0.004648 -0.262486 0.520818 1.529874
0.018490 0.001422 0.247932 -0.666060 -0.919981
0.022182 -0.010130 -0.061962 0.075740 -0.303797
0.017715 -0.002736 -0.161176 0.292371 0.249092
0.012974 0.004711 -0.076333 0.084374 0.021794
0.010067 0.007781 -0.069117 0.069958 0.666618
0.011729 0.000459 0.151551 -0.430486 -1.156096
0.010032 0.001622 -0.234984 0.476117 1.758336
0.012396 -0.006912 0.351232 -0.885400 -1.686238
0.015108 -0.015368 -0.213399 0.442245 -1.053925
-0.000339 0.017600 -0.558369 1.201955 3.000000
-0.002579 0.018449 0.442716 -1.126605 -1.571690
0.004462 -0.000503 -0.088346 0.157289 0.743472
0.005896 -0.005821 0.159277 -0.416164 -1.383600
0.003011 -0.000754 -0.301966 0.655460 1.081446
-0.001775 0.007992 0.061160 -0.204323 0.189133
0.001879 -0.002592 0.121521 -0.325297 -1.440676
-0.002890 0.006941 -0.358406 0.788197 1.623740
-0.006324 0.012671 0.184614 -0.482691 -1.722371
-0.010501 0.020798 -0.391473 0.871621 2.049397
-0.012447 0.023553 0.291633 -0.711061 -1.004942
-0.007630 0.012082 -0.049274 0.123584 -0.183177
-0.010832 0.019996 -0.110749 0.271605 0.806352
-0.009907 0.018621 0.156079 -0.332166 0.034428
-0.003532 0.005724 0.162937 -0.315436 -0.056319
0.002545 -0.005430 0.141202 -0.245464 -0.470294
0.005033 -0.007778 -0.016157 0.122446 0.095363
0.005051 -0.004646 0.016870 0.035987 -0.702550
0.001063 0.007475 -0.215704 0.565033 1.364522
0.001574 0.008578 0.239617 -0.494813 -0.583325
0.007179 -0.001349 0.041536 -0.010264 0.320472
0.010967 -0.006656 0.147613 -0.252763 -0.039032
0.016582 -0.015940 0.133385 -0.213825 -1.008556
0.015206 -0.009041 -0.201137 0.549431 1.340762
0.016177 -0.008564 0.248040 -0.510604 -0.522829
0.022557 -0.020431 0.071840 -0.091015 -0.957693
0.019087 -0.009673 -0.244442 0.621105 1.801363
0.021403 -0.013518 0.358112 -0.794226 -2.203587
0.020976 -0.010651 -0.376910 0.914173 1.624608
0.016864 -0.000472 0.169132 -0.385006 -0.920750
0.017443 -0.001183 -0.139046 0.339150 -0.524183
0.008444 0.019995 -0.310685 0.718609 2.417249
0.012154 0.011164 0.493492 -1.136004 -0.767017
0.026590 -0.020675 0.229923 -0.471589 0.096590
0.036399 -0.040831 0.260774 -0.539233 -1.441501
0.037250 -0.040474 -0.216514 0.541975 0.683592
0.033304 -0.030915 0.018126 -0.053837 -0.604055
0.030070 -0.024405 -0.179275 0.374603 0.635676
0.027237 -0.020219 0.036711 -0.157017 -0.355492
0.026361 -0.021268 -0.080075 0.100731 -0.222156
0.021743 -0.014424 -0.150760 0.240841 1.149928
0.023430 -0.023083 0.233876 -0.662775 -2.057989
0.019049 -0.017612 -0.450610 0.915296 0.093778
0.001827 0.015956 -0.411331 0.771759 1.974662
-0.001410 0.015868 0.247122 -0.754757 -1.332871
-0.000540 0.007559 -0.201808 0.322587 -1.048474
-0.015553 0.036341 -0.548125 1.110959 1.750605
-0.025752 0.053321 0.035693 -0.239235 0.528007
-0.020970 0.037247 0.203208 -0.563199 0.448394
-0.010030 0.009487 0.343930 -0.826654 -2.113443
-0.010481 0.010253 -0.363921 0.841720 -0.658435
-0.029313 0.053181 -0.577700 1.306331 2.660944
-0.034664 0.064215 0.306696 -0.723452 0.388351
-0.020070 0.031819 0.423332 -0.900353 0.776133
0.001812 -0.014130 0.670855 -1.399187 -2.212259
0.013743 -0.034535 -0.071152 0.350039 -0.507641
0.007643 -0.013960 -0.233752 0.678220 0.543102
0.002032 0.003642 -0.047827 0.211862 0.358485
0.002521 0.006456 0.071780 -0.066659 0.768723
0.010474 -0.007736 0.325270 -0.637721 -0.950307
0.017077 -0.017927 0.006249 0.115496 0.309548
0.019437 -0.018588 0.111345 -0.145018 0.123344
0.024724 -0.026478 0.153008 -0.249552 -0.402224
0.028185 -0.030523 0.020558 0.042376 -0.780123
0.023888 -0.017572 -0.234794 0.599925 0.996410
0.021249 -0.010052 0.101484 -0.211051 0.484825
0.028520 -0.025854 0.261762 -0.577027 -2.124234
0.024829 -0.016107 -0.444015 1.043655 1.859785
0.019630 -0.004664 0.181555 -0.448305 0.152740
0.027847 -0.024415 0.229544 -0.541860 -0.370249
0.034536 -0.040212 0.105640 -0.255202 -0.352081
0.036469 -0.045578 -0.008484 -0.017516 -1.781968
0.024379 -0.019936 -0.594588 1.286733 1.242117
0.009096 0.010301 -0.171694 0.245667 1.056016
0.009267 0.003846 0.179130 -0.558421 -1.018000
0.009568 -0.001985 -0.162750 0.254309 -0.620420
-0.001026 0.017364 -0.366602 0.710540 1.930311
-0.002783 0.015626 0.276505 -0.776899 -2.504523
-0.008535 0.024456 -0.561197 1.192402 0.775631
-0.025697 0.059254 -0.298618 0.563501 1.313832
-0.028961 0.062334 0.133863 -0.395318 -0.317755
-0.025920 0.053404 0.018865 -0.057633 0.777164
-0.020132 0.040544 0.269964 -0.580652 -0.278221
-0.011368 0.023350 0.169007 -0.286495 0.245755
-0.003076 0.009089 0.245633 -0.427403 -0.062904
0.006238 -0.006209 0.220465 -0.341746 0.301248
0.017013 -0.024145 0.318330 -0.555594 -0.403466
0.027024 -0.039944 0.183012 -0.241947 -2.377258
0.018581 -0.013691 -0.603012 1.535316 1.299505
0.003361 0.025436 -0.160409 0.444143 1.822198
0.009067 0.015267 0.443803 -0.935365 -1.122692
0.019169 -0.003250 0.063040 -0.007110 0.990527
0.028278 -0.018771 0.391528 -0.761395 -1.875777
0.031382 -0.019790 -0.234065 0.689829 1.991452
0.035407 -0.024124 0.432962 -0.885216 -2.344542
0.037045 -0.022866 -0.348258 0.922984 1.883457
0.035827 -0.016599 0.284928 -0.587254 -1.164868
0.039419 -0.021757 -0.103840 0.315637 1.084892
0.042573 -0.026681 0.260273 -0.550643 -0.499052
0.049636 -0.040889 0.093768 -0.168041 -0.216818
0.052007 -0.044972 0.025072 -0.038758 -1.650367
0.042128 -0.022154 -0.517671 1.167572 1.893500
0.034240 -0.006578 0.120646 -0.364315 -0.112198
0.038277 -0.019061 0.081631 -0.263709 0.016007
0.041651 -0.029914 0.087207 -0.280865 -1.798157
0.033204 -0.013827 -0.507809 1.069613 -0.065786
0.012647 0.028248 -0.520823 1.042776 2.041367
0.005484 0.037924 0.159997 -0.534690 -0.459986
0.008659 0.025224 -0.000349 -0.108745 0.522869
0.012049 0.013610 0.169482 -0.469209 -0.276894
0.016883 0.000074 0.072857 -0.213860 -0.177817
0.018579 -0.005425 0.012294 -0.064285 0.174736
0.020233 -0.010686 0.070294 -0.197905 -0.864387
0.017286 -0.005271 -0.216710 0.460488 -0.015240
0.008596 0.012681 -0.218179 0.440925 0.334553
0.002130 0.024921 -0.105742 0.177236 0.693333
0.002480 0.021744 0.122516 -0.329609 -0.477014
0.004106 0.016870 -0.040491 0.079232 0.409179
0.005179 0.014080 0.093704 -0.215124 -0.442321
0.005916 0.012926 -0.056240 0.152014 -0.652270
-0.000682 0.029164 -0.273198 0.655992 1.410149
-0.002204 0.033605 0.195355 -0.417944 1.429895
0.014977 -0.003689 0.662832 -1.439947 -1.602794
0.030611 -0.034783 0.121537 -0.139420 -0.866455
0.029761 -0.027636 -0.163237 0.489382 -0.342321
0.021084 -0.004054 -0.270737 0.691548 0.670322
0.014822 0.012334 -0.043524 0.138879 -0.645559
0.008776 0.027949 -0.258308 0.637908 2.698684
0.016419 0.011875 0.637667 -1.416243 -1.391285
0.032424 -0.021189 0.164980 -0.259761 -1.566078
0.028608 -0.007626 -0.354225 0.924090 2.097763
0.028544 -0.004259 0.348410 -0.731845 -1.366101
0.033286 -0.011623 -0.109509 0.347021 0.689982
0.033568 -0.009032 0.122699 -0.209191 -1.071495
0.031331 -0.000826 -0.233427 0.609670 1.721261
0.033532 -0.003675 0.341476 -0.733821 -1.093395
0.039810 -0.015292 -0.026037 0.138361 1.220421
0.046935 -0.029003 0.381094 -0.813174 -1.661929
0.051063 -0.035565 -0.172560 0.465700 0.580894
0.048170 -0.027265 0.026940 -0.041960 0.015806
0.049403 -0.029726 0.034742 -0.081078 -0.635070
0.046621 -0.023765 -0.173281 0.373952 0.602717
0.043806 -0.019082 0.031679 -0.131795 -0.949101
0.038781 -0.010009 -0.281990 0.577298 0.929638
0.033794 -0.002171 0.031337 -0.173314 -0.627507
0.030851 0.000751 -0.177790 0.313148 1.104024
0.031129 -0.004054 0.190422 -0.542333 -0.955531
0.032315 -0.010405 -0.129797 0.212910 1.018525
0.033953 -0.018031 0.210598 -0.584505 -0.635649
0.038100 -0.031256 -0.002213 -0.086435 -2.092561
0.024151 -0.003160 -0.693427 1.475129 1.004211
0.003326 0.038403 -0.349942 0.623389 1.319923
-0.001887 0.043180 0.087647 -0.369519 0.824973
0.006952 0.017266 0.353985 -0.923702 -0.290606
0.018999 -0.013550 0.249372 -0.627318 -1.166268
0.021149 -0.020171 -0.140309 0.282159 0.121481
0.016431 -0.011562 -0.095968 0.151788 0.160485
0.013708 -0.008395 -0.040494 0.009202 -0.443205
0.009159 -0.001392 -0.186572 0.337696 0.199484
0.003076 0.008600 -0.118009 0.166300 0.125163
-0.000807 0.013340 -0.076366 0.072951 -0.678153
-0.008392 0.026920 -0.302320 0.601314 1.197382
-0.012492 0.032450 0.095752 -0.310877 -0.010479
-0.008854 0.021381 0.086483 -0.245648 -0.341126
-0.007752 0.017658 -0.030845 0.054556 -0.554994
-0.012712 0.028741 -0.216681 0.495592 1.578035
-0.010878 0.024388 0.306592 -0.697431 -0.929241
-0.004960 0.012303 -0.009274 0.079963 1.486193
0.004534 -0.007107 0.482600 -1.038650 -1.766228
0.011941 -0.020255 -0.109785 0.358938 0.710162
0.012367 -0.017713 0.130136 -0.223182 -1.023669
0.010764 -0.010987 -0.209234 0.549973 0.498038
0.005810 0.002412 -0.039354 0.128557 0.090889
0.004850 0.006084 -0.008846 0.056780 0.211762
0.005895 0.005209 0.060860 -0.098497 0.469040
0.011417 -0.005642 0.214948 -0.441405 0.093129
0.020575 -0.024228 0.243202 -0.490887 -2.944955
0.010690 0.001501 -0.734513 1.751198 2.500949
-0.001797 0.030872 0.106419 -0.248331 -0.172493
0.001201 0.024679 0.043888 -0.065123 0.190134
0.004150 0.019859 0.103499 -0.175279 0.512490
0.011622 0.005716 0.269801 -0.529683 0.421724
0.025119 -0.021064 0.405124 -0.810662 -0.169723
0.040111 -0.050243 0.345265 -0.656285 -2.096521
0.039992 -0.044598 -0.348918 0.917707 1.439854
0.035842 -0.032208 0.139385 -0.279175 -1.617675
0.030684 -0.018876 -0.395653 0.931586 0.157853
0.016088 0.014319 -0.335079 0.737390 1.326681
0.011586 0.022824 0.108196 -0.295849 -0.724204
0.010998 0.023077 -0.136683 0.300173 1.176025
0.013342 0.017200 0.252641 -0.582809 -0.193040
0.022033 -0.001928 0.182553 -0.380219 0.404627
0.031968 -0.022849 0.314148 -0.665913 -0.400046
0.041817 -0.042943 0.179231 -0.347313 -1.777314
0.037208 -0.030060 -0.407929 0.975664 1.379873
0.030280 -0.014189 0.059476 -0.163149 0.346510
0.034968 -0.026114 0.174738 -0.431682 -1.621312
0.031165 -0.018480 -0.363138 0.797695 1.278984
0.025307 -0.007682 0.068454 -0.241097 -0.523781
0.024541 -0.009103 -0.106128 0.164086 0.331688
0.022546 -0.008033 0.005960 -0.106622 -0.113126
0.022033 -0.010573 -0.031439 -0.022043 -2.089873
0.006893 0.020469 -0.723641 1.557962 1.162443
-0.014128 0.063367 -0.329828 0.609341 1.240713
-0.019129 0.069443 0.078236 -0.291536 0.981331
-0.009680 0.044791 0.393758 -0.937232 -1.550488
-0.004484 0.033427 -0.131837 0.348958 1.109984
-0.002405 0.030705 0.234594 -0.474024 -1.076632
-0.000328 0.029668 -0.129387 0.409588 1.251844
0.002809 0.027027 0.284849 -0.529015 0.237764
0.015636 0.003598 0.356751 -0.645417 0.010673
0.029862 -0.021385 0.355058 -0.609205 -0.593369
0.040063 -0.036273 0.156041 -0.144764 0.718826
0.051134 -0.053695 0.396913 -0.721512 -0.543510
0.063400 -0.074462 0.217413 -0.326708 -1.078145
0.065045 -0.072287 -0.134003 0.425370 -0.454445
0.056885 -0.050515 -0.274066 0.664238 0.298444
0.048116 -0.030547 -0.165231 0.342529 -0.585173
0.037733 -0.008993 -0.353727 0.734015 0.582388
0.027589 0.010263 -0.154627 0.239536 -0.277000
0.019574 0.024050 -0.246040 0.449594 0.485407
0.012974 0.034573 -0.084731 0.083834 1.363967
0.018589 0.017715 0.364285 -0.916190 -1.707715
0.021621 0.008973 -0.210433 0.458112 1.905412
0.025924 -0.002340 0.423558 -1.005498 -1.393503
0.033446 -0.019826 -0.045369 0.111981 -0.219215
0.030231 -0.012552 -0.115297 0.251174 -0.412231
0.022941 0.003237 -0.249095 0.537423 1.388589
0.022285 0.002795 0.214660 -0.544449 -2.689835
0.012888 0.023171 -0.681647 1.537870 2.474419
0.002256 0.045231 0.146504 -0.402653 -0.433591
0.005068 0.037405 -0.005134 0.004136 1.123447
0.012246 0.021233 0.363096 -0.804721 0.195981
0.027899 -0.012356 0.420054 -0.880302 -1.390018
0.035343 -0.025285 -0.045885 0.215827 0.022493
0.033740 -0.017830 -0.034472 0.159187 0.250580
0.034087 -0.015897 0.051423 -0.059090 -1.268574
0.027727 0.000979 -0.368264 0.892885 0.808902
0.018506 0.023139 -0.094252 0.228900 0.909939
0.020766 0.018596 0.206291 -0.447474 -0.830075
0.023382 0.014520 -0.074381 0.233361 1.742621
0.031995 -0.002844 0.503331 -1.086577 -1.396687
0.042672 -0.023421 0.032710 0.037759 -0.264723
0.042272 -0.018396 -0.052559 0.212048 0.554340
0.043924 -0.019098 0.134495 -0.240915 -0.621961
0.045168 -0.019262 -0.071574 0.226112 0.074997
0.042877 -0.012078 -0.043280 0.135745 0.241183
0.042793 -0.010776 0.038760 -0.067527 -0.732412
0.039481 -0.002346 -0.203657 0.482988 1.678455
0.042575 -0.009475 0.356440 -0.822514 -0.825878
0.051231 -0.028772 0.077801 -0.155615 -1.611851
0.043660 -0.010667 -0.454870 1.047700 1.265045
0.034060 0.010195 -0.027131 0.014077 0.576198
0.036784 0.002161 0.162833 -0.411403 -2.192785
0.028641 0.020031 -0.567668 1.284523 2.316617
0.021488 0.034636 0.206873 -0.525706 -0.575168
0.025777 0.023983 0.008577 -0.016096 1.553821
0.036395 0.000095 0.520985 -1.167021 -0.603483
0.053037 -0.035711 0.312612 -0.637864 -2.927150
0.046054 -0.016231 -0.658777 1.584914 0.556456
0.023677 0.036163 -0.461849 1.052603 3.000000
0.025223 0.031719 0.535751 -1.243617 -1.516687
0.036303 0.007704 0.020589 0.020605 1.745084
0.048715 -0.018087 0.598424 -1.296724 -1.129138
0.064978 -0.051262 0.216848 -0.381748 -0.724954
0.068884 -0.056057 -0.020638 0.133720 -1.507367
0.058178 -0.029032 -0.513592 1.208230 1.930000
0.050716 -0.012597 0.137767 -0.361384 -1.762057
0.044476 0.000242 -0.447883 0.987003 1.397638
0.036005 0.016974 0.022257 -0.131342 -1.864952
0.024432 0.040966 -0.599030 1.315071 2.947092
0.020167 0.047617 0.382090 -0.949183 -0.569496
0.031413 0.020797 0.181476 -0.404556 0.058185
0.038946 0.004786 0.195503 -0.399210 -0.295778
0.044722 -0.005950 0.093886 -0.143339 -1.078562
0.041289 0.004984 -0.264483 0.680636 1.267386
0.039226 0.011990 0.159675 -0.314943 0.196376
0.046839 -0.002882 0.221075 -0.429971 0.225416
0.057117 -0.022992 0.292940 -0.577448 -0.581865
0.064922 -0.036875 0.098299 -0.125853 -1.077905
0.061744 -0.026010 -0.256216 0.660292 1.232256
0.059844 -0.019971 0.159602 -0.343111 -1.255662
0.057865 -0.014377 -0.257193 0.610589 0.429977
0.050559 0.002330 -0.109029 0.233330 -0.543649
0.042608 0.019795 -0.288187 0.637707 2.349040
0.046753 0.008876 0.492895 -1.160743 -1.812208
0.054215 -0.007917 -0.117246 0.297337 1.687883
0.060811 -0.022497 0.445294 -1.010777 -1.445809
0.068900 -0.039863 -0.038720 0.122863 -0.541071
0.063857 -0.027697 -0.213091 0.482841 -0.677748
0.050958 0.000775 -0.431716 0.940003 0.759867
0.038883 0.025498 -0.173480 0.310000 1.120040
0.039381 0.020915 0.197163 -0.528337 0.579752
0.050995 -0.007897 0.383477 -0.912597 -0.856330
0.060514 -0.030174 0.093984 -0.215551 -0.860873
0.058580 -0.025956 -0.189782 0.418403 0.333673
0.053327 -0.015473 -0.073526 0.112141 -0.716742
0.045668 -0.000452 -0.308887 0.634562 0.143824
0.034366 0.021896 -0.256888 0.489309 2.921104
0.043543 -0.003505 0.712834 -1.733444 -2.715509
0.053736 -0.028863 -0.199263 0.429793 -0.733209
0.041016 -0.001620 -0.436481 0.930787 1.596354
0.034320 0.009838 0.099455 -0.337742 0.147270
0.039203 -0.005221 0.144884 -0.417113 -1.071924
0.037815 -0.004968 -0.212995 0.418088 0.371635
0.031841 0.005405 -0.086410 0.106996 -1.956141
0.015377 0.039748 -0.735015 1.595607 1.950786
-0.000902 0.072495 -0.082128 0.070649 0.264058
-0.002586 0.072908 -0.002314 -0.048202 1.230739
0.005323 0.053943 0.396903 -0.892339 -0.871306
0.015147 0.034099 0.095796 -0.114406 0.894983
0.024829 0.016778 0.387688 -0.746327 -0.484228
0.036956 -0.004200 0.219738 -0.312747 0.229111
0.047222 -0.019858 0.293614 -0.471034 -0.140064
0.057999 -0.036329 0.245695 -0.357429 -0.687506
0.063273 -0.040393 0.018897 0.146316 -1.283586
0.055597 -0.015922 -0.401767 1.069320 1.471427
0.049505 0.002493 0.094954 -0.128139 -0.190150
0.052006 0.000563 0.030413 0.029069 0.549804
0.056877 -0.006702 0.212595 -0.387893 0.168333
0.066450 -0.024396 0.266207 -0.498753 -0.679928
0.072548 -0.033762 0.039717 0.021220 -1.276885
0.065717 -0.014077 -0.380212 0.953972 0.689115
0.055263 0.011936 -0.143882 0.360155 2.111061
0.063573 -0.006250 0.557244 -1.250512 -1.732190
0.074160 -0.028096 -0.025314 0.134275 0.009103
0.073286 -0.023657 -0.018529 0.089203 0.842856
0.078213 -0.033662 0.264003 -0.582009 -1.324818
0.079947 -0.036576 -0.175695 0.421594 -1.378419
0.063893 0.000079 -0.626185 1.404831 1.104763
0.046406 0.037462 -0.250329 0.484827 1.078983
0.043554 0.040561 0.106434 -0.317960 1.154561
0.055348 0.011524 0.482599 -1.128460 -1.102045
0.067121 -0.014869 0.107940 -0.209322 0.615127
0.075527 -0.032716 0.311944 -0.679904 -2.016531
0.074561 -0.028773 -0.357956 0.856345 0.724985
0.065254 -0.007428 -0.108711 0.223920 -0.028502
0.060764 0.001531 -0.115963 0.225791 0.416455
0.058924 0.003935 0.023412 -0.100552 1.014160
0.066580 -0.015407 0.358570 -0.859686 -2.181703
0.066313 -0.015458 -0.369310 0.833344 0.640646
0.055960 0.006597 -0.149586 0.281510 1.300117
0.058651 -0.002304 0.282750 -0.714365 -0.718373
0.065077 -0.018907 0.039778 -0.127325 0.026883
0.066868 -0.024648 0.049817 -0.160406 -0.571890
0.065086 -0.022607 -0.138301 0.256997 -0.999853
0.052991 0.002196 -0.465785 0.977993 1.469577
0.044278 0.017517 0.028005 -0.192406 0.188326
0.046582 0.007625 0.087202 -0.302639 0.483798
0.053224 -0.011300 0.244735 -0.642543 -1.372473
0.053810 -0.015289 -0.213672 0.427220 -1.119972
0.037911 0.018113 -0.580636 1.238069 2.428196
0.030982 0.029154 0.230961 -0.657029 -0.778311
0.034878 0.016413 -0.034894 0.008215 1.103127
0.040782 0.000202 0.329150 -0.810512 -1.455295
0.044142 -0.008736 -0.159218 0.345572 1.140500
0.045429 -0.013064 0.222264 -0.550244 -1.873796
0.041799 -0.005822 -0.401679 0.893545 0.739770
0.030799 0.017261 -0.149716 0.273918 -0.811052
0.019417 0.040743 -0.418795 0.895935 0.939659
0.008956 0.061958 -0.105880 0.179396 1.416166
0.014016 0.048682 0.357633 -0.831911 -0.490551
0.024821 0.025214 0.183778 -0.352700 0.220969
0.033526 0.008815 0.251575 -0.468858 0.251004
0.045160 -0.012917 0.330321 -0.619935 -0.862810
0.052561 -0.023886 0.040994 0.059721 0.660311
0.058647 -0.032227 0.262660 -0.470924 -0.401323
0.066479 -0.044979 0.129617 -0.173446 -0.087165
0.071152 -0.051351 0.104216 -0.146808 -1.317673
0.066648 -0.037972 -0.328206 0.805223 -0.166372
0.052615 -0.005125 -0.373993 0.843092 1.291939
0.046386 0.007542 0.060688 -0.192716 -0.484253
0.045544 0.007742 -0.102208 0.197300 0.256555
0.043172 0.011646 -0.016772 0.001447 0.693996
0.047088 0.001349 0.212003 -0.511166 -0.716274
0.050720 -0.007341 -0.029367 0.066832 -0.676515
0.045068 0.005505 -0.252684 0.570912 2.000670
0.048340 -0.002992 0.414041 -0.975721 -0.924516
0.058607 -0.026546 0.100937 -0.217385 -0.376541
0.060163 -0.029749 -0.022644 0.052780 0.070110
0.059795 -0.029441 0.004116 -0.036076 -0.426248
0.057183 -0.024941 -0.134340 0.257833 0.041224
0.052177 -0.016152 -0.116236 0.184367 0.434627
0.050482 -0.016045 0.030925 -0.173946 -0.938404
0.045486 -0.008697 -0.279763 0.532871 0.535297
0.037956 0.003510 -0.097636 0.086167 -0.792129
0.028787 0.019123 -0.360173 0.689068 0.502406
0.017784 0.038525 -0.190994 0.290600 1.327785
0.018930 0.030315 0.246955 -0.689065 -0.378708
0.026117 0.010226 0.113292 -0.324425 0.164677
0.031669 -0.004574 0.164477 -0.417214 -1.128980
0.030683 -0.003430 -0.212468 0.462293 0.051179
0.022600 0.013615 -0.192116 0.394277 1.979888
0.028111 -0.001201 0.465647 -1.116873 -2.091736
0.032653 -0.012240 -0.235757 0.539441 0.226639
0.024837 0.004888 -0.155731 0.323376 1.189406
0.026555 -0.000732 0.240317 -0.592629 -1.271076
0.027621 -0.004097 -0.185384 0.409629 1.559140
0.030645 -0.012272 0.334876 -0.802967 -1.344871
0.034998 -0.022910 -0.115407 0.254073 -0.708371
0.025756 -0.002701 -0.346261 0.753372 1.894656
0.024628 -0.002710 0.287511 -0.732929 -1.327524
0.027190 -0.010681 -0.157592 0.318003 0.473258
0.024105 -0.005871 0.002626 -0.071061 0.737738
0.029118 -0.020055 0.247414 -0.633049 -1.847818
0.026671 -0.016585 -0.367607 0.787328 0.493861
0.015407 0.005917 -0.196699 0.348377 0.217032
0.009022 0.016223 -0.123046 0.171442 0.264049
0.005845 0.019206 -0.036151 -0.018992 0.468112
0.007465 0.011763 0.116792 -0.350027 0.140502
0.012990 -0.003621 0.159639 -0.421219 0.099940
0.019982 -0.021492 0.190220 -0.475084 -1.096918
0.020269 -0.023480 -0.174534 0.363502 0.111339
0.014134 -0.011647 -0.132642 0.232295 -0.164256
0.007796 -0.000380 -0.184329 0.331895 0.535860
0.004037 0.004243 -0.004338 -0.093833 -1.061001
-0.003218 0.017047 -0.357419 0.725030 1.814846
-0.005374 0.017638 0.247468 -0.675685 -0.906218
-0.001646 0.005878 -0.059713 0.074863 0.119078
-0.003246 0.007115 -0.020464 -0.011542 -0.262752
-0.005833 0.010907 -0.108600 0.198930 0.684593
-0.005620 0.008372 0.118491 -0.318915 -0.377774
-0.003463 0.002077 -0.010043 -0.001537 0.463761
-0.000788 -0.005022 0.143399 -0.349929 -1.469105
-0.004869 0.003940 -0.345891 0.783897 0.921963
-0.012465 0.020215 -0.035373 0.043541 0.410544
-0.011192 0.016102 0.098689 -0.245958 0.147150
-0.006342 0.004745 0.143868 -0.323038 -0.548218
-0.004298 0.000829 -0.040906 0.120207 0.400456
-0.003259 -0.000616 0.092429 -0.188409 -0.235530
-0.001160 -0.004256 0.012870 0.003012 -0.441729
-0.003578 0.002589 -0.133395 0.335923 0.024260
-0.008712 0.015305 -0.123585 0.302899 0.081409
-0.013107 0.026164 -0.096456 0.243030 1.413114
-0.007594 0.014513 0.370719 -0.813155 -0.891626
0.001143 -0.002849 0.067580 -0.068782 -0.457481
0.000793 0.001499 -0.084632 0.282102 2.172376
0.011891 -0.020891 0.637374 -1.382550 -1.730798
0.025705 -0.048215 0.056059 -0.008818 -1.357409
0.019023 -0.028809 -0.389072 0.969496 1.296784
0.012291 -0.011870 0.050546 -0.104246 -0.901631
0.008322 -0.002286 -0.248115 0.575808 1.196570
0.006446 0.001579 0.152771 -0.368549 -0.526605
0.008991 -0.004505 -0.024750 0.057167 0.044889
0.008315 -0.003051 -0.009154 0.016408 -0.409232
0.005232 0.003839 -0.144629 0.325091 2.117735
0.013571 -0.016001 0.559434 -1.298166 -2.651914
0.018146 -0.025802 -0.327289 0.776889 1.827224
0.017379 -0.024391 0.286694 -0.685594 -1.998343
0.015505 -0.020745 -0.378141 0.847153 -0.034614
0.000321 0.012095 -0.381714 0.801961 1.999100
-0.001558 0.012712 0.285366 -0.749205 -1.846210
-0.002567 0.012438 -0.333586 0.714892 1.043230
-0.008894 0.024381 0.015768 -0.103804 -1.362531
-0.017397 0.041891 -0.439553 0.967543 1.556926
-0.024579 0.056442 0.078252 -0.220132 0.286627
-0.019707 0.044889 0.165334 -0.357855 0.024143
-0.013093 0.031770 0.165683 -0.301476 0.650248
-0.002265 0.010914 0.375462 -0.739356 -0.952745
0.006272 -0.002733 0.052824 0.043340 0.616234
0.012488 -0.010539 0.257413 -0.428569 -1.030005
0.015883 -0.011482 -0.086390 0.370020 -0.662500
0.008094 0.012785 -0.302778 0.841514 1.773094
0.007868 0.018435 0.289193 -0.538463 0.257799
0.021020 -0.005867 0.368629 -0.679485 -0.879435
0.029816 -0.018715 0.072538 0.024633 -0.548037
0.029109 -0.009729 -0.107443 0.420879 0.448014
0.027869 -0.000516 0.044677 0.046837 1.553151
0.039987 -0.022531 0.559819 -1.135251 -1.429623
0.052742 -0.044951 0.080138 -0.006354 -0.241027
0.054437 -0.042498 0.004780 0.127617 -0.151357
0.053729 -0.036185 -0.040167 0.188416 -0.296550
0.050254 -0.025146 -0.133511 0.363243 0.080671
0.045557 -0.012885 -0.101744 0.253761 1.024489
0.048366 -0.019074 0.241028 -0.553071 -0.753158
0.052953 -0.029297 -0.010569 0.031626 -0.642686
0.048323 -0.018849 -0.220426 0.486460 0.387551
0.042197 -0.006397 -0.086622 0.143419 0.190014
0.040030 -0.003885 -0.022007 -0.015123 0.655012
0.043512 -0.014590 0.195506 -0.515198 -1.091075
0.044027 -0.018056 -0.168341 0.329339 0.842703
0.042988 -0.018654 0.115334 -0.349859 -1.950156
0.034617 -0.002627 -0.531880 1.133650 1.390506
0.022769 0.019813 -0.062720 0.008711 -0.037271
0.019969 0.021215 -0.077239 0.060946 0.409936
0.019567 0.017803 0.056738 -0.228194 0.078518
0.022282 0.008222 0.079194 -0.252404 0.967018
0.031824 -0.016168 0.397236 -0.961937 -2.473078
0.031152 -0.015717 -0.427871 0.957617 1.999632
0.027517 -0.009743 0.243530 -0.635389 -2.147903
0.022894 -0.001505 -0.472243 1.025623 1.075969
0.011319 0.021619 -0.108313 0.147572 0.042241
0.007240 0.027213 -0.095769 0.133459 0.362093
0.005775 0.027483 0.022101 -0.116411 0.075636
0.007080 0.022497 0.043221 -0.133619 0.473564
0.011885 0.010619 0.196732 -0.458084 -1.044432
0.012709 0.009240 -0.154190 0.377152 0.472827
0.009719 0.016815 0.003945 0.008298 0.619198
0.013954 0.008057 0.207289 -0.441618 -0.374592
0.019663 -0.003033 0.078896 -0.119600 -0.016439
0.022693 -0.007432 0.072697 -0.101500 0.606402
0.029630 -0.020803 0.273699 -0.563195 -0.742726
0.035594 -0.031615 0.025599 0.012334 -1.565277
0.026275 -0.007795 -0.490244 1.167330 1.793480
0.018786 0.009644 0.113215 -0.271704 -0.516259
0.019814 0.007333 -0.061128 0.149825 0.273899
0.019192 0.009129 0.029717 -0.056771 1.301866
0.029008 -0.012814 0.459943 -1.031070 -1.833662
0.035076 -0.024773 -0.154023 0.410396 0.186210
0.030267 -0.012301 -0.086973 0.218341 0.619361
0.030965 -0.013622 0.121121 -0.277679 0.086006
0.036366 -0.025958 0.149099 -0.340702 -0.270051
0.040537 -0.035552 0.059947 -0.143664 -1.043319
0.036052 -0.025882 -0.283216 0.618441 0.102372
0.025554 -0.004110 -0.242321 0.476455 0.777370
0.021113 0.002306 0.019166 -0.145674 0.050953
0.022190 -0.004023 0.034780 -0.171674 -1.066274
0.016470 0.005660 -0.319685 0.646295 1.123773
0.011242 0.013550 0.056759 -0.237802 -0.979367
0.006931 0.019749 -0.271249 0.538051 0.811940
0.001517 0.028578 -0.000600 -0.086015 1.393975
0.010685 0.004546 0.457919 -1.106196 0.051937
0.029165 -0.038878 0.466936 -1.073979 -2.190032
0.033203 -0.047676 -0.262228 0.608495 0.368772
0.025361 -0.030880 -0.130708 0.239730 -0.482293
0.017029 -0.014890 -0.285694 0.558474 0.766999
0.010821 -0.005396 -0.025862 -0.073055 -0.556788
0.006084 0.000238 -0.210443 0.349936 0.009297
-0.002219 0.013660 -0.205003 0.324215 1.094810
-0.003118 0.009727 0.158830 -0.509980 0.070658
0.003606 -0.010821 0.177742 -0.521287 -0.334620
0.008435 -0.026056 0.064398 -0.247393 -0.584260
0.007145 -0.027226 -0.128169 0.182626 0.006148
0.002148 -0.020864 -0.121863 0.137369 0.791336
0.002606 -0.028165 0.143888 -0.494985 -1.726658
-0.003132 -0.021421 -0.428912 0.815212 -0.511086
-0.023515 0.017479 -0.590446 1.132943 2.335480
-0.031465 0.025852 0.189969 -0.686898 -1.598943
-0.034660 0.024476 -0.347717 0.599772 0.124718
-0.047700 0.046346 -0.304890 0.499515 1.086979
-0.052697 0.050101 0.053702 -0.299742 0.205541
-0.049340 0.036555 0.114290 -0.379143 -0.577640
-0.048750 0.031646 -0.083943 0.125713 0.953910
-0.045819 0.022636 0.229620 -0.568311 -0.029610
-0.036971 0.001682 0.213294 -0.484719 -2.665343
-0.046250 0.023969 -0.674435 1.574372 2.162580
-0.058665 0.052251 0.050378 -0.130024 0.177985
-0.055608 0.045752 0.102481 -0.195283 -0.326603
-0.053818 0.044321 -0.012489 0.119056 1.572190
-0.043953 0.025883 0.504357 -1.028755 0.196028
-0.022696 -0.016255 0.559157 -1.085624 -1.383364
-0.009669 -0.037311 0.094336 0.012993 -0.872596
-0.011623 -0.024231 -0.191300 0.634983 0.029009
-0.018940 -0.000638 -0.175139 0.550483 -0.160254
-0.026934 0.023141 -0.224869 0.641885 2.040308
-0.022322 0.017218 0.453204 -0.917418 -1.285236
-0.012928 0.001940 0.018374 0.135777 0.748196
-0.007209 -0.004210 0.266821 -0.436446 -1.392295
-0.005863 0.000259 -0.197953 0.645597 1.505696
-0.003677 0.002145 0.305393 -0.534365 -1.076247
0.001284 -0.001880 -0.055909 0.320337 0.732030
0.003961 -0.000734 0.188837 -0.254726 0.664653
0.015890 -0.020760 0.407203 -0.743665 -0.130094
0.031236 -0.047946 0.360814 -0.622740 -2.200854
0.031042 -0.039338 -0.368158 1.031831 0.073289
0.017038 -0.001430 -0.332981 0.873183 1.652080
0.014837 0.006961 0.220771 -0.433577 -0.727340
0.000872 0.008701 0.006317 -0.009945 0.706245
0.005798 -0.002291 0.239350 -0.534499 -1.040649
0.008369 -0.006982 -0.109425 0.287483 1.460633
0.013763 -0.018429 0.377566 -0.846173 -2.060086
0.015072 -0.019896 -0.309602 0.750115 0.530642
0.006372 0.000532 -0.126519 0.281867 0.715260
0.006107 0.000491 0.112421 -0.276067 0.696282
0.015189 -0.020831 0.341280 -0.787050 -0.665737
0.024336 -0.041485 0.117289 -0.257311 -1.944012
0.016151 -0.022528 -0.524688 1.188932 0.948564
0.001701 0.008382 -0.199639 0.374056 0.575225
-0.002422 0.014237 -0.007307 -0.073846 -0.103870
-0.003449 0.013343 -0.043916 0.027552 -0.105561
-0.005936 0.016376 -0.080322 0.123344 0.690902
-0.004574 0.010950 0.147743 -0.388553 -1.275212
-0.007233 0.015809 -0.279222 0.618331 0.920921
-0.012221 0.025979 0.028481 -0.097694 0.626116
-0.006994 0.013230 0.232435 -0.536169 -1.208482
-0.005851 0.011413 -0.173725 0.431388 1.693684
-0.001499 0.002381 0.389488 -0.866565 -1.749735
0.002300 -0.004144 -0.197297 0.519549 2.034036
0.008021 -0.015361 0.481117 -1.060408 -2.331137
0.011629 -0.020873 -0.297789 0.758098 0.618422
0.003987 -0.001506 -0.085477 0.221617 -0.418349
-0.002182 0.013496 -0.222793 0.527130 0.477187
-0.007874 0.026902 -0.062666 0.151178 1.129874
-0.002908 0.016066 0.309881 -0.683505 -1.042368
0.002408 0.006068 -0.042538 0.169691 -0.651438
-0.003620 0.022822 -0.258422 0.664336 1.877239
-0.001428 0.020260 0.365823 -0.772804 -0.613352
0.008956 0.000318 0.154590 -0.235733 -0.729143
0.010246 0.002460 -0.089272 0.335283 1.553215
0.017044 -0.008335 0.427573 -0.860400 -1.673033
0.022899 -0.016047 -0.132634 0.454735 0.439375
0.020614 -0.005541 0.017589 0.077920 -0.424966
0.018508 0.003918 -0.122586 0.392509 0.342364
0.015926 0.013972 -0.007145 0.116077 1.686052
0.026834 -0.007070 0.551019 -1.154549 -2.435907
0.032505 -0.014408 -0.264354 0.759283 2.634828
0.039597 -0.025817 0.615946 -1.302922 -1.741091
0.052509 -0.050023 0.032314 0.068118 0.254959
0.055612 -0.052419 0.122504 -0.184837 -1.400099
0.051289 -0.039273 -0.337373 0.830675 1.431147
0.047521 -0.030000 0.146989 -0.348793 -1.395618
0.044130 -0.022720 -0.315038 0.699588 1.160546
0.039403 -0.013992 0.077046 -0.248188 0.292639
0.044423 -0.028375 0.173900 -0.470701 -1.024878
0.044554 -0.031468 -0.166074 0.304552 0.260384
0.039759 -0.024392 -0.074201 0.054132 -0.797589
0.031549 -0.010587 -0.335673 0.630804 1.567936
0.028672 -0.010505 0.189911 -0.609288 -1.838316
0.023973 -0.006039 -0.422762 0.813513 0.130528
0.008069 0.023296 -0.373205 0.661180 0.803599
-0.001465 0.037092 -0.104742 0.040167 0.093060
-0.005112 0.038109 -0.077672 0.011293 0.180639
-0.007101 0.036691 -0.021921 -0.081144 2.300236
0.007225 -0.000875 0.736362 -1.781179 -3.000000
0.016454 -0.023645 -0.270746 0.604416 -0.220682
0.004298 0.002600 -0.337374 0.711559 0.353965
-0.006742 0.024769 -0.215509 0.405595 0.603417
-0.011345 0.031798 -0.015484 -0.046373 1.061016
-0.004989 0.014490 0.332469 -0.811801 -1.022285
0.001352 -0.000818 -0.013874 0.031554 -0.136074
-0.000106 0.002512 -0.058893 0.134192 0.974137
0.004030 -0.007169 0.264685 -0.609713 -1.335013
0.005656 -0.010361 -0.181665 0.434780 1.140435
0.006061 -0.011274 0.200529 -0.467947 -1.179875
0.006185 -0.011466 -0.192924 0.445490 1.033680
0.005434 -0.010352 0.154077 -0.377994 -0.193847
0.010270 -0.022193 0.088220 -0.218662 -1.128497
0.006307 -0.013795 -0.285244 0.628376 0.305082
-0.002950 0.005529 -0.178386 0.345588 0.981896
-0.003515 0.003969 0.148948 -0.413226 -0.431784
-0.000503 -0.005247 0.002386 -0.054438 -0.832032
-0.005941 0.005345 -0.273507 0.577261 -0.001448
-0.016817 0.027846 -0.270759 0.552588 0.742902
-0.022688 0.038492 -0.023872 -0.010193 -0.112460
-0.024481 0.040757 -0.065637 0.122049 -0.459328
-0.030237 0.053509 -0.221764 0.512560 3.000000
-0.019214 0.028626 0.770099 -1.731047 -1.379372
0.002085 -0.016411 0.297446 -0.546136 -1.135123
0.006379 -0.020426 -0.081302 0.332212 -0.405731
0.000517 -0.001777 -0.211745 0.600203 0.237040
-0.006288 0.017792 -0.129189 0.385164 0.436489
-0.008540 0.026441 0.015880 0.053677 0.230947
-0.006427 0.025633 0.089551 -0.092184 0.968878
0.003520 0.007834 0.407068 -0.791552 -0.063490
0.019234 -0.021564 0.379353 -0.685617 -2.294245
0.019084 -0.013289 -0.384290 1.076331 0.799581
0.009216 0.015783 -0.110736 0.392656 1.589062
0.015372 0.006974 0.416851 -0.817955 0.370053
0.034359 -0.030125 0.532832 -1.041116 -2.842747
0.036669 -0.027394 -0.414019 1.147534 1.688600
0.031566 -0.009550 0.156443 -0.232571 -2.070414
0.024030 0.013091 -0.531198 1.346928 2.677918
0.020761 0.024397 0.364254 -0.749768 -0.953489
0.028814 0.010667 0.039874 0.049401 0.617618
0.034493 0.003386 0.243490 -0.408460 -0.140844
0.043218 -0.010115 0.193214 -0.271174 1.438427
0.060486 -0.042878 0.669044 -1.357909 -1.263574
0.078726 -0.076954 0.245306 -0.367201 -3.000000
0.068719 -0.046987 -0.743144 1.841964 2.219269
0.054126 -0.010881 0.010115 -0.004230 -0.787508
0.049311 0.000841 -0.250134 0.584375 1.238904
0.047630 0.004460 0.164493 -0.389024 -1.409450
0.044761 0.011216 -0.306344 0.712682 1.511335
0.042639 0.015858 0.198320 -0.463128 -0.137867
0.049545 0.000478 0.147499 -0.311038 -0.267023
0.053616 -0.007393 0.056533 -0.087236 0.877994
0.061716 -0.024386 0.347737 -0.756304 -1.379646
0.066385 -0.032971 -0.112447 0.310252 -0.071841
0.061526 -0.020600 -0.130743 0.310762 -0.625098
0.052228 0.000578 -0.333883 0.746190 0.758206
0.044025 0.017831 -0.077540 0.128595 0.384307
0.043456 0.017352 0.048681 -0.148715 -1.652948
0.034345 0.037430 -0.502557 1.138269 1.983484
0.027515 0.051931 0.158318 -0.388534 -0.214962
0.032240 0.041453 0.078473 -0.140845 1.338042
0.044156 0.016480 0.516389 -1.099534 -0.016966
0.064489 -0.025343 0.501129 -1.001209 -0.868580
0.078653 -0.051261 0.208713 -0.309746 -0.761120
0.082003 -0.052713 -0.040358 0.229217 0.725612
0.085358 -0.056159 0.207227 -0.393451 -1.691858
0.082463 -0.046706 -0.350246 0.850735 0.526427
0.072182 -0.022937 -0.164986 0.349279 0.292056
0.067628 -0.014418 -0.063318 0.082126 1.113077
0.072542 -0.028643 0.307936 -0.783974 -1.802811
0.072814 -0.031913 -0.292097 0.600330 0.519230
0.064745 -0.017386 -0.112334 0.135369 -1.397417
0.051016 0.008941 -0.573007 1.171666 2.205666
0.042925 0.020602 0.165531 -0.561842 0.295828
0.051384 -0.005159 0.257628 -0.728938 -1.748209
0.049961 -0.006574 -0.326626 0.638667 -0.132651
0.036125 0.020035 -0.365565 0.696223 1.139278
0.029141 0.029956 0.014763 -0.185688 0.391444
0.032239 0.017495 0.140008 -0.436375 -0.207128
0.036356 0.004244 0.066366 -0.231637 0.306790
0.041005 -0.009293 0.166012 -0.444892 -1.645123
0.036653 -0.001402 -0.381764 0.823218 1.025867
0.028333 0.014669 -0.035844 -0.004842 -0.159883
0.025801 0.017313 -0.090617 0.135631 0.836832
0.027722 0.010142 0.185848 -0.486899 -0.850293
0.029401 0.004652 -0.100744 0.201652 1.391094
0.034641 -0.008779 0.361401 -0.860922 -2.426726
0.032841 -0.004953 -0.448559 1.026509 0.937282
0.021298 0.020259 -0.130313 0.250032 -0.375739
0.013576 0.036204 -0.255591 0.546193 2.324532
0.018808 0.022531 0.514759 -1.208212 -1.618693
0.028394 0.001244 -0.033008 0.121114 0.503023
0.030431 -0.001731 0.134282 -0.265024 -0.167665
0.034645 -0.009400 0.076812 -0.121979 -0.363827
0.035295 -0.008704 -0.043911 0.153073 0.142149
0.034522 -0.005130 0.004995 0.028062 0.791537
0.039998 -0.016285 0.268074 -0.579449 -1.281606
0.042140 -0.019342 -0.159357 0.412043 -0.835989
0.030306 0.009023 -0.431953 1.003528 1.375167
0.022303 0.026951 0.029751 -0.088098 0.341897
0.025690 0.018962 0.139367 -0.309842 -0.967682
0.024734 0.022328 -0.186019 0.467897 2.165191
0.031709 0.007731 0.532553 -1.177712 -1.408356
0.043441 -0.015944 0.056283 -0.026913 0.385159
0.048280 -0.023228 0.185305 -0.334401 -0.200839
0.054352 -0.033570 0.118711 -0.186864 0.722432
0.063945 -0.052621 0.360379 -0.761247 -1.991971
0.065118 -0.052708 -0.299389 0.735887 0.705020
0.058054 -0.036256 -0.055040 0.098711 -0.506874
0.052576 -0.025467 -0.218554 0.438123 0.041566
0.044233 -0.009726 -0.199044 0.353249 -0.705024
0.031656 0.014569 -0.429447 0.859172 1.056403
0.021602 0.031934 -0.074887 0.024397 1.142076
0.026134 0.016118 0.300501 -0.806790 -0.318660
0.035875 -0.009773 0.187511 -0.497229 -0.695722
0.038692 -0.018504 -0.045627 0.051241 -0.073882
0.036423 -0.015785 -0.067818 0.084777 -0.224997
0.032261 -0.009385 -0.140189 0.234378 1.684314
0.037913 -0.026386 0.421054 -1.069349 -2.943841
0.035073 -0.023118 -0.559584 1.201565 2.106987
0.026938 -0.009534 0.149970 -0.495960 -1.011089
0.026158 -0.013370 -0.187674 0.292290 -1.093130
0.011455 0.014443 -0.546767 1.092601 0.251290
-0.008607 0.053188 -0.457449 0.855723 1.994736
-0.013638 0.056981 0.203504 -0.644147 -1.523572
-0.015848 0.056784 -0.312101 0.616617 1.000554
-0.021719 0.066657 0.017197 -0.110604 0.960133
-0.014821 0.049264 0.327112 -0.753682 0.355662
0.000401 0.015849 0.434347 -0.921366 0.028315
0.017782 -0.019796 0.435414 -0.868659 -1.225130
0.026955 -0.034983 0.025049 0.092692 -0.282792
0.026161 -0.027825 -0.064588 0.264191 1.184991
0.031555 -0.036410 0.332950 -0.681807 -2.138106
0.030628 -0.030764 -0.376893 0.942550 0.437629
0.018669 -0.001715 -0.222230 0.521488 0.898147
0.015834 0.004649 0.079224 -0.192043 -0.384516
0.016402 0.003278 -0.050322 0.118884 0.575366
0.018223 -0.000850 0.140781 -0.319927 -0.326640
0.021631 -0.008181 0.030163 -0.051880 -0.616550
0.018742 -0.000866 -0.174001 0.412599 1.292778
0.020442 -0.004756 0.257524 -0.593759 -0.296591
0.028687 -0.023228 0.155457 -0.337148 -1.772633
0.023112 -0.009540 -0.432402 1.005510 1.485866
0.015870 0.006325 0.068162 -0.192284 -0.440506
0.015620 0.005842 -0.080109 0.163091 0.255696
0.014125 0.008394 0.005000 -0.032264 -0.244911
0.012669 0.011143 -0.077556 0.167450 1.512603
0.019625 -0.005322 0.423902 -0.977923 -2.251954
0.021461 -0.008622 -0.329305 0.787509 2.082421
0.022276 -0.010328 0.367537 -0.850196 -1.636456
0.025982 -0.018264 -0.180051 0.433740 0.004319
0.018912 -0.001947 -0.173850 0.386043 0.629126
0.016203 0.003306 0.037510 -0.115335 -1.033214
0.010802 0.014835 -0.306508 0.682837 1.891270
0.011188 0.012571 0.323607 -0.776001 -1.647720
0.013023 0.008213 -0.229766 0.538773 0.772157
0.009028 0.017413 0.028884 -0.068349 -1.008284
0.003424 0.030702 -0.308108 0.724216 2.538687
0.008018 0.020493 0.535044 -1.209781 -2.165444
0.014781 0.007501 -0.193938 0.533263 1.429546
0.016591 0.006377 0.282711 -0.574111 0.097930
0.028443 -0.017132 0.310283 -0.605547 -1.339630
0.031884 -0.020322 -0.136573 0.430807 0.842373
0.032128 -0.017034 0.147682 -0.256094 -1.784717
0.026158 0.000128 -0.444451 1.098627 2.553793
0.025528 0.003418 0.409804 -0.905337 -0.953787
0.035425 -0.016811 0.086659 -0.121151 0.311744
0.040979 -0.026632 0.190818 -0.368378 -0.281208
0.046739 -0.037135 0.097756 -0.161808 0.220019
0.052166 -0.047592 0.173484 -0.360288 -1.617996
0.048397 -0.037774 -0.360303 0.836485 1.412767
0.043589 -0.027965 0.117917 -0.327859 -0.908851
0.042272 -0.027304 -0.182689 0.351484 -0.275889
0.033243 -0.010079 -0.268852 0.510922 0.211814
0.023998 0.006217 -0.194027 0.309946 0.327557
0.018449 0.013344 -0.083962 0.051438 0.095145
0.015701 0.014212 -0.053536 -0.007012 -0.441908
0.010587 0.021091 -0.201749 0.347356 0.463452
0.005604 0.027928 -0.048076 0.000753 0.539361
0.007204 0.020360 0.127649 -0.375426 -1.194161
0.004263 0.024695 -0.273314 0.579603 1.963778
0.006421 0.017564 0.379024 -0.916624 -0.706778
0.016699 -0.006573 0.136288 -0.303583 -0.627067
0.017944 -0.008791 -0.073239 0.185392 0.430224
0.017920 -0.008398 0.071505 -0.160821 0.276999
0.022614 -0.019029 0.163042 -0.369874 -0.855756
0.023426 -0.020591 -0.121361 0.282292 -1.035446
0.011770 0.005789 -0.460797 1.031442 1.542381
0.003738 0.022148 0.056990 -0.192936 -0.720834
0.001142 0.026311 -0.185970 0.393661 -0.140860
-0.007235 0.044344 -0.233063 0.509900 2.299723
-0.001295 0.029857 0.527761 -1.213266 -0.834838
0.014009 -0.003498 0.239150 -0.471354 -0.515240
0.020078 -0.013844 0.065134 -0.053865 0.802141
0.028035 -0.028526 0.332040 -0.674406 -1.244703
0.032995 -0.036114 -0.082413 0.280018 -1.012537
0.023082 -0.010538 -0.412638 0.993991 0.237693
0.008327 0.024038 -0.326098 0.745101 1.874849
0.007807 0.024661 0.297846 -0.693590 -0.419230
0.016768 0.004897 0.151168 -0.303974 0.494353
0.026041 -0.014295 0.312286 -0.654493 -1.179184
0.030616 -0.021778 -0.081945 0.265884 0.556801
0.031126 -0.020516 0.106686 -0.196020 0.405515
0.038102 -0.034759 0.241876 -0.514474 -1.059037
0.040730 -0.039167 -0.109123 0.281981 -0.420087
0.033698 -0.022688 -0.242387 0.541607 0.073850
0.024624 -0.003373 -0.211849 0.429524 1.111883
0.023617 -0.003893 0.160168 -0.443372 -1.323174
0.021162 -0.000763 -0.281397 0.586035 -0.426685
0.007157 0.028466 -0.418920 0.877074 2.345757
0.006067 0.027069 0.361654 -0.921967 -1.125022
0.012849 0.009365 -0.020819 0.020143 0.874627
0.017813 -0.003038 0.268244 -0.633566 -0.986530
0.021887 -0.012410 -0.063116 0.152033 -0.286233
0.017506 -0.002385 -0.155837 0.348462 -0.491259
0.008060 0.018618 -0.316318 0.700864 0.585106
-0.000640 0.037203 -0.119741 0.238639 1.057236
0.001550 0.031111 0.228136 -0.533658 -0.794305
0.005238 0.023438 -0.042566 0.139117 1.021204
0.010290 0.013723 0.294208 -0.616234 -0.878361
0.016085 0.003754 -0.003140 0.105724 0.919591
0.022078 -0.006154 0.301868 -0.593266 -0.173636
0.032914 -0.026522 0.240593 -0.431459 -0.159157
0.041466 -0.041332 0.187483 -0.313660 -0.338254
0.046755 -0.049187 0.077487 -0.083964 -1.096349
0.042658 -0.036720 -0.281394 0.698966 -0.158515
0.030531 -0.008073 -0.325424 0.738476 1.636968
0.028531 -0.004821 0.223323 -0.557080 -0.439743
0.034462 -0.019681 0.074094 -0.193959 -0.702102
0.032768 -0.016818 -0.158043 0.330303 0.481738
0.029736 -0.011804 0.005739 -0.072962 0.049692
0.030310 -0.015629 0.022952 -0.118428 -1.904164
0.018577 0.008714 -0.607812 1.320280 1.360824
0.003497 0.039098 -0.148555 0.220635 0.319397
-0.000377 0.043672 -0.045563 0.011943 0.438807
0.000619 0.038454 0.095053 -0.269899 0.719311
0.009075 0.017910 0.327373 -0.754684 0.116232
0.022784 -0.012599 0.358628 -0.776466 -1.360238
0.027987 -0.021978 -0.096653 0.290612 1.009804
0.030925 -0.026722 0.242422 -0.517394 -0.563473
0.036852 -0.038657 0.054799 -0.087840 -0.631352
0.034915 -0.033225 -0.151060 0.354353 -1.146975
0.021368 -0.002645 -0.525593 1.169390 1.038885
0.007437 0.026582 -0.172885 0.309931 0.953557
0.006849 0.024579 0.142408 -0.400526 -0.108082
0.011708 0.011361 0.101014 -0.264895 -0.461244
0.012612 0.008507 -0.055194 0.116303 0.748083
0.015375 0.001748 0.192615 -0.447695 0.029951
0.023203 -0.015943 0.199133 -0.440428 -0.976558
0.024638 -0.018303 -0.126189 0.311369 0.213306
0.021093 -0.009928 -0.051489 0.111821 -0.652974
0.014726 0.004234 -0.266395 0.592358 2.118392
0.018239 -0.005273 0.439685 -1.046582 -1.716159
0.024261 -0.019460 -0.136204 0.315207 0.530435
0.022429 -0.015836 0.043870 -0.127126 -1.291982
0.015603 -0.001236 -0.383925 0.846394 1.349623
0.009353 0.010761 0.069500 -0.229004 -0.704334
0.007387 0.013013 -0.166977 0.334149 -1.058897
-0.006315 0.042533 -0.517368 1.136157 2.120873
-0.012837 0.054974 0.188424 -0.488444 -1.137275
-0.013059 0.054840 -0.198072 0.468312 2.636157
-0.003518 0.033861 0.672637 -1.494549 -1.101861
0.015752 -0.006175 0.293065 -0.528487 -0.649126
0.023083 -0.016731 0.074458 -0.008740 0.214094
0.027513 -0.020699 0.146868 -0.187927 0.507004
0.036770 -0.036186 0.315642 -0.583866 -2.715615
0.031322 -0.017873 -0.585252 1.474597 2.278641
0.023326 0.003764 0.182212 -0.362705 -0.040759
0.030274 -0.009502 0.165541 -0.304086 0.365887
0.039299 -0.027058 0.285593 -0.573365 -1.587206
0.040135 -0.025443 -0.241957 0.637430 -0.564576
0.026849 0.007327 -0.422375 1.002430 2.136816
0.024299 0.013473 0.292135 -0.670372 -1.312298
0.027119 0.008068 -0.149406 0.384278 0.916695
0.027275 0.009073 0.156119 -0.323875 -1.831532
0.021263 0.024940 -0.454813 1.100282 2.172150
0.017621 0.034764 0.269876 -0.583305 0.657456
0.032617 0.002966 0.479895 -1.007010 -1.651258
0.040662 -0.010484 -0.075333 0.313256 0.400877
0.040379 -0.004728 0.060554 -0.019644 0.111447
0.043543 -0.007264 0.097561 -0.106411 0.021808
0.047584 -0.011836 0.104532 -0.122879 0.237592
0.053346 -0.020467 0.183477 -0.307770 0.012796
0.060763 -0.032994 0.187569 -0.320904 -0.982451
0.061751 -0.031044 -0.137052 0.408557 -0.879206
0.050547 -0.002423 -0.422772 1.019670 2.244112
0.048719 0.002510 0.328558 -0.747269 -1.053457
0.054731 -0.010099 -0.026435 0.102385 0.393284
0.056323 -0.012377 0.105602 -0.212316 -0.072977
0.060053 -0.019713 0.081113 -0.156731 -1.448877
0.053676 -0.003936 -0.398564 0.933469 2.473332
0.054333 -0.005897 0.428436 -1.004689 -1.268995
0.062886 -0.025348 0.001203 0.013896 -0.397970
0.060343 -0.019250 -0.128066 0.288329 0.299035
0.057293 -0.013107 -0.024941 0.023747 0.226413
0.057832 -0.015937 0.051655 -0.163175 -0.596309
0.055941 -0.013422 -0.145579 0.283154 0.555826
0.053886 -0.011291 0.042107 -0.169856 -1.582563
0.045041 0.006225 -0.482812 1.032301 1.368220
0.034971 0.025300 -0.022765 -0.059323 -0.177825
0.032811 0.026359 -0.085008 0.110139 1.268058
0.037800 0.011794 0.333300 -0.828215 -0.536507
0.047409 -0.011676 0.148302 -0.356522 0.734821
0.058197 -0.036981 0.390699 -0.905936 -2.005129
0.060435 -0.042067 -0.276289 0.628951 0.224272
0.051061 -0.022134 -0.193148 0.375167 0.376507
0.045945 -0.013894 -0.063326 0.043080 -0.300418
0.041451 -0.007906 -0.161165 0.254559 -1.290361
0.026477 0.021608 -0.586558 1.213395 1.057928
0.010188 0.052814 -0.229885 0.365379 2.267049
0.015998 0.033448 0.518284 -1.314520 -2.593081
0.019210 0.023251 -0.354362 0.773613 1.474074
0.014901 0.031110 0.136988 -0.363059 0.447404
0.023228 0.010964 0.279332 -0.644334 -1.779082
0.022441 0.013679 -0.316577 0.760876 1.793629
0.021788 0.015909 0.281724 -0.629386 -0.184853
0.031691 -0.005175 0.214150 -0.431730 -0.171654
0.039056 -0.019308 0.154586 -0.279862 -0.773896
0.040087 -0.018649 -0.102129 0.304743 0.297609
0.038064 -0.011830 0.000458 0.041232 -0.051692
0.037767 -0.009676 -0.015328 0.066521 -1.138839
0.029606 0.010208 -0.391785 0.919632 1.137995
0.021616 0.028563 -0.009460 0.014632 -0.370678
0.018707 0.035525 -0.135659 0.330408 1.455521
0.022924 0.026832 0.345039 -0.751722 -1.345703
0.027596 0.019102 -0.109634 0.348345 0.481533
0.026416 0.025667 0.049964 -0.013689 0.657732
0.032723 0.015682 0.264810 -0.480990 1.824295
0.055333 -0.030527 0.864463 -1.819629 -2.052217
0.076047 -0.070057 0.174712 -0.188679 -1.101113
0.075840 -0.062076 -0.184038 0.578636 1.159363
0.076403 -0.058870 0.210635 -0.403982 -2.521543
0.068135 -0.037171 -0.621702 1.467640 2.065078
0.057302 -0.012962 0.077047 -0.228922 -2.062035
0.046659 0.009599 -0.607152 1.339444 2.329899
0.038050 0.025862 0.173500 -0.497031 0.139076
0.045781 0.005144 0.213333 -0.542333 -0.762670
0.049144 -0.003951 -0.044023 0.077071 0.049093
0.047728 -0.001780 -0.026924 0.032515 -0.095732
0.046020 0.000943 -0.058404 0.103204 -0.179899
0.042498 0.007756 -0.117627 0.236929 1.069157
0.044920 0.000709 0.237621 -0.579239 -1.449605
0.044690 0.000639 -0.247383 0.559726 1.187387
0.042773 0.004090 0.150038 -0.373352 0.610431
0.052766 -0.019591 0.349374 -0.809251 -0.721697
0.061858 -0.040215 0.106538 -0.234241 -0.537718
0.062596 -0.041920 -0.069029 0.143324 1.220829
0.068064 -0.056050 0.341170 -0.838628 -3.000000
0.061770 -0.043773 -0.652723 1.423653 0.913307
0.042046 -0.003732 -0.335451 0.597611 1.346896
0.037688 -0.001380 0.115870 -0.464627 -0.895649
0.036299 -0.005590 -0.184127 0.243352 -0.671402
0.024519 0.014031 -0.404479 0.734651 0.555330
0.012116 0.034259 -0.216777 0.287149 -0.648483
-0.000897 0.056134 -0.433463 0.803502 1.559632
-0.007875 0.064650 0.082543 -0.359460 0.271180
-0.002970 0.048131 0.162847 -0.468267 -0.226788
0.001855 0.034659 0.079062 -0.211516 0.813956
0.010317 0.014830 0.343567 -0.776025 0.025491
0.024074 -0.015180 0.344893 -0.731045 -0.185886
0.036550 -0.040900 0.279665 -0.562443 -1.076834
0.040578 -0.047037 -0.076873 0.242995 -0.261301
0.035903 -0.034686 -0.156892 0.375123 -0.062959
0.029340 -0.019985 -0.171561 0.363004 -0.462348
0.019500 0.000723 -0.320371 0.672188 1.695023
0.018059 0.000722 0.246274 -0.653626 -0.818260
0.022364 -0.011928 -0.029728 0.009296 0.392042
0.023810 -0.017835 0.101612 -0.301460 -1.764738
0.016128 -0.002764 -0.483890 1.039248 1.425001
0.006415 0.015494 -0.003932 -0.106570 -0.592859
0.002262 0.020874 -0.203054 0.369914 0.573667
-0.002037 0.026886 -0.012678 -0.061977 -0.176583
-0.003790 0.027862 -0.074733 0.108588 1.215282
0.001255 0.014086 0.325851 -0.787679 -1.544487
0.003861 0.007724 -0.193515 0.450978 0.764601
0.001254 0.013634 0.062097 -0.145887 0.677515
0.008187 -0.002058 0.284136 -0.634971 -1.317932
0.010690 -0.006368 -0.157328 0.404038 1.446724
0.014091 -0.013081 0.325772 -0.725153 -1.506488
0.017016 -0.018242 -0.177587 0.449544 0.500533
0.013347 -0.008934 -0.006712 0.023635 -0.069932
0.012633 -0.007115 -0.028944 0.067062 0.212206
0.012909 -0.007910 0.042513 -0.104551 0.108900
0.015333 -0.013772 0.078638 -0.188524 -0.101449
0.017802 -0.019786 0.045079 -0.114416 -1.237916
0.011396 -0.005618 -0.364268 0.812663 1.363794
0.006030 0.004756 0.094111 -0.276634 -0.539266
0.006152 0.002491 -0.087282 0.156883 0.356893
0.005051 0.003168 0.031765 -0.119040 -1.146428
-0.001332 0.016289 -0.349788 0.765223 0.737736
-0.010340 0.034962 -0.101873 0.180466 1.172295
-0.006673 0.024798 0.284073 -0.678710 -0.951537
-0.001801 0.013787 -0.039057 0.114897 -0.424722
-0.006207 0.025116 -0.180911 0.449077 1.214921
-0.005357 0.024453 0.221997 -0.469454 1.384735
0.012602 -0.014357 0.675151 -1.464804 -1.590795
0.028830 -0.046852 0.138910 -0.184782 -0.768146
0.029350 -0.043260 -0.112134 0.357509 -0.260028
0.023281 -0.026410 -0.191445 0.486555 0.505310
0.019112 -0.015933 -0.017841 0.045499 0.722396
0.023243 -0.025604 0.223665 -0.522945 -0.390889
0.029564 -0.040380 0.093174 -0.223076 -2.603729
0.016031 -0.009943 -0.767528 1.724174 2.424590
0.001740 0.019277 0.049382 -0.229848 -0.444069
0.000682 0.017692 -0.101649 0.145058 0.840267
0.002186 0.010840 0.175998 -0.480239 -2.235544
-0.005743 0.026902 -0.570025 1.261887 2.587561
-0.011209 0.036643 0.293394 -0.744486 -1.838063
-0.011893 0.036962 -0.325334 0.739687 1.783683
-0.013022 0.039098 0.266734 -0.613417 -0.516900
-0.005975 0.024266 0.086616 -0.137737 0.366419
-0.000155 0.013922 0.204220 -0.378109 -0.810691
0.002526 0.012127 -0.069131 0.278801 1.299721
0.008414 0.003271 0.362161 -0.709535 -0.841567
0.017179 -0.011109 0.077459 -0.021977 0.862548
0.026029 -0.025420 0.364234 -0.687004 -0.803085
0.035202 -0.040196 0.095692 -0.063604 -1.134017
0.031562 -0.026139 -0.276713 0.757836 0.249838
0.022322 -0.001237 -0.186157 0.495799 0.246718
0.016589 0.014156 -0.101098 0.279966 2.063941
0.026279 -0.006353 0.583577 -1.287534 -1.160022
0.041718 -0.038420 0.190508 -0.335732 -1.866527
0.036956 -0.023603 -0.426782 1.060114 2.276731
0.035237 -0.018095 0.337920 -0.758171 -1.847742
0.036385 -0.019412 -0.278260 0.671962 0.875764
0.031221 -0.007297 0.018730 -0.053670 0.156646
0.033018 -0.011911 0.070975 -0.176230 -0.038519
0.035597 -0.018374 0.058171 -0.148558 -1.198028
0.029971 -0.006105 -0.338329 0.751809 -0.135992
0.015659 0.024946 -0.377771 0.806099 1.565194
0.011021 0.032702 0.143842 -0.399713 0.334274
0.018862 0.012912 0.248267 -0.591063 0.042382
0.028952 -0.010254 0.256715 -0.572047 -1.508684
0.029117 -0.009393 -0.246665 0.598799 1.250224
0.027675 -0.005628 0.172934 -0.395848 -1.416244
0.025120 0.000733 -0.299097 0.699817 1.434162
0.022797 0.005814 0.181089 -0.428916 -1.259753
0.021579 0.008759 -0.240515 0.562831 1.387710
0.021250 0.009447 0.222420 -0.513206 0.603182
0.034056 -0.019404 0.417765 -0.929153 -2.370881
0.034896 -0.019329 -0.372947 0.907114 1.319034
0.028928 -0.004929 0.072639 -0.169211 0.259553
0.033542 -0.015536 0.157955 -0.360525 0.512174
0.043243 -0.037664 0.326891 -0.744823 -0.954209
0.049941 -0.052661 0.009500 -0.018385 -1.768611
0.038675 -0.027434 -0.571370 1.267168 1.810615
0.028115 -0.006856 0.040728 -0.213566 -1.940068
0.016822 0.014565 -0.603492 1.267993 1.549018
0.003145 0.040175 -0.082814 0.035214 -0.692692
-0.004857 0.053129 -0.316645 0.606907 2.661092
0.000135 0.037078 0.563614 -1.385209 -1.828933
0.010223 0.012498 -0.056511 0.130397 0.650193
0.012275 0.007882 0.158452 -0.355278 -0.763891
0.013456 0.006105 -0.098433 0.257502 0.012919
0.009625 0.016047 -0.093316 0.241754 1.471653
0.015677 0.003203 0.394443 -0.870894 -1.512596
0.021249 -0.007113 -0.113809 0.336075 0.668600
0.021205 -0.004514 0.110758 -0.198104 -1.195025
0.017661 0.006125 -0.286753 0.719253 1.964644
0.019349 0.003938 0.368849 -0.807608 -1.950935
0.020989 0.002821 -0.284469 0.729949 1.217047
0.017804 0.012456 0.123568 -0.232731 0.448972
0.025665 -0.003107 0.269263 -0.544126 -0.224341
0.034861 -0.020727 0.191204 -0.343190 -0.833342
0.036955 -0.021636 -0.085521 0.288689 1.346995
0.042580 -0.031623 0.365286 -0.775030 -1.194541
0.049195 -0.043949 -0.032799 0.143222 -1.296072
0.039380 -0.019501 -0.457031 1.071228 1.276028
0.029789 0.001899 -0.024540 0.017748 1.423297
0.038271 -0.019202 0.447344 -1.061755 -2.108839
0.042018 -0.028281 -0.257249 0.582800 1.169188
0.039653 -0.024326 0.137479 -0.370926 -0.431425
0.042279 -0.032575 -0.005497 -0.047749 -0.586686
0.038223 -0.026139 -0.196836 0.365022 0.322184
0.032605 -0.017552 -0.084630 0.070170 0.300845
0.031272 -0.019840 0.017596 -0.181486 -0.539879
0.028402 -0.018998 -0.160459 0.218112 -0.658127
0.017683 -0.000869 -0.375128 0.685378 -0.346573
0.000481 0.030960 -0.485214 0.909163 2.349627
-0.003234 0.030800 0.296707 -0.891888 -1.670588
-0.002678 0.022713 -0.266723 0.466969 0.138734
-0.012404 0.039196 -0.220051 0.361979 0.012624
-0.021155 0.053942 -0.217755 0.377995 1.283089
-0.021403 0.050183 0.204002 -0.553648 -1.378976
-0.022608 0.051128 -0.262529 0.585105 2.017342
-0.019731 0.044060 0.404220 -0.918967 -1.587425
-0.014360 0.033956 -0.133483 0.393540 0.743702
-0.014777 0.038596 0.111655 -0.152878 1.029940
-0.003579 0.017823 0.447539 -0.879855 -1.208555
0.006101 0.002835 0.038298 0.113602 1.153011
0.015304 -0.010370 0.420740 -0.764100 -0.418649
0.029246 -0.033671 0.277359 -0.410586 -0.410396
0.037615 -0.043978 0.141748 -0.111106 1.039772
0.050269 -0.065193 0.489993 -0.941871 -2.457624
0.053537 -0.065461 -0.323729 0.902523 -0.614653
0.036774 -0.022608 -0.514705 1.243999 0.886764
0.022318 0.011384 -0.209885 0.473084 2.269473
0.029061 -0.004884 0.544671 -1.265395 -2.440667
0.034428 -0.016391 -0.273097 0.660627 1.304637
0.032316 -0.011234 0.165742 -0.387041 -0.313426
0.036823 -0.021607 0.060236 -0.137215 -0.784092
0.034042 -0.015335 -0.198531 0.443933 0.329771
0.028393 -0.003557 -0.084584 0.151392 1.095083
0.032323 -0.014575 0.279966 -0.692642 -1.056226
0.036421 -0.025437 -0.073542 0.135730 -0.112576
0.032806 -0.019017 -0.107246 0.185805 -0.173263
0.027433 -0.009581 -0.161425 0.286467 0.362957
0.023454 -0.004272 -0.038075 -0.015729 -0.468302
0.018823 0.002247 -0.193083 0.338018 0.018787
0.011270 0.015112 -0.184841 0.308191 0.930100
0.010075 0.013126 0.124036 -0.397998 -0.092960
0.014327 -0.000497 0.089009 -0.287361 -1.506256
0.007824 0.011557 -0.412591 0.876079 0.510593
-0.005177 0.037890 -0.238645 0.451845 1.642061
-0.003823 0.031082 0.304592 -0.776470 0.317343
0.010283 -0.003057 0.401074 -0.934993 -1.822479
0.014064 -0.011241 -0.209624 0.503917 0.207354
0.007156 0.004834 -0.136383 0.305826 -0.885412
-0.004156 0.030411 -0.428659 0.968639 2.160939
-0.006858 0.035447 0.290861 -0.692372 -2.532418
-0.012252 0.048412 -0.557577 1.314641 2.429095
-0.018325 0.063195 0.250616 -0.545864 1.270634
-0.000082 0.024120 0.661021 -1.404063 -0.898883
0.020106 -0.015752 0.350321 -0.608477 -0.947601
0.027749 -0.025038 0.033192 0.131846 0.253050
0.030827 -0.024359 0.120338 -0.094586 0.593197
0.039618 -0.037643 0.318691 -0.565580 -1.616273
0.041609 -0.035536 -0.217280 0.654231 0.783974
0.038303 -0.023058 0.050722 -0.018511 -0.298022
0.038392 -0.019690 -0.045991 0.184742 -0.213630
0.035198 -0.009681 -0.113693 0.315847 0.872158
0.036517 -0.011053 0.178574 -0.374993 0.239805
0.045218 -0.029451 0.256554 -0.546173 -2.271109
0.040354 -0.016343 -0.497333 1.180124 1.810778
0.032718 0.001125 0.112910 -0.282740 -0.346348
0.034881 -0.004421 -0.004176 0.000327 1.495448
0.044668 -0.027449 0.492155 -1.140111 -1.175830
0.056419 -0.054083 0.097406 -0.210271 -2.204153
0.045749 -0.029634 -0.628981 1.415339 2.859584
0.039888 -0.019487 0.332249 -0.874058 0.311000
0.055154 -0.058474 0.431426 -1.079943 -2.804825
0.053740 -0.058601 -0.498824 1.043753 0.215653
0.035507 -0.022879 -0.413877 0.753288 -0.226434
0.017614 0.009217 -0.481227 0.856414 1.156276
0.006169 0.024806 -0.092763 -0.060898 0.448821
0.005382 0.016159 0.053111 -0.368863 -1.873155
-0.005042 0.031069 -0.572272 1.096566 2.089867
-0.013937 0.042148 0.124719 -0.517466 -1.576707
-0.019602 0.047340 -0.406085 0.760063 2.823110
-0.017070 0.034574 0.529727 -1.371410 -2.683193
-0.014011 0.023585 -0.373260 0.789692 2.055374
-0.015207 0.023145 0.311006 -0.789583 -0.349346
-0.005264 -0.001444 0.187122 -0.449476 -0.486050
-0.001081 -0.011351 0.022848 -0.053402 0.557049
0.003553 -0.022200 0.208340 -0.485105 -2.548544
-0.005092 -0.002292 -0.637975 1.457355 2.002574
-0.017067 0.023276 0.036234 -0.151123 -0.177202
-0.016873 0.020733 -0.026264 0.021043 0.125626
-0.017135 0.020137 0.013087 -0.049910 0.332967
-0.014453 0.013602 0.120770 -0.275020 -0.217616
-0.011147 0.006668 0.045005 -0.075813 -0.222164
-0.010855 0.007347 -0.030180 0.107312 0.328288
-0.009884 0.006665 0.078377 -0.138065 0.225620
-0.005289 -0.001942 0.151287 -0.291838 0.125435
0.001551 -0.015155 0.190863 -0.370350 -1.434311
-0.000383 -0.007751 -0.285998 0.726641 1.634557
-0.000827 -0.004908 0.261719 -0.565759 -1.752475
-0.002096 0.000070 -0.323126 0.796482 1.364183
-0.005830 0.009950 0.134514 -0.285269 -0.759305
-0.005571 0.010859 -0.120625 0.322357 0.924896
-0.004225 0.009410 0.186877 -0.385156 0.951793
0.009497 -0.019843 0.498661 -1.073585 -2.180560
0.014816 -0.028286 -0.229876 0.625754 0.442543
0.008717 -0.011504 -0.076017 0.222323 0.665461
0.010157 -0.013358 0.147264 -0.307975 -1.568460
0.005593 -0.001441 -0.373828 0.889422 1.686778
0.001995 0.007040 0.191656 -0.444942 -1.207018
0.001545 0.008584 -0.212713 0.509072 1.180906
0.000945 0.010367 0.181266 -0.406732 0.348700
0.010426 -0.010435 0.292812 -0.634274 -0.088311
0.021472 -0.033803 0.260117 -0.540095 -1.706029
0.020521 -0.029245 -0.305772 0.750855 0.836993
0.014032 -0.013709 -0.020057 0.038929 -0.693838
0.008648 -0.001826 -0.248585 0.550405 1.901124
0.011435 -0.009760 0.385824 -0.927899 -2.627246
0.009271 -0.005467 -0.490973 1.114721 0.202313
-0.008843 0.034433 -0.415790 0.891290 1.407909
-0.016057 0.048132 0.053070 -0.188224 0.202593
-0.012727 0.038904 0.113484 -0.273765 0.166168
-0.007215 0.026715 0.162213 -0.337227 0.599702
0.003145 0.005130 0.355622 -0.740656 -0.663850
0.012824 -0.013143 0.129518 -0.184452 -0.291932
0.016058 -0.016051 0.032559 0.035405 0.873167
0.023203 -0.028423 0.323856 -0.646847 -0.941492
0.029855 -0.039597 0.010117 0.075674 -0.451941
0.027349 -0.030613 -0.135132 0.371161 0.534266
0.025617 -0.025139 0.047735 -0.089919 -1.512061
0.017508 -0.005938 -0.451814 1.038029 2.586938
0.016812 -0.005650 0.413830 -0.995009 -1.435999
0.023672 -0.022156 -0.068726 0.150243 -0.837622
0.015421 -0.003959 -0.343244 0.754762 1.896205
0.014425 -0.003967 0.291182 -0.734234 -1.538935
0.015731 -0.008770 -0.223927 0.476132 0.187802
0.008113 0.006586 -0.157549 0.297187 1.021663
0.008635 0.002568 0.182530 -0.487829 -0.160753
0.014785 -0.013729 0.125519 -0.332444 -0.801758
0.014451 -0.014551 -0.141259 0.282548 -1.039196
0.001962 0.012036 -0.482542 1.041377 1.894342
-0.004611 0.023520 0.151377 -0.443885 -0.549490
-0.002332 0.015379 -0.036570 0.028614 0.064378
-0.003399 0.015891 -0.016857 -0.002466 -0.015350
-0.004215 0.016439 -0.023878 0.029531 -0.010373
-0.005275 0.018161 -0.029114 0.056563 0.720895
-0.001681 0.009738 0.208174 -0.472012 -0.791129
0.001286 0.003909 -0.058741 0.170427 0.287204
0.000859 0.006219 0.037006 -0.051375 -0.085332
0.001745 0.005730 0.007417 0.025758 0.051395
0.002370 0.006112 0.023748 -0.006131 0.792093
0.008568 -0.006110 0.285511 -0.599061 -0.915685
0.013815 -0.015304 -0.021873 0.127307 1.020841
0.019778 -0.026377 0.318999 -0.671880 -0.508261
0.029110 -0.045123 0.148556 -0.274824 -2.784950
0.016589 -0.014022 -0.772116 1.807475 2.933950
0.005522 0.010501 0.214678 -0.543393 -1.547470
0.003707 0.013547 -0.303601 0.679090 1.424263
0.001105 0.018281 0.171722 -0.425875 0.644655
0.012153 -0.007625 0.380487 -0.868367 -1.366597
0.018164 -0.020344 -0.078039 0.214610 -1.397307
0.005821 0.008986 -0.538034 1.243286 2.482089
0.000974 0.019181 0.292450 -0.704011 -0.960276
0.006132 0.007197 -0.033132 0.091312 -0.457836
0.001755 0.017969 -0.185388 0.444460 0.858453
0.000071 0.022430 0.100114 -0.211316 -0.066581
0.003546 0.015846 0.073869 -0.120436 0.124197
0.007267 0.009694 0.112211 -0.187438 0.548944
0.015351 -0.005717 0.291657 -0.580644 -0.995214
0.020315 -0.012966 -0.042076 0.205710 -0.076395
0.018178 -0.004095 -0.064912 0.239109 0.398886
0.018274 -0.001029 0.069169 -0.080733 -0.109406
0.020297 -0.002450 0.032145 0.008183 -0.187448
0.020337 0.000734 -0.030009 0.149643 1.469279
0.028925 -0.015993 0.457989 -0.973508 -1.724450
0.035656 -0.027477 -0.119066 0.377942 -0.509911
0.027615 -0.005627 -0.282909 0.714183 1.569395
0.026854 -0.002215 0.242879 -0.525489 0.000267
0.036491 -0.022547 0.239406 -0.495553 -0.616676
0.041936 -0.032721 0.033785 -0.021863 0.375758
0.045852 -0.040056 0.161639 -0.341852 -0.366322
0.049916 -0.048547 0.042126 -0.087994 -0.329903
0.049500 -0.047983 -0.062593 0.113445 -1.828521
0.034960 -0.016620 -0.663012 1.442734 1.779012
0.020529 0.011477 -0.061333 -0.011932 -1.161462
0.010323 0.029153 -0.447871 0.886523 2.552671
0.009452 0.024958 0.401395 -1.069720 -1.299105
0.016649 0.004164 -0.039511 0.010826 -0.264190
0.013302 0.008772 -0.127611 0.217608 0.305275
0.010240 0.012735 -0.025939 -0.015408 -0.393181
0.006555 0.018510 -0.157965 0.300889 1.153993
0.007913 0.012887 0.224660 -0.570960 -1.324857
0.007969 0.011501 -0.220225 0.486565 1.163017
0.006940 0.012755 0.167389 -0.411025 -1.194608
0.005595 0.015550 -0.233227 0.538020 1.959907
0.009345 0.006650 0.418573 -0.963761 -0.016504
0.025812 -0.030164 0.405592 -0.885311 -2.458985
0.025612 -0.027309 -0.412746 1.002219 0.670231
0.013768 0.000553 -0.180867 0.404665 0.916407
0.012686 0.002170 0.125629 -0.313393 0.105711
0.018359 -0.011483 0.158173 -0.371161 -1.208025
0.016617 -0.007505 -0.243941 0.557827 0.272007
0.008767 0.009747 -0.149269 0.311656 0.226084
0.004322 0.018589 -0.073399 0.134662 -0.165255
0.000263 0.026804 -0.129515 0.275758 0.915573
0.001149 0.024072 0.172832 -0.403371 -0.868129
0.002169 0.022409 -0.120709 0.309920 1.404916
0.006676 0.013381 0.344617 -0.748329 0.170434
0.021446 -0.017817 0.394322 -0.816760 -0.757785
0.032087 -0.038129 0.139126 -0.211474 0.028695
0.037890 -0.047589 0.151129 -0.262728 -1.761821
0.032284 -0.031787 -0.429799 1.038002 0.077970
0.015834 0.006452 -0.393642 0.883629 1.173967
0.008014 0.022771 0.000864 -0.051226 0.614245
0.012072 0.011924 0.201582 -0.487178 -0.322608
0.017885 -0.001640 0.089778 -0.197773 -0.477074
0.018272 -0.001955 -0.069832 0.176676 0.827495
0.021011 -0.007844 0.205868 -0.463288 -1.616219
0.018438 -0.001069 -0.332715 0.785844 -0.066957
0.004802 0.030357 -0.349643 0.791590 2.939556
0.010412 0.016588 0.627010 -1.451594 -1.312602
0.026500 -0.018947 0.179752 -0.347650 -0.333058
0.031459 -0.027672 0.068771 -0.093930 -0.283170
0.032370 -0.027559 -0.022952 0.096929 -0.004850
0.031492 -0.024339 -0.021061 0.065156 -0.508615
0.027327 -0.014536 -0.186802 0.421931 1.001944
0.026613 -0.013916 0.149864 -0.379591 -0.528100
0.029066 -0.020769 -0.026451 0.029830 -1.168102
0.020287 -0.002120 -0.411528 0.894227 1.264533
0.012376 0.013012 0.014118 -0.120310 -0.324378
0.010734 0.013681 -0.095815 0.150080 1.807508
0.018915 -0.007930 0.503144 -1.215796 -2.482415
0.022359 -0.016954 -0.327716 0.735326 1.094402
0.016677 -0.005695 0.042030 -0.157635 -0.753270
0.013334 -0.000315 -0.208369 0.419619 0.925399
0.011218 0.001719 0.101379 -0.307318 -0.619530
0.011100 -0.000570 -0.106486 0.185481 -0.518195
0.003421 0.014584 -0.277149 0.569836 0.262836
-0.005865 0.032954 -0.187819 0.355340 1.293050
-0.004801 0.027650 0.239604 -0.608139 0.454938
0.007652 -0.002172 0.383207 -0.884981 -1.100465
0.015527 -0.019494 0.012237 0.002924 -0.466041
0.012956 -0.012637 -0.140372 0.336633 -0.142303
0.006470 0.002310 -0.184083 0.412595 -1.504146
-0.010842 0.041458 -0.680451 1.536347 2.423886
-0.021810 0.064710 0.128496 -0.341893 0.692469
-0.012268 0.042424 0.348395 -0.770973 -0.466590
-0.001652 0.020804 0.183505 -0.320466 0.162683
0.006668 0.006446 0.232633 -0.399179 -0.727025
0.011054 0.002381 -0.012345 0.186890 1.218994
0.018684 -0.009017 0.392596 -0.745941 -0.786321
0.029056 -0.025940 0.127314 -0.112502 1.191005
0.042101 -0.049129 0.523888 -1.038315 -1.694185
0.051740 -0.064404 -0.039557 0.253029 -1.344623
0.041395 -0.035462 -0.476874 1.187160 1.931314
0.035418 -0.020001 0.175353 -0.389152 -0.869290
0.036632 -0.022123 -0.113569 0.273307 0.235515
0.033744 -0.015650 -0.031321 0.054658 -1.350361
0.023549 0.006881 -0.477283 1.062245 2.180220
0.019103 0.014658 0.252172 -0.647762 -0.719559
0.024270 0.001044 0.007368 -0.044088 0.379546
0.027077 -0.006430 0.132705 -0.327149 -0.858218
0.026638 -0.006006 -0.153628 0.339071 0.563673
0.024305 -0.001659 0.036158 -0.114490 -1.121858
0.018272 0.011149 -0.336704 0.745334 2.393527
0.020810 0.003496 0.460886 -1.103574 -2.535280
0.022202 -0.000103 -0.388101 0.894873 1.060187
0.013863 0.018246 -0.030542 0.038263 0.546804
0.016240 0.011789 0.148897 -0.356829 -0.710595
0.017385 0.009223 -0.090720 0.219923 0.304519
0.015790 0.013303 0.010541 -0.011842 0.500999
0.019508 0.005499 0.174946 -0.374803 -0.006272
0.026390 -0.008727 0.169481 -0.339800 -0.788457
0.027887 -0.009913 -0.093640 0.271659 0.765379
0.029292 -0.011358 0.162930 -0.335653 -0.453834
0.032760 -0.017587 0.011150 0.017962 0.541879
0.036847 -0.025585 0.192723 -0.413387 -1.106948
0.037185 -0.025127 -0.174563 0.424623 0.632974
0.034529 -0.018978 0.040859 -0.108492 -0.252764
0.034506 -0.019695 -0.041750 0.069954 -1.202569
0.024889 0.001060 -0.438118 0.959508 1.253494
0.015843 0.018962 -0.016063 -0.046668 -0.726572
0.010317 0.028793 -0.259540 0.531996 2.116986
0.014028 0.017569 0.442830 -1.073066 -1.319661
0.022758 -0.003202 -0.004251 0.015198 -0.559302
0.018873 0.005943 -0.189512 0.437949 -0.361712
0.008937 0.028610 -0.307342 0.696193 1.426949
0.006169 0.034331 0.167171 -0.393612 1.406964
0.022073 -0.001654 0.627182 -1.398860 -1.502414
0.036952 -0.032656 0.119282 -0.174753 -2.196594
0.027155 -0.006400 -0.607137 1.469943 1.483590
0.012971 0.027536 -0.104630 0.250851 0.558944
0.012475 0.029336 0.079138 -0.154758 0.366983
0.017986 0.018443 0.196290 -0.388772 0.169179
0.026857 0.001286 0.247433 -0.471314 -0.821918
0.031206 -0.004233 -0.028879 0.185045 1.269995
0.038529 -0.016643 0.393758 -0.794216 -0.211544
0.052781 -0.044442 0.319674 -0.603944 -0.482835
0.062359 -0.061376 0.160105 -0.251219 -0.997870
0.062225 -0.057187 -0.165763 0.451672 -0.333176
0.053571 -0.035902 -0.267099 0.614534 -0.482647
0.039847 -0.005527 -0.419224 0.906184 0.941498
0.029489 0.014951 -0.100257 0.132650 -0.007768
0.025413 0.020580 -0.103657 0.149725 0.862039
0.026975 0.013643 0.180910 -0.489002 0.170566
0.035239 -0.007532 0.232565 -0.572758 -2.047197
0.030851 0.001636 -0.449686 1.010742 1.173958
0.020820 0.022756 -0.053767 0.062847 0.531087
0.022157 0.017596 0.120151 -0.316538 -0.229322
0.025347 0.009327 0.039839 -0.101545 0.186087
0.028139 0.002798 0.099658 -0.224466 0.071026
0.032553 -0.006867 0.121188 -0.260218 -1.088438
0.030132 -0.000326 -0.241070 0.576838 2.376453
0.036381 -0.014502 0.550950 -1.262615 -2.720436
0.040162 -0.021837 -0.358477 0.864446 0.400055
0.028659 0.004973 -0.217726 0.486626 0.822060
0.025478 0.011313 0.057530 -0.159293 0.400184
0.030388 -0.000693 0.187779 -0.439442 -0.106669
0.037121 -0.016022 0.149314 -0.331585 -1.416870
0.033651 -0.007412 -0.321319 0.748686 1.018203
0.027698 0.005758 0.022139 -0.075997 -0.425570
0.025725 0.009530 -0.120339 0.260609 0.042078
0.021206 0.019220 -0.105845 0.226313 0.876807
0.022791 0.014990 0.184187 -0.429441 0.405180
0.032751 -0.007450 0.313823 -0.693324 -1.774248
0.033409 -0.007132 -0.278804 0.689875 1.667671
0.033466 -0.006206 0.279608 -0.624918 -0.773816
0.039418 -0.018584 0.019175 -0.005190 -0.961261
0.033827 -0.004410 -0.297874 0.706714 1.651801
0.033013 -0.002527 0.255122 -0.593928 -0.575388
0.039302 -0.016671 0.060338 -0.122713 -0.782638
0.036525 -0.009743 -0.198435 0.462320 0.903973
0.034689 -0.005944 0.105458 -0.261503 0.391766
0.041484 -0.022175 0.234132 -0.549185 -1.806721
0.038796 -0.016141 -0.366524 0.832748 0.908427
0.030337 0.001762 -0.057910 0.076513 1.088728
0.035268 -0.011931 0.303449 -0.752226 -1.304062
0.038642 -0.021226 -0.132965 0.271181 -0.612655
0.029335 -0.001789 -0.332110 0.698572 0.528507
0.019675 0.017093 -0.151950 0.255536 0.170652
0.014731 0.024784 -0.095585 0.132286 0.730053
0.015726 0.019301 0.144598 -0.400112 -0.436371
0.018501 0.011019 -0.005108 -0.020923 -0.714607
0.013512 0.021481 -0.243647 0.538259 2.255563
0.018798 0.008192 0.505561 -1.181345 -1.520357
0.028706 -0.013896 -0.007843 0.055173 -0.020591
0.028290 -0.011730 -0.012979 0.053587 -1.091876
0.020538 0.006884 -0.373708 0.869339 1.454376
0.015377 0.018355 0.113617 -0.277330 -0.705725
0.015140 0.018939 -0.124564 0.298572 1.103256
0.017494 0.014021 0.241058 -0.533804 0.092519
0.027634 -0.007672 0.266344 -0.554844 0.186992
0.039459 -0.032133 0.325161 -0.671362 -1.021152
0.045639 -0.043123 -0.014688 0.108595 0.272611
0.046973 -0.044070 0.080974 -0.152497 -0.881184
0.044425 -0.037434 -0.207525 0.476820 0.966319
0.042703 -0.034668 0.120162 -0.326720 -0.307124
0.045494 -0.043360 0.019879 -0.112664 -1.711994
0.034984 -0.022421 -0.543856 1.146403 0.145853
0.014424 0.019173 -0.485227 0.944294 1.583390
0.005647 0.031846 0.044197 -0.290641 -0.020836
0.007162 0.021698 0.031838 -0.219738 -0.675226
0.003863 0.024108 -0.196011 0.332976 1.415131
0.005429 0.015846 0.272873 -0.732832 -1.427145
0.006704 0.009838 -0.207292 0.415163 0.465349
0.001546 0.019006 -0.051326 0.050204 0.239221
0.001047 0.017751 0.026135 -0.110917 -0.061700
0.001622 0.014861 0.002811 -0.035234 0.184451
0.002920 0.011049 0.061940 -0.154419 0.303427
0.007364 0.000713 0.160134 -0.361517 -1.167905
0.005940 0.004736 -0.230006 0.550630 0.907881
0.002847 0.012229 0.074125 -0.164437 -1.385377
-0.003459 0.027477 -0.388038 0.914606 2.686029
-0.001046 0.022289 0.505623 -1.146200 -1.848906
0.006652 0.006933 -0.118119 0.354429 0.046418
0.002268 0.020130 -0.101397 0.308676 1.234854
0.006421 0.013614 0.307714 -0.622742 -0.192908
0.017315 -0.007138 0.237671 -0.421772 0.009714
0.026831 -0.023714 0.238457 -0.410464 1.031073
0.043208 -0.055916 0.579702 -1.194648 -3.000000
0.046397 -0.057406 -0.416665 1.087731 0.511666
0.033416 -0.024483 -0.233720 0.571922 -0.173800
0.023048 -0.000230 -0.284999 0.644509 0.587489
0.015652 0.015696 -0.085897 0.161758 1.283992
0.020742 0.002630 0.339206 -0.804152 -0.512138
0.030772 -0.020494 0.163417 -0.362865 -1.339214
0.028389 -0.014394 -0.281148 0.654864 0.918612
0.023381 -0.003484 0.029421 -0.096675 -0.818226
0.019106 0.005306 -0.242406 0.529093 0.159719
0.010538 0.023469 -0.186569 0.384736 0.302663
0.005091 0.034282 -0.086338 0.161192 1.071184
0.008704 0.024909 0.266003 -0.620778 -0.063595
0.018768 0.002503 0.237754 -0.505566 -0.970650
0.021734 -0.002031 -0.088181 0.267137 0.155663
0.019281 0.005902 -0.034785 0.132959 1.194460
0.025837 -0.007129 0.361408 -0.774334 -1.669970
0.029078 -0.011536 -0.197250 0.534707 0.133090
0.022175 0.006868 -0.148487 0.391159 -0.916533
0.010178 0.036272 -0.450777 1.075054 2.432086
0.008394 0.041418 0.358516 -0.790379 -0.786098
0.017289 0.023930 0.087635 -0.097049 0.624841
0.024875 0.011186 0.291207 -0.536539 0.355381
0.038773 -0.014710 0.403816 -0.760231 -0.143226
0.053881 -0.042195 0.352324 -0.621441 -1.431705
0.058447 -0.045193 -0.122271 0.455742 1.105675
0.061070 -0.045542 0.252028 -0.460416 -0.538314
0.067598 -0.056104 0.075200 -0.075258 -1.243226
0.062451 -0.041217 -0.331498 0.810351 1.669946
0.060507 -0.036438 0.232110 -0.551481 -1.757816
0.058098 -0.031596 -0.350597 0.776001 0.989027
0.050838 -0.017482 -0.013918 -0.055913 -0.072300
0.049831 -0.018908 -0.036375 -0.016265 -1.005649
0.041726 -0.004498 -0.367986 0.729203 1.270201
0.035577 0.004107 0.058788 -0.283055 -0.223818
0.036387 -0.003274 -0.017810 -0.090129 -0.002278
0.035654 -0.006770 -0.018807 -0.085435 -1.324982
0.026090 0.010156 -0.458136 0.920951 1.155813
0.015570 0.028278 -0.069669 0.001765 -0.973298
0.006248 0.043976 -0.395491 0.775228 2.537621
0.007316 0.036090 0.446122 -1.144357 -0.390474
0.022310 -0.001291 0.304877 -0.737669 -1.475143
0.024581 -0.007142 -0.189439 0.427596 -0.466235
0.013980 0.016425 -0.340555 0.750869 2.032049
0.013947 0.014668 0.336536 -0.817063 -0.872711
0.021444 -0.003137 0.039747 -0.086943 0.426469
0.025860 -0.013085 0.180779 -0.407916 -1.806335
0.021040 -0.001373 -0.419893 0.976449 1.267336
0.012822 0.016918 0.007062 -0.043902 1.527512
0.023217 -0.007813 0.511405 -1.181624 -0.603981
0.039489 -0.044363 0.303693 -0.660560 -2.435577
0.035439 -0.033535 -0.503597 1.178557 0.598708
0.019526 0.002098 -0.293536 0.617909 0.252088
0.009549 0.022200 -0.206056 0.394318 0.389176
0.003903 0.032022 -0.076875 0.102864 -0.107897
0.000052 0.038437 -0.115624 0.217558 1.660600
0.006413 0.022297 0.432103 -1.010721 -1.723849
0.012024 0.010256 -0.149190 0.386771 0.686923
0.010656 0.014940 0.079879 -0.144202 -0.569773
0.010001 0.018507 -0.112006 0.316814 1.173727
0.013328 0.013204 0.277096 -0.570565 -1.490465
0.014375 0.014393 -0.222923 0.613625 0.945841
0.011803 0.023973 0.092998 -0.122338 0.801713
0.020776 0.007535 0.355085 -0.694861 -1.235883
0.026629 -0.000120 -0.060793 0.296688 0.495607
0.027531 0.003783 0.105219 -0.095249 0.995029
0.038327 -0.015050 0.433806 -0.839680 -0.335619
0.053344 -0.042661 0.318025 -0.550456 -0.602169
0.062065 -0.055652 0.118992 -0.107979 -1.243581
0.058660 -0.042009 -0.288187 0.780530 0.876292
0.053165 -0.026215 0.012029 0.022813 0.097489
0.054353 -0.027400 0.047199 -0.080865 -0.689630
0.051699 -0.020535 -0.179229 0.418469 0.776332
0.049800 -0.016721 0.083221 -0.218102 -0.829240
0.047615 -0.012769 -0.191586 0.407709 -0.120455
0.039238 0.004584 -0.227486 0.462603 1.456492
0.039885 0.000235 0.258172 -0.665081 -1.273837
0.041635 -0.005869 -0.168998 0.344512 -0.431885
0.032066 0.013986 -0.309380 0.647874 0.557883
0.023466 0.030828 -0.121610 0.203864 1.284651
0.027105 0.019742 0.302282 -0.747116 -0.150900
0.038032 -0.006332 0.244852 -0.564240 -0.735562
0.042858 -0.016956 -0.002439 0.022657 -0.513235
0.039384 -0.008551 -0.170837 0.394022 0.197825
0.033942 0.003483 -0.101773 0.212626 -0.398852
0.027239 0.017950 -0.233170 0.509427 0.053194
0.018301 0.037285 -0.214207 0.461831 1.352838
0.018710 0.035291 0.233154 -0.547754 -0.191131
0.026599 0.017908 0.161951 -0.327889 -0.390057
0.030387 0.011682 0.028089 0.010637 0.353118
0.033829 0.006986 0.143685 -0.242838 -0.622804
0.035374 0.007373 -0.065651 0.255302 1.313545
0.041501 -0.002718 0.370634 -0.747805 -0.400045
0.053551 -0.025502 0.232820 -0.400822 0.762431
0.067922 -0.053250 0.485298 -0.983637 -1.535884
0.077089 -0.068943 -0.024741 0.179151 0.190327
0.077539 -0.066491 0.046876 -0.052860 -1.403389
0.007148 -0.009328 0.004593 -0.006487 -0.161193
0.006276 -0.007281 -0.048066 0.107636 -0.180894
0.003179 -0.000472 -0.106707 0.232440 0.053571
-0.000700 0.007719 -0.087476 0.179483 0.872860
0.001614 0.001467 0.202256 -0.484047 -2.658002
-0.008057 0.023660 -0.682976 1.569100 2.880543
-0.016039 0.040709 0.279962 -0.681190 -2.451446
-0.021337 0.052973 -0.542022 1.269084 2.316103
-0.027558 0.067846 0.227807 -0.497094 -0.120224
-0.019477 0.052087 0.176837 -0.296681 0.715914
-0.007813 0.030897 0.406048 -0.760672 -0.049706
0.007905 0.003019 0.380546 -0.640392 -0.178812
0.021822 -0.018869 0.316018 -0.460847 0.282339
0.036301 -0.041406 0.408031 -0.667507 -1.565237
0.042197 -0.044112 -0.111363 0.514998 0.024807
0.038073 -0.025552 -0.095294 0.417973 0.234198
0.035931 -0.013533 -0.012394 0.188559 1.035755
0.042376 -0.022421 0.333536 -0.623285 -0.821656
0.050200 -0.034377 0.058928 0.014074 0.823449
0.058105 -0.047226 0.335493 -0.649649 -1.554086
0.061194 -0.049569 -0.179140 0.515644 0.564517
0.057965 -0.039402 0.016724 0.001792 -0.924330
0.052572 -0.026023 -0.285626 0.660642 0.626544
0.045470 -0.010672 -0.070613 0.117537 -0.528526
0.039169 0.001779 -0.244060 0.502102 1.281034
0.037998 0.001588 0.183978 -0.497692 0.519377
0.048731 -0.025563 0.352599 -0.860086 -1.109654
0.055380 -0.042342 -0.018470 0.005476 -0.524400
0.051248 -0.035035 -0.187704 0.356406 -1.219328
0.035762 -0.003314 -0.585899 1.223943 1.917914
0.025277 0.014497 0.058943 -0.308286 0.829051
0.033071 -0.009794 0.330295 -0.902720 -2.706605
0.028164 -0.003316 -0.572507 1.198433 1.259712
0.013833 0.023621 -0.146171 0.168311 0.995971
0.014584 0.015413 0.182709 -0.570010 0.130381
0.022639 -0.008241 0.220400 -0.616692 -2.085691
0.017505 -0.000202 -0.474733 0.997570 1.221383
0.006792 0.019632 -0.062860 0.011974 1.128916
0.011743 0.003243 0.309484 -0.823008 -1.295602
0.015371 -0.008565 -0.126255 0.215686 -0.395404
0.007741 0.005683 -0.255071 0.495617 0.904903
0.003619 0.011110 0.047755 -0.213255 0.029215
0.005665 0.002707 0.054716 -0.208603 -0.761248
0.002751 0.006434 -0.199586 0.387334 0.804436
0.000161 0.009236 0.069070 -0.237896 -0.039285
0.002604 0.000891 0.053316 -0.181796 -0.344359
0.002414 -0.000791 -0.062347 0.093483 0.086199
0.000507 0.001516 -0.033146 0.023319 0.464453
0.002269 -0.004648 0.120797 -0.327792 0.777979
0.012234 -0.029346 0.376999 -0.903835 -2.220391
0.012474 -0.030856 -0.362297 0.804047 -0.424078
-0.004650 0.006065 -0.494233 1.045889 1.079073
-0.017097 0.030102 -0.129956 0.173114 0.277624
-0.020491 0.033267 -0.040103 -0.011614 0.894112
-0.016227 0.019901 0.252579 -0.650469 -0.935292
-0.012491 0.009617 -0.064376 0.123420 -0.560659
-0.018801 0.023263 -0.250723 0.555506 1.318066
-0.020036 0.025084 0.187402 -0.449966 -0.630667
-0.016863 0.017995 -0.027792 0.086644 1.068919
-0.010896 0.005387 0.325115 -0.708442 -1.991119
-0.011262 0.008755 -0.341014 0.855544 2.385902
-0.008927 0.005430 0.454920 -0.996442 -1.888313
-0.003461 -0.003915 -0.179084 0.506238 0.664006
-0.006128 0.005410 0.044725 -0.030594 0.354507
-0.002003 -0.001049 0.161214 -0.290013 -0.562591
0.000655 -0.003598 -0.027559 0.155778 0.706675
0.004279 -0.008472 0.207996 -0.392721 0.346671
0.014858 -0.029134 0.320937 -0.640976 -1.646697
0.016706 -0.029271 -0.226562 0.616445 0.544010
0.011415 -0.014430 -0.039000 0.135270 -0.125615
0.009068 -0.007565 -0.078384 0.208303 -0.074443
0.005481 0.001497 -0.101044 0.246048 0.761520
0.006535 -0.000615 0.152857 -0.343791 -0.244113
0.010970 -0.010132 0.069421 -0.136837 -0.589482
0.009824 -0.006562 -0.126127 0.309753 0.490682
0.008100 -0.002238 0.039261 -0.087113 1.719768
0.021098 -0.032040 0.609109 -1.390369 -2.226133
0.030516 -0.052348 -0.134997 0.346049 -0.493491
0.022001 -0.032576 -0.290688 0.642334 0.726987
0.015377 -0.019628 -0.041726 0.016363 0.439934
0.016679 -0.026178 0.106429 -0.340132 -1.316496
0.012187 -0.019690 -0.329626 0.651887 -0.355004
-0.003216 0.010541 -0.440793 0.862684 1.493588
-0.010805 0.021229 0.059298 -0.309603 -0.622645
-0.012669 0.019345 -0.151637 0.207786 0.116094
-0.017974 0.026077 -0.113878 0.131254 0.317175
-0.020459 0.026921 -0.010726 -0.085816 1.627828
-0.010136 -0.000737 0.525590 -1.285893 -2.750329
-0.007602 -0.008184 -0.395431 0.881603 1.909699
-0.010567 -0.003592 0.244794 -0.629917 0.119965
-0.000067 -0.029839 0.280595 -0.686795 -1.512405
0.001060 -0.033837 -0.222379 0.469825 0.728680
-0.002844 -0.027614 0.026133 -0.148808 -0.182501
-0.002974 -0.031177 -0.032361 -0.031720 -1.150156
-0.011852 -0.015438 -0.410590 0.810061 -0.525539
-0.031613 0.023626 -0.577648 1.146055 1.434269
-0.045058 0.046499 -0.096845 0.018302 -1.504378
-0.059030 0.071377 -0.600222 1.213130 2.777187
-0.064573 0.077523 0.319630 -0.874938 -0.102078
-0.052769 0.047082 0.271421 -0.656007 -0.007154
-0.042167 0.022960 0.259250 -0.556218 -0.800157
-0.037261 0.014322 -0.012735 0.113249 -0.238932
-0.039381 0.022750 -0.093128 0.307089 1.271748
-0.034659 0.015670 0.327879 -0.649119 -1.796120
-0.033632 0.018576 -0.274374 0.774995 0.417053
-0.041764 0.042617 -0.133247 0.436668 0.219033
-0.045675 0.057183 -0.062807 0.296528 0.537226
-0.044710 0.061801 0.110409 -0.059631 1.216326
-0.032368 0.042352 0.505798 -0.905133 -0.924729
-0.018529 0.022590 0.187749 -0.097952 0.719418
-0.006313 0.008342 0.422509 -0.610123 0.137144
0.011373 -0.017097 0.462214 -0.666068 0.642612
0.034056 -0.053047 0.671813 -1.131782 -1.481519
0.051013 -0.075279 0.178366 -0.000671 0.021550
0.058445 -0.077323 0.193134 -0.100581 -0.871199
0.060530 -0.069626 -0.088151 0.478915 0.948971
0.063527 -0.067207 0.236696 -0.345983 -0.911733
0.067028 -0.068142 -0.060646 0.290081 0.196548
0.066098 -0.061476 0.013654 0.047872 -1.474677
0.056982 -0.038410 -0.468326 1.095670 0.517508
0.041938 -0.004846 -0.285235 0.596045 1.055530
0.037650 0.001904 0.069385 -0.245401 0.226634
0.041890 -0.010989 0.142620 -0.399617 -1.167581
0.039790 -0.008725 -0.246234 0.500628 1.085554
0.037256 -0.006217 0.118142 -0.362598 -0.505567
0.038577 -0.012581 -0.051377 0.037482 -1.024034
0.029743 0.004341 -0.389465 0.801245 1.568674
0.024710 0.011355 0.135762 -0.431784 0.073809
0.030539 -0.006178 0.156032 -0.448084 -0.961940
0.030327 -0.008835 -0.165457 0.304131 0.706349
0.028472 -0.008101 0.071825 -0.259380 0.110443
0.032057 -0.019983 0.107554 -0.335995 0.215062
0.037782 -0.036710 0.178763 -0.501323 -1.660290
0.033898 -0.031435 -0.371131 0.748594 0.260588
0.020970 -0.007194 -0.276164 0.472091 0.655516
0.014373 0.000847 -0.054663 -0.060945 -0.852851
0.006504 0.011640 -0.337986 0.593541 -0.128525
-0.007804 0.036860 -0.377766 0.671312 0.871722
-0.017098 0.050328 -0.088245 0.014171 0.933356
-0.014534 0.037764 0.215731 -0.635854 -0.230481
-0.007618 0.017627 0.130801 -0.378542 -0.016891
-0.002597 0.003696 0.120585 -0.321577 -0.565159
-0.001593 0.000068 -0.069605 0.133084 0.052639
-0.004010 0.004443 -0.051398 0.087207 -1.464815
-0.015809 0.030458 -0.537253 1.202825 0.987218
-0.030621 0.062562 -0.205278 0.420115 0.913080
-0.032846 0.066321 0.092948 -0.222316 0.707178
-0.024616 0.048477 0.318244 -0.667305 -0.433354
-0.014983 0.030497 0.164369 -0.241129 -0.122175
-0.009334 0.023810 0.118413 -0.096556 2.113529
0.009383 -0.011781 0.815702 -1.668098 -2.004766
0.028439 -0.045710 0.140332 -0.058221 -0.806745
0.028772 -0.036595 -0.122998 0.507925 0.431089
0.026868 -0.024375 0.026991 0.111005 0.256575
0.029718 -0.024542 0.115142 -0.116241 -0.855607
0.028663 -0.016420 -0.167082 0.515116 1.299516
0.030731 -0.016804 0.268928 -0.519840 -0.735792
0.036547 -0.025948 0.022913 0.052720 0.764174
0.042605 -0.036205 0.279264 -0.558941 -1.974890
0.040635 -0.028305 -0.375668 0.934626 1.502231
0.035799 -0.015859 0.131808 -0.292728 -1.073713
0.033917 -0.011014 -0.224749 0.524480 0.251801
0.026703 0.005178 -0.136630 0.291601 0.160387
0.022334 0.014147 -0.082186 0.160466 1.438257
0.028603 -0.001376 0.394247 -0.924495 -1.203347
0.036227 -0.018627 -0.011187 0.044838 -0.537871
0.032247 -0.009026 -0.187421 0.431711 -0.644335
0.020546 0.017393 -0.397384 0.888038 1.943421
0.017669 0.022327 0.251089 -0.619136 -0.960466
0.021177 0.013699 -0.074308 0.174914 1.173098
0.026000 0.002800 0.314269 -0.709630 -0.716614
0.033685 -0.013522 0.071227 -0.118015 -0.449723
0.033550 -0.011450 -0.077483 0.217316 -0.141272
0.029565 -0.001103 -0.121831 0.300906 1.635579
0.035616 -0.014584 0.422653 -0.959884 -1.044506
0.045457 -0.035954 0.071137 -0.124771 -0.089940
0.047762 -0.040196 0.044258 -0.088689 -1.128128
0.042104 -0.027209 -0.326151 0.729237 1.748232
0.040855 -0.026463 0.261518 -0.672101 -1.672546
0.040148 -0.027352 -0.294843 0.609448 0.383822
0.031060 -0.010287 -0.160436 0.252144 0.404815
0.027397 -0.006967 -0.023307 -0.080809 -1.877695
0.013978 0.018625 -0.645888 1.345342 3.000000
0.008257 0.025044 0.356082 -0.990192 -1.567190
0.011871 0.011442 -0.173180 0.289560 0.341162
0.007231 0.017695 -0.059371 0.028060 0.296681
0.006793 0.014668 0.037207 -0.177125 0.377736
0.010732 0.002393 0.159605 -0.435483 -0.849740
0.011390 -0.001299 -0.125577 0.240682 -0.339101
0.004149 0.013222 -0.236396 0.484809 1.915993
0.007479 0.002878 0.400842 -0.983479 -2.030543
0.009848 -0.003847 -0.279808 0.623297 1.915899
0.011500 -0.009237 0.360223 -0.872834 -1.311922
0.017068 -0.023011 -0.079937 0.166743 0.643272
0.018223 -0.026943 0.136967 -0.356810 -1.043221
0.016768 -0.025313 -0.208541 0.427630 -0.984432
0.001998 0.005788 -0.529466 1.123851 2.109356
-0.004993 0.017006 0.177107 -0.537295 -1.167371
-0.005794 0.014592 -0.215652 0.402940 0.021379
-0.014250 0.030216 -0.207504 0.381662 1.946362
-0.009618 0.015830 0.437154 -1.083451 -1.056902
0.000636 -0.009421 0.077387 -0.196500 -0.581478
-0.000148 -0.008268 -0.115930 0.248164 0.717299
0.000040 -0.009849 0.124457 -0.319562 -1.265092
-0.003427 -0.002962 -0.296388 0.651663 0.075275
-0.014678 0.021045 -0.266795 0.554788 1.577274
-0.014825 0.018801 0.257624 -0.650543 -0.538160
-0.008243 0.002389 0.072501 -0.179877 -2.207519
-0.020063 0.029442 -0.661311 1.513836 2.473301
-0.029909 0.050752 0.165459 -0.416359 2.135907
-0.009268 0.003098 0.865254 -1.954906 -3.000000
0.005078 -0.026288 -0.143653 0.445805 0.722594
0.004258 -0.020717 0.101631 -0.157707 -1.769602
-0.003431 -0.000071 -0.484393 1.175449 2.084423
-0.008767 0.013395 0.214716 -0.476187 0.638011
0.003958 -0.014466 0.421405 -0.916177 -1.314288
0.011960 -0.029997 -0.019362 0.121811 -0.558437
0.007552 -0.017368 -0.200693 0.506773 0.468986
0.002755 -0.005343 -0.039998 0.102535 -0.432036
-0.001695 0.005174 -0.182217 0.420938 0.663617
-0.004521 0.011414 0.039992 -0.100370 0.039896
-0.002700 0.007226 0.051088 -0.109752 -1.128324
-0.008199 0.020525 -0.324916 0.765005 1.065441
-0.014044 0.034263 0.031095 -0.063617 0.409410
-0.010169 0.026358 0.162394 -0.329467 -0.171788
-0.004931 0.016915 0.099982 -0.147100 0.431646
0.001873 0.005036 0.239960 -0.445019 -0.271335
0.009580 -0.007838 0.146031 -0.204593 1.307705
0.024099 -0.035971 0.578826 -1.193572 -1.540192
0.036902 -0.059282 0.063757 0.006104 -1.589363
0.029015 -0.036014 -0.456900 1.146340 1.509187
0.021024 -0.015661 0.055097 -0.107276 -0.979760
0.016725 -0.005083 -0.269082 0.627978 -0.066203
0.005625 0.020135 -0.286396 0.637752 1.981241
0.007395 0.014875 0.372630 -0.880531 -1.596296
0.011511 0.005738 -0.164660 0.403908 1.514199
0.015041 -0.001734 0.339489 -0.762625 -2.863510
0.009456 0.012775 -0.615549 1.459690 0.772875
-0.009834 0.057679 -0.350870 0.803898 1.396088
-0.014604 0.068767 0.110471 -0.232453 1.701306
0.000926 0.035361 0.664987 -1.428461 -1.269212
0.018783 0.000487 0.230124 -0.337150 -0.866878
0.022160 0.000834 -0.060239 0.344974 1.052423
0.026792 -0.001925 0.290627 -0.472018 -0.388667
0.035754 -0.014197 0.158245 -0.148542 0.986132
0.048643 -0.035365 0.485367 -0.903346 -0.703087
0.063314 -0.060275 0.249561 -0.354987 -1.336511
0.064487 -0.054876 -0.189520 0.612500 1.164304
0.064854 -0.050278 0.206281 -0.368047 -1.795852
0.061218 -0.038095 -0.386302 0.961195 -0.297817
0.044009 0.002801 -0.474662 1.089886 1.861073
0.037558 0.016455 0.149541 -0.383723 -0.264079
0.041685 0.006096 0.057372 -0.139693 -0.190293
0.042675 0.003799 -0.007559 0.022139 -0.455264
0.039336 0.011778 -0.159043 0.373435 1.734964
0.044540 -0.000122 0.417467 -0.952210 -1.397232
0.051796 -0.015435 -0.052648 0.167752 0.029740
0.049943 -0.009724 -0.040168 0.119578 0.285687
0.050273 -0.009677 0.056274 -0.113911 -0.735146
0.047634 -0.002973 -0.187479 0.442641 0.845377
0.045828 0.001123 0.096077 -0.227620 -0.565033
0.045872 0.001069 -0.093200 0.218616 -0.029086
0.041977 0.010032 -0.101678 0.231169 0.753843
0.042933 0.007663 0.148632 -0.342080 0.444072
0.051759 -0.012168 0.292568 -0.649087 -1.783287
0.051525 -0.010114 -0.302208 0.732838 1.754123
0.051234 -0.008925 0.285520 -0.653684 -1.313736
0.053833 -0.014186 -0.153871 0.375122 0.287272
0.049674 -0.004386 -0.054664 0.120354 0.920757
0.053637 -0.013943 0.251888 -0.590120 -0.254062
0.061961 -0.033144 0.164995 -0.376750 -0.029187
0.068380 -0.047997 0.156266 -0.368956 -1.227325
0.066521 -0.044522 -0.247902 0.530817 -0.140049
0.055851 -0.022849 -0.285929 0.556716 -0.525222
0.041056 0.006244 -0.453864 0.898890 2.235330
0.037893 0.006834 0.293016 -0.844771 -1.230132
0.041288 -0.006741 -0.121469 0.149358 1.504732
0.046476 -0.024212 0.379404 -1.009970 -2.600596
0.044258 -0.023866 -0.487204 0.999123 0.773563
0.030121 0.002356 -0.221192 0.326526 0.135223
0.022218 0.012985 -0.174310 0.208695 0.060017
0.015649 0.020461 -0.154354 0.167204 0.676082
0.013952 0.017047 0.068805 -0.331592 -2.036880
0.003069 0.035936 -0.610789 1.257219 2.450670
-0.004959 0.047825 0.206151 -0.633526 0.780821
0.008278 0.012487 0.455578 -1.133484 -1.320705
0.017514 -0.010723 0.008345 -0.046852 -0.142101
0.016917 -0.010564 -0.038052 0.053382 -0.952570
0.009087 0.005925 -0.352621 0.764358 0.971026
0.001542 0.020735 -0.026137 -0.009962 0.021338
0.000588 0.020541 -0.021542 0.000084 0.182760
0.000893 0.018253 0.036653 -0.113346 -0.343101
0.000016 0.019604 -0.080109 0.177094 0.287932
-0.001295 0.022525 0.014211 -0.027549 0.250398
0.000880 0.018180 0.094352 -0.188314 1.103666
0.011921 -0.005590 0.456904 -0.993637 -1.676760
0.018900 -0.018337 -0.105657 0.335059 1.569486
0.025199 -0.029874 0.418902 -0.896812 -1.749779
0.030244 -0.038344 -0.164339 0.452551 -0.099228
0.023160 -0.020173 -0.190200 0.459480 0.261952
0.017405 -0.006862 -0.098155 0.212149 -0.878670
0.007679 0.014718 -0.387567 0.861980 1.011659
-0.001000 0.032889 -0.047988 0.061564 1.951456
0.009991 0.006112 0.595872 -1.385744 -1.691167
0.022349 -0.021304 0.024658 -0.009880 -0.511446
0.019975 -0.014286 -0.142915 0.357044 -0.831842
0.008807 0.012006 -0.415044 0.954370 2.018427
0.005745 0.018223 0.259362 -0.620094 -0.516209
0.012547 0.002640 0.081741 -0.168446 -0.225063
0.014284 -0.000312 0.005430 0.017604 -0.093396
0.013878 0.001837 -0.025627 0.089280 -0.636897
0.008622 0.015158 -0.236716 0.572600 1.497424
0.009161 0.014692 0.261906 -0.579795 0.119435
0.020306 -0.009177 0.295731 -0.617843 -1.977697
0.018901 -0.002853 -0.363727 0.913811 1.968355
0.017585 0.002214 0.295420 -0.637644 -1.905185
0.016621 0.006926 -0.341375 0.853210 1.569517
0.013515 0.016009 0.183946 -0.379860 -0.499142
0.017453 0.009406 0.013761 0.042467 0.117307
0.018763 0.009509 0.051610 -0.036164 0.561083
0.024527 -0.000243 0.236109 -0.447588 0.427203
0.036739 -0.024072 0.374462 -0.744377 -0.435689
0.048753 -0.046676 0.227238 -0.395347 -1.526622
0.047731 -0.039588 -0.276713 0.735399 0.106857
0.037567 -0.013671 -0.232230 0.567878 0.771479
0.033522 -0.003846 0.028826 -0.065767 1.178993
0.042512 -0.024553 0.419677 -0.961039 -2.777445
0.040733 -0.019597 -0.505441 1.179843 0.299629
0.022728 0.021001 -0.396060 0.862485 2.338164
0.022517 0.018971 0.382780 -0.939108 -1.106711
0.030279 0.000140 0.007095 -0.019023 -0.734061
0.025673 0.010725 -0.236727 0.542466 2.024317
0.029724 0.000891 0.437039 -1.014321 -0.769496
0.041927 -0.026445 0.174630 -0.367047 -1.569829
0.038470 -0.017106 -0.345794 0.819282 0.916578
0.030894 0.000130 -0.034510 0.056635 1.253296
0.037856 -0.016895 0.381429 -0.897856 -1.540418
0.042766 -0.028309 -0.133826 0.307882 0.054012
0.037879 -0.017856 -0.110842 0.218060 -0.645820
0.029220 0.000116 -0.321721 0.677673 0.658161
0.020831 0.016243 -0.098917 0.139477 -0.245231
0.015226 0.025815 -0.181185 0.338211 2.003906
0.021298 0.008757 0.482782 -1.173477 -2.378568
0.024587 0.000169 -0.315253 0.715872 1.310082
0.020796 0.007762 0.123976 -0.320145 1.014865
0.032437 -0.019991 0.457421 -1.062504 -1.790251
0.038707 -0.034009 -0.141441 0.338934 0.448889
0.036159 -0.028551 0.013331 -0.059388 -1.414522
0.027337 -0.009753 -0.453193 0.988407 0.927498
0.015549 0.014020 -0.137844 0.215842 0.572227
0.013842 0.013935 0.051805 -0.214057 1.394725
0.025126 -0.015410 0.511375 -1.244565 -3.000000
0.025471 -0.017780 -0.490460 1.092774 0.265645
0.007823 0.020012 -0.393068 0.808260 1.493628
0.002111 0.028828 0.105467 -0.349367 0.532480
0.009752 0.007847 0.276465 -0.698980 0.414043
0.023439 -0.025321 0.408061 -0.962254 -3.000000
0.019717 -0.017016 -0.590758 1.346929 0.518737
-0.000223 0.026734 -0.407794 0.856061 0.859047
-0.010753 0.047304 -0.120188 0.186117 -0.260755
-0.017373 0.059634 -0.210680 0.429377 0.864906
-0.020125 0.064416 0.072009 -0.180644 0.466976
-0.014318 0.051819 0.218182 -0.448041 1.025212
0.001036 0.020017 0.549109 -1.138925 -0.637084
0.018538 -0.013719 0.327473 -0.562560 -1.605996
0.020890 -0.011068 -0.207971 0.678231 0.759299
0.017741 0.003283 0.049262 0.050970 0.341148
0.021972 0.000139 0.161979 -0.205201 -0.749714
0.023424 0.003778 -0.088548 0.379630 0.861069
0.025650 0.005365 0.198786 -0.290509 1.187832
0.041438 -0.023941 0.589770 -1.168202 -1.312917
0.056164 -0.049459 0.148679 -0.127695 -2.894121
0.042950 -0.011091 -0.806935 2.024363 2.899945
0.030287 0.022421 0.169493 -0.309134 -0.568849
0.033179 0.019774 -0.024094 0.169529 0.624158
0.036341 0.017251 0.181501 -0.289728 0.407555
0.046221 0.000238 0.312425 -0.560492 0.036289
0.058865 -0.021935 0.320207 -0.552657 -1.450427
0.061983 -0.021489 -0.162592 0.559433 1.263678
0.064009 -0.019721 0.262304 -0.456447 -0.810517
0.069078 -0.025333 -0.007800 0.165984 -0.687372
0.064268 -0.008900 -0.232237 0.652126 1.386922
0.064317 -0.005156 0.232889 -0.448745 -0.222229
0.072091 -0.019168 0.156393 -0.257315 0.424803
0.081169 -0.036042 0.297330 -0.585107 -1.514377
0.082979 -0.036220 -0.205072 0.560100 0.874239
0.080751 -0.028787 0.092394 -0.176716 0.332526
0.086691 -0.041355 0.204441 -0.450333 -0.821011
0.089431 -0.047097 -0.066385 0.153584 -0.390288
0.084307 -0.036230 -0.189670 0.388597 -0.223137
0.075374 -0.018589 -0.257116 0.495481 0.705973
0.069902 -0.010679 -0.017548 -0.090199 0.560139
0.072936 -0.022990 0.168829 -0.521751 -1.377851
0.070498 -0.022510 -0.289108 0.531057 0.331558
0.061271 -0.007566 -0.173007 0.223413 -0.608356
0.050356 0.010269 -0.372374 0.665674 1.830233
0.047715 0.008158 0.238160 -0.751766 -1.629011
0.046275 0.004336 -0.308109 0.541743 0.968427
0.040466 0.010533 0.016364 -0.219949 -0.817167
0.035629 0.014855 -0.257287 0.427838 1.497766
0.035332 0.008766 0.240794 -0.717466 -0.982839
0.038298 -0.003641 -0.091024 0.083415 0.338970
0.036933 -0.005679 0.022387 -0.181967 -2.150193
0.023511 0.020219 -0.691411 1.458805 2.724297
0.014148 0.035302 0.219624 -0.671361 -1.358639
0.013718 0.031053 -0.239372 0.442522 0.851365
0.009800 0.035853 0.042418 -0.192634 0.921192
0.017512 0.015132 0.342574 -0.838567 0.147675
0.032033 -0.019171 0.384059 -0.882716 -1.336666
0.038411 -0.033182 -0.063276 0.164558 0.557280
0.039681 -0.036110 0.126152 -0.304953 -1.469288
0.034989 -0.026152 -0.359284 0.789544 1.006050
0.027486 -0.011652 -0.017446 -0.049957 -0.500446
0.023476 -0.006135 -0.182536 0.321718 -0.266434
0.014465 0.010287 -0.268088 0.500102 0.917556
0.009897 0.015799 0.038474 -0.213338 -1.276417
0.002877 0.027557 -0.388091 0.789365 2.102040
0.001389 0.026485 0.311209 -0.820587 0.223096
0.015137 -0.008022 0.376676 -0.910268 -2.482508
0.013568 -0.005229 -0.452187 1.023297 0.958559
0.002021 0.019524 -0.126858 0.230465 0.688772
0.001517 0.018347 0.100860 -0.282329 0.130998
0.006336 0.005883 0.140229 -0.342513 -0.854776
0.006190 0.005948 -0.146452 0.336246 -0.501296
-0.002968 0.026826 -0.311273 0.706578 2.192236
-0.000797 0.021155 0.417361 -0.967864 -0.481299
0.012498 -0.008342 0.248625 -0.519078 -1.585681
0.011830 -0.004203 -0.280209 0.709623 1.507304
0.010760 0.000020 0.224789 -0.480897 0.297099
0.021650 -0.023095 0.319819 -0.676699 -1.528674
0.024219 -0.026281 -0.189441 0.500212 0.730619
0.021631 -0.018733 0.058947 -0.112747 0.319992
0.026138 -0.028404 0.166192 -0.369128 -2.189041
0.018231 -0.009684 -0.559388 1.285818 2.201248
0.010712 0.006024 0.180407 -0.472592 -0.688926
0.013258 -0.001488 -0.052104 0.087654 -0.488336
0.007939 0.009406 -0.213468 0.454055 1.359775
0.008490 0.006329 0.239462 -0.593830 0.007008
0.018008 -0.016555 0.236920 -0.555419 -1.401077
0.018115 -0.016857 -0.229879 0.525070 -0.821782
0.003568 0.015715 -0.497190 1.101844 1.369817
-0.007079 0.037685 -0.037311 0.016478 0.656508
-0.004291 0.029160 0.176187 -0.438030 0.732096
0.007491 0.001697 0.412662 -0.933671 -0.980066
0.017328 -0.019265 0.080833 -0.129926 -2.042019
0.006997 0.006673 -0.595500 1.410437 3.000000
0.003326 0.015323 0.408127 -0.943067 -0.847046
0.013835 -0.007730 0.118872 -0.224243 -0.285591
0.016669 -0.012151 0.023228 -0.000820 1.080991
0.024810 -0.029030 0.382853 -0.834683 -1.508466
0.030026 -0.038782 -0.120019 0.328667 -0.257403
0.023646 -0.022985 -0.199088 0.462441 1.025629
0.022623 -0.021357 0.146615 -0.369050 0.116316
0.029250 -0.037874 0.184922 -0.458783 -1.631794
0.025810 -0.031417 -0.355180 0.765811 0.293934
0.013742 -0.007018 -0.249117 0.463148 -0.156848
0.002820 0.013167 -0.297239 0.548870 0.049143
-0.008689 0.033970 -0.278659 0.496158 0.552911
-0.016159 0.045491 -0.095754 0.088002 0.850370
-0.014426 0.036942 0.181680 -0.508833 0.206135
-0.005949 0.014997 0.242434 -0.591590 -1.154586
-0.004059 0.010248 -0.146375 0.340138 1.565836
0.000527 -0.000377 0.373989 -0.856753 -0.763841
0.010272 -0.021737 0.114654 -0.224384 -0.123925
0.014044 -0.028975 0.074225 -0.140174 -1.166580
0.009294 -0.017117 -0.310626 0.723411 0.013233
-0.002899 0.010290 -0.299615 0.653334 0.624389
-0.010657 0.026236 -0.089370 0.154206 0.028903
-0.014077 0.032403 -0.081794 0.155353 0.755972
-0.012375 0.027599 0.166177 -0.388894 0.206598
-0.004478 0.010072 0.228807 -0.489511 -1.875573
-0.007904 0.020237 -0.397994 0.979057 1.740713
-0.012149 0.031880 0.183371 -0.375406 0.584060
-0.001064 0.009182 0.370739 -0.758665 -0.576289
0.009789 -0.011038 0.173082 -0.263268 -0.979843
0.010172 -0.006373 -0.152869 0.486893 1.067134
0.011237 -0.004045 0.204751 -0.358144 -1.394573
0.010098 0.003486 -0.260173 0.721048 3.000000
0.019741 -0.014597 0.739082 -1.596267 -2.775481
0.030628 -0.033989 -0.190928 0.591760 -0.039862
0.022883 -0.011240 -0.196764 0.550758 -0.557960
0.011404 0.018410 -0.377158 0.932206 1.139469
0.003991 0.037429 0.004714 0.035296 1.433304
0.013626 0.017710 0.475845 -1.010708 0.075127
0.032960 -0.022066 0.491615 -0.986217 -1.742047
0.040931 -0.033915 -0.090723 0.372192 1.196249
0.045382 -0.038632 0.311870 -0.595379 -1.497499
0.047889 -0.039528 -0.184717 0.534484 0.382301
0.043206 -0.025608 -0.050242 0.169372 0.479086
0.044462 -0.026972 0.112410 -0.232254 -0.123770
0.048156 -0.034641 0.072587 -0.153819 -0.391183
0.048509 -0.035353 -0.054493 0.114307 -1.723989
0.034957 -0.005248 -0.621753 1.379398 2.119766
0.024407 0.015432 0.091207 -0.317383 -0.937817
0.021734 0.017959 -0.223772 0.433695 0.215141
0.014238 0.031876 -0.151553 0.267280 2.614266
0.025529 0.002850 0.713693 -1.697171 -2.596168
0.036540 -0.022784 -0.159380 0.381021 1.250541
0.038588 -0.027752 0.260318 -0.616392 -2.104820
0.034968 -0.019876 -0.438986 0.989313 2.405166
0.033600 -0.019001 0.367575 -0.918600 -2.106399
0.034194 -0.022578 -0.335229 0.716045 1.918667
0.033705 -0.024857 0.308433 -0.809018 -2.210173
0.031275 -0.022747 -0.427320 0.891059 0.987784
0.020938 -0.003967 -0.091144 0.063220 -0.344103
0.015023 0.003700 -0.204390 0.318108 0.272020
0.008697 0.011936 -0.112385 0.098389 0.104647
0.004886 0.014440 -0.078303 0.028285 -0.813080
-0.003681 0.028388 -0.349359 0.662927 1.800058
-0.005649 0.027080 0.248898 -0.709330 -1.800814
-0.007838 0.027971 -0.356173 0.733810 0.855528
-0.016349 0.043898 -0.070707 0.075076 0.652199
-0.014930 0.037854 0.141052 -0.372222 -0.261587
-0.011172 0.028396 0.047432 -0.106218 1.494750
0.000583 0.002036 0.539135 -1.201790 -1.019669
0.015172 -0.028675 0.192276 -0.351878 -0.821416
0.017406 -0.030293 -0.079620 0.262021 0.802540
0.019661 -0.033149 0.191406 -0.396128 -0.445583
0.024364 -0.042357 0.044432 -0.070748 -1.737346
0.014669 -0.019376 -0.527704 1.206763 1.425658
0.003267 0.004967 -0.044637 0.031641 -0.169956
0.000343 0.008952 -0.101441 0.166498 0.589477
0.000209 0.006577 0.094125 -0.279453 -0.480468
0.000719 0.003343 -0.067982 0.111602 1.099288
0.005319 -0.009118 0.296926 -0.725352 -1.791688
0.005186 -0.009815 -0.301407 0.670763 1.021458
0.000046 0.000234 0.042919 -0.154748 -1.040255
-0.005184 0.010274 -0.303325 0.647472 1.527730
-0.007082 0.012116 0.206535 -0.538359 -2.026050
-0.012408 0.022743 -0.470580 1.049453 0.898589
-0.025149 0.050091 -0.168139 0.333663 0.992054
-0.025346 0.048989 0.157219 -0.379000 -0.415491
-0.021991 0.041888 0.011267 0.017068 0.693579
-0.017026 0.032926 0.236411 -0.460290 0.102332
-0.007039 0.014370 0.263254 -0.471018 -0.776862
-0.001788 0.008476 0.000381 0.166253 0.850797
0.003884 0.002082 0.282346 -0.478219 -0.366732
0.012652 -0.010675 0.156786 -0.166506 0.897137
0.024880 -0.031091 0.453925 -0.848692 -1.232460
0.034773 -0.045662 0.042520 0.103677 -1.230604
0.028401 -0.023782 -0.360244 0.982554 1.858706
0.026549 -0.014850 0.265191 -0.513290 -0.069460
0.036643 -0.033930 0.239991 -0.445439 -1.324788
0.037435 -0.031564 -0.198880 0.550273 0.035827
0.029867 -0.011529 -0.180069 0.456727 0.958648
0.029131 -0.008826 0.142068 -0.310287 0.233712
0.036337 -0.024579 0.218253 -0.478128 -0.867755
0.039274 -0.030274 -0.070240 0.182929 -0.749406
0.031572 -0.012358 -0.314396 0.709061 1.161747
0.026857 -0.003043 0.076997 -0.228292 0.177103
0.031085 -0.014626 0.134422 -0.351435 -1.626656
0.025618 -0.003530 -0.406017 0.891013 1.234009
0.017727 0.011914 0.009628 -0.101740 0.663335
0.022481 -0.001898 0.227565 -0.584859 -1.170495
0.023711 -0.006537 -0.164555 0.339015 0.379351
0.019716 0.000626 -0.035816 0.024954 -0.768663
0.013170 0.013450 -0.290789 0.610560 1.891847
0.014183 0.008346 0.339251 -0.846339 -2.854497
0.008615 0.019708 -0.614342 1.385240 3.000000
0.004157 0.027706 0.387585 -0.950786 -0.751472
0.014453 0.003166 0.128711 -0.290216 -1.002943
0.012875 0.007468 -0.206497 0.495129 0.003406
0.004692 0.026773 -0.203044 0.474264 1.014506
0.003325 0.030200 0.133401 -0.291451 1.224877
0.016691 0.000865 0.534127 -1.168928 -0.853313
0.032194 -0.031157 0.242764 -0.448722 -1.198632
0.033929 -0.030787 -0.154622 0.454625 1.180747
0.035729 -0.032014 0.243168 -0.502780 -2.233881
0.030590 -0.017862 -0.497790 1.189630 1.616238
0.021645 0.002929 0.048140 -0.127538 0.745808
0.028503 -0.013355 0.294174 -0.682075 -1.745554
0.028582 -0.013186 -0.288125 0.671548 -0.240358
0.015586 0.016204 -0.362011 0.801879 1.064120
0.008266 0.031281 -0.005612 -0.033184 0.829792
0.013481 0.018024 0.265741 -0.624056 -0.328794
0.021785 -0.000595 0.150267 -0.314905 -1.684155
0.016542 0.013132 -0.410678 0.985692 1.927020
0.013047 0.021995 0.233419 -0.519544 -0.905468
0.016228 0.016369 -0.073107 0.226672 0.893317
0.019238 0.011836 0.222625 -0.444765 0.471014
0.031176 -0.012277 0.374237 -0.761225 -0.728027
0.041208 -0.030767 0.128640 -0.175237 0.465961
0.049487 -0.045366 0.285029 -0.552279 -1.717382
0.049483 -0.041391 -0.283331 0.733842 1.189887
0.046261 -0.032203 0.120547 -0.258849 -1.966404
0.038034 -0.012730 -0.530005 1.215879 2.243711
0.031969 -0.000450 0.223749 -0.574322 -1.357737
0.031799 -0.001771 -0.230578 0.493048 0.093175
0.023272 0.015856 -0.196256 0.393181 0.816839
0.020877 0.018917 0.075454 -0.230728 -0.467668
0.020704 0.017657 -0.083456 0.161957 1.362307
0.026409 0.003442 0.367393 -0.861198 -1.330439
0.032112 -0.009296 -0.080320 0.206758 0.257689
0.030662 -0.005438 0.007386 -0.010043 -0.533297
0.027417 0.002280 -0.169172 0.391821 0.299132
0.022690 0.012926 -0.067736 0.146051 0.783866
0.025184 0.006872 0.191639 -0.441731 -0.656825
0.028394 0.000083 -0.030190 0.093466 0.331637
0.029402 -0.001356 0.080221 -0.162118 0.343644
0.034871 -0.012895 0.193044 -0.413594 -0.951390
0.036226 -0.014531 -0.124118 0.321131 -0.163984
0.030247 0.000107 -0.174947 0.412369 1.602688
0.033969 -0.008532 0.359270 -0.828564 -0.457549
0.045185 -0.033698 0.202636 -0.440256 0.310475
0.055359 -0.056229 0.306074 -0.687193 -2.257021
0.052620 -0.049483 -0.440558 1.002308 -0.341606
0.032984 -0.006595 -0.541822 1.148525 2.524703
0.028294 -0.001099 0.304138 -0.844681 -1.951505
0.027352 -0.003772 -0.348785 0.688999 0.724716
0.018335 0.011676 -0.103316 0.094833 0.010056
0.014257 0.015491 -0.100630 0.096625 0.137985
0.011130 0.017499 -0.055940 0.005478 0.373264
0.011336 0.012417 0.065932 -0.256908 -0.418437
0.011122 0.009234 -0.076037 0.092245 -0.312509
0.005993 0.017851 -0.180171 0.336852 0.045793
-0.000900 0.030622 -0.164767 0.304701 -0.560267
-0.011239 0.051748 -0.351909 0.749435 1.428099
-0.015830 0.060085 0.120524 -0.315792 1.303114
-0.002533 0.029334 0.543620 -1.215655 -1.116286
0.011533 0.000200 0.161642 -0.260058 -0.912859
0.011879 0.004222 -0.143301 0.451944 0.302762
0.008213 0.017190 -0.040643 0.202557 1.166624
0.014332 0.007550 0.345419 -0.674209 0.484438
0.031244 -0.025737 0.500300 -0.992195 -1.945256
0.038218 -0.034786 -0.149047 0.516609 -0.017612
0.032287 -0.015302 -0.147948 0.462206 1.428770
0.035971 -0.019691 0.330459 -0.666679 -1.292793
0.040527 -0.026028 -0.100948 0.334481 1.091631
0.043853 -0.030423 0.265951 -0.542761 -1.070215
0.047354 -0.035646 -0.089500 0.269115 -0.895839
0.037932 -0.012273 -0.381102 0.895442 0.679220
0.027366 0.011666 -0.148563 0.314443 1.319514
0.030219 0.003863 0.289799 -0.692042 -0.228412
0.040174 -0.019257 0.208749 -0.471646 -0.493293
0.045211 -0.030327 0.043900 -0.089439 -0.078617
0.046495 -0.033246 0.020422 -0.057589 -1.681756
0.036190 -0.010387 -0.534214 1.187784 0.628703
0.019206 0.025671 -0.316555 0.630143 1.425061
0.016057 0.028789 0.157376 -0.458306 0.380105
0.024745 0.005935 0.277091 -0.685747 -0.693781
0.031093 -0.009745 0.041523 -0.109460 0.312486
0.034835 -0.018968 0.145357 -0.350112 -1.679832
0.029462 -0.007106 -0.412250 0.927663 0.529437
0.016648 0.020498 -0.229689 0.464548 0.919501
0.013598 0.024853 0.076020 -0.236085 -0.158671
0.015490 0.018777 0.018908 -0.071214 -0.605297
0.012164 0.025796 -0.184582 0.416688 1.954852
0.017783 0.012530 0.463530 -1.061972 -1.560014
0.025754 -0.004231 -0.062737 0.202865 -0.646903
0.018976 0.013496 -0.275735 0.680257 1.943290
0.020940 0.010305 0.371679 -0.819381 -0.214718
0.034226 -0.017795 0.293501 -0.594330 -1.503775
0.035908 -0.018048 -0.207612 0.565337 0.356924
0.030098 -0.002049 -0.083679 0.242272 1.272386
0.035251 -0.012237 0.340000 -0.739877 -0.404817
0.046068 -0.034869 0.201816 -0.401000 -0.550752
0.050491 -0.042691 0.020108 0.002608 -0.845609
0.045764 -0.030568 -0.255755 0.597686 0.365708
0.038122 -0.013749 -0.127195 0.251412 0.226133
0.034605 -0.007787 -0.049065 0.050656 -0.248251
0.031014 -0.002161 -0.130294 0.229230 -0.470505
0.022711 0.013914 -0.284647 0.572891 0.238271
0.012965 0.032762 -0.203346 0.376062 0.886538
0.010708 0.034494 0.089439 -0.279901 -0.857481
0.008461 0.037673 -0.200737 0.429522 1.598626
0.011038 0.030667 0.327882 -0.764565 -1.475517
0.014151 0.024516 -0.170257 0.439028 1.139822
0.014927 0.024605 0.207725 -0.422495 -1.529652
0.012938 0.032377 -0.305454 0.795464 3.000000
0.020710 0.017889 0.690864 -1.490995 -1.941652
0.035156 -0.009468 0.034383 0.095540 0.058957
0.036951 -0.006851 0.055212 0.036678 -0.834287
0.033622 0.007275 -0.220936 0.663621 2.292087
0.040107 -0.002060 0.542641 -1.107407 -2.083207
0.047784 -0.012872 -0.156041 0.541475 1.438275
0.051212 -0.014283 0.325710 -0.596326 0.159312
0.065233 -0.040069 0.375648 -0.696640 -1.159413
0.072526 -0.050102 -0.009391 0.180509 0.814885
0.077700 -0.056740 0.267134 -0.504037 -1.299064
0.079797 -0.057600 -0.160786 0.447482 -0.576803
0.069722 -0.032749 -0.342905 0.795196 1.388273
0.065429 -0.024047 0.126386 -0.342518 -0.806439
0.065121 -0.025432 -0.140812 0.264457 -0.109919
0.058854 -0.014078 -0.172731 0.304943 0.107368
0.052736 -0.004233 -0.133523 0.190843 0.896845
0.053399 -0.010701 0.165721 -0.505758 -0.132830
0.059091 -0.028434 0.119413 -0.386102 -2.612750
0.046495 -0.003872 -0.746649 1.591620 2.655016
0.034541 0.016819 0.145234 -0.523123 -1.159843
0.032520 0.014830 -0.244826 0.410150 1.144987
0.030372 0.013476 0.136101 -0.465817 -0.767816
0.030608 0.007604 -0.123224 0.162297 -0.021115
0.025545 0.014412 -0.129992 0.179218 0.439443
0.023263 0.014959 0.015348 -0.147179 1.728905
0.035320 -0.016911 0.586123 -1.434583 -3.000000
0.038631 -0.026670 -0.416741 0.911577 0.773307
0.027301 -0.003889 -0.151208 0.241318 0.850700
0.026956 -0.007688 0.133021 -0.422706 -1.991255
0.018984 0.006413 -0.529523 1.109065 0.633153
0.002169 0.039748 -0.312695 0.571949 0.623495
-0.006196 0.053255 -0.106546 0.112648 0.764053
-0.005482 0.047171 0.141507 -0.410719 -0.724633
-0.004810 0.043540 -0.106851 0.219655 1.711168
0.002225 0.026835 0.457003 -1.040833 -0.213242
0.018865 -0.009470 0.376047 -0.785083 -0.625298
0.029643 -0.030395 0.164067 -0.272594 -1.647080
0.025272 -0.016308 -0.380989 0.962548 0.949566
0.016526 0.005984 -0.057971 0.167590 1.209701
0.022261 -0.005941 0.343530 -0.753279 -0.741046
0.030967 -0.023778 0.093039 -0.150641 0.366698
0.037152 -0.035746 0.216009 -0.445945 -1.784355
0.033935 -0.026392 -0.374996 0.896797 0.583937
0.023010 -0.001261 -0.172525 0.372002 -0.126987
0.015321 0.015081 -0.212129 0.447264 -0.002596
0.006850 0.032801 -0.211755 0.442352 1.153418
0.006040 0.033004 0.169904 -0.420049 -0.247741
0.011047 0.021374 0.081060 -0.167270 -0.018625
0.014087 0.015732 0.071136 -0.116639 0.298149
0.018857 0.007052 0.167223 -0.316294 0.211746
0.026885 -0.008223 0.234240 -0.448590 -0.737446
0.031293 -0.014385 -0.012810 0.131113 -0.218321
0.029375 -0.006251 -0.083060 0.275134 0.828301
0.031612 -0.008441 0.193958 -0.375925 -2.256536
0.024316 0.011539 -0.556440 1.354597 2.287637
0.017448 0.029094 0.209867 -0.447782 0.700148
0.030361 0.001748 0.435590 -0.918416 -2.651404
0.029998 0.007060 -0.450646 1.155955 2.016072
0.025535 0.020998 0.224738 -0.433843 0.469716
0.037529 -0.002457 0.374954 -0.739300 -0.310763
0.050346 -0.026277 0.266754 -0.460341 -0.760537
0.055939 -0.032962 0.013951 0.116594 0.252624
0.058262 -0.033054 0.101815 -0.117916 -0.738731
0.057471 -0.026997 -0.140620 0.414517 0.138196
0.052883 -0.013678 -0.089271 0.256286 0.388294
0.051960 -0.010011 0.042542 -0.067699 0.401207
0.056338 -0.018985 0.176054 -0.378421 -1.479268
0.053522 -0.011297 -0.315269 0.748561 1.956095
0.054058 -0.012632 0.339709 -0.793882 -2.465667
0.051150 -0.005706 -0.482294 1.114771 1.256061
0.040392 0.018004 -0.057644 0.089882 0.770218
0.043180 0.010105 0.196293 -0.478426 -0.309576
0.048874 -0.003364 0.089080 -0.201553 0.800662
0.057736 -0.023497 0.353463 -0.800628 -1.311694
0.063078 -0.034820 -0.084542 0.217779 0.881934
0.065668 -0.040712 0.213066 -0.503351 -1.437273
0.064647 -0.039033 -0.262493 0.572507 -0.812681
0.048914 -0.005291 -0.523977 1.113793 1.738729
0.039701 0.010969 0.060865 -0.277996 -1.119187
0.034624 0.017700 -0.313467 0.603487 1.287200
0.030698 0.021709 0.115539 -0.388258 -0.660022
0.030821 0.017373 -0.108453 0.162869 0.771773
0.031601 0.012255 0.146626 -0.411737 -0.948930
0.031062 0.011234 -0.172384 0.349805 2.761960
0.042563 -0.017375 0.744748 -1.756314 -1.547902
0.061825 -0.061882 0.221264 -0.496226 -2.038626
0.057189 -0.051242 -0.450991 1.009488 0.314299
0.041503 -0.018187 -0.334443 0.654641 0.978360
0.034773 -0.008299 -0.003461 -0.147085 -0.308650
0.032579 -0.009409 -0.105872 0.088047 0.114240
0.029139 -0.007952 -0.066286 -0.013448 -0.872742
0.020699 0.004779 -0.354933 0.643304 1.275453
0.015074 0.010197 0.072028 -0.357300 -1.405934
0.008528 0.018245 -0.397790 0.745809 0.195500
-0.006009 0.044531 -0.329829 0.576097 0.364936
-0.016787 0.062274 -0.209841 0.318321 2.287753
-0.010070 0.041018 0.543647 -1.362440 -1.722155
-0.000075 0.015764 -0.041276 0.074919 -1.384148
-0.010958 0.040323 -0.501668 1.142635 1.771671
-0.019168 0.058315 0.088634 -0.219853 0.354876
-0.013432 0.045773 0.198096 -0.407124 -0.020315
-0.005814 0.031453 0.183238 -0.313005 -0.614300
-0.002695 0.029563 -0.026472 0.210793 1.223673
0.004341 0.019665 0.377064 -0.694991 -0.072168
0.018785 -0.005589 0.345788 -0.574377 0.339754
0.034791 -0.033092 0.454664 -0.802945 -1.556103
0.042572 -0.040972 -0.063583 0.390481 1.709577
0.051537 -0.053010 0.509885 -0.975363 -2.720907
0.053810 -0.050207 -0.393079 1.087223 1.738211
0.049912 -0.035960 0.195773 -0.352188 -0.119127
0.056972 -0.048543 0.157575 -0.280466 -1.670367
0.052232 -0.034854 -0.393011 0.950564 2.109906
0.050761 -0.031271 0.316810 -0.746937 -3.000000
0.043436 -0.014785 -0.679869 1.542653 2.519759
0.033267 0.005840 0.167912 -0.478922 -0.005407
0.039861 -0.012425 0.162161 -0.438505 -0.466660
0.043203 -0.022466 0.005700 -0.070740 -0.395778
0.040836 -0.019612 -0.123632 0.210057 0.077027
0.036478 -0.013098 -0.094538 0.118228 -0.110905
0.032006 -0.007096 -0.129099 0.182130 0.009995
0.026952 -0.000342 -0.123774 0.157248 0.152127
0.023037 0.003422 -0.072209 0.033485 -0.059608
0.019750 0.005743 -0.092135 0.082320 0.683630
0.020611 -0.001413 0.134547 -0.434285 0.257648
0.027644 -0.022165 0.217204 -0.604999 -1.284142
0.027749 -0.026322 -0.210343 0.382418 -0.302088
0.017442 -0.007478 -0.305052 0.561015 -0.178164
0.004158 0.016806 -0.359480 0.656593 0.229009
-0.008635 0.039094 -0.280869 0.464975 1.302940
-0.011223 0.038022 0.149960 -0.505156 -1.085597
-0.012605 0.036068 -0.217650 0.394498 0.158416
-0.020280 0.049764 -0.166512 0.294435 1.370607
-0.017899 0.041328 0.284195 -0.704004 0.205456
-0.005366 0.011951 0.342885 -0.769735 -0.186033
0.006963 -0.014633 0.274403 -0.567556 -0.997675
0.011245 -0.021551 -0.058997 0.209356 0.908670
0.015003 -0.027872 0.245925 -0.516489 -1.986061
0.011611 -0.017954 -0.413409 0.993273 0.882869
0.001134 0.006509 -0.112062 0.245212 1.140491
0.004257 -0.001342 0.267016 -0.627079 -1.790368
0.002932 0.001927 -0.331146 0.771540 0.844558
-0.004587 0.018867 -0.046187 0.088481 0.702748
-0.001792 0.011973 0.185226 -0.427341 -1.441814
-0.004070 0.017919 -0.297441 0.709814 0.585858
-0.012008 0.036825 -0.100549 0.245848 1.025839
-0.009259 0.031488 0.236934 -0.503284 -0.835022
-0.005487 0.025626 -0.047178 0.199245 1.231362
0.000781 0.015065 0.359381 -0.716622 -1.479994
0.005162 0.010492 -0.138429 0.470433 1.305385
0.008347 0.008922 0.296172 -0.535127 0.802571
0.025423 -0.023842 0.557336 -1.101512 -1.211659
0.039535 -0.048333 0.150272 -0.141692 -0.707237
0.040922 -0.044040 -0.080216 0.350315 -0.821877
0.032392 -0.018857 -0.345934 0.906166 1.415458
0.028143 -0.005960 0.131490 -0.242695 -0.032937
0.033155 -0.014934 0.119314 -0.208262 0.381723
0.040463 -0.029155 0.245892 -0.501468 -1.663710
0.039218 -0.023637 -0.306280 0.760785 0.957999
0.033503 -0.009447 0.019018 -0.037323 -0.967754
0.027838 0.003797 -0.301388 0.691922 1.365403
0.024957 0.009701 0.155604 -0.380502 -1.738912
0.019532 0.021968 -0.424993 0.977119 1.203478
0.010631 0.041822 -0.021919 0.033034 0.393438
0.012278 0.038077 0.103898 -0.217489 0.284087
0.018199 0.026237 0.192154 -0.374678 -0.066950
0.025318 0.013434 0.164190 -0.269452 0.549311
0.035461 -0.005063 0.342728 -0.653699 -0.428862
0.046222 -0.023819 0.196220 -0.292915 0.107285
0.054785 -0.037298 0.232056 -0.382456 -1.005466
0.057400 -0.037477 -0.100154 0.363015 1.058436
0.060564 -0.040516 0.257101 -0.503383 -1.070536
0.063739 -0.044455 -0.097013 0.294377 -0.753833
0.054985 -0.022496 -0.340345 0.800914 1.699484
0.052844 -0.018121 0.231097 -0.562195 -2.822724
0.043265 0.003116 -0.707124 1.598047 2.390902
0.031117 0.028288 0.096222 -0.307386 -0.535579
0.031292 0.025321 -0.086720 0.152020 1.141498
0.035378 0.014297 0.289952 -0.693612 0.678449
0.051348 -0.022574 0.508524 -1.150728 -1.643265
0.060632 -0.042322 -0.041908 0.140947 0.376020
0.061568 -0.043589 0.088215 -0.199767 -1.491243
0.055246 -0.029409 -0.402936 0.896382 0.985985
0.045885 -0.010544 -0.066687 0.062216 -0.073183
0.042763 -0.007228 -0.089412 0.103674 -0.529443
0.035696 0.004779 -0.263562 0.493543 1.287545
0.033782 0.004223 0.166315 -0.507377 -1.540993
0.030097 0.008411 -0.348772 0.700645 1.139095
0.023810 0.018231 0.032821 -0.195053 -0.504012
0.021699 0.018888 -0.137734 0.222185 -0.189281
0.014921 0.030859 -0.201162 0.376562 1.346335
0.015813 0.025506 0.244339 -0.631203 -1.840836
0.013189 0.030001 -0.373393 0.836194 2.880216
0.017462 0.018859 0.583922 -1.364849 -1.136281
0.033008 -0.015979 0.195509 -0.397480 -2.363843
0.025075 0.004635 -0.589755 1.407037 2.189713
0.016249 0.025553 0.145289 -0.332364 -0.669691
0.017494 0.023622 -0.082128 0.227624 1.891762
0.026767 0.003963 0.543997 -1.194680 -1.363837
0.039259 -0.021140 0.082788 -0.081122 0.195245
0.043898 -0.027722 0.149021 -0.247000 -0.669679
0.045424 -0.027592 -0.071964 0.246622 0.258917
0.044361 -0.022633 0.018374 0.005672 -0.866913
0.039377 -0.009584 -0.266857 0.640479 0.524425
0.032305 0.006939 -0.087706 0.195203 0.394293
0.031430 0.008630 0.043450 -0.106111 -0.186823
0.031886 0.007637 -0.020388 0.054057 -0.678217
0.026546 0.020364 -0.246029 0.577435 0.069617
0.017207 0.042135 -0.221472 0.516289 2.555404
0.025317 0.023917 0.624442 -1.404315 0.036823
0.050268 -0.030349 0.624206 -1.320712 -1.536583
0.064878 -0.058494 0.108810 -0.109628 -0.429727
0.066482 -0.057464 -0.028187 0.157563 -0.750975
0.060510 -0.041153 -0.269980 0.654374 -0.107451
0.049183 -0.015119 -0.296853 0.652468 1.480600
0.047288 -0.012955 0.200247 -0.527291 -0.081103
0.054706 -0.032364 0.171114 -0.448118 -1.715603
0.050144 -0.024073 -0.397361 0.846257 0.001641
0.034441 0.008096 -0.388487 0.769571 0.032951
0.019221 0.037562 -0.373195 0.710398 0.272728
0.006131 0.061748 -0.282079 0.506666 1.378465
0.003944 0.061702 0.171163 -0.494907 0.540644
0.014170 0.035748 0.340167 -0.803745 0.675359
0.032064 -0.004832 0.554630 -1.227345 -1.825739
0.041924 -0.024309 -0.058993 0.229008 0.191439
0.040921 -0.018918 0.008461 0.044207 -0.567686
0.037527 -0.008887 -0.177698 0.453600 0.552953
0.034181 -0.000010 0.009545 -0.001618 0.064054
0.034985 -0.001017 0.030567 -0.048258 -0.657493
0.031824 0.007236 -0.187964 0.455455 1.128809
0.031863 0.007714 0.188523 -0.419191 -0.237301
0.037740 -0.004628 0.105892 -0.203367 -0.097716
0.041300 -0.011056 0.072374 -0.120485 0.370958
0.046664 -0.021630 0.195586 -0.406266 -1.069165
0.047359 -0.021381 -0.159603 0.407349 2.126397
0.055223 -0.038748 0.550501 -1.255542 -0.017160
0.077013 -0.087876 0.539994 -1.211137 -2.227212
0.083842 -0.102732 -0.195517 0.441363 0.063685
0.076737 -0.088987 -0.160255 0.251184 -1.867421
0.058162 -0.052759 -0.767427 1.550310 0.294368
0.029773 0.001472 -0.653485 1.176901 1.614304
0.014553 0.022228 -0.109931 -0.116684 -0.565912
0.006331 0.026941 -0.300557 0.346754 0.411891
-0.002954 0.034670 -0.164327 0.045479 -0.588437
-0.013505 0.046284 -0.362695 0.530678 1.543973
-0.017769 0.044228 0.147772 -0.617829 -2.191635
-0.026618 0.055013 -0.587642 1.134332 2.027628
-0.036600 0.069129 0.085784 -0.403632 -0.604652
-0.037400 0.064415 -0.124872 0.159224 1.336658
-0.033635 0.051635 0.311935 -0.787740 0.365363
-0.018964 0.016805 0.422003 -0.958311 -0.556215
-0.005972 -0.011271 0.228928 -0.458034 -0.768165
-0.001974 -0.017400 -0.027997 0.141947 -0.226070
-0.004543 -0.008801 -0.100370 0.287655 0.886244
-0.002604 -0.011458 0.196276 -0.411230 0.141419
0.006146 -0.029756 0.241417 -0.505940 -1.645036
0.004848 -0.024714 -0.304496 0.741590 0.659199
-0.002784 -0.006701 -0.078302 0.170552 0.439750
-0.002953 -0.006982 0.069305 -0.179716 -0.236635
-0.001770 -0.010420 -0.009781 0.004518 -0.981334
-0.008668 0.004626 -0.334263 0.740441 -0.007899
-0.021991 0.033519 -0.332477 0.710349 1.429364
-0.025756 0.039869 0.142394 -0.376242 0.818520
-0.014766 0.013722 0.406756 -0.928652 -1.889629
-0.011241 0.007207 -0.228078 0.580462 0.869490
-0.014514 0.016503 0.063189 -0.104129 1.171945
-0.004249 -0.005099 0.449129 -0.968190 -0.933641
0.007364 -0.028266 0.133162 -0.205530 0.708022
0.017424 -0.047695 0.369340 -0.761870 -1.438825
0.022619 -0.056161 -0.107706 0.321538 -0.695737
0.013855 -0.034323 -0.330244 0.768507 -0.768234
-0.004275 0.006430 -0.576249 1.270241 2.017988
-0.013726 0.024732 0.100860 -0.328900 0.265766
-0.008030 0.008543 0.183970 -0.481617 -1.027579
-0.007602 0.005944 -0.161216 0.339623 -0.178885
-0.015205 0.021998 -0.219046 0.464530 0.751737
-0.018949 0.028966 0.030813 -0.106699 -0.358978
-0.020188 0.031065 -0.092342 0.207669 1.754843
-0.012254 0.012916 0.487411 -1.100541 -0.684313
0.002490 -0.018780 0.251293 -0.498998 -1.986099
-0.000708 -0.007961 -0.409063 1.020847 1.612105
-0.006180 0.006599 0.133204 -0.271793 -0.400901
-0.003580 0.002445 -0.002601 0.058646 0.517944
-0.000240 -0.003145 0.169069 -0.333782 -0.716716
0.001706 -0.005070 -0.070853 0.229270 -0.029402
-0.001283 0.004171 -0.078765 0.234547 0.984693
0.002137 -0.001749 0.248729 -0.521128 -1.822437
-0.000117 0.006104 -0.359396 0.895440 0.316039
-0.012273 0.036055 -0.249421 0.612065 2.427629
-0.006101 0.023349 0.555455 -1.224360 -1.337066
0.006980 -0.002865 0.100797 -0.107085 0.130510
0.011863 -0.009030 0.143318 -0.201079 -1.197099
0.009615 0.001424 -0.254498 0.713028 1.678762
0.010700 0.003281 0.306670 -0.601330 0.029643
0.023058 -0.020301 0.311709 -0.582723 -0.524490
0.031987 -0.035203 0.135696 -0.171149 -0.284397
0.035570 -0.038228 0.043790 0.016599 0.170215
0.038535 -0.041045 0.104274 -0.155587 -0.034023
0.042543 -0.047452 0.096230 -0.165925 -1.221036
0.038351 -0.036202 -0.304689 0.718396 0.960451
0.032737 -0.023977 0.022545 -0.093451 -0.782904
0.028470 -0.016090 -0.235200 0.481334 -0.422380
0.016359 0.008669 -0.370342 0.757635 1.872843
0.014098 0.009428 0.254989 -0.699102 -1.039499
0.017255 -0.001380 -0.095647 0.144735 0.275781
0.015287 -0.000020 -0.003108 -0.073377 -1.358410
0.006114 0.018047 -0.454253 0.965628 2.772314
0.006487 0.013262 0.469694 -1.175792 -0.620004
0.020941 -0.022332 0.254522 -0.618752 -0.565913
0.027311 -0.038049 0.065001 -0.176534 -0.715227
0.025212 -0.034749 -0.169241 0.335024 -0.620915
0.014440 -0.013036 -0.369144 0.749159 0.532801
0.003361 0.007471 -0.185910 0.286771 0.536350
-0.000481 0.010523 -0.006880 -0.127737 -1.034132
-0.007678 0.021746 -0.351911 0.679717 0.608222
-0.017655 0.039226 -0.148024 0.204497 0.320968
-0.021499 0.043154 -0.044613 -0.004352 0.256560
-0.021677 0.040089 0.035546 -0.147473 -0.631428
-0.024568 0.045046 -0.179379 0.388747 1.383756
-0.022591 0.039943 0.276792 -0.630632 -0.572541
-0.015516 0.025319 0.078006 -0.110686 -0.649469
-0.016795 0.031647 -0.141254 0.420862 0.311119
-0.020390 0.043928 -0.039104 0.198804 1.347493
-0.013072 0.032015 0.403754 -0.783176 -0.818987
-0.002567 0.015105 0.122855 -0.075492 1.270342
0.010741 -0.006924 0.541547 -1.017136 -0.799646
0.026934 -0.034073 0.269655 -0.355115 -1.174462
0.029922 -0.030514 -0.118971 0.521494 0.171510
0.026441 -0.013641 -0.055687 0.328173 0.475579
0.027448 -0.008525 0.105347 -0.065855 0.062257
0.032077 -0.012177 0.126067 -0.116719 -0.208775
0.035732 -0.013716 0.056955 0.037271 0.365378
0.007264 0.000829 -0.004006 -0.001546 -0.161562
0.006023 0.003309 -0.057874 0.124278 0.851530
0.009380 -0.004853 0.224888 -0.524898 -2.141421
0.004059 0.007678 -0.488637 1.130696 1.227187
-0.007173 0.032764 -0.074989 0.142636 -0.203849
-0.011583 0.042210 -0.145422 0.328883 1.117906
-0.010017 0.038801 0.222521 -0.488521 0.396694
0.001356 0.014768 0.346242 -0.714783 -0.003491
0.015034 -0.012426 0.338282 -0.651185 -0.701729
0.023820 -0.027067 0.102134 -0.091672 -0.600510
0.023951 -0.021973 -0.095011 0.341296 1.633456
0.031109 -0.034332 0.451139 -0.943512 -0.853447
0.043406 -0.058471 0.165272 -0.277824 -0.788840
0.044858 -0.058444 -0.091816 0.271440 -0.569557
0.037567 -0.040536 -0.272552 0.622677 0.611816
0.030915 -0.026759 -0.061093 0.076455 -0.488057
0.025296 -0.016898 -0.219547 0.413848 0.371122
0.019083 -0.006960 -0.091799 0.089551 -0.789598
0.010187 0.008502 -0.352340 0.678348 0.726985
0.001014 0.023791 -0.107555 0.097342 -0.141106
-0.004265 0.030306 -0.156329 0.227872 0.936073
-0.004328 0.025484 0.152245 -0.460279 -1.408506
-0.007734 0.029944 -0.320884 0.668303 1.168366
-0.012768 0.038585 0.067615 -0.221947 -0.820356
-0.015641 0.043528 -0.210294 0.460443 0.685317
-0.019528 0.051874 0.014969 -0.034430 1.318252
-0.010292 0.031576 0.445814 -0.971605 -0.272369
0.005506 -0.001031 0.345138 -0.669354 -0.596613
0.015236 -0.017721 0.142443 -0.175432 -0.048753
0.020614 -0.024120 0.126665 -0.146204 0.047758
0.026023 -0.031021 0.143821 -0.199477 -0.225462
0.030309 -0.035949 0.070804 -0.050024 0.140660
0.034143 -0.040835 0.120788 -0.193256 -0.687968
0.034457 -0.038660 -0.104361 0.295612 1.332980
0.039273 -0.048548 0.343662 -0.776809 -1.651551
0.042029 -0.054355 -0.203791 0.467669 0.698341
0.038710 -0.048212 0.036770 -0.150675 -1.606648
0.029583 -0.030481 -0.491675 1.024511 1.209371
0.018183 -0.010122 -0.080240 0.011530 -1.212489
0.006934 0.008743 -0.481157 0.922677 1.765014
-0.000450 0.017536 0.109628 -0.461754 -1.613460
-0.006904 0.024901 -0.430495 0.813490 0.482969
-0.020843 0.049547 -0.267504 0.429195 0.990713
-0.025003 0.052138 0.058297 -0.289003 0.114332
-0.022072 0.040455 0.088454 -0.297322 -0.209512
-0.020065 0.033151 0.012387 -0.072430 0.502434
-0.016317 0.023447 0.174682 -0.409956 -0.413617
-0.012199 0.014535 0.031913 -0.042542 0.845454
-0.005343 0.000283 0.310206 -0.664201 -1.780769
-0.004888 0.002011 -0.285296 0.731371 1.788332
-0.004303 0.002905 0.312351 -0.666878 -0.938290
0.001837 -0.008353 -0.004001 0.091103 -0.399311
-0.000953 0.001154 -0.135209 0.382036 -0.095184
-0.006945 0.017457 -0.164602 0.435630 1.706056
-0.002160 0.008547 0.402002 -0.864716 -1.382481
0.004567 -0.003404 -0.063679 0.249196 0.427302
0.004902 -0.000368 0.079801 -0.092005 0.226606
0.009581 -0.007370 0.154068 -0.257189 0.580858
0.019579 -0.026364 0.345473 -0.690150 -1.997566
0.020061 -0.022946 -0.319082 0.840292 1.141257
0.015061 -0.008478 0.067394 -0.100869 0.101697
0.018432 -0.014095 0.101130 -0.180035 -0.548219
0.018830 -0.012921 -0.080615 0.233168 -0.378346
0.013148 0.001647 -0.203344 0.494472 0.406911
0.007788 0.014593 -0.065424 0.160097 0.735388
0.010050 0.009867 0.177747 -0.389617 -0.333454
0.014855 0.000196 0.063174 -0.099882 -0.377005
0.014854 0.002174 -0.062836 0.194993 1.315510
0.021111 -0.010406 0.374353 -0.812311 -0.700569
0.031319 -0.031252 0.137374 -0.242206 -1.485669
0.026962 -0.018491 -0.353792 0.867314 1.499012
0.022949 -0.008375 0.151126 -0.342590 -0.557061
0.025252 -0.013219 -0.035232 0.093297 0.041314
0.024158 -0.010516 -0.019616 0.043109 -0.372401
0.020922 -0.003335 -0.141857 0.313587 0.727262
0.020138 -0.002424 0.101719 -0.259817 -0.427530
0.021325 -0.005920 -0.041739 0.079541 -0.122184
0.018865 -0.001068 -0.081229 0.162860 -0.112154
0.014894 0.006964 -0.117359 0.239279 0.013952
0.010311 0.016201 -0.112031 0.224599 0.300387
0.007822 0.020686 -0.012835 0.003674 0.186798
0.008502 0.018480 0.046673 -0.112788 -0.523644
0.006823 0.022632 -0.130022 0.315218 2.054705
0.015280 0.003832 0.550885 -1.237311 -1.801691
0.025130 -0.016196 -0.055798 0.211511 1.559384
0.033332 -0.032306 0.464333 -1.002988 -1.802552
0.039834 -0.044133 -0.136806 0.389503 -1.232994
0.026315 -0.011130 -0.538492 1.255254 1.197848
0.012955 0.018780 -0.131607 0.260197 1.308142
0.016386 0.009223 0.301819 -0.726153 -1.051762
0.021328 -0.002442 -0.053162 0.128619 -0.471293
0.016088 0.009754 -0.208543 0.478692 0.488845
0.011045 0.021020 -0.044430 0.092272 1.687341
0.020454 -0.000801 0.513354 -1.170016 -2.126560
0.026662 -0.013346 -0.200087 0.516516 0.734978
0.023651 -0.004937 0.048444 -0.085923 -0.183307
0.024363 -0.005517 -0.012613 0.054806 0.913777
0.029953 -0.017526 0.291255 -0.647717 -1.387158
0.032314 -0.021632 -0.171478 0.426461 -0.067616
0.025114 -0.004568 -0.188830 0.430049 -0.065071
0.017200 0.012991 -0.207161 0.451083 1.843751
0.021213 0.002450 0.405864 -0.960473 -1.171042
0.029504 -0.016600 0.010482 -0.009183 -0.490184
0.026694 -0.009773 -0.150521 0.346908 0.218191
0.022196 0.000098 -0.074883 0.151355 -0.528006
0.015708 0.014102 -0.249164 0.546065 2.003623
0.019117 0.004805 0.417403 -0.991255 -2.385761
0.019778 0.003283 -0.381389 0.888490 0.982032
0.011179 0.022666 -0.050196 0.095689 -0.096190
0.008491 0.028410 -0.084149 0.191311 0.599713
0.009075 0.027302 0.112658 -0.240854 0.527209
0.016985 0.010570 0.282624 -0.594114 0.052151
0.028517 -0.012913 0.294441 -0.584799 -0.883143
0.034354 -0.022214 -0.001324 0.108132 0.810239
0.039750 -0.030950 0.270283 -0.537580 -1.966374
0.037467 -0.022224 -0.382335 0.954772 1.762732
0.034087 -0.012862 0.211025 -0.464968 -2.028860
0.028987 0.000069 -0.463890 1.092260 2.225120
0.025394 0.008157 0.281372 -0.661560 -0.072753
0.036043 -0.016075 0.251668 -0.556330 0.126292
0.046896 -0.039858 0.291321 -0.636392 -1.144173
0.050930 -0.047799 -0.088096 0.225547 -0.092115
0.046932 -0.038740 -0.111980 0.229123 0.983996
0.049115 -0.045851 0.220028 -0.574730 -1.998238
0.044646 -0.038459 -0.441312 0.924915 1.418178
0.036651 -0.025335 0.039519 -0.249837 -0.574681
0.034430 -0.026734 -0.149885 0.173691 -0.101126
0.027850 -0.019062 -0.179191 0.210894 -0.966531
0.014331 0.003521 -0.496129 0.912893 0.607559
-0.001339 0.029589 -0.288647 0.402902 0.940375
-0.006634 0.031444 0.022790 -0.299876 -0.536119
-0.009401 0.028837 -0.160391 0.162555 -0.161872
-0.016931 0.038306 -0.216082 0.310661 0.630604
-0.021419 0.041563 -0.009116 -0.140778 -0.603262
-0.025909 0.046373 -0.214677 0.374999 1.810793
-0.022507 0.034215 0.382995 -0.966744 -1.709649
-0.018782 0.023918 -0.194432 0.430394 1.819271
-0.014452 0.013218 0.409034 -0.948243 -1.836170
-0.010482 0.005112 -0.208125 0.520742 1.700836
-0.007431 -0.000724 0.358771 -0.795211 -1.829027
-0.005370 -0.003344 -0.253484 0.643454 1.330208
-0.006561 0.001061 0.192230 -0.407534 -1.176492
-0.006767 0.003447 -0.201150 0.514324 1.372085
-0.005621 0.002375 0.256825 -0.553120 -2.612854
-0.012823 0.021230 -0.614099 1.471017 2.508725
-0.020533 0.040134 0.225113 -0.494012 -0.704580
-0.016383 0.032824 -0.016578 0.118524 -0.222291
-0.018587 0.041629 -0.093457 0.320627 0.758961
-0.017332 0.043401 0.155321 -0.223961 0.732011
-0.006391 0.024569 0.391319 -0.714583 -0.263065
0.007339 0.001605 0.296031 -0.441966 -1.016529
0.012337 0.000227 -0.044877 0.361540 2.216653
0.025330 -0.019789 0.692257 -1.342344 -1.185417
0.044964 -0.053893 0.291662 -0.383451 -0.407570
0.053973 -0.063671 0.159416 -0.111304 -1.304285
0.051798 -0.049421 -0.267051 0.813895 2.854722
0.060319 -0.062842 0.689737 -1.455214 -1.159453
0.080113 -0.102775 0.302316 -0.562839 -2.677535
0.074584 -0.086075 -0.576326 1.375118 2.443984
0.068156 -0.072248 0.251701 -0.653385 -2.630836
0.060811 -0.058905 -0.616305 1.296405 0.634950
0.040705 -0.019853 -0.390586 0.672291 -0.551288
0.021564 0.014170 -0.566526 1.030577 -0.029658
-0.001162 0.054817 -0.570576 1.010035 1.845712
-0.011686 0.066900 0.041909 -0.383557 -0.845246
-0.015830 0.066590 -0.247959 0.357686 0.849829
-0.020197 0.068992 0.028636 -0.228837 1.377909
-0.010084 0.040675 0.476171 -1.179814 -1.279071
0.000186 0.015673 0.039426 -0.090233 0.348516
0.004028 0.007235 0.152471 -0.329951 -0.215082
0.008626 -0.002008 0.077860 -0.136760 0.424112
0.014540 -0.013817 0.217590 -0.451602 -0.543778
0.019584 -0.023205 0.035455 -0.025679 0.670119
0.025502 -0.034988 0.259850 -0.558299 -2.545752
0.018956 -0.018271 -0.584533 1.370697 1.458943
0.005524 0.011926 -0.089485 0.162109 0.809767
0.007326 0.006069 0.178753 -0.447586 -1.473930
0.004588 0.011587 -0.314012 0.708342 2.060985
0.005814 0.007625 0.372944 -0.884917 -1.309223
0.011868 -0.006260 -0.068344 0.173097 -0.003992
0.009144 0.000388 -0.068002 0.160780 0.129809
0.007307 0.004658 -0.024090 0.055068 0.542358
0.009945 -0.001398 0.155482 -0.353331 -0.170915
0.014973 -0.012426 0.096354 -0.202411 0.401689
0.021492 -0.026673 0.229386 -0.508419 -0.898093
0.024673 -0.033124 -0.069122 0.174950 -0.515762
0.018576 -0.019173 -0.235497 0.520525 -0.675215
0.004784 0.010916 -0.453949 0.983385 1.969664
-0.000150 0.018974 0.204691 -0.557168 -0.773564
0.002763 0.009791 -0.057861 0.087171 -0.325999
-0.001731 0.018434 -0.166619 0.343095 0.634569
-0.004168 0.022420 0.043973 -0.136222 1.396719
0.006807 -0.003740 0.503697 -1.162689 -1.035770
0.019893 -0.032831 0.152476 -0.309712 -1.105662
0.018661 -0.028557 -0.212854 0.512737 0.062285
0.010699 -0.010315 -0.185753 0.404492 -0.480418
0.000155 0.012502 -0.341361 0.736203 1.683089
-0.002223 0.015442 0.220366 -0.570247 -1.722269
-0.004988 0.020247 -0.356582 0.792257 1.490718
-0.009265 0.028499 0.140755 -0.361731 0.277532
-0.001911 0.010952 0.227041 -0.516922 -0.262654
0.005317 -0.004705 0.134990 -0.272409 -1.736515
-0.000871 0.011375 -0.442588 1.060814 1.356753
-0.009419 0.031859 0.013072 -0.017193 0.746456
-0.004011 0.020518 0.256737 -0.544750 -0.058904
0.005733 0.000881 0.230964 -0.442408 -0.806170
0.009533 -0.003772 -0.039869 0.199790 -0.393537
0.005352 0.009957 -0.168972 0.485371 1.162122
0.006368 0.011149 0.218347 -0.412904 0.388668
0.017593 -0.010482 0.342907 -0.669318 -1.159159
0.023514 -0.018751 -0.045302 0.241376 0.021837
0.021918 -0.010144 -0.034705 0.191388 -0.444170
0.017620 0.003890 -0.179954 0.508617 1.735286
0.022027 -0.002969 0.398351 -0.834091 -1.379413
0.028659 -0.014051 -0.064839 0.262381 0.820471
0.031588 -0.016793 0.210318 -0.390845 -1.327693
0.031142 -0.011857 -0.231158 0.624385 -0.223678
0.020523 0.015489 -0.300102 0.746597 1.305323
0.017274 0.024713 0.135883 -0.269238 0.909388
0.028656 0.000954 0.432689 -0.914432 -0.279854
0.043954 -0.030035 0.333219 -0.644933 -1.264942
0.048834 -0.036207 -0.087615 0.321471 0.815594
0.050876 -0.037096 0.188722 -0.356621 -0.552038
0.054778 -0.043235 0.007126 0.042810 -1.149955
0.047515 -0.024898 -0.369368 0.866306 -0.052148
0.032577 0.008859 -0.378231 0.828688 1.013709
0.024294 0.025571 -0.037501 0.021658 -0.090815
0.022134 0.028435 -0.070435 0.120721 -0.697997
0.014626 0.044517 -0.304347 0.678611 2.475498
0.018908 0.033867 0.515817 -1.187322 -0.760809
0.034222 0.000469 0.251511 -0.498674 0.345946
0.046500 -0.024072 0.362507 -0.729916 -0.513291
0.057523 -0.044927 0.189673 -0.322811 -1.853765
0.052830 -0.029969 -0.422511 1.054599 0.062615
0.036567 0.009192 -0.391578 0.913127 1.247860
0.029318 0.025584 0.027269 -0.076264 1.070040
0.037453 0.006837 0.378638 -0.853962 -1.467454
0.042688 -0.003434 -0.114905 0.321837 0.296286
0.040114 0.004419 -0.014324 0.075867 0.070014
0.040003 0.006422 0.008669 0.025379 0.199773
0.041663 0.004526 0.074134 -0.118529 -0.066265
0.044154 0.001110 0.050579 -0.053881 0.204309
0.047520 -0.004044 0.117584 -0.202716 -1.377145
0.043035 0.009226 -0.340435 0.853996 2.002655
0.042841 0.011741 0.328299 -0.705818 -0.309280
0.053777 -0.010481 0.219350 -0.413774 -0.689125
0.057922 -0.016092 -0.011181 0.124521 0.152737
0.058539 -0.013954 0.041804 -0.015259 0.635102
0.064459 -0.024582 0.253613 -0.511256 -1.683681
0.063377 -0.019024 -0.305808 0.772299 1.664548
0.062372 -0.015136 0.253405 -0.558477 -1.965094
0.059382 -0.006855 -0.400729 0.952984 1.617128
0.054266 0.005026 0.142691 -0.338411 0.006057
0.059947 -0.007995 0.141670 -0.315578 -1.611890
0.054858 0.004421 -0.394459 0.921488 2.533643
0.056059 0.001269 0.451516 -1.052036 -1.957690
0.060931 -0.009262 -0.205315 0.501577 1.584991
0.063354 -0.014396 0.324651 -0.741836 -0.140893
0.075318 -0.041210 0.274262 -0.606077 -2.293928
0.071033 -0.030367 -0.486084 1.126265 1.723643
0.063289 -0.013963 0.096441 -0.283198 -1.390393
0.057885 -0.003844 -0.365215 0.776310 1.536916
0.053624 0.002502 0.150202 -0.440619 -1.882173
0.047039 0.014475 -0.477443 1.021063 2.870829
0.047157 0.010233 0.479986 -1.202836 -2.147043
0.051867 -0.003016 -0.241559 0.513707 1.721171
0.053737 -0.009632 0.333073 -0.827037 -1.272767
0.058487 -0.022247 -0.093721 0.179591 0.321628
0.056953 -0.020727 0.016537 -0.099369 -0.904958
0.051625 -0.011118 -0.282079 0.572334 -0.327546
0.038274 0.015818 -0.385667 0.776869 0.809741
0.028315 0.033820 -0.113638 0.135913 2.082085
0.037560 0.007930 0.574041 -1.414105 -1.668806
0.049186 -0.020889 0.009961 -0.051740 0.125450
0.050456 -0.025267 0.053418 -0.166441 0.126977
0.053466 -0.034207 0.097106 -0.280690 -2.227784
0.042568 -0.011619 -0.639945 1.391375 1.310071
0.025921 0.021813 -0.194717 0.302177 -0.463115
0.015050 0.041144 -0.348630 0.663097 1.209394
0.009153 0.049224 0.052176 -0.244613 1.267927
0.019522 0.021493 0.465479 -1.135257 0.367724
0.040364 -0.027515 0.577234 -1.322098 -2.330684
0.047811 -0.043463 -0.201670 0.495675 -0.323441
0.037762 -0.020304 -0.300977 0.664473 -0.605641
0.021838 0.014255 -0.495235 1.064685 2.049093
0.015786 0.024318 0.189911 -0.536926 -0.544640
0.019622 0.012523 0.002861 -0.061782 -1.069674
0.012582 0.026893 -0.353842 0.771360 2.594965
0.015739 0.017542 0.508849 -1.213057 -1.152200
0.028203 -0.011214 0.116356 -0.243996 0.263998
0.034597 -0.024925 0.203296 -0.441472 -1.866052
0.030302 -0.013878 -0.416052 0.976216 1.435335
0.023384 0.001531 0.068023 -0.186433 1.046648
0.033032 -0.021685 0.413606 -0.967939 -1.786530
0.037593 -0.032145 -0.183179 0.423182 -0.474890
0.027240 -0.009201 -0.334430 0.724398 0.670169
0.018449 0.008332 -0.106305 0.163589 0.513865
0.017620 0.006991 0.064250 -0.225454 0.007580
0.020188 -0.001646 0.064377 -0.208315 0.613455
0.026814 -0.019128 0.266527 -0.662883 -1.429342
0.027908 -0.023217 -0.210007 0.442099 1.109735
0.027007 -0.023675 0.163542 -0.452550 -2.967412
0.013794 0.003886 -0.821220 1.804592 1.522324
-0.008662 0.050399 -0.304514 0.548431 0.448795
-0.017889 0.065930 -0.157653 0.235686 1.246189
-0.016030 0.057532 0.249457 -0.645025 0.486234
-0.003046 0.026507 0.399883 -0.908758 -0.439621
0.009824 -0.001220 0.244762 -0.488920 -0.835599
0.013978 -0.007270 -0.035890 0.175884 0.669425
0.017032 -0.010880 0.187854 -0.349691 0.714584
0.029264 -0.035586 0.423362 -0.882904 -1.948946
0.033179 -0.040601 -0.225162 0.610055 0.753494
0.029361 -0.029482 0.033064 -0.042850 -0.840722
0.025148 -0.018876 -0.242995 0.566740 0.761324
0.020617 -0.009061 0.015298 -0.065181 -0.053928
0.020878 -0.010927 -0.002158 -0.029022 0.278813
0.022664 -0.016551 0.091216 -0.250198 -0.377183
0.023801 -0.020782 -0.033858 0.033843 -0.168733
0.021374 -0.017331 -0.087386 0.137913 -0.299170
0.015947 -0.007773 -0.183840 0.339067 -0.488137
0.005414 0.012688 -0.342649 0.683202 1.263055
0.000184 0.020032 0.079453 -0.300705 -0.687813
-0.001305 0.019469 -0.152983 0.264524 0.569168
-0.003644 0.021443 0.035336 -0.159450 0.152705
-0.001289 0.013467 0.082426 -0.239794 -1.468701
-0.007830 0.027107 -0.407944 0.908248 1.537568
-0.013849 0.039293 0.104874 -0.279645 1.084597
-0.002575 0.012784 0.458179 -1.040544 -0.484334
0.012339 -0.019669 0.288825 -0.594761 -0.828026
0.018333 -0.030363 0.012085 0.048799 -0.009961
0.018820 -0.028989 0.012223 0.020580 -1.095866
0.012084 -0.011998 -0.348127 0.821165 0.098803
-0.001036 0.017993 -0.308643 0.686235 1.196583
-0.005363 0.026608 0.090690 -0.240710 0.688370
0.002744 0.007387 0.314267 -0.717509 -0.439623
0.012260 -0.013389 0.162549 -0.330821 -0.118287
0.017951 -0.024633 0.122320 -0.234997 -0.906298
0.016831 -0.020334 -0.177354 0.441328 -0.751945
0.004843 0.007848 -0.421747 0.966002 1.683385
-0.000704 0.019561 0.142097 -0.359311 -1.506633
-0.005143 0.029303 -0.362355 0.831516 3.000000
0.000369 0.016124 0.634726 -1.461183 -1.821096
0.013383 -0.011980 0.018772 0.029566 0.871586
0.019957 -0.024462 0.309116 -0.646632 -1.226748
0.024114 -0.031155 -0.099645 0.297350 -0.456617
0.017201 -0.013329 -0.245884 0.593337 0.986729
0.014046 -0.005819 0.086716 -0.205131 -0.593793
0.013543 -0.004724 -0.111170 0.253631 -0.112778
0.008391 0.006743 -0.146513 0.321074 1.882349
0.015082 -0.009567 0.479138 -1.119603 -1.928020
0.021271 -0.023425 -0.167040 0.402467 -0.714080
0.009949 0.002599 -0.398772 0.896979 1.216221
0.002216 0.018694 0.010281 -0.075325 0.584520
0.006459 0.007275 0.201445 -0.492047 0.359097
0.016811 -0.017059 0.316256 -0.726207 -2.022997
0.015930 -0.014424 -0.357946 0.836577 1.420401
0.011217 -0.004198 0.120300 -0.307223 -0.826395
0.010491 -0.003441 -0.155583 0.336199 1.243536
0.012596 -0.009591 0.259426 -0.631340 -0.343250
0.020612 -0.028915 0.142217 -0.342780 -1.517727
0.016217 -0.019501 -0.360397 0.799401 0.366757
0.004403 0.005355 -0.231288 0.453153 -1.093533
-0.012065 0.039830 -0.591469 1.265716 1.780751
-0.023784 0.062425 0.002844 -0.111510 0.049638
-0.023499 0.058841 0.011518 -0.068961 0.777585
-0.018016 0.045667 0.262079 -0.585218 -0.027824
-0.007914 0.024571 0.243605 -0.475288 -0.689554
-0.002890 0.017403 0.008614 0.107333 0.316552
-0.000470 0.017145 0.112011 -0.117133 -0.702891
-0.000730 0.023861 -0.124224 0.446351 1.338146
0.003206 0.021178 0.319503 -0.566802 -0.200553
0.014510 0.002888 0.246345 -0.354288 0.007931
0.024346 -0.010811 0.245755 -0.333690 -1.101256
0.026814 -0.006993 -0.121111 0.513492 0.865142
0.027808 -0.000540 0.169611 -0.179848 1.329735
0.043401 -0.027882 0.608997 -1.178535 -0.465320
0.064537 -0.066898 0.449171 -0.785683 -3.000000
0.062594 -0.052853 -0.543276 1.459912 0.592695
0.045130 -0.006671 -0.331589 0.866272 1.626647
0.042827 0.001720 0.214278 -0.426873 -0.324480
0.049165 -0.009715 0.103274 -0.151055 0.243014
0.054905 -0.019471 0.183633 -0.336080 -1.041418
0.055311 -0.016880 -0.162194 0.455072 -0.971607
0.042461 0.015293 -0.479798 1.150130 2.326506
0.038878 0.024433 0.297631 -0.665660 -0.794241
0.045340 0.011505 0.026737 0.007318 0.934030
0.052592 -0.002249 0.335037 -0.688014 0.100298
0.066554 -0.030399 0.363551 -0.724493 -1.427526
0.071555 -0.037161 -0.111675 0.369582 1.107052
0.074583 -0.040686 0.261740 -0.533848 -1.580909
0.074546 -0.037977 -0.261775 0.653206 1.381253
0.073441 -0.034770 0.204692 -0.476436 -0.988996
0.075055 -0.038785 -0.122756 0.264433 0.611648
0.074336 -0.038817 0.086042 -0.258719 -1.452219
0.068168 -0.027403 -0.393036 0.816724 0.661433
0.057030 -0.006591 -0.165114 0.236104 0.030892
0.050683 0.001939 -0.152506 0.192670 0.938158
0.050849 -0.004952 0.159825 -0.528463 -0.474661
0.054016 -0.018180 -0.000608 -0.140994 -1.161307
0.046287 -0.006187 -0.384715 0.730811 1.119020
0.038468 0.004761 -0.007836 -0.168635 -0.729828
0.033265 0.009591 -0.251523 0.403093 1.322308
0.032041 0.005114 0.188815 -0.613583 -0.314079
0.037400 -0.013638 0.079967 -0.331676 -1.214644
0.032501 -0.008091 -0.323628 0.597066 0.612360
0.023738 0.005425 -0.115518 0.088588 -1.568950
0.008685 0.033106 -0.635782 1.283877 1.521704
-0.006506 0.060201 -0.126230 0.093540 1.913869
0.001045 0.035919 0.502198 -1.293589 -0.885420
0.014969 0.000363 0.195829 -0.502131 -0.272454
0.020910 -0.014821 0.101892 -0.263455 -1.102371
0.017644 -0.008382 -0.264036 0.574940 0.649462
0.011506 0.003710 -0.043902 0.039575 1.459634
0.019455 -0.017064 0.440018 -1.066835 -1.944729
0.023995 -0.028809 -0.210402 0.455739 -0.505948
0.012345 -0.004052 -0.372068 0.782464 -0.126447
-0.003252 0.028082 -0.408287 0.829900 -0.593035
-0.023460 0.069946 -0.602131 1.265049 2.786502
-0.029007 0.077922 0.321272 -0.834719 0.106656
-0.015747 0.045853 0.342404 -0.775817 -0.779381
-0.007457 0.028923 0.073414 -0.083554 2.091681
0.009307 -0.005710 0.763093 -1.633478 -1.486904
0.029696 -0.046113 0.259087 -0.412186 -1.367476
0.031001 -0.042100 -0.192348 0.599471 0.164102
0.024576 -0.022373 -0.129593 0.393640 1.130871
0.027018 -0.025000 0.250345 -0.512820 -1.824953
0.024867 -0.017344 -0.355887 0.877731 -0.291256
0.008862 0.020706 -0.444855 1.030080 2.512899
0.007886 0.022472 0.393003 -0.914097 -2.005688
0.010072 0.018500 -0.281132 0.692201 0.736050
0.003781 0.034434 -0.034651 0.115854 0.526237
0.005829 0.031682 0.136531 -0.248876 -0.317986
0.009060 0.027724 0.025557 0.046100 1.689972
0.021260 0.004248 0.582962 -1.207171 -0.375529
0.041878 -0.036509 0.449298 -0.843817 -1.674154
0.048664 -0.044246 -0.107866 0.437257 0.953313
0.050845 -0.042950 0.215678 -0.361021 -1.183006
0.051641 -0.039714 -0.174565 0.511259 0.283046
0.046701 -0.025171 -0.073145 0.222729 0.760748
0.048921 -0.028789 0.183234 -0.395631 -2.650176
0.038625 -0.004020 -0.695462 1.611124 1.448286
0.020691 0.035969 -0.203879 0.413315 0.420417
0.015311 0.046374 -0.065822 0.113251 1.550086
0.022893 0.028094 0.443589 -1.015332 -1.301654
0.031758 0.009522 0.001652 0.068013 0.420458
0.034604 0.005958 0.140221 -0.242538 -0.453458
0.037139 0.003731 -0.012813 0.125578 1.258898
0.045005 -0.010623 0.404886 -0.832665 -0.461221
0.058023 -0.035934 0.247095 -0.443428 -0.164682
0.066818 -0.051342 0.193125 -0.331653 -1.011752
0.067876 -0.049805 -0.139089 0.398582 -0.724275
0.057663 -0.024396 -0.371331 0.870370 0.858053
0.048700 -0.004454 -0.078304 0.140873 0.002668
0.045615 0.000884 -0.076095 0.127276 0.530690
0.046116 -0.002292 0.100589 -0.280988 -0.281523
0.048227 -0.008849 0.005440 -0.051373 0.024238
0.048616 -0.011378 0.013994 -0.075252 -0.266907
0.047412 -0.010417 -0.073898 0.120746 -0.470671
0.041365 0.001276 -0.228155 0.461402 1.218389
0.040408 0.000460 0.178892 -0.488979 -0.417171
0.044712 -0.011992 0.037067 -0.140976 -1.886228
0.033651 0.011292 -0.588321 1.289670 1.938754
0.023183 0.031679 0.062065 -0.244454 -0.167571
0.024441 0.025572 0.001245 -0.064610 1.326616
0.033245 0.003331 0.437872 -1.038278 -2.162281
0.036208 -0.003477 -0.286942 0.672512 0.589257
0.028756 0.013431 -0.086732 0.183090 0.822290
0.030750 0.008230 0.185591 -0.435497 0.030314
0.038287 -0.008844 0.191596 -0.421743 -1.008974
0.039191 -0.009815 -0.145169 0.361960 1.063668
0.040533 -0.012351 0.210988 -0.477463 -0.581955
0.045052 -0.022121 0.015908 -0.019429 -1.990100
0.032494 0.007222 -0.642075 1.471542 2.255781
0.022020 0.029678 0.115083 -0.318826 1.631166
0.037355 -0.006973 0.650551 -1.504523 -2.799463
0.044539 -0.022266 -0.287587 0.705600 1.093369
0.040461 -0.012259 0.082107 -0.190701 -0.615808
0.039644 -0.010419 -0.122261 0.276488 1.095043
0.042100 -0.016758 0.243833 -0.582589 -0.001314
0.051790 -0.039615 0.241132 -0.565064 -0.923415
0.055295 -0.048182 -0.064579 0.125232 -1.284145
0.044299 -0.024723 -0.484339 1.039797 0.071138
0.025610 0.013846 -0.451017 0.898198 1.194057
0.015617 0.030589 -0.050441 -0.044382 0.261697
0.015264 0.025597 0.032658 -0.203918 -0.406689
0.013777 0.024587 -0.106478 0.148249 1.444936
0.019094 0.008735 0.370980 -0.928960 -0.811778
0.028371 -0.014473 0.094349 -0.245615 -1.070844
0.025014 -0.007820 -0.261041 0.568177 0.523298
0.018155 0.005962 -0.082867 0.129816 0.338880
0.017098 0.005949 0.029654 -0.126859 -0.308358
0.016199 0.005956 -0.074263 0.123683 0.936710
0.019462 -0.003478 0.236508 -0.587300 -0.917927
0.022732 -0.012128 -0.071695 0.142828 0.995002
0.026529 -0.022138 0.260513 -0.634343 -1.896616
0.024286 -0.018017 -0.370496 0.820807 1.320606
0.018413 -0.006953 0.074999 -0.250439 0.289569
0.023315 -0.021213 0.170050 -0.462414 -0.260802
0.028358 -0.035548 0.082703 -0.260027 -0.998572
0.025065 -0.031070 -0.246298 0.474540 -0.303109
0.013338 -0.008758 -0.340210 0.643088 0.704203
0.004532 0.005112 -0.101260 0.061328 -1.278628
-0.008024 0.027272 -0.525430 1.037258 1.322423
-0.020149 0.047745 -0.082903 0.005210 0.938815
-0.017330 0.034688 0.223128 -0.651553 -0.875559
-0.014404 0.023777 -0.075518 0.093496 0.538636
-0.013884 0.019709 0.101021 -0.292274 0.804158
-0.004585 -0.003450 0.363479 -0.862282 -2.041471
-0.003752 -0.005468 -0.319310 0.738489 3.000000
0.003552 -0.023096 0.681210 -1.590517 -3.000000
0.010656 -0.039040 -0.321964 0.756744 -1.131478
-0.009550 0.006727 -0.688024 1.529913 1.410672
-0.027471 0.044404 -0.210607 0.377980 0.839319
-0.030360 0.047215 0.065170 -0.228302 -0.358756
-0.030281 0.045026 -0.060670 0.113651 0.787745
-0.027559 0.038426 0.196068 -0.437283 0.815759
-0.014448 0.009930 0.459186 -0.985573 -0.307597
0.001695 -0.023175 0.349055 -0.680499 -0.682108
0.011062 -0.039505 0.120455 -0.146860 0.413993
0.018692 -0.052410 0.260744 -0.495982 -1.683506
0.017969 -0.046955 -0.295124 0.752404 0.835977
0.011936 -0.031743 -0.007882 0.021291 -1.297165
0.003065 -0.011702 -0.434616 0.971502 1.573290
-0.003683 0.001452 0.095017 -0.293447 0.032524
0.000284 -0.010326 0.103573 -0.297713 -1.180036
-0.003446 -0.003914 -0.288819 0.606905 -0.051999
-0.015246 0.020294 -0.301600 0.608238 1.123376
-0.019793 0.027067 0.072748 -0.256009 0.109240
-0.016258 0.016156 0.104155 -0.291204 0.779052
-0.006993 -0.006658 0.358678 -0.846284 -1.848025
-0.005055 -0.011106 -0.259470 0.602651 0.087889
-0.014736 0.010624 -0.225177 0.489764 0.941855
-0.017431 0.015378 0.089210 -0.240868 -1.148712
-0.021578 0.024106 -0.295282 0.666213 1.401926
-0.024022 0.028941 0.171281 -0.408327 -0.603283
-0.021314 0.023131 -0.034976 0.109434 0.355159
-0.020391 0.022489 0.080732 -0.138156 -0.478551
-0.020422 0.025064 -0.081700 0.261815 1.192977
-0.015779 0.017498 0.312632 -0.629189 -0.933736
-0.009626 0.007968 -0.003630 0.140057 -0.126859
-0.010619 0.015566 -0.046029 0.239946 0.402406
-0.009790 0.019074 0.086939 -0.059631 1.716811
0.005047 -0.009111 0.653480 -1.337320 -0.242898
0.029375 -0.057242 0.564248 -1.082361 -1.813318
0.039850 -0.072601 -0.037970 0.291587 -0.996506
0.031908 -0.047703 -0.358678 0.949318 0.242422
0.019415 -0.015780 -0.266964 0.657122 0.022599
0.009017 0.008953 -0.253494 0.585444 1.490191
0.008855 0.008945 0.243576 -0.569643 0.175535
0.019655 -0.015529 0.296760 -0.657682 -1.223252
0.023320 -0.022491 -0.111910 0.294802 0.596912
0.022904 -0.020745 0.090358 -0.200239 -1.573275
0.016067 -0.004766 -0.430725 0.985800 2.371490
0.014770 -0.003160 0.362971 -0.878979 -1.799495
0.017190 -0.009536 -0.239668 0.538982 1.120767
0.015158 -0.006101 0.136662 -0.354023 -0.759076
0.015533 -0.008232 -0.116978 0.238679 -0.567668
0.007130 0.009562 -0.302879 0.648812 1.057557
0.002124 0.018662 0.051109 -0.180340 -0.585739
0.000200 0.021156 -0.146580 0.298851 2.388972
0.010222 -0.003451 0.645351 -1.508913 -2.090147
0.021908 -0.029727 -0.057920 0.166131 0.346527
0.021983 -0.029278 0.061232 -0.139323 -0.849021
0.018828 -0.022273 -0.218201 0.482285 1.014790
0.016970 -0.019696 0.124001 -0.341401 -1.245307
0.013638 -0.014193 -0.289263 0.604385 1.763133
0.013917 -0.018209 0.301162 -0.786438 -2.592839
0.008638 -0.009184 -0.562201 1.211543 0.450656
-0.010648 0.030554 -0.403496 0.789143 0.835681
-0.021179 0.048983 -0.124460 0.145198 0.113413
-0.025492 0.054031 -0.091353 0.108738 0.196105
-0.027949 0.056523 -0.031717 0.017660 1.072423
-0.022218 0.042122 0.317455 -0.730232 -0.024687
-0.009892 0.015286 0.299475 -0.618414 -1.679728
-0.009221 0.017580 -0.263873 0.714856 0.764587
-0.014628 0.033934 -0.007758 0.114623 2.397388
0.000939 0.002396 0.784038 -1.673081 -2.312128
0.016653 -0.026669 0.005131 0.187740 -0.686250
0.012374 -0.009440 -0.218710 0.670376 2.499402
0.020366 -0.022091 0.615513 -1.277988 -2.126096
0.030694 -0.039329 -0.096123 0.388984 -0.146555
0.026013 -0.022906 -0.138130 0.434746 -0.040879
0.020327 -0.005957 -0.146537 0.416325 0.536594
0.018106 0.001801 0.034649 -0.020776 0.323599
0.021631 -0.003889 0.141377 -0.261484 -1.510864
0.017200 0.009166 -0.361409 0.900522 2.681383
0.020689 0.003051 0.532800 -1.178326 -2.417203
0.025731 -0.005256 -0.277604 0.734425 1.323916
0.023551 0.002721 0.166803 -0.319172 -0.278260
0.028311 -0.005237 0.071750 -0.083632 0.169929
0.032305 -0.011160 0.127833 -0.211861 -0.945469
0.031116 -0.005042 -0.186278 0.508852 1.288411
0.032318 -0.005237 0.244822 -0.504407 1.303344
0.050708 -0.044837 0.673855 -1.469509 -2.303846
0.062219 -0.067341 -0.094938 0.314008 -1.087279
0.051388 -0.040062 -0.446078 1.045438 0.455281
0.036816 -0.007522 -0.283789 0.594178 0.290602
0.027503 0.010846 -0.182620 0.331542 0.193544
0.021510 0.020978 -0.117449 0.179219 0.441966
0.019730 0.021643 0.027939 -0.141334 0.375786
0.023275 0.010946 0.149123 -0.392133 -0.830565
0.023629 0.008836 -0.130384 0.276834 1.194980
0.026381 0.001425 0.266733 -0.636056 -0.799687
0.031628 -0.010811 -0.003161 0.012747 -0.503968
0.028171 -0.002788 -0.169230 0.384744 1.865433
0.033872 -0.016600 0.452288 -1.057770 -1.301206
0.043182 -0.037864 0.015257 -0.024352 -1.723740
0.032407 -0.013187 -0.552572 1.245554 2.367404
0.026268 -0.001671 0.242497 -0.641056 -1.785631
0.023995 0.000972 -0.354050 0.754158 0.585151
0.013836 0.021198 -0.155041 0.268037 -0.611227
0.003561 0.041474 -0.358311 0.742983 2.853148
0.008215 0.027436 0.588016 -1.417752 -1.662728
0.020398 -0.001168 0.023764 -0.037292 0.905977
0.027368 -0.016517 0.323946 -0.723522 -0.847866
0.034609 -0.031814 0.039460 -0.053856 -0.842302
0.030645 -0.021665 -0.236932 0.554829 -0.196167
0.019992 0.002335 -0.296023 0.648597 0.468067
0.011355 0.020313 -0.136761 0.259339 -0.075907
0.005372 0.032015 -0.162554 0.327140 -0.678572
-0.005666 0.055857 -0.388925 0.861977 2.557266
-0.004228 0.051352 0.457969 -1.061298 -0.507789
0.010436 0.019338 0.276594 -0.552628 -0.887925
0.015460 0.012106 -0.024145 0.179383 -0.598265
0.010508 0.028561 -0.223062 0.640100 2.651306
0.019242 0.013321 0.657013 -1.377104 0.347421
0.047586 -0.044900 0.760878 -1.542829 -1.577079
0.067391 -0.081371 0.232222 -0.306254 -1.691907
0.065572 -0.069188 -0.321616 0.901265 -0.408535
0.050272 -0.029632 -0.443835 1.081896 0.401676
0.035415 0.005383 -0.300259 0.681304 1.045486
0.030447 0.015828 0.050369 -0.145342 1.733377
0.043931 -0.016014 0.622425 -1.434975 -2.539555
0.051752 -0.032832 -0.227936 0.562381 1.336209
0.051675 -0.032331 0.222452 -0.522009 -2.716255
0.042500 -0.011527 -0.678514 1.537743 2.800926
0.034247 0.004664 0.262144 -0.693632 -0.033784
0.044391 -0.021493 0.245641 -0.620444 -1.828995
0.042004 -0.017859 -0.362892 0.783190 -0.061885
0.027234 0.012992 -0.376221 0.765696 1.993909
0.025533 0.012306 0.288823 -0.778439 -1.284582
0.028395 0.002263 -0.143964 0.259733 -0.147469
0.021688 0.014658 -0.191453 0.361046 0.172125
0.015195 0.026349 -0.133627 0.227742 -0.226259
0.008319 0.039277 -0.210124 0.418503 1.794921
0.011821 0.028869 0.383379 -0.922297 -1.811112
0.014903 0.021733 -0.226906 0.543581 0.650328
0.010181 0.033312 -0.010200 0.044747 1.712334
0.021088 0.009571 0.554076 -1.219018 -1.420725
0.033588 -0.015468 0.073207 -0.054250 -0.472044
0.033396 -0.010629 -0.082354 0.292310 0.586214
0.034063 -0.008536 0.114940 -0.180617 -0.500762
0.035315 -0.007981 -0.051742 0.203098 0.381299
0.035825 -0.006129 0.076705 -0.105780 -0.015017
0.038785 -0.010087 0.071406 -0.093122 -1.542336
0.031385 0.009817 -0.439989 1.075835 0.057077
0.014303 0.050803 -0.414987 0.982870 3.000000
0.017672 0.044056 0.580097 -1.289920 -1.642502
0.029656 0.020459 0.021550 0.086476 1.095997
0.037766 0.007495 0.382991 -0.725918 0.017023
0.053064 -0.020609 0.382453 -0.685404 -0.052965
0.067941 -0.046724 0.362023 -0.626321 -0.306598
0.080384 -0.067274 0.260850 -0.408445 -1.429206
0.081403 -0.062703 -0.208368 0.623507 -0.360752
0.070897 -0.034474 -0.317219 0.791246 2.930532
0.077889 -0.049634 0.663419 -1.519349 -3.000000
0.084364 -0.063529 -0.335683 0.788794 1.319319
0.079963 -0.054691 0.113795 -0.329686 -1.466828
0.074837 -0.046194 -0.368621 0.741338 0.581315
0.064173 -0.027496 -0.165724 0.204630 0.077549
0.058155 -0.021390 -0.135465 0.103279 -1.179460
0.044957 0.000247 -0.523488 0.970737 0.904585
0.030185 0.023911 -0.216725 0.227687 0.474327
0.024655 0.026010 -0.060354 -0.117442 0.650709
0.026496 0.012105 0.151946 -0.574179 -0.467194
0.029354 -0.002611 -0.008138 -0.170191 -0.817224
0.023574 0.003331 -0.279999 0.459586 1.139497
0.020018 0.003698 0.100806 -0.428686 -1.860213
0.011604 0.015815 -0.519457 1.016624 1.575682
0.001426 0.031322 0.008307 -0.220686 -0.452479
-0.001353 0.030492 -0.146651 0.173555 0.650928
-0.002932 0.027950 0.067014 -0.294591 0.000303
-0.000357 0.017238 0.062005 -0.243867 -0.848737
-0.003599 0.021280 -0.223132 0.437243 1.634389
-0.001637 0.013617 0.319449 -0.804552 -1.839223
-0.001248 0.011118 -0.297695 0.658585 0.762930
-0.008010 0.025160 -0.041575 0.054816 1.174438
-0.001913 0.009867 0.345386 -0.810432 -0.622888
0.007611 -0.011630 0.132004 -0.276151 -1.361935
0.003811 -0.001614 -0.320559 0.764330 0.890341
-0.002973 0.014262 -0.020086 0.042790 -0.202722
-0.005155 0.019402 -0.088818 0.212862 -0.911531
-0.014785 0.042121 -0.391978 0.917496 2.028932
-0.016936 0.047506 0.281870 -0.625354 1.107878
0.001501 0.007469 0.639606 -1.374175 -2.602489
0.009541 -0.005458 -0.234150 0.696187 1.213157
0.008355 0.002742 0.173191 -0.270971 0.261639
0.016968 -0.011643 0.257462 -0.448643 -0.494335
0.023928 -0.021619 0.091363 -0.057642 -1.015765
0.020859 -0.008701 -0.243936 0.695576 1.312877
0.019952 -0.002134 0.196876 -0.351227 0.647812
0.032081 -0.025670 0.409257 -0.823559 -2.696474
0.030443 -0.016660 -0.488126 1.246932 1.927263
0.023958 0.001601 0.161116 -0.308492 -0.048795
0.030022 -0.009496 0.142382 -0.249406 -1.361571
0.026638 0.001601 -0.310193 0.791898 2.676485
0.032145 -0.008820 0.582518 -1.285868 -1.983512
0.042071 -0.028232 -0.083370 0.289082 -1.047764
0.031868 -0.001575 -0.426125 1.038607 2.518502
0.031732 -0.000106 0.416241 -0.937113 -1.411456
0.038846 -0.014616 -0.058509 0.192852 -0.187197
0.035317 -0.004582 -0.117929 0.309195 0.273064
0.032469 0.003112 -0.024981 0.080232 0.637416
0.035711 -0.003466 0.186435 -0.403651 -1.061643
0.036048 -0.002802 -0.168300 0.425350 -0.276621
0.027542 0.017869 -0.257088 0.609714 1.534255
0.027511 0.018338 0.253693 -0.569616 0.731158
0.042390 -0.014451 0.490101 -1.069292 -1.622519
0.051067 -0.031169 -0.053937 0.211927 -1.377966
0.039840 -0.002494 -0.506393 1.213548 2.551515
0.036742 0.005210 0.348220 -0.798511 -0.309113
0.048478 -0.020753 0.239485 -0.508880 -1.688065
0.046794 -0.014945 -0.321787 0.782371 1.185870
0.041959 -0.003221 0.078310 -0.180394 0.982141
0.051600 -0.025321 0.403016 -0.918544 -2.918583
0.048224 -0.016573 -0.568555 1.326344 1.796648
0.037667 0.006760 0.038038 -0.134594 0.420745
0.041949 -0.004714 0.175815 -0.437163 -0.281725
0.047049 -0.017362 0.079787 -0.201045 0.025517
0.050416 -0.025895 0.088672 -0.226936 -1.450551
0.044336 -0.012959 -0.391237 0.861092 0.721091
0.033641 0.008989 -0.144884 0.249266 1.535185
0.038073 -0.004715 0.364969 -0.920799 -0.889424
0.046625 -0.026729 0.064156 -0.194549 -0.965184
0.042800 -0.020018 -0.254402 0.521432 1.232239
0.040943 -0.019219 0.160007 -0.467469 -1.433664
0.037779 -0.015689 -0.316574 0.629272 0.416829
0.028019 0.001903 -0.172330 0.259019 0.262765
0.022909 0.007955 -0.083614 0.047746 -0.651824
0.015219 0.020030 -0.300361 0.551289 1.308118
0.011943 0.021754 0.134992 -0.450646 -0.494160
0.013938 0.012458 -0.034391 -0.021990 -0.573041
0.008719 0.020734 -0.226046 0.431041 0.381509
0.002232 0.032058 -0.098978 0.141533 0.997471
0.004853 0.023000 0.229116 -0.586089 -0.340733
0.011609 0.006144 0.109456 -0.264505 -0.558889
0.012212 0.004686 -0.078586 0.184988 0.458110
0.012129 0.004948 0.073909 -0.166852 0.358672
0.017431 -0.006859 0.191007 -0.422260 -0.384050
0.022464 -0.017405 0.061309 -0.111514 -0.991970
0.018336 -0.006844 -0.266764 0.631266 0.074485
0.008268 0.016299 -0.237211 0.531861 1.870577
0.011262 0.008551 0.384849 -0.900776 -1.924755
0.013693 0.003532 -0.260848 0.627436 0.170519
0.004476 0.025295 -0.200637 0.467251 0.833622
0.002005 0.031192 0.075948 -0.162327 -1.020830
-0.001845 0.041354 -0.267338 0.660798 2.116214
0.001532 0.035450 0.433863 -0.934885 -0.783483
0.013449 0.012202 0.163471 -0.241717 0.326026
0.022085 -0.001820 0.268231 -0.459100 -0.399871
0.030080 -0.013420 0.132264 -0.127862 1.034980
0.042256 -0.034524 0.475701 -0.920267 -1.552651
0.050889 -0.047035 -0.041902 0.275225 0.472717
0.052496 -0.044693 0.121513 -0.151703 -1.120492
0.049977 -0.034363 -0.246405 0.658984 0.430123
0.043152 -0.016245 -0.095770 0.256094 0.298335
0.041377 -0.011264 0.006509 -0.002473 0.166197
0.042764 -0.014137 0.062681 -0.139792 0.057314
0.045659 -0.020713 0.082136 -0.189638 -0.942992
0.042687 -0.014006 -0.229791 0.516435 0.430760
0.036467 -0.000945 -0.082002 0.144393 -0.916672
0.027111 0.018735 -0.385090 0.833783 2.131703
0.025968 0.018709 0.325355 -0.811941 0.371932
0.041289 -0.017927 0.441032 -1.024113 -2.008105
0.045455 -0.027064 -0.230086 0.543317 0.774737
0.041544 -0.018548 0.033386 -0.106766 1.163914
0.050643 -0.040948 0.420558 -1.004834 -1.610625
0.056694 -0.056015 -0.115720 0.230822 -0.086017
0.051653 -0.047041 -0.136541 0.219755 -0.518322
0.042883 -0.031656 -0.301717 0.547989 0.696168
0.035600 -0.021869 -0.063543 -0.048384 -0.299631
0.031109 -0.019623 -0.160703 0.158245 -2.105509
0.010747 0.018408 -0.855686 1.728733 3.000000
-0.003305 0.039648 0.148940 -0.628847 -0.980885
-0.004050 0.031333 -0.184790 0.199958 1.180062
-0.003632 0.021704 0.204540 -0.671164 -1.438425
-0.005167 0.018381 -0.279438 0.488092 1.026608
-0.009483 0.021944 0.062333 -0.298152 -1.298470
-0.015720 0.030899 -0.372743 0.733114 2.225487
-0.015789 0.025838 0.366749 -0.963432 -2.152204
-0.015639 0.022277 -0.356505 0.760516 1.106428
-0.022477 0.035249 0.012973 -0.097160 0.449597
-0.019065 0.025448 0.157372 -0.390710 -0.155336
-0.013923 0.013358 0.100210 -0.218571 0.390341
-0.007386 -0.000738 0.226507 -0.485282 -0.536127
-0.001969 -0.011239 0.045220 -0.048034 -0.947843
-0.006452 0.001246 -0.268524 0.664774 2.002314
-0.003781 -0.003744 0.399784 -0.893359 -2.556871
-0.004930 0.000952 -0.454226 1.101071 0.761710
-0.017871 0.031886 -0.194451 0.460860 1.607298
-0.014968 0.025818 0.337894 -0.748544 -0.547828
-0.005272 0.005933 0.148009 -0.256486 -0.468489
-0.002527 0.003398 -0.010109 0.123861 0.260386
-0.001194 0.004311 0.076390 -0.075209 1.718695
0.013266 -0.024856 0.645130 -1.370615 -2.249915
0.023949 -0.043846 -0.107800 0.392199 1.216334
0.027875 -0.048320 0.302641 -0.602811 -2.338670
0.024445 -0.036844 -0.471702 1.154538 -0.444104
0.002874 0.013805 -0.607403 1.384625 2.101668
-0.007268 0.035428 0.097270 -0.275542 2.016143
0.009908 -0.005322 0.760064 -1.749649 -2.982220
0.020216 -0.027248 -0.240527 0.615472 0.359421
0.013135 -0.009565 -0.114374 0.276924 0.210594
0.010020 -0.002277 -0.041773 0.091513 -0.207191
0.006987 0.004430 -0.109806 0.243043 0.144590
0.003580 0.011748 -0.060866 0.125931 0.618304
0.005247 0.007431 0.143595 -0.336155 -0.017257
0.010804 -0.005089 0.134580 -0.292927 -1.029238
0.009304 -0.000680 -0.208460 0.503067 0.775977
0.006201 0.006873 0.052208 -0.115224 0.176166
0.009424 -0.000089 0.108898 -0.232597 -0.258495
0.012021 -0.005073 0.021371 -0.020543 -1.309189
0.004171 0.014170 -0.412689 0.972506 2.903777
0.007089 0.007543 0.555241 -1.273729 -2.099941
0.015115 -0.009227 -0.151004 0.408320 1.723716
0.020618 -0.020094 0.424282 -0.934954 -2.019384
0.024057 -0.025660 -0.249798 0.633491 0.371623
0.016685 -0.007430 -0.119646 0.286426 0.417770
0.014735 -0.002908 0.021508 -0.054656 -0.288652
0.013670 -0.000616 -0.074466 0.166623 0.875212
0.016536 -0.007597 0.216873 -0.507567 -1.191530
0.017221 -0.009054 -0.181131 0.421339 -0.574446
0.006236 0.015890 -0.367989 0.825110 2.137907
0.005822 0.015366 0.344758 -0.828199 -0.480549
0.016253 -0.008878 0.177890 -0.394865 -1.709723
0.011951 0.001955 -0.391135 0.920211 1.572128
0.006895 0.013467 0.136148 -0.324759 -0.995488
0.005636 0.016556 -0.197933 0.468680 0.778719
0.002927 0.023144 0.061456 -0.129553 -0.400509
0.002646 0.024866 -0.075055 0.211220 0.076471
0.000123 0.032481 -0.051292 0.171597 2.070519
0.011788 0.008128 0.632686 -1.372699 -2.127744
0.022709 -0.012023 -0.083628 0.337174 0.561428
0.023169 -0.007844 0.105844 -0.120988 0.007685
0.027446 -0.012776 0.108090 -0.126523 0.532937
0.035317 -0.026106 0.285062 -0.536829 -0.694937
0.042067 -0.036754 0.053527 -0.005243 -0.011083
0.044210 -0.037599 0.053583 -0.036712 -0.759817
0.041374 -0.028188 -0.194735 0.501591 -0.158478
0.032665 -0.006975 -0.241022 0.562401 0.489056
0.026375 0.007132 -0.074397 0.151531 0.689231
0.027987 0.002606 0.154296 -0.371384 0.147296
0.035073 -0.013917 0.200179 -0.456864 -0.925160
0.036885 -0.017656 -0.108418 0.259131 0.936793
0.038854 -0.022400 0.205842 -0.486808 -1.385696
0.037845 -0.020426 -0.254707 0.571058 -0.086717
0.027210 0.002547 -0.277484 0.581988 0.386180
0.018760 0.019211 -0.145826 0.259050 -0.776131
0.007760 0.041626 -0.403632 0.857594 2.043793
0.005236 0.044447 0.274948 -0.694114 -0.679645
0.011508 0.029109 0.039835 -0.084225 1.023343
0.019824 0.010857 0.375224 -0.821718 -1.800187
0.022704 0.007039 -0.228950 0.609965 2.005404
0.026956 0.000023 0.439298 -0.940417 -1.094438
0.037099 -0.019479 0.069596 -0.051067 -0.002268
0.039897 -0.021827 0.070341 -0.066615 0.571751
0.046546 -0.033648 0.261627 -0.520370 -1.786604
0.045122 -0.027084 -0.330911 0.830989 0.233968
0.033623 0.000864 -0.244948 0.575503 1.384879
0.033118 0.001898 0.218035 -0.508374 -1.080564
0.034567 -0.001072 -0.144242 0.347233 0.774489
0.034000 0.000468 0.114933 -0.261338 -0.127101
0.037707 -0.007633 0.070756 -0.146949 1.132959
0.048064 -0.030858 0.446161 -1.006684 -1.410731
0.056441 -0.048808 -0.025190 0.089899 -0.507572
0.052178 -0.038644 -0.187637 0.415778 -0.640438
0.040561 -0.013599 -0.393093 0.835658 1.026339
0.031820 0.002660 -0.045544 -0.007692 0.149870
0.030987 0.000153 0.003795 -0.116598 1.004076
0.037799 -0.019746 0.336003 -0.871670 -3.000000
0.031197 -0.007801 -0.662800 1.439009 1.478649
0.014756 0.024972 -0.161756 0.223293 0.370654
0.010729 0.028526 -0.040094 -0.041126 -1.002460
0.002388 0.043021 -0.375949 0.757396 1.763682
-0.000908 0.046296 0.208972 -0.574232 0.221241
0.008730 0.021809 0.273265 -0.653853 -1.099721
0.012194 0.013966 -0.098523 0.247576 0.644818
0.012544 0.014000 0.115250 -0.239030 -1.642645
0.006155 0.030358 -0.432958 1.042010 1.154644
-0.003399 0.053678 -0.046705 0.141608 1.754130
0.006287 0.033554 0.529546 -1.134318 -2.046822
0.013603 0.021953 -0.161021 0.528804 0.981995
0.013716 0.027882 0.165356 -0.220589 0.195323
0.021524 0.017054 0.225103 -0.321527 1.033000
0.037302 -0.010797 0.563197 -1.066107 -0.591111
0.055749 -0.043133 0.360552 -0.564283 -1.502557
0.060182 -0.042852 -0.137158 0.562584 1.246336
0.063154 -0.041172 0.284169 -0.463917 -0.905424
0.068515 -0.046128 -0.015003 0.205685 1.725324
0.079510 -0.065663 0.562923 -1.166555 -2.854028
0.083032 -0.068575 -0.383425 0.989940 -0.035342
0.067754 -0.031300 -0.381308 0.882588 2.734819
0.070890 -0.039863 0.534918 -1.281845 -1.786622
0.080301 -0.062918 -0.061663 0.104456 -0.848606
0.072350 -0.047306 -0.335338 0.671450 0.348917
0.061464 -0.027769 -0.209870 0.314178 0.086972
0.053759 -0.017578 -0.175727 0.198993 -0.678999
0.042286 0.000162 -0.397530 0.684717 0.960198
0.032878 0.011911 -0.074256 -0.084105 -0.477065
0.026699 0.016288 -0.234222 0.298455 0.444666
0.020299 0.021401 -0.086383 -0.037052 0.731074
0.021655 0.009263 0.153609 -0.564892 -0.910564
0.021638 0.001653 -0.153187 0.172536 -0.047051
0.015221 0.009112 -0.167737 0.201508 -0.573065
0.004712 0.025946 -0.357373 0.637332 1.730439
0.001965 0.024653 0.217987 -0.683668 -1.184084
0.002650 0.017008 -0.182065 0.286347 0.496678
-0.001324 0.020878 -0.017294 -0.086807 0.152313
-0.001063 0.015701 0.030289 -0.171893 0.191106
0.001357 0.006518 0.090714 -0.287454 -0.914680
-0.001159 0.009643 -0.215448 0.434179 -0.212725
-0.011149 0.029957 -0.284213 0.583424 1.481076
-0.012649 0.030514 0.207428 -0.539641 -0.991232
-0.011097 0.025617 -0.128480 0.282305 0.632034
-0.012052 0.027464 0.079996 -0.183023 1.292145
-0.000351 0.001223 0.504091 -1.121195 -1.692224
0.008377 -0.016059 -0.065213 0.234609 1.345179
0.014782 -0.027982 0.384033 -0.818290 -0.794132
0.024795 -0.048039 0.117987 -0.197419 -1.982037
0.016409 -0.026342 -0.535494 1.266428 0.491852
-0.001492 0.014496 -0.361071 0.790173 0.599405
-0.011863 0.036216 -0.158649 0.306997 1.497924
-0.008286 0.025978 0.335987 -0.805445 -0.261489
0.003231 -0.000506 0.240770 -0.527839 -1.670604
0.001665 0.004782 -0.317141 0.775001 1.857184
0.001435 0.006369 0.303363 -0.674978 -0.724506
0.008628 -0.008408 0.057524 -0.075212 -0.843288
0.005322 0.001486 -0.222042 0.562948 0.750342
0.001509 0.011801 0.030241 -0.036709 0.505212
0.006042 0.002937 0.196016 -0.403108 -1.207083
0.005780 0.006008 -0.207709 0.543965 1.113509
0.004942 0.010117 0.164377 -0.325473 -0.755653
0.006413 0.009421 -0.089883 0.282014 0.734284
0.007717 0.009309 0.154239 -0.279768 -0.111771
0.013074 0.000471 0.113927 -0.165504 0.507546
0.020974 -0.013670 0.280782 -0.539080 -1.537405
0.021921 -0.011169 -0.231637 0.647963 0.975602
0.019262 -0.001320 0.097276 -0.142450 0.211253
0.024533 -0.010060 0.166229 -0.294148 -0.519110
0.027701 -0.013648 -0.007141 0.108371 1.307812
0.036156 -0.029821 0.428565 -0.905919 -1.665541
0.042146 -0.039935 -0.126824 0.380036 -1.954267
0.024217 0.003881 -0.768316 1.799792 1.434638
0.003289 0.051562 -0.280879 0.610917 2.149895
0.006317 0.043471 0.429955 -0.994777 -1.319739
0.014488 0.026314 -0.019427 0.118182 2.082896
0.027516 -0.000446 0.669006 -1.439847 -1.101457
0.046724 -0.039159 0.293580 -0.516623 -1.871458
0.046026 -0.031280 -0.326509 0.892498 0.790422
0.038420 -0.009592 -0.055200 0.205708 -0.427476
0.033416 0.004749 -0.194829 0.509935 0.724118
0.030501 0.013495 0.048012 -0.062858 0.974023
0.038855 -0.003542 0.368910 -0.782278 -1.152770
0.045826 -0.016117 -0.018661 0.138079 -1.274835
0.036651 0.008476 -0.439113 1.083191 2.116488
0.033304 0.018089 0.268994 -0.577259 -0.496813
0.040625 0.003865 0.098017 -0.142800 -0.380190
0.041980 0.004320 -0.029806 0.161365 1.322611
0.049594 -0.009616 0.409209 -0.846753 -0.776585
0.060683 -0.030604 0.146628 -0.215770 -1.328903
0.057740 -0.019209 -0.292508 0.773958 0.625020
0.050351 0.000711 -0.078124 0.233539 -0.291868
0.045313 0.014284 -0.173695 0.444818 0.858544
0.044106 0.018670 0.112228 -0.215304 0.586663
0.052418 0.001812 0.303027 -0.625243 -0.687675
0.059859 -0.011711 0.070183 -0.061504 1.141613
0.070270 -0.031854 0.449371 -0.937205 -0.556529
0.084466 -0.060244 0.261664 -0.494356 -0.536500
0.091421 -0.072500 0.086942 -0.126138 -0.218471
0.093586 -0.075680 0.021537 -0.034848 -1.197642
0.086654 -0.060424 -0.367242 0.789398 0.160824
0.073285 -0.033738 -0.302017 0.553396 0.845063
0.066985 -0.026075 -0.014207 -0.158815 -1.048689
0.059479 -0.016693 -0.360094 0.618901 0.950558
0.051532 -0.007732 -0.038605 -0.158196 -0.712673
0.045244 -0.003057 -0.275044 0.385232 0.887569
0.040215 -0.001849 0.022502 -0.314732 -1.310936
0.032355 0.006102 -0.414088 0.699615 0.657497
0.020261 0.023216 -0.191758 0.167003 -0.896776
0.006605 0.044004 -0.490347 0.866491 1.663285
-0.001917 0.053053 0.062095 -0.394297 0.878553
0.006232 0.025590 0.345022 -0.976329 0.006432
0.019872 -0.011636 0.337778 -0.893456 -1.370402
0.024158 -0.025371 -0.121535 0.188702 -0.478229
0.016201 -0.011289 -0.276095 0.513641 -0.675910
0.000764 0.018722 -0.495543 0.986171 1.656094
-0.007935 0.031888 0.058302 -0.306926 0.015362
-0.005618 0.020557 0.057811 -0.262491 -1.496502
-0.013345 0.033901 -0.442566 0.915668 1.544392
-0.020717 0.046433 0.071828 -0.269699 -0.342922
0.002739 -0.004604 -0.009181 -0.009669 -2.247877
-0.012574 0.029486 -0.754407 1.696674 3.000000
-0.022614 0.049787 0.248237 -0.643978 -1.210257
-0.020942 0.044646 -0.162986 0.371753 0.480059
-0.024318 0.052739 -0.006519 0.039223 0.776858
-0.019533 0.043617 0.245133 -0.489771 0.267809
-0.008125 0.021630 0.325485 -0.612219 -0.191971
0.003468 0.001460 0.254863 -0.403171 -0.033381
0.013367 -0.013530 0.240439 -0.350049 -1.072949
0.015815 -0.010845 -0.116794 0.473272 1.215693
0.019317 -0.011425 0.290408 -0.488875 -1.048446
0.023902 -0.014436 -0.059839 0.326249 0.490207
0.024842 -0.009639 0.106139 -0.079745 -0.957111
0.022722 0.001807 -0.211230 0.644176 1.663961
0.025427 0.001241 0.344476 -0.654379 0.795931
0.044390 -0.036209 0.603435 -1.217458 -2.082520
0.054568 -0.052127 -0.091607 0.395338 -0.062913
0.050654 -0.037041 -0.104426 0.362414 -0.299294
0.044618 -0.019250 -0.197462 0.528336 1.546286
0.047123 -0.022981 0.320869 -0.698409 -0.304356
0.057873 -0.045805 0.217493 -0.450830 -2.105451
0.052605 -0.031964 -0.478790 1.123800 1.287799
0.042257 -0.008996 -0.040698 0.044130 -0.436007
0.037753 -0.000766 -0.184134 0.364531 -0.330460
0.028245 0.018422 -0.291281 0.595418 1.603271
0.027304 0.017285 0.242366 -0.635221 -1.086718
0.029633 0.009856 -0.124415 0.249916 0.041614
0.024946 0.019147 -0.110156 0.216907 0.790079
0.025782 0.015882 0.151082 -0.372500 -0.982603
0.025194 0.016982 -0.179297 0.416650 1.656153
0.029058 0.008090 0.370759 -0.845389 -0.540947
0.040140 -0.016057 0.184482 -0.373367 0.115342
0.048260 -0.032597 0.221729 -0.455732 -0.118895
0.056337 -0.049110 0.182579 -0.374371 -2.462389
0.047319 -0.026918 -0.631186 1.463124 0.301447
0.024355 0.024436 -0.518466 1.119420 2.045087
0.017329 0.036930 0.164453 -0.469700 -0.466145
0.020652 0.026819 0.002503 -0.043754 0.121091
0.021487 0.023931 0.039224 -0.100422 0.349335
0.025307 0.015280 0.151553 -0.330597 -0.951837
0.024948 0.017517 -0.168331 0.432158 0.976506
0.024731 0.019679 0.156260 -0.313121 -0.070365
0.030416 0.009155 0.128339 -0.216519 0.899205
0.041471 -0.012774 0.423817 -0.875011 -1.544984
0.048037 -0.023126 -0.093460 0.338217 0.832770
0.049934 -0.023334 0.187275 -0.339127 -0.190636
0.056152 -0.034018 0.124045 -0.199194 -0.979343
0.054641 -0.027435 -0.198581 0.519600 0.534345
0.050387 -0.016149 -0.015033 0.053420 0.228850
0.051349 -0.017937 0.062837 -0.140423 -0.175914
0.052708 -0.021044 0.005357 -0.017285 -0.651056
0.048633 -0.012164 -0.208530 0.456376 0.441448
0.043322 -0.001548 -0.057791 0.081794 0.466090
0.044124 -0.005547 0.097433 -0.277510 -0.328970
0.045802 -0.011317 -0.013059 -0.015798 0.087442
0.045882 -0.013500 0.016989 -0.092698 0.306592
0.048615 -0.022074 0.119458 -0.334303 -1.817866
0.041299 -0.007558 -0.483407 1.043707 1.555137
0.032482 0.008761 0.040284 -0.206948 -0.380740
0.031509 0.006845 -0.088420 0.106377 -0.187808
0.026722 0.014035 -0.150809 0.252530 0.206363
0.022068 0.020990 -0.082275 0.098750 -0.478345
0.015562 0.032677 -0.242646 0.482484 1.565185
0.016262 0.028106 0.275905 -0.695464 -1.103021
0.019791 0.018846 -0.097886 0.217909 0.832913
0.021402 0.014957 0.177559 -0.404387 0.292728
0.030352 -0.004787 0.270053 -0.584211 -0.659424
0.036685 -0.017314 0.047652 -0.052133 -0.034329
0.038389 -0.019164 0.037586 -0.040906 -0.740255
0.035001 -0.009781 -0.206336 0.504328 0.751419
0.031840 -0.002014 0.047207 -0.105881 0.129398
0.034573 -0.008103 0.089448 -0.198519 -0.937560
0.031899 -0.001524 -0.222188 0.518714 0.679283
0.027608 0.008099 0.006629 -0.027976 0.837954
0.033422 -0.005630 0.283323 -0.652411 -1.293839
0.036058 -0.011070 -0.149833 0.365045 0.511934
0.033546 -0.005039 0.023483 -0.056413 0.179158
0.035676 -0.010052 0.082912 -0.193297 -0.302227
0.036972 -0.013078 -0.017704 0.038111 -0.105900
0.035591 -0.010245 -0.051288 0.103216 0.217054
0.035019 -0.009790 0.022395 -0.077859 0.090060
0.036521 -0.014376 0.052691 -0.151300 -0.883180
0.032761 -0.006957 -0.239821 0.514392 0.650419
0.027586 0.002813 -0.019933 -0.016540 0.123931
0.027602 0.000370 0.020652 -0.104859 -0.427107
0.025568 0.002921 -0.121883 0.228274 1.541979
0.030976 -0.011840 0.390716 -0.952683 -1.934812
0.033615 -0.019196 -0.256280 0.562118 0.611351
0.027556 -0.007265 -0.047679 0.044039 -1.516962
0.015579 0.017609 -0.549826 1.188455 1.770416
0.005501 0.036821 0.043306 -0.204220 -1.012050
0.000389 0.045348 -0.297780 0.620578 2.453834
0.004779 0.032803 0.514784 -1.224734 -1.319108
0.016336 0.006506 0.065211 -0.110723 0.608005
0.022953 -0.006923 0.265170 -0.557116 -0.920301
0.027363 -0.014443 -0.043363 0.169360 0.953005
0.032021 -0.022829 0.275220 -0.579775 -0.414256
0.040232 -0.039375 0.136187 -0.255387 -1.251610
0.037402 -0.030917 -0.276436 0.667080 1.286667
0.035069 -0.025565 0.158053 -0.383729 -1.373739
0.032251 -0.019865 -0.297460 0.655308 0.599078
0.024479 -0.004158 -0.092224 0.140353 -1.849622
0.008516 0.029621 -0.704327 1.535461 2.819705
-0.000743 0.046452 0.237539 -0.659221 -0.134755
0.007658 0.024144 0.183215 -0.463274 -0.687112
0.010289 0.017385 -0.050655 0.115882 0.168659
0.009359 0.019720 0.003932 0.002931 0.605568
0.013496 0.011032 0.202395 -0.432931 0.094287
0.022123 -0.006857 0.229267 -0.464608 -1.091085
0.023975 -0.008174 -0.135316 0.386505 -0.214624
0.017206 0.009920 -0.203264 0.519922 1.329373
0.017970 0.009875 0.239835 -0.507751 -1.109176
0.020080 0.007557 -0.132889 0.378939 1.132768
0.022334 0.005026 0.244286 -0.493738 0.943294
0.038288 -0.028395 0.552937 -1.174257 -3.000000
0.040334 -0.028362 -0.447036 1.143365 2.367299
0.038428 -0.021131 0.348718 -0.753851 -1.373337
0.043171 -0.029639 -0.109752 0.311698 -0.374466
0.036399 -0.012486 -0.228803 0.546119 0.236329
0.028926 0.004748 -0.145523 0.322087 0.170591
0.024275 0.014729 -0.087453 0.180949 0.296782
0.022742 0.017548 0.010400 -0.036366 1.100831
0.030431 -0.000320 0.373167 -0.849233 0.026514
0.045401 -0.033529 0.375989 -0.818181 -1.477898
0.050560 -0.043223 -0.116087 0.315492 -1.014936
0.039307 -0.016411 -0.445996 1.020695 0.311183
0.023725 0.017929 -0.334187 0.707438 1.280424
0.018939 0.026071 0.093158 -0.284680 -0.253708
0.020874 0.019603 0.004075 -0.043351 1.261561
0.029375 -0.000957 0.419909 -0.975716 -0.695804
0.041392 -0.027976 0.182412 -0.388881 -2.125020
0.034555 -0.010991 -0.522137 1.219082 2.984764
0.033730 -0.009931 0.477229 -1.132854 -2.823626
0.033885 -0.010552 -0.466068 1.070741 0.236030
0.016996 0.027013 -0.379481 0.818453 2.346801
0.017484 0.023297 0.401196 -0.979783 -0.055019
0.032963 -0.013163 0.373613 -0.852192 -2.171320
0.033361 -0.013027 -0.351101 0.835348 1.062518
0.026537 0.002684 0.008245 -0.034523 -0.678788
0.022336 0.011878 -0.217613 0.488722 0.621120
0.017807 0.021549 -0.009786 0.003584 -0.192059
0.016087 0.025178 -0.076038 0.176181 1.335836
0.021896 0.012103 0.365204 -0.818638 0.353093
0.038696 -0.024650 0.475178 -1.023389 -1.875649
0.045124 -0.035954 -0.151294 0.435310 -0.787686
0.033974 -0.007821 -0.405917 0.969516 1.832577
0.030088 0.001368 0.209187 -0.487825 -0.964418
0.031959 -0.002606 -0.114365 0.277631 0.270897
0.029230 0.003946 -0.022537 0.054366 1.086938
0.035555 -0.010521 0.337748 -0.768999 -1.908562
0.036272 -0.011140 -0.299557 0.717040 2.591980
0.041661 -0.023458 0.566074 -1.306840 -3.000000
0.044203 -0.028435 -0.435245 1.024154 0.186648
0.028249 0.007675 -0.363457 0.791695 1.328411
0.022648 0.018094 0.081548 -0.253929 0.601329
0.029828 -0.000504 0.277175 -0.673810 -1.062906
0.033741 -0.010201 -0.080051 0.175107 0.733398
0.035463 -0.014899 0.165380 -0.402784 -1.506384
0.032028 -0.007642 -0.335505 0.750903 0.967759
0.025174 0.006382 -0.008695 -0.035908 -0.414770
0.022045 0.011550 -0.147343 0.290760 -0.347787
0.013854 0.028439 -0.262118 0.553326 1.706006
0.014731 0.024343 0.304086 -0.740816 -0.847274
0.021089 0.009318 0.015189 -0.023422 0.927252
0.027836 -0.005577 0.321362 -0.714544 -1.217454
0.032492 -0.014589 -0.086916 0.248562 -0.023224
0.028926 -0.004921 -0.091556 0.236946 0.815113
0.030729 -0.008357 0.180763 -0.400509 -1.059264
0.030867 -0.007724 -0.172592 0.420768 0.703714
0.028722 -0.002407 0.064339 -0.145930 -0.357334
0.028898 -0.002577 -0.055103 0.133512 -0.055720
0.026345 0.003421 -0.072589 0.167078 -0.144485
0.022494 0.012219 -0.119952 0.273107 0.458947
0.020759 0.016053 0.032573 -0.075750 0.246529
0.023650 0.009751 0.111845 -0.238311 0.423340
0.030877 -0.005699 0.249349 -0.533127 0.195882
0.042081 -0.029412 0.311074 -0.655468 -1.492982
0.044556 -0.032479 -0.185449 0.485449 -0.136073
0.036375 -0.012334 -0.223942 0.525214 1.541178
0.037773 -0.015954 0.292018 -0.689840 0.130915
0.050251 -0.044968 0.332313 -0.765547 -1.202128
0.055533 -0.057144 -0.066504 0.141429 -1.745203
0.041418 -0.026205 -0.638022 1.394591 0.953858
0.022510 0.012488 -0.309347 0.559319 0.817255
0.015630 0.021880 -0.035856 -0.078808 -1.551440
0.003817 0.043195 -0.553225 1.131448 1.343163
-0.009307 0.067387 -0.105188 0.098007 1.273595
-0.005191 0.053278 0.309975 -0.794010 -1.102008
-0.000359 0.040753 -0.066737 0.152223 1.198192
0.004866 0.029244 0.326845 -0.717862 -0.469675
0.014636 0.009424 0.162708 -0.283089 -0.447500
0.018097 0.005619 0.010973 0.086897 1.600062
0.029173 -0.015427 0.541332 -1.126299 -0.890679
0.044757 -0.045607 0.239629 -0.399112 -1.601454
0.043730 -0.037488 -0.289334 0.790119 1.409589
0.041728 -0.029408 0.187316 -0.368368 -0.449198
0.046238 -0.037397 0.038875 -0.037399 -0.681335
0.043336 -0.029216 -0.183391 0.441410 -0.630790
0.031933 -0.003102 -0.386588 0.863591 1.789860
0.028511 0.002754 0.213186 -0.549811 0.108900
0.037671 -0.020078 0.245160 -0.595636 -1.352121
0.038436 -0.022773 -0.205225 0.445674 -0.394200
0.027721 0.000020 -0.330567 0.695005 1.327348
0.023432 0.006533 0.114346 -0.353294 -1.363643
0.018865 0.014010 -0.341166 0.713591 2.384505
0.021154 0.005335 0.452942 -1.123334 -2.006363
0.025741 -0.007114 -0.220878 0.475962 0.381727
0.019531 0.005294 -0.090368 0.151469 0.004630
0.015956 0.011239 -0.088505 0.146985 0.850451
0.018067 0.004154 0.193224 -0.493621 -1.278491
0.017205 0.004845 -0.234799 0.514130 0.583567
0.011759 0.015908 -0.038435 0.047807 0.289414
0.012115 0.013719 0.055970 -0.154854 -0.911629
0.008233 0.022093 -0.249138 0.565084 1.509157
0.008337 0.021322 0.252556 -0.587607 -0.303762
0.016277 0.003804 0.145259 -0.295804 -0.431219
0.019161 -0.000877 -0.000458 0.055879 0.022313
0.019296 0.000963 0.007154 0.036746 -0.406745
0.016875 0.008698 -0.127890 0.347178 0.924330
0.017935 0.008167 0.179827 -0.363850 0.682997
0.029592 -0.016162 0.402735 -0.850540 -1.971348
0.032491 -0.019102 -0.255374 0.681422 1.404151
0.031756 -0.014727 0.216822 -0.446023 -1.199438
0.032411 -0.013848 -0.182661 0.477157 -0.130828
0.024333 0.006330 -0.221540 0.534940 1.146148
0.023158 0.009594 0.161334 -0.358557 -0.377451
0.027020 0.001793 0.032417 -0.037509 1.373672
0.037440 -0.020679 0.487363 -1.075902 -1.522637
0.046685 -0.039338 -0.022831 0.122184 0.131872
0.046751 -0.037513 0.025850 -0.028474 -0.110120
0.047128 -0.037759 -0.006881 0.015498 -0.611158
0.042873 -0.028621 -0.205403 0.437312 -0.776608
0.029620 -0.000415 -0.456984 0.971135 0.445456
0.014451 0.030312 -0.302633 0.576899 0.548754
0.006014 0.044934 -0.120169 0.162977 0.452708
0.004139 0.045372 0.025948 -0.136729 1.649345
0.016019 0.015869 0.566852 -1.327952 -1.898314
0.025826 -0.005904 -0.073758 0.213419 1.206385
0.030941 -0.016283 0.328267 -0.721298 -1.098639
0.036687 -0.027636 -0.039422 0.139234 -0.484703
0.031965 -0.015412 -0.196405 0.469783 0.082922
0.024762 0.001158 -0.164201 0.363493 1.334314
0.027119 -0.005223 0.280578 -0.669334 -0.740273
0.033325 -0.019814 0.030920 -0.071528 -1.055144
0.027574 -0.006795 -0.317522 0.714058 -0.021108
0.014853 0.021016 -0.319062 0.682447 1.152975
0.009813 0.030225 0.065465 -0.207602 0.004008
0.012356 0.022877 0.061895 -0.161852 -0.120935
0.013948 0.019049 0.017961 -0.032140 -0.089529
0.014019 0.019666 -0.014291 0.061806 0.601499
0.017408 0.013317 0.183200 -0.374383 -1.233355
0.016440 0.018142 -0.230181 0.602849 2.755577
0.025605 -0.000406 0.685584 -1.504497 -1.716913
0.041374 -0.032166 0.105643 -0.109600 0.471839
0.048786 -0.044349 0.264571 -0.496525 -2.412900
0.043344 -0.027517 -0.534262 1.316444 2.115262
0.036298 -0.009706 0.179035 -0.398485 -0.669777
0.038961 -0.015010 -0.044951 0.124856 0.637327
0.041451 -0.020284 0.168759 -0.382454 -0.442947
0.045239 -0.028702 0.021335 -0.044920 -0.461631
0.043077 -0.023982 -0.129044 0.277369 -0.505199
0.034648 -0.006019 -0.292215 0.619523 0.073627
0.023555 0.016697 -0.263017 0.522176 0.597700
0.017050 0.028130 -0.063181 0.058319 0.402145
0.017141 0.024901 0.067363 -0.216566 -0.089113
0.019151 0.018513 0.033449 -0.105662 0.371631
0.022900 0.009188 0.153779 -0.358857 -0.927019
0.022806 0.009809 -0.157365 0.379645 0.854893
0.022229 0.011624 0.127462 -0.279271 -0.674531
0.022768 0.011500 -0.099687 0.265424 1.619449
0.029562 -0.002806 0.437767 -0.966331 -2.028516
0.033433 -0.009027 -0.241594 0.631586 0.068861
0.024338 0.014167 -0.213747 0.534112 -0.607932
0.011791 0.044524 -0.413477 0.983259 2.638584
0.012835 0.043167 0.462615 -1.023287 -0.386280
0.028515 0.010575 0.322587 -0.618263 -0.390541
0.038695 -0.007036 0.187299 -0.270619 -0.182664
0.044939 -0.014807 0.125244 -0.121601 1.205645
0.057974 -0.038323 0.525471 -1.045660 -2.048485
0.065292 -0.048171 -0.156878 0.528908 0.222810
0.060678 -0.032213 -0.074474 0.275653 0.030615
0.058011 -0.022731 -0.059181 0.201333 -1.281441
0.047196 0.004251 -0.480612 1.139988 2.590946
0.045365 0.008665 0.385823 -0.889841 -0.220166
0.059175 -0.022116 0.305591 -0.658546 -0.912310
0.065275 -0.034043 0.000788 0.049802 -0.529809
0.061863 -0.024735 -0.171028 0.412337 0.167380
0.056249 -0.011901 -0.110161 0.234409 0.249418
0.053561 -0.006910 -0.024661 0.019140 -0.322365
0.050447 -0.001342 -0.130821 0.257019 0.906229
0.051282 -0.005324 0.171559 -0.447004 -0.412682
0.055341 -0.016355 0.032123 -0.111489 -0.655122
0.052285 -0.010948 -0.184235 0.376102 1.128690
0.052503 -0.013967 0.193821 -0.515146 -1.290013
0.051627 -0.014360 -0.236083 0.481415 2.161041
0.056662 -0.029246 0.485461 -1.204817 -3.000000
0.056012 -0.030430 -0.514329 1.112811 0.606590
0.039709 0.002606 -0.302299 0.553240 -0.122502
0.026881 0.025968 -0.339429 0.618552 0.559409
0.017061 0.041930 -0.152585 0.188846 1.807110
0.022907 0.022510 0.443289 -1.145270 -1.145892
0.032792 -0.003614 0.052928 -0.179545 -0.729905
0.030033 0.000609 -0.190108 0.383636 0.535680
0.026047 0.007262 -0.009994 -0.043693 0.531887
0.029160 -0.002395 0.165239 -0.435575 -1.737481
0.024149 0.007438 -0.413898 0.910285 1.378913
0.016884 0.021661 0.048681 -0.180868 -0.151307
0.017747 0.017532 -0.005249 -0.028519 0.732073
0.022360 0.005630 0.235291 -0.561496 -2.219966
0.016903 0.018197 -0.505665 1.167942 1.274311
0.005285 0.044252 -0.077368 0.154508 2.153327
0.016428 0.018257 0.632641 -1.437540 -2.197953
0.026850 -0.003092 -0.108423 0.340984 0.869168
0.028347 -0.003290 0.182234 -0.341324 -0.375272
0.033089 -0.010754 0.055507 -0.037626 -0.046688
0.035011 -0.011698 0.040656 -0.010143 1.964534
0.049723 -0.042494 0.693056 -1.514239 -2.663703
0.059597 -0.061149 -0.195636 0.548113 -1.559407
0.041617 -0.017416 -0.702625 1.632579 2.583581
0.030980 0.005648 0.167169 -0.445677 -1.007454
0.030883 0.004062 -0.170772 0.354818 1.040022
0.031012 0.001933 0.176033 -0.450366 0.545073
0.041604 -0.023773 0.353423 -0.834584 -0.665547
0.051237 -0.046339 0.129534 -0.305761 -2.014282
0.043081 -0.028301 -0.535431 1.190551 2.803456
0.040552 -0.025953 0.405506 -1.041419 -1.872119
0.044222 -0.038053 -0.219497 0.413427 -0.518090
0.032144 -0.014967 -0.384344 0.740860 0.716404
0.021682 0.002351 -0.139987 0.136941 -0.386561
0.013528 0.013666 -0.267465 0.426981 2.028151
0.016356 -0.000635 0.406725 -1.123173 -2.493496
0.015871 -0.005741 -0.427858 0.839313 0.974434
0.005379 0.011635 -0.098269 0.044081 -0.362691
-0.000982 0.019209 -0.219500 0.332096 -0.025833
-0.009925 0.032922 -0.227895 0.355919 0.983841
-0.012519 0.032379 0.097116 -0.372900 -0.506674
-0.012133 0.026525 -0.077040 0.072819 0.054885
-0.014899 0.029149 -0.061358 0.059126 -0.099225
-0.018072 0.033673 -0.097200 0.166457 0.165305
-0.020914 0.038393 -0.045140 0.071848 0.217053
-0.021355 0.038774 0.022865 -0.050992 -0.419862
-0.023331 0.044189 -0.121216 0.317637 0.911325
-0.022178 0.043567 0.177851 -0.339651 0.935349
-0.009000 0.017138 0.480609 -0.978210 -1.131544
0.002503 -0.002853 0.096355 -0.038441 -0.209363
0.004956 -0.001138 0.026514 0.122274 0.307460
0.008074 -0.001110 0.129009 -0.117489 0.763272
0.018287 -0.017354 0.381069 -0.689897 -0.696644
0.028821 -0.033682 0.146821 -0.137591 -0.745616
0.029781 -0.028290 -0.098077 0.400746 0.963078
0.032380 -0.028196 0.226785 -0.385003 0.026609
0.041625 -0.044099 0.235753 -0.412956 -0.663973
0.046671 -0.050863 0.017408 0.066616 0.367780
0.049930 -0.055069 0.145124 -0.272949 -2.303925
0.040498 -0.031537 -0.614691 1.430885 1.991721
0.029441 -0.007499 0.058927 -0.201545 -0.641344
0.027516 -0.005579 -0.154432 0.291024 1.202155
0.029390 -0.012892 0.246841 -0.645005 -1.622099
0.028404 -0.013180 -0.294207 0.612888 0.062234
0.017171 0.009287 -0.268024 0.516292 0.557294
0.010213 0.020938 -0.080757 0.074763 0.837323
0.012516 0.011488 0.195101 -0.540484 -1.591629
0.009623 0.015344 -0.337851 0.716388 3.000000
0.016136 -0.002645 0.660277 -1.587215 -1.672451
0.031184 -0.038349 0.094982 -0.224495 -2.054744
0.021368 -0.016344 -0.583872 1.307879 1.348468
0.007216 0.013162 -0.126018 0.188990 -0.347198
-0.000136 0.026142 -0.241402 0.458757 0.924938
-0.003631 0.030322 0.065458 -0.239074 0.333423
0.001098 0.016700 0.170970 -0.441919 -0.176050
0.006659 0.002743 0.107592 -0.261192 -0.643804
0.006631 0.002638 -0.108214 0.248762 -0.178646
0.001142 0.015101 -0.166263 0.375094 0.506896
-0.002118 0.022209 0.002534 -0.012802 -0.352766
-0.004418 0.027689 -0.117216 0.283710 0.771099
-0.004003 0.027507 0.137111 -0.284874 -0.240911
-0.000231 0.020875 0.051965 -0.051280 0.275187
0.003617 0.015197 0.140264 -0.231225 -0.243078
0.007535 0.010391 0.056043 -0.013077 0.978770
0.016254 -0.004863 0.379104 -0.742391 -1.028044
0.024471 -0.017838 0.033235 0.079450 0.703100
0.030521 -0.025934 0.268565 -0.477991 -2.374033
0.025452 -0.008514 -0.519580 1.327301 2.357250
0.020563 0.006438 0.271920 -0.550367 -1.946555
0.018387 0.015259 -0.378508 0.971770 3.000000
0.023307 0.007157 0.621094 -1.346027 -0.854862
0.042237 -0.031540 0.327272 -0.606934 -0.772777
0.050160 -0.043832 0.070044 -0.018489 -0.156314
0.052011 -0.043124 0.022616 0.053026 0.161934
0.054091 -0.044519 0.081162 -0.120655 -1.043583
0.050476 -0.034168 -0.260978 0.629815 0.114736
0.040967 -0.012334 -0.215081 0.468436 1.173005
0.040263 -0.012495 0.178426 -0.463435 -1.997165
0.034071 0.000012 -0.485902 1.069787 2.800602
0.033425 -0.001617 0.450225 -1.120797 -1.417821
0.041834 -0.023174 -0.027552 0.022522 -0.562480
0.037044 -0.014168 -0.211496 0.423903 0.625400
0.032839 -0.007683 0.000322 -0.091131 0.527464
0.036363 -0.019457 0.175466 -0.494212 -0.945064
0.037063 -0.024471 -0.139208 0.232242 -0.546884
0.027947 -0.007630 -0.316355 0.607923 1.368410
0.024505 -0.005297 0.142531 -0.475612 -1.506739
0.020123 -0.000631 -0.359880 0.693416 1.354651
0.014846 0.005381 0.094253 -0.376548 -1.356870
0.009522 0.011823 -0.358945 0.685004 1.924931
0.008046 0.009046 0.282877 -0.803560 -2.707635
0.001208 0.019815 -0.621663 1.314341 1.555013
-0.013161 0.047254 -0.099322 0.080761 2.577412
-0.000091 0.011965 0.750697 -1.826217 -1.632315
0.018773 -0.033257 0.195484 -0.463056 -0.760375
0.021537 -0.040227 -0.056229 0.105083 -1.217342
0.011297 -0.018379 -0.454901 0.979574 1.357402
0.002318 -0.001753 0.003966 -0.129455 -0.775975
-0.002701 0.005154 -0.254130 0.467790 1.852486
-0.000484 -0.005068 0.362936 -0.960906 -2.998399
-0.006047 0.003757 -0.637618 1.371209 0.712507
-0.026611 0.045946 -0.392373 0.755410 2.450021
-0.026009 0.038689 0.419814 -1.093983 -1.413714
-0.018870 0.019025 -0.060738 0.090549 -0.013832
-0.021423 0.023219 -0.066963 0.119563 0.208129
-0.022755 0.025224 0.000130 -0.016945 1.064782
-0.015731 0.008844 0.350196 -0.794504 -0.641098
-0.006132 -0.011779 0.130955 -0.248393 -1.214943
-0.008992 -0.002951 -0.272679 0.678583 0.569994
-0.016003 0.014502 -0.078932 0.204197 0.883638
-0.013289 0.009203 0.213704 -0.460887 -1.423350
-0.014304 0.013507 -0.262816 0.661159 0.203121
-0.023401 0.036307 -0.192715 0.485869 1.179343
-0.023281 0.037886 0.197281 -0.394193 0.449712
-0.012550 0.016668 0.339263 -0.667158 0.318413
0.002993 -0.013584 0.438146 -0.848856 -0.315755
0.018311 -0.041820 0.328722 -0.572484 0.345906
0.033755 -0.070180 0.443588 -0.847101 -1.000282
0.044875 -0.089217 0.113971 -0.119131 -2.676146
0.031838 -0.054949 -0.763810 1.813907 2.507503
0.018348 -0.024525 0.085712 -0.258426 -1.701680
0.010472 -0.008919 -0.477816 1.023916 0.667227
-0.004028 0.020244 -0.248617 0.448125 1.125366
-0.006465 0.020792 0.125381 -0.408593 -1.167519
-0.009325 0.023443 -0.266966 0.528501 0.567682
-0.016202 0.035741 -0.077812 0.095017 -0.510050
-0.022774 0.048109 -0.250324 0.519796 1.296024
-0.024204 0.049496 0.177277 -0.436699 -0.252016
-0.018969 0.037668 0.085096 -0.160855 0.050197
-0.015346 0.031599 0.096192 -0.144020 1.050219
-0.004613 0.010686 0.439712 -0.895327 -1.011177
0.006082 -0.008100 0.096673 -0.059392 -0.613080
0.005871 -0.001116 -0.106610 0.403462 1.487176
0.011555 -0.008342 0.389153 -0.750024 -2.981263
0.007187 0.008315 -0.604301 1.553842 1.898694
-0.004146 0.039476 0.034602 0.032200 1.618920
0.007912 0.016842 0.566944 -1.152053 0.658124
0.034745 -0.037369 0.775037 -1.563206 -1.614923
0.054844 -0.073857 0.232738 -0.287214 -1.197347
0.056313 -0.068309 -0.158106 0.554001 0.811046
0.055606 -0.060852 0.121558 -0.169682 -1.843545
0.048321 -0.040532 -0.484242 1.171379 1.112247
0.036610 -0.013219 -0.103206 0.212889 0.248836
0.034197 -0.009082 -0.017889 -0.002222 -1.141569
0.025905 0.008195 -0.395679 0.857424 2.421248
0.026293 0.004378 0.412237 -1.022636 -0.633758
0.038399 -0.025288 0.194496 -0.474264 -0.726649
0.041329 -0.033020 -0.047017 0.078290 -1.105515
0.032179 -0.013752 -0.409604 0.877853 0.794623
0.021243 0.007695 -0.138622 0.208125 -0.217049
0.014269 0.019288 -0.210090 0.371501 2.275430
0.021012 -0.000816 0.544989 -1.356577 -1.789532
0.030702 -0.025762 -0.057740 0.083957 -1.435911
0.018910 -0.001026 -0.530694 1.142971 0.530004
0.001384 0.035031 -0.347051 0.673714 2.152769
0.001839 0.028893 0.367414 -0.959022 -0.839370
0.010742 0.005409 0.079279 -0.229962 -1.468780
0.004093 0.019245 -0.410190 0.908470 1.891040
0.000355 0.025819 0.220831 -0.557807 -0.385571
0.006478 0.010811 0.086165 -0.200512 0.522329
0.013340 -0.004675 0.256673 -0.571660 -0.460390
0.020464 -0.019773 0.100389 -0.191612 -0.462276
0.021416 -0.020502 -0.052261 0.150236 -0.850495
0.013733 -0.002066 -0.331291 0.766601 1.834334
0.012800 -0.000618 0.282420 -0.673688 -1.934238
0.011126 0.003076 -0.363846 0.837874 1.221987
0.004818 0.016809 0.046635 -0.134761 -1.610137
-0.004087 0.036758 -0.490269 1.118298 1.853803
-0.011289 0.052459 0.127556 -0.309704 0.620692
-0.002229 0.032225 0.325243 -0.700586 1.487553
0.020491 -0.016917 0.810064 -1.751584 -2.163391
0.038269 -0.051772 0.082298 -0.023046 -0.386452
0.039097 -0.047896 -0.040590 0.214307 0.842246
0.043206 -0.053600 0.245066 -0.490698 -1.757585
0.041367 -0.046836 -0.335137 0.812061 0.140433
0.029118 -0.018641 -0.278134 0.606069 0.379940
0.020652 -0.001444 -0.146050 0.262041 0.213414
0.016271 0.005409 -0.073399 0.084459 -0.420961
0.010534 0.015302 -0.213130 0.407583 1.175797
0.009855 0.013391 0.177843 -0.490877 -0.752494
0.011857 0.006319 -0.076662 0.127187 -0.656300
0.004428 0.021502 -0.294305 0.627912 1.902054
0.005350 0.017109 0.338263 -0.828017 -2.672807
0.000936 0.026588 -0.555881 1.274156 2.925640
-0.001714 0.031608 0.419732 -0.990229 -0.598725
0.010869 0.003288 0.210789 -0.438955 -0.310297
0.017157 -0.008797 0.104260 -0.171472 0.578822
0.025166 -0.024481 0.295780 -0.609648 -0.417586
0.034176 -0.042168 0.155601 -0.282864 -1.436060
0.030898 -0.032010 -0.318065 0.778038 -0.023532
0.018204 -0.002269 -0.317299 0.715720 1.786133
0.017504 -0.002054 0.280128 -0.685249 -0.970483
0.022151 -0.013650 -0.046335 0.092214 -1.470242
0.010560 0.012223 -0.532029 1.191101 1.550634
-0.000257 0.034784 -0.011182 -0.041038 0.553858
0.002892 0.025542 0.168222 -0.417623 -0.250012
0.007834 0.013867 0.079468 -0.171828 0.061715
0.011362 0.006639 0.097016 -0.190738 -0.584521
0.011305 0.008441 -0.099148 0.274662 0.036620
0.007601 0.018737 -0.086338 0.242643 1.197164
0.012099 0.010211 0.310038 -0.658054 0.070677
0.024842 -0.016037 0.327605 -0.659512 -0.989850
0.031292 -0.026662 -0.003700 0.115213 -0.686566
0.026649 -0.012239 -0.227998 0.601993 2.968220
0.037385 -0.034805 0.761607 -1.702019 -2.147883
0.053381 -0.068436 0.041673 -0.010950 -1.419421
0.045763 -0.048669 -0.421492 0.989533 -0.066107
0.028717 -0.010484 -0.431593 0.928091 -0.202077
0.010273 0.028293 -0.491196 1.017123 2.228557
0.005534 0.034108 0.251474 -0.701003 0.148255
0.016396 0.005552 0.292109 -0.731996 -1.764256
0.016219 0.004521 -0.298806 0.660697 1.685701
0.015567 0.004311 0.264180 -0.652779 -1.143046
0.018419 -0.003229 -0.120018 0.261431 0.451829
0.016668 -0.000101 0.031831 -0.099325 0.426549
0.020760 -0.010460 0.172510 -0.416232 -2.523688
0.010831 0.012013 -0.666416 1.517160 3.000000
0.004328 0.024920 0.337332 -0.835954 -0.661958
0.013233 0.003381 0.109226 -0.253330 -1.615890
0.006804 0.018531 -0.429040 0.996173 1.700343
0.001056 0.031410 0.139335 -0.330833 -1.007503
-0.000195 0.034858 -0.200700 0.492331 1.720207
0.003206 0.028349 0.368911 -0.801000 -0.890587
0.011849 0.011759 0.064680 -0.042313 -0.484575
0.011173 0.017888 -0.097996 0.344532 0.879027
0.013104 0.018173 0.193523 -0.320869 -0.452858
0.017736 0.013195 0.038734 0.065570 1.852131
0.031577 -0.012366 0.651649 -1.329143 -0.628172
0.053279 -0.054342 0.435133 -0.785802 -1.747807
0.059062 -0.059157 -0.143829 0.525583 1.063490
0.060581 -0.056465 0.218360 -0.377884 -1.679416
0.058217 -0.046606 -0.334908 0.855731 1.933802
0.057907 -0.044236 0.316963 -0.714843 -0.307553
0.068527 -0.068148 0.214847 -0.488777 -2.236134
0.062340 -0.054361 -0.521991 1.158255 1.449128
0.051389 -0.033038 -0.027769 -0.071036 -0.554821
0.046653 -0.028008 -0.208534 0.318067 -0.196547
0.037117 -0.013317 -0.268391 0.417988 1.012854
0.033214 -0.013003 0.072009 -0.390838 -0.136913
0.035156 -0.026290 0.025537 -0.277788 -0.507394
0.032823 -0.029829 -0.141542 0.094885 0.040944
0.027519 -0.027462 -0.123826 0.024887 -0.200997
0.021299 -0.024034 -0.187050 0.145538 -1.488986
0.003994 0.003925 -0.677050 1.242593 1.199933
-0.014921 0.033645 -0.270781 0.263263 -0.082369
-0.026329 0.045888 -0.299731 0.350090 -0.954371
-0.044703 0.075134 -0.618262 1.106901 1.087331
-0.062207 0.103086 -0.258880 0.308156 0.634933
-0.068533 0.107750 -0.058102 -0.068624 2.427464
-0.055004 0.070629 0.733091 -1.772994 -1.741351
-0.037673 0.030425 0.136204 -0.265162 1.677860
-0.021180 -0.004843 0.687288 -1.488252 -1.349102
-0.002885 -0.041729 0.229916 -0.379170 -2.150275
-0.007957 -0.024317 -0.481436 1.230943 1.226140
-0.018825 0.003922 -0.064039 0.200930 0.088914
-0.020779 0.010459 -0.033887 0.128235 1.141255
-0.014552 -0.001830 0.344115 -0.733020 -1.106000
-0.008257 -0.013179 -0.027793 0.150882 -0.180618
-0.010524 -0.004833 -0.085517 0.266424 1.366033
-0.004812 -0.015590 0.369668 -0.791489 -1.748260
-0.001745 -0.019660 -0.214088 0.568034 -0.074890
-0.010681 0.003039 -0.233178 0.571329 0.439635
-0.017009 0.018486 -0.084050 0.209234 0.890860
-0.014460 0.013365 0.210567 -0.456974 -0.515073
-0.009568 0.003962 0.034891 -0.021122 0.336426
-0.005952 -0.001888 0.145629 -0.269062 -1.853217
-0.012496 0.016182 -0.470981 1.156031 1.447093
-0.021577 0.039079 0.014669 0.009752 1.761524
-0.009369 0.013373 0.594314 -1.282356 -1.836078
0.001959 -0.007644 -0.025226 0.206514 0.948447
0.007300 -0.014361 0.291239 -0.533297 -0.553973
0.015208 -0.026758 0.105104 -0.095219 0.292176
0.021394 -0.035502 0.203953 -0.340276 -1.680877
0.018395 -0.023638 -0.352180 0.918326 0.572867
0.008304 0.002564 -0.153643 0.404095 0.785726
0.007436 0.006218 0.109183 -0.211988 -0.819494
0.006301 0.010799 -0.165029 0.432888 0.264588
0.001495 0.023767 -0.075804 0.221052 0.104090
-0.000870 0.031312 -0.042703 0.158617 0.844026
0.002983 0.025262 0.234487 -0.453740 -0.789531
0.006979 0.020479 -0.033592 0.204411 0.621226
0.009744 0.019367 0.171165 -0.253768 1.237567
0.024732 -0.008956 0.577396 -1.155364 -0.891652
0.041732 -0.040088 0.274354 -0.417931 -0.864001
0.046979 -0.043873 -0.010939 0.218938 0.184614
0.047892 -0.039213 0.056208 0.017769 0.645563
0.054516 -0.049299 0.274350 -0.516520 -1.342535
0.056592 -0.049789 -0.169001 0.477954 -0.139181
0.049084 -0.030289 -0.206689 0.500581 0.198750
0.042279 -0.014652 -0.134215 0.287288 0.341580
0.039256 -0.009097 -0.017475 -0.004341 0.137632
0.039490 -0.011556 0.029049 -0.117511 -0.393704
0.038039 -0.010286 -0.101159 0.177153 1.067253
0.041140 -0.020038 0.255095 -0.654979 -1.518618
0.041187 -0.022472 -0.250866 0.516292 -0.285525
0.029380 0.001387 -0.339667 0.679097 0.971055
0.022352 0.012789 -0.013152 -0.095803 -0.516569
0.018347 0.017350 -0.186584 0.318914 0.379921
0.013419 0.024282 -0.060389 0.033114 0.107062
0.011664 0.024517 -0.027417 -0.020531 2.287465
0.025723 -0.010805 0.728371 -1.728773 -2.409786
0.038588 -0.040854 -0.081464 0.192837 -1.101842
0.028119 -0.017398 -0.441217 0.973829 0.977326
0.017156 0.004870 -0.108611 0.155423 0.265591
0.014590 0.006945 -0.020056 -0.048382 0.206813
0.015139 0.002092 0.047388 -0.193204 -0.292147
0.015056 -0.000808 -0.051132 0.044335 -0.866757
0.007252 0.014239 -0.338327 0.701702 0.460436
-0.003145 0.034663 -0.182513 0.328885 1.267747
-0.002045 0.028765 0.236158 -0.611826 -1.132881
-0.000293 0.023212 -0.147024 0.320041 0.632690
-0.001974 0.026450 0.062208 -0.150819 1.142670
0.008028 0.003726 0.437064 -0.978402 -1.259253
0.016973 -0.014629 0.012079 0.042688 0.234517
0.019050 -0.016879 0.091512 -0.152914 -1.525795
0.012571 0.000297 -0.414019 0.998989 2.057007
0.009839 0.007369 0.274792 -0.621227 -0.399209
0.018060 -0.010306 0.137129 -0.270892 -0.877793
0.017683 -0.007492 -0.154974 0.402650 0.576436
0.015392 -0.000914 0.039555 -0.065844 0.274029
0.018784 -0.007651 0.129888 -0.269473 -0.995976
0.017326 -0.002905 -0.201689 0.496920 0.571163
0.013136 0.007505 -0.008765 0.032215 0.691908
0.017371 -0.001664 0.219922 -0.485254 0.324984
0.028255 -0.025417 0.324377 -0.703991 -0.588961
0.037258 -0.044145 0.126876 -0.242684 -0.203008
0.041042 -0.051402 0.062617 -0.123332 -1.985582
0.030439 -0.026873 -0.591071 1.334670 1.815890
0.019134 -0.003752 0.023141 -0.153312 -0.230098
0.018513 -0.006200 -0.053847 0.027891 -0.220322
0.014911 -0.001848 -0.126095 0.188276 -0.154025
0.008875 0.007787 -0.175742 0.293898 0.855377
0.007561 0.006222 0.109083 -0.363197 -0.675983
0.007358 0.002742 -0.118337 0.180873 0.531344
0.006179 0.001669 0.058781 -0.229000 0.049090
0.008817 -0.007868 0.073273 -0.249437 -2.242232
-0.003188 0.016787 -0.671352 1.462946 2.204556
-0.015197 0.039928 0.067694 -0.276426 -0.121735
-0.013431 0.032071 0.020972 -0.120134 1.140839
-0.005097 0.010692 0.394869 -0.941657 -1.231276
0.002337 -0.006513 -0.021279 0.063896 -0.486007
-0.001727 0.003313 -0.181539 0.424262 0.074722
-0.008438 0.018685 -0.154437 0.348468 1.847381
-0.002321 0.004258 0.458415 -1.053092 -1.906391
0.003161 -0.007031 -0.181766 0.465104 1.066584
0.003066 -0.005557 0.175723 -0.379294 0.405522
0.012743 -0.026541 0.308042 -0.669938 -2.458814
0.008665 -0.015265 -0.509272 1.209721 0.073026
-0.011006 0.030070 -0.475323 1.067931 0.935541
-0.023705 0.057742 -0.161377 0.331819 0.998258
-0.023610 0.056663 0.165071 -0.376058 0.101581
-0.016520 0.041925 0.189690 -0.363895 1.556996
0.001266 0.004976 0.698675 -1.475627 -1.729033
0.017468 -0.025351 0.114211 -0.066617 -0.835058
0.016521 -0.015642 -0.160840 0.545447 0.615306
0.014289 -0.004320 0.048274 0.030089 -0.091021
0.015621 -0.001811 0.018379 0.094961 0.634551
0.020588 -0.007883 0.229331 -0.392920 -0.273419
0.027893 -0.019010 0.136474 -0.168820 -0.849010
0.027715 -0.012892 -0.144544 0.467054 0.142484
0.022973 0.002724 -0.093050 0.318917 1.287355
0.027850 -0.004615 0.335502 -0.673385 -0.822510
0.035700 -0.018076 0.058293 -0.011683 -0.721459
0.033265 -0.007820 -0.179432 0.519084 0.591600
0.030113 0.003024 0.020867 0.032092 0.567591
0.034715 -0.004341 0.208721 -0.395790 -0.119761
0.042211 -0.017861 0.166486 -0.284439 -0.369666
0.046402 -0.023552 0.043622 -0.005189 1.310625
0.056909 -0.044383 0.480492 -1.025912 -2.550603
0.059111 -0.045926 -0.367324 0.921054 0.523495
0.048135 -0.019373 -0.182695 0.418714 1.012636
0.047667 -0.019153 0.158017 -0.396249 -0.719971
0.049179 -0.023826 -0.081456 0.153918 -0.053617
0.045639 -0.017572 -0.095662 0.159968 -0.914775
0.035790 0.002291 -0.396148 0.827769 2.062152
0.033780 0.002702 0.293177 -0.784537 -2.340365
0.029813 0.008421 -0.488801 1.045921 1.850231
0.022707 0.020671 0.130961 -0.410444 0.290396
0.029767 0.000854 0.222166 -0.581902 -1.183215
0.030691 -0.003411 -0.174451 0.354643 0.566104
0.027538 0.001559 0.016002 -0.098777 0.505804
0.031522 -0.009960 0.182840 -0.474194 -1.686998
0.027562 -0.002574 -0.378961 0.826717 0.950378
0.018855 0.014765 -0.057939 0.054533 -0.218020
0.015060 0.020601 -0.131612 0.235880 1.793529
0.021712 0.002689 0.462487 -1.116147 -1.497272
0.030074 -0.017364 -0.042151 0.092499 0.446495
0.031407 -0.021013 0.108343 -0.270599 -1.565588
0.025331 -0.007882 -0.410589 0.913247 1.151624
0.016722 0.009588 -0.021647 -0.023167 0.925441
0.021985 -0.005268 0.284018 -0.712892 -2.735261
0.015052 0.009105 -0.627639 1.404639 2.565879
0.007204 0.024254 0.231756 -0.615578 -1.503060
0.006328 0.024137 -0.273714 0.592776 2.108656
0.009436 0.015278 0.426819 -1.015025 -0.534168
0.022764 -0.015368 0.240904 -0.530114 -1.596526
0.021730 -0.011658 -0.290749 0.699094 0.584036
0.014113 0.006168 -0.091201 0.202678 0.446769
0.013450 0.007323 0.057501 -0.139881 0.283903
0.017598 -0.002238 0.149729 -0.337281 -0.303975
0.021514 -0.010621 0.046663 -0.087059 -1.304291
0.014711 0.005844 -0.385599 0.899721 0.282585
0.001288 0.036464 -0.286578 0.641035 1.118470
-0.002727 0.044979 0.084333 -0.201665 0.442863
0.003455 0.031475 0.224605 -0.472446 0.101586
0.012967 0.012424 0.251338 -0.483709 0.007051
0.022959 -0.006052 0.248684 -0.444267 -1.622208
0.022054 0.001601 -0.292129 0.810793 1.542338
0.020741 0.009339 0.224406 -0.405214 -0.323994
0.027472 -0.001086 0.112792 -0.122072 -0.547537
0.028317 0.002630 -0.069926 0.302623 1.755117
0.037228 -0.012525 0.513630 -1.044467 -0.024050
0.057472 -0.052778 0.499443 -0.977064 -2.540047
0.060530 -0.052810 -0.343550 0.948442 1.086937
0.054268 -0.033995 0.028716 0.008963 0.976257
0.061981 -0.049382 0.355963 -0.770307 -0.883097
0.070338 -0.066738 0.063315 -0.110426 -1.999562
0.059712 -0.041890 -0.592989 1.338102 2.778967
0.054767 -0.033755 0.342161 -0.898596 -2.260719
0.053359 -0.034559 -0.409811 0.833888 0.006752
0.037215 -0.003194 -0.398124 0.741849 0.934198
0.027626 0.011089 -0.082788 -0.014246 -0.636259
0.020057 0.020597 -0.295057 0.484489 -0.164340
0.007191 0.042358 -0.348440 0.606134 1.893182
0.005838 0.037771 0.278660 -0.816509 -0.334277
0.014554 0.012239 0.158149 -0.469895 1.252362
0.029111 -0.024852 0.568936 -1.379130 -2.294199
0.036455 -0.043503 -0.198472 0.417228 0.037081
0.028922 -0.028919 -0.178621 0.316266 -0.004877
0.021857 -0.017258 -0.174909 0.269715 0.052802
0.015292 -0.008014 -0.153626 0.195359 -0.407833
0.006483 0.005646 -0.286644 0.486292 -0.167101
-0.006032 0.027174 -0.339318 0.592833 1.689072
-0.008341 0.024826 0.221882 -0.692686 -1.393516
-0.008894 0.020052 -0.247708 0.437262 1.267280
-0.010353 0.017995 0.173326 -0.527005 -0.804148
-0.008890 0.010422 -0.098998 0.137570 -0.316252
-0.014957 0.020876 -0.204185 0.383712 1.171475
-0.015323 0.018242 0.184549 -0.503480 -1.465896
-0.017811 0.021752 -0.307191 0.663287 2.594142
-0.012796 0.008104 0.555157 -1.320725 -1.404121
-0.000152 -0.021164 0.079414 -0.164717 -1.676052
-0.008105 -0.002241 -0.475491 1.096975 3.000000
-0.007000 -0.005932 0.527146 -1.249333 -2.745620
-0.004357 -0.012160 -0.391520 0.906411 0.736293
-0.014959 0.011329 -0.139970 0.281454 0.227334
-0.019031 0.019020 -0.064056 0.107078 -0.545427
-0.025250 0.032017 -0.246470 0.539224 0.682230
-0.030566 0.043180 -0.020339 0.028410 0.822686
-0.026006 0.032702 0.247632 -0.546367 -0.075800
-0.016766 0.013544 0.214927 -0.417121 -0.730084
-0.013125 0.008993 -0.031890 0.180291 1.976810
-0.001251 -0.014151 0.623701 -1.320979 -2.594833
0.006262 -0.025657 -0.244645 0.714648 0.668616
0.001081 -0.008845 -0.015565 0.137307 0.865325
0.006249 -0.016992 0.273056 -0.536774 -0.999013
0.010477 -0.022753 -0.060347 0.236681 -0.367843
0.005697 -0.008437 -0.178536 0.478555 0.948377
0.004951 -0.004659 0.139962 -0.278277 -0.977489
0.004010 -0.000467 -0.185900 0.478092 0.446470
-0.000388 0.011190 -0.034766 0.112209 0.094042
-0.001166 0.014386 -0.004302 0.049135 0.233926
0.000188 0.013070 0.071764 -0.112911 0.221234
0.004478 0.005654 0.142654 -0.257358 -0.295658
0.008160 0.000421 0.041911 -0.008778 -0.125156
0.008995 0.002060 -0.000025 0.089632 0.541547
0.012599 -0.002702 0.179674 -0.322879 -0.520240
0.016276 -0.007211 0.004900 0.090729 -0.737952
0.011587 0.007512 -0.238796 0.640628 1.565560
0.012522 0.008451 0.283685 -0.576385 -0.781896
0.018556 -0.001580 0.019167 0.063867 0.958863
0.025707 -0.013833 0.337498 -0.668676 -2.014801
0.025728 -0.009014 -0.334135 0.888775 1.935824
0.025388 -0.004556 0.314683 -0.643502 -0.658850
0.033499 -0.019376 0.091982 -0.107999 -0.838069
0.031625 -0.011085 -0.184897 0.515461 0.537408
0.027901 0.000374 -0.002211 0.066071 0.516192
0.031250 -0.004951 0.169149 -0.327829 -1.009485
0.031257 -0.002189 -0.167655 0.455482 -0.436149
0.021718 0.022115 -0.309257 0.760191 1.576387
0.019892 0.027862 0.215946 -0.454583 -0.040130
0.028126 0.011593 0.196197 -0.363309 1.181350
0.043744 -0.020288 0.583964 -1.224917 -1.794433
0.055020 -0.040522 -0.017518 0.189038 0.579380
0.058284 -0.043002 0.180011 -0.306574 -2.530377
0.048703 -0.016981 -0.656741 1.586734 2.043261
0.036298 0.012626 0.033374 -0.077165 0.870346
0.043379 -0.003394 0.319951 -0.718070 -1.542436
0.045810 -0.007499 -0.196394 0.494964 0.960222
0.044429 -0.003249 0.126075 -0.270833 -0.475680
0.046270 -0.006447 -0.033401 0.104982 0.071533
0.045436 -0.003597 -0.008464 0.039015 -0.287118
0.043197 0.002279 -0.103253 0.252951 -0.565260
0.035336 0.020836 -0.289484 0.672659 1.832105
0.035993 0.019236 0.320175 -0.733255 -0.548242
0.044995 -0.000205 0.131014 -0.249397 0.615004
0.054283 -0.019259 0.333076 -0.700709 -0.936729
0.061307 -0.032372 0.019527 0.032099 0.490737
0.065424 -0.039376 0.185806 -0.377950 -1.949450
0.059920 -0.024948 -0.459070 1.081986 2.375458
0.057574 -0.020144 0.338742 -0.814316 -1.632398
0.060185 -0.026994 -0.206057 0.452613 0.866124
0.057830 -0.023389 0.087151 -0.261669 0.137686
0.062243 -0.036132 0.133552 -0.376375 -2.137501
0.053393 -0.018681 -0.573922 1.230074 0.747527
0.035637 0.016992 -0.315589 0.569877 1.851608
0.035378 0.011012 0.300554 -0.850157 -2.308224
0.031892 0.013889 -0.472048 0.969031 3.000000
0.033080 0.005633 0.528016 -1.351006 -0.824947
0.048495 -0.033766 0.244563 -0.636861 -1.318290
0.049489 -0.038911 -0.193177 0.364462 -0.229752
0.040376 -0.022166 -0.262631 0.474555 1.212053
0.038055 -0.022923 0.145089 -0.498893 -1.330377
0.034987 -0.022289 -0.296910 0.516473 0.476278
0.026408 -0.010129 -0.132881 0.099768 -0.815165
0.015711 0.006042 -0.401358 0.703472 0.902527
0.005756 0.019541 -0.097771 -0.015659 -0.278709
-0.000052 0.023696 -0.192349 0.220893 -0.078364
-0.008284 0.034017 -0.219357 0.296163 0.663057
-0.012679 0.036111 -0.001195 -0.184258 0.166503
-0.011728 0.027301 0.048809 -0.256986 0.242503
-0.008263 0.014307 0.124466 -0.393364 -2.188852
-0.017936 0.033086 -0.605769 1.311819 2.273960
-0.026924 0.049728 0.153212 -0.451164 -0.300474
-0.022975 0.038085 0.044943 -0.137644 -0.228841
-0.022809 0.037201 -0.036276 0.090088 0.452131
-0.021328 0.034653 0.109882 -0.213679 -0.575037
-0.020872 0.036069 -0.086374 0.277843 1.309449
-0.015666 0.027602 0.345378 -0.689387 0.786358
0.003206 -0.010443 0.598136 -1.213051 -3.000000
0.007008 -0.011455 -0.404428 1.129339 2.299400
0.006314 -0.003334 0.366780 -0.696042 -0.749754
0.015891 -0.018755 0.113334 -0.086701 0.573877
0.024262 -0.031310 0.304738 -0.537130 -1.600633
0.025788 -0.028186 -0.226629 0.676909 -0.098897
0.016223 -0.001102 -0.252120 0.682552 2.214157
0.020966 -0.008711 0.486763 -1.040290 0.206515
0.041663 -0.052258 0.548703 -1.144095 -0.437501
0.060635 -0.090952 0.401219 -0.803353 -2.037778
0.063238 -0.092994 -0.268727 0.679941 0.050148
0.053126 -0.069585 -0.237560 0.497537 0.547978
0.047494 -0.060326 -0.044971 -0.025561 -2.274063
0.030711 -0.027827 -0.792387 1.634485 -0.537590
-0.004247 0.043004 -0.956242 1.916667 2.291630
-0.027063 0.083019 -0.188434 0.118892 1.156404
-0.027087 0.071898 0.186285 -0.666402 -0.726924
-0.024723 0.058956 -0.066902 0.007548 1.009924
-0.020819 0.045176 0.261318 -0.689648 -0.160482
-0.011641 0.022059 0.198364 -0.473764 0.015919
-0.003725 0.004049 0.197808 -0.430890 -1.374332
-0.005034 0.008639 -0.261671 0.646203 0.187382
-0.014180 0.030988 -0.196332 0.478069 1.076751
-0.014876 0.033710 0.160253 -0.330059 0.725442
-0.003772 0.010638 0.394623 -0.821323 -1.405307
0.002510 0.000766 -0.078606 0.309916 1.081185
0.006596 -0.003798 0.281682 -0.527245 -0.667839
0.013341 -0.013964 0.056643 0.009349 0.761799
0.020700 -0.025583 0.310557 -0.584235 -2.008092
0.019728 -0.017886 -0.356925 0.949203 1.901400
0.018276 -0.010767 0.281848 -0.570565 -0.439038
0.026561 -0.026290 0.133256 -0.213711 0.190453
0.033178 -0.038046 0.197585 -0.374156 -1.328618
0.032270 -0.032966 -0.241551 0.615316 2.162801
0.037154 -0.043109 0.483231 -1.100201 -3.000000
0.036465 -0.040603 -0.514180 1.193896 1.180263
0.024015 -0.013468 -0.110359 0.182150 -0.158704
0.018601 -0.004268 -0.160341 0.278344 0.271751
0.014046 0.002252 -0.067887 0.052117 -0.896543
0.005369 0.018126 -0.365199 0.735083 1.626907
0.001652 0.022018 0.177295 -0.522004 0.319861
0.010742 -0.002534 0.277380 -0.707838 -1.305632
0.013048 -0.009867 -0.160315 0.325199 1.511398
0.016758 -0.020708 0.344201 -0.852825 -1.764192
0.018708 -0.027039 -0.244464 0.515767 0.739800
0.013987 -0.019055 0.007317 -0.106312 -1.285036
0.005758 -0.003837 -0.417575 0.856734 2.037875
0.002749 -0.002080 0.264620 -0.746035 -0.563022
0.009480 -0.022294 0.073041 -0.275279 -1.980923
-0.000766 -0.002999 -0.583423 1.222923 2.566855
-0.006836 0.004809 0.276641 -0.802499 -1.622306
-0.006694 -0.001153 -0.267430 0.485133 -0.020145
-0.017449 0.017917 -0.270683 0.472311 0.478976
-0.025058 0.029270 -0.110601 0.102816 0.533487
-0.025985 0.025767 0.063764 -0.273367 -1.160034
-0.031249 0.033642 -0.325681 0.655598 0.769490
-0.039137 0.048001 -0.069927 0.073491 0.586021
-0.038137 0.043009 0.119398 -0.318575 0.677355
-0.029005 0.021335 0.336949 -0.763269 -0.526007
-0.019194 0.000441 0.154718 -0.292135 -0.194654
-0.014351 -0.007810 0.087839 -0.124403 -2.059031
-0.024541 0.018877 -0.595396 1.441921 2.484702
-0.031661 0.036966 0.235938 -0.506134 -0.577098
-0.026227 0.027159 0.036759 0.006723 0.049886
-0.024491 0.027332 0.049981 0.002062 1.100646
-0.015241 0.011195 0.411634 -0.800932 -1.219321
-0.007041 -0.000729 0.000090 0.188501 0.343121
-0.004734 0.001322 0.114809 -0.081753 1.096619
0.007128 -0.018605 0.477404 -0.906941 -1.583830
0.015585 -0.029731 -0.052413 0.330972 0.656189
0.017960 -0.027652 0.170303 -0.218929 -0.486724
0.021556 -0.029238 0.010067 0.134316 -0.066510
0.021595 -0.023657 -0.008215 0.145675 0.687750
0.025909 -0.029093 0.223157 -0.410710 -1.073335
0.027694 -0.029127 -0.132654 0.397645 0.687843
0.027082 -0.024951 0.101119 -0.179931 -0.360202
0.028755 -0.026916 -0.017027 0.077625 -0.342749
0.025863 -0.019238 -0.127405 0.304613 -0.474336
0.017697 -0.000583 -0.280731 0.627323 1.227374
0.014726 0.004839 0.130562 -0.341553 -2.035309
0.006344 0.023051 -0.547508 1.233537 2.556868
0.001580 0.032070 0.306010 -0.752723 -1.442271
0.004040 0.025896 -0.181113 0.426333 1.259781
0.005175 0.023682 0.236464 -0.524141 -1.426991
0.005005 0.025925 -0.243235 0.620692 1.873049
0.007762 0.021815 0.378967 -0.807013 -0.013590
0.022654 -0.008627 0.366283 -0.722301 -1.629200
0.026370 -0.011680 -0.178419 0.551161 0.561579
0.023071 0.000778 0.012520 0.080786 0.356893
0.025950 -0.001518 0.131023 -0.192183 0.309577
0.033217 -0.013694 0.232233 -0.415894 -0.671569
0.038000 -0.019731 0.007839 0.105507 -0.240218
0.036769 -0.012375 -0.069277 0.261542 0.695009
0.038683 -0.013184 0.164091 -0.294340 0.421090
0.048026 -0.031296 0.302912 -0.610356 -1.717773
0.048691 -0.029211 -0.267681 0.696687 -0.479949
0.034956 0.004462 -0.419213 0.989529 1.740321
0.029900 0.016132 0.164029 -0.384385 0.009163
0.036424 0.001544 0.162481 -0.348388 -1.270560
0.034410 0.007672 -0.261740 0.642084 2.322303
0.039463 -0.002959 0.511836 -1.150592 -0.995686
0.053140 -0.032177 0.173858 -0.327777 -1.235948
0.051892 -0.026583 -0.234928 0.595651 -0.204231
0.041282 -0.000993 -0.295939 0.687645 2.037739
0.043102 -0.005697 0.384586 -0.901506 -0.680094
0.053834 -0.030200 0.153349 -0.336488 -1.150460
0.052330 -0.026212 -0.227293 0.524627 0.271585
0.045179 -0.010671 -0.130915 0.259158 -0.901299
0.034008 0.012983 -0.427049 0.918966 1.974148
0.030166 0.018531 0.232407 -0.618819 -1.874439
0.026857 0.023863 -0.395638 0.865614 1.787231
0.022992 0.030487 0.200117 -0.513664 0.115781
0.031618 0.009594 0.231533 -0.534792 -0.475251
0.037611 -0.003519 0.069002 -0.129133 -1.373097
0.031221 0.012544 -0.387174 0.920670 1.463184
0.025574 0.026002 0.102724 -0.228837 -0.605134
0.025560 0.027093 -0.102634 0.276536 1.428462
0.030931 0.016526 0.369717 -0.792065 0.391278
0.048159 -0.019682 0.492006 -1.022215 -1.001135
0.061062 -0.044244 0.154900 -0.222204 -0.425655
0.064487 -0.047290 0.016858 0.065195 -1.144161
0.057664 -0.028272 -0.357151 0.878278 1.107591
0.050936 -0.011943 0.019063 -0.045720 -0.724836
0.046894 -0.002815 -0.220528 0.496329 0.320154
0.040281 0.011429 -0.110817 0.222528 2.012266
0.049238 -0.010578 0.556751 -1.305795 -2.540262
0.054434 -0.022256 -0.293626 0.691376 0.899566
0.048824 -0.009823 0.011726 -0.056797 0.070972
0.049775 -0.013302 0.035842 -0.117000 0.404204
0.053907 -0.024309 0.170469 -0.431111 -2.036396
0.047169 -0.010234 -0.505298 1.116067 1.791057
0.039061 0.005197 0.097411 -0.321279 -0.270598
0.041096 -0.002913 0.004841 -0.089115 0.624958
0.045438 -0.015995 0.211790 -0.560927 -0.159364
0.052799 -0.035574 0.156821 -0.423837 -2.317509
0.043674 -0.017181 -0.610753 1.322904 0.186813
0.020726 0.030730 -0.537907 1.085376 1.634250
0.010173 0.048365 0.007876 -0.182005 0.030045
0.010551 0.042023 0.011238 -0.136923 0.396758
0.013522 0.031654 0.137136 -0.380217 0.299389
0.020868 0.013129 0.230232 -0.547378 -1.407724
0.020597 0.013936 -0.242055 0.572172 1.532459
0.021159 0.012885 0.268348 -0.608343 0.085466
0.032336 -0.011609 0.290931 -0.621021 -1.596386
0.033281 -0.011326 -0.241757 0.617864 1.637941
0.034620 -0.012823 0.306748 -0.674882 -1.628066
0.035983 -0.014166 -0.236644 0.589714 2.024574
0.040101 -0.022757 0.440229 -0.998633 -1.343018
0.048673 -0.041239 -0.009584 0.055860 -0.970508
0.041933 -0.025105 -0.326671 0.744501 1.210452
0.037084 -0.015460 0.082504 -0.246499 0.023907
0.040538 -0.025683 0.090387 -0.266442 -1.427976
0.034672 -0.014620 -0.382269 0.806826 0.650701
0.023863 0.006271 -0.159400 0.249670 0.842089
0.023112 0.003165 0.120900 -0.396539 -0.657848
0.023504 -0.001955 -0.100379 0.132131 -1.855418
0.006265 0.008255 0.002133 0.004590 -0.227338
0.004816 0.012158 -0.074373 0.188729 -0.275738
0.000004 0.024014 -0.166119 0.403424 0.351556
-0.004300 0.034815 -0.049705 0.142487 0.842873
-0.000745 0.028242 0.226632 -0.464005 -1.095426
0.000895 0.027824 -0.143240 0.430515 2.259281
0.010187 0.010476 0.605548 -1.277628 -2.238951
0.019290 -0.004233 -0.147325 0.514158 0.439698
0.016401 0.008843 0.002051 0.147370 0.923262
0.022619 0.000612 0.307907 -0.550745 -1.233671
0.026635 -0.001664 -0.105538 0.422838 1.479001
0.032311 -0.008027 0.387675 -0.726123 -0.496091
0.044417 -0.028618 0.218663 -0.313342 0.026021
0.053344 -0.041749 0.227902 -0.345361 -0.928302
0.056322 -0.041783 -0.077982 0.334085 1.056921
0.060367 -0.046011 0.278985 -0.534138 -2.239646
0.056653 -0.033336 -0.462399 1.147102 0.426784
0.041237 0.003731 -0.309690 0.719461 1.838089
0.041173 0.003435 0.304284 -0.714148 -1.193377
0.045287 -0.005723 -0.096971 0.241005 0.238579
0.043040 -0.000164 -0.015767 0.040859 0.814425
0.047830 -0.011062 0.254489 -0.579202 -0.758835
0.052895 -0.022018 -0.000094 0.020757 -0.335546
0.050708 -0.016535 -0.108995 0.251217 0.171261
0.047559 -0.009801 -0.048817 0.089124 0.072236
0.046120 -0.007656 -0.023304 0.019498 0.569481
0.048993 -0.015794 0.166449 -0.421792 0.544806
0.059243 -0.040801 0.345862 -0.827699 -1.391108
0.063792 -0.052380 -0.116489 0.231367 -0.678287
0.054774 -0.034215 -0.334106 0.674365 0.618902
0.045704 -0.018410 -0.120501 0.126608 0.224549
0.042439 -0.017365 -0.043065 -0.071403 -1.730973
0.029232 0.006088 -0.615717 1.230482 2.031579
0.018292 0.022626 0.065864 -0.377562 -0.909107
0.014774 0.022543 -0.240617 0.362997 0.944451
0.011436 0.022627 0.072632 -0.348736 -0.823851
0.008759 0.022352 -0.205441 0.325470 0.210126
0.001939 0.032261 -0.136026 0.174070 1.199413
0.004427 0.021361 0.259317 -0.708882 -0.319614
0.012518 -0.000608 0.146091 -0.398261 -0.416571
0.015529 -0.009586 0.005179 -0.057188 -0.118882
0.014956 -0.010158 -0.033688 0.027247 -0.834295
0.008084 0.003512 -0.309225 0.650211 -0.021140
-0.004336 0.029092 -0.312286 0.634088 1.859262
-0.004434 0.025781 0.305252 -0.780493 -0.735507
0.002706 0.007535 0.053057 -0.144254 -1.196746
-0.003175 0.020556 -0.345868 0.784806 1.732060
-0.005421 0.024822 0.231407 -0.551837 -0.251001
0.002023 0.007957 0.141484 -0.298260 -0.303722
0.005594 0.001318 0.037594 -0.038644 1.250992
0.015406 -0.019323 0.451881 -0.984197 -0.005700
0.033329 -0.057691 0.445057 -0.942357 -2.080043
0.037290 -0.063567 -0.244403 0.625162 -0.707484
0.023042 -0.029983 -0.468014 1.054899 0.328405
0.006729 0.005100 -0.348767 0.710926 1.468294
0.002641 0.010182 0.142463 -0.439622 -1.598994
-0.002387 0.018020 -0.392065 0.815366 2.240466
-0.003086 0.015591 0.354475 -0.913016 -0.369963
0.008457 -0.013630 0.223778 -0.558789 -2.514283
0.000627 0.003108 -0.612609 1.371960 1.375286
-0.014530 0.035136 -0.147613 0.251777 0.752313
-0.015474 0.034179 0.099546 -0.292181 0.254394
-0.009924 0.019808 0.178019 -0.427294 -0.628226
-0.007095 0.013438 -0.035635 0.100116 0.410290
-0.005811 0.011360 0.099413 -0.200192 0.444626
0.001062 -0.002905 0.244042 -0.511523 -0.750623
0.005754 -0.011176 -0.008350 0.087924 1.304969
0.014133 -0.028041 0.426040 -0.920282 -2.337051
0.015551 -0.028356 -0.352363 0.879186 0.280697
0.003515 0.000709 -0.250433 0.583893 1.121343
0.001040 0.006112 0.125210 -0.300217 -0.117913
0.005201 -0.003503 0.083206 -0.184072 -1.200550
0.000519 0.007783 -0.316084 0.737671 2.453616
0.004287 -0.001168 0.501724 -1.160381 -1.537598
0.013950 -0.022399 -0.016216 0.077117 -0.098650
0.012703 -0.018384 -0.046144 0.123776 -1.029322
0.004067 0.001825 -0.384892 0.880113 0.548639
-0.007553 0.027506 -0.197306 0.415592 0.453654
-0.012430 0.037289 -0.047267 0.080255 0.528044
-0.010885 0.033196 0.124040 -0.280639 1.160666
0.001675 0.005337 0.503212 -1.106409 -1.715760
0.010205 -0.010914 -0.074285 0.271299 1.001266
0.013953 -0.016016 0.260572 -0.516381 -1.284405
0.015784 -0.016582 -0.167462 0.474066 0.852786
0.014861 -0.011696 0.120171 -0.219100 -0.728140
0.014813 -0.009212 -0.121800 0.336028 1.296237
0.018630 -0.016307 0.311214 -0.677952 -0.001676
0.030995 -0.042831 0.307592 -0.653834 -1.308860
0.034589 -0.048992 -0.126210 0.330637 0.656218
0.034059 -0.047376 0.098824 -0.241536 -1.937362
0.025199 -0.028061 -0.540076 1.191369 1.343086
0.012771 -0.003246 -0.083500 0.069883 -1.901190
-0.003198 0.028619 -0.713225 1.509235 2.663589
-0.013850 0.046801 0.176902 -0.566795 -0.508397
-0.010345 0.033806 -0.000679 -0.092120 0.232066
-0.008920 0.027504 0.071812 -0.222396 0.455174
-0.003119 0.012592 0.218093 -0.521964 -0.932870
-0.000711 0.007074 -0.096455 0.234378 0.134744
-0.003658 0.014271 -0.051169 0.128394 0.010641
-0.005651 0.019445 -0.048573 0.131292 -0.002959
-0.007642 0.025061 -0.051061 0.150375 1.074049
-0.002580 0.015008 0.303140 -0.643914 1.112858
0.016811 -0.026592 0.665926 -1.433150 -2.005317
0.029948 -0.051800 -0.006068 0.145060 -0.672982
0.025362 -0.037030 -0.222799 0.590219 0.637144
0.020855 -0.024812 -0.003655 0.030886 -0.331568
0.018560 -0.019064 -0.110854 0.254485 -0.264993
0.012441 -0.005560 -0.195080 0.421059 0.497662
0.008022 0.002981 -0.026666 0.013400 0.689188
0.011533 -0.006985 0.201586 -0.506348 -0.728624
0.014686 -0.015495 -0.042878 0.071008 1.153255
0.020684 -0.030790 0.341686 -0.826074 -1.464789
0.024552 -0.040928 -0.146306 0.301152 -0.158388
0.017782 -0.027772 -0.192350 0.358475 0.325753
0.012371 -0.019529 -0.078830 0.059430 -0.261805
0.007529 -0.013635 -0.163086 0.233986 -0.549494
-0.002583 0.003565 -0.342229 0.623959 0.346714
-0.013877 0.022474 -0.223334 0.329413 0.299384
-0.020819 0.031165 -0.124253 0.109960 -0.390076
-0.028435 0.042158 -0.256264 0.437268 -0.024677
-0.038877 0.060454 -0.266119 0.480546 0.303033
-0.047571 0.075833 -0.169197 0.294162 0.179573
-0.053274 0.086260 -0.116245 0.230234 0.669722
-0.053641 0.086982 0.097214 -0.188081 0.759607
-0.044938 0.070169 0.337567 -0.649624 0.672582
-0.027227 0.036425 0.548039 -1.039055 -1.582401
-0.016079 0.021448 0.011646 0.269099 1.477134
-0.005808 0.009726 0.500390 -0.842000 0.413882
0.016797 -0.028901 0.630201 -1.093366 -1.952775
0.028904 -0.041814 -0.022199 0.423629 1.395864
0.037442 -0.047768 0.447435 -0.706579 -0.631664
0.051127 -0.066456 0.237951 -0.238286 -0.794008
0.055471 -0.065002 -0.019924 0.303652 0.229489
0.056381 -0.058237 0.064889 0.039587 0.101058
0.059777 -0.059562 0.104711 -0.104137 -0.688560
0.059500 -0.054379 -0.117912 0.357880 0.551443
0.058620 -0.050221 0.073083 -0.142238 -1.492898
0.051706 -0.033954 -0.417466 0.943849 0.401634
0.037895 -0.004381 -0.274256 0.546135 0.219048
0.028473 0.013300 -0.197461 0.344267 0.551577
0.024265 0.018481 -0.013699 -0.078258 -0.295685
0.021696 0.020460 -0.114405 0.174075 0.766501
0.022197 0.015929 0.138649 -0.393551 -0.067399
0.027197 0.002154 0.111763 -0.299250 -0.791716
0.026348 0.002835 -0.153259 0.324649 0.079587
0.020787 0.014267 -0.125120 0.250303 2.961113
0.035482 -0.021175 0.857018 -1.997832 -3.000000
0.049552 -0.052829 -0.149052 0.374574 -0.900717
0.037772 -0.025717 -0.439554 0.978092 0.932427
0.026595 -0.002786 -0.120914 0.184078 -0.058490
0.021403 0.005198 -0.138807 0.216226 -0.475093
0.012711 0.021010 -0.295537 0.572488 0.768730
0.006041 0.031863 -0.039101 -0.019302 -0.377555
0.001890 0.037688 -0.168027 0.307114 0.365065
-0.002443 0.044874 -0.049207 0.057198 -0.260348
-0.006237 0.052161 -0.140247 0.305101 2.047897
0.001690 0.033815 0.534733 -1.205267 -1.847693
0.010528 0.016415 -0.090223 0.310791 2.739150
0.025142 -0.013216 0.818279 -1.769135 -1.861744
0.045243 -0.053290 0.189954 -0.264267 -1.128423
0.045412 -0.047401 -0.180352 0.548557 -0.222592
0.036900 -0.023831 -0.245568 0.633406 1.413057
0.036620 -0.021559 0.229799 -0.503422 -1.974924
0.032644 -0.011154 -0.426475 1.004673 2.350312
0.031393 -0.008639 0.360995 -0.852391 -2.658186
0.028038 -0.000923 -0.525715 1.210796 2.123559
0.021317 0.013285 0.186799 -0.473854 0.660204
0.033076 -0.014833 0.400966 -0.931189 -2.792933
0.030426 -0.008244 -0.530262 1.231660 0.802189
0.014754 0.026900 -0.255078 0.542203 2.379835
0.020397 0.011987 0.534756 -1.265601 -1.086781
0.034336 -0.019933 0.164204 -0.349617 -0.991199
0.034299 -0.018651 -0.164919 0.403389 0.135942
0.028705 -0.005538 -0.115225 0.256924 0.242518
0.025758 0.000579 -0.032589 0.052982 -1.040093
0.017539 0.018658 -0.377440 0.843404 2.842771
0.021432 0.008082 0.568924 -1.343724 -0.536815
0.040392 -0.035398 0.380657 -0.845898 -1.810924
0.043524 -0.041100 -0.221786 0.540091 0.030256
0.035023 -0.021599 -0.203746 0.440179 -0.191571
0.025712 -0.002104 -0.262039 0.537076 1.272901
0.023782 -0.000911 0.163987 -0.463108 -0.826702
0.024773 -0.006103 -0.113343 0.193256 0.422314
0.023090 -0.005227 0.028650 -0.144574 -1.077047
0.017060 0.005643 -0.329088 0.678658 1.454996
0.013664 0.009695 0.157432 -0.459226 -0.231990
0.018325 -0.004237 0.076232 -0.243187 -1.690397
0.010100 0.012267 -0.485748 1.053441 0.059555
-0.008800 0.052398 -0.460165 0.962308 2.462799
-0.010813 0.053127 0.356604 -0.899543 -0.246869
0.001554 0.023401 0.262742 -0.596747 -1.431876
0.002393 0.022906 -0.219032 0.555735 0.773256
-0.001199 0.033097 0.038341 -0.035754 0.442117
0.003189 0.025743 0.180743 -0.329296 0.030458
0.010507 0.013189 0.185421 -0.301283 0.814542
0.023259 -0.010619 0.451724 -0.885620 -1.471986
0.031418 -0.022448 -0.041740 0.275445 -0.475736
0.026668 -0.004963 -0.195609 0.597745 2.211776
0.033650 -0.015901 0.542265 -1.122625 -1.085265
0.047980 -0.042962 0.176114 -0.248307 -0.949069
0.048765 -0.038955 -0.135838 0.439822 -0.525547
0.039984 -0.014742 -0.303197 0.771068 1.063673
0.035076 -0.001571 0.056221 -0.097761 -0.586455
0.033408 0.003664 -0.139034 0.354205 0.795165
0.033176 0.005269 0.126484 -0.264928 0.083044
0.038731 -0.006086 0.151419 -0.304534 -0.045551
0.044447 -0.017261 0.134675 -0.257100 -1.566069
0.039412 -0.003505 -0.384867 0.931012 1.515405
0.034243 0.009170 0.124261 -0.277774 -0.398940
0.036492 0.004812 -0.011182 0.054402 0.416278
0.038807 0.000673 0.126503 -0.257789 -0.469880
0.040696 -0.002017 -0.031422 0.117445 0.401737
0.042129 -0.003654 0.102611 -0.195217 0.344074
0.048495 -0.016532 0.215580 -0.447676 -1.693194
0.045820 -0.008175 -0.347488 0.848997 1.861768
0.044448 -0.004103 0.276503 -0.623901 -0.419504
0.052628 -0.021836 0.133371 -0.271260 -1.292789
0.049367 -0.012937 -0.295059 0.704357 1.533144
0.047895 -0.009520 0.219504 -0.515719 -1.576752
0.046126 -0.005420 -0.306118 0.704404 0.160576
0.035066 0.019260 -0.247643 0.536842 2.157868
0.039548 0.007362 0.469428 -1.111097 -1.817629
0.046045 -0.007463 -0.142001 0.346452 0.255739
0.042132 0.001869 -0.054198 0.125100 0.811892
0.045376 -0.005686 0.215570 -0.495615 -0.347513
0.051620 -0.019603 0.097384 -0.207076 -0.824451
0.050041 -0.015364 -0.175492 0.411218 0.035578
0.043351 -0.000330 -0.159380 0.344370 -1.149807
0.029378 0.030677 -0.538480 1.199963 1.650619
0.018925 0.052499 0.013340 -0.086059 2.493039
0.035900 0.012190 0.833525 -1.912628 -1.623353
0.058121 -0.036497 0.280518 -0.550670 -2.142777
0.055085 -0.025707 -0.430029 1.069757 0.904232
0.044112 0.001209 -0.120288 0.292228 0.731568
0.044205 0.001336 0.124020 -0.277845 -1.204960
0.041101 0.009178 -0.277911 0.658313 0.500126
0.033386 0.027202 -0.108797 0.252254 2.007406
0.042358 0.006805 0.555482 -1.255229 -2.431089
0.048195 -0.004177 -0.260433 0.676841 1.309655
0.046596 0.001817 0.178757 -0.361365 -0.119807
0.052885 -0.010229 0.136102 -0.244977 0.528420
0.061824 -0.028014 0.310557 -0.642156 -2.734209
0.056022 -0.011468 -0.597801 1.443684 1.449860
0.041994 0.021852 -0.106085 0.245808 1.443872
0.047338 0.009730 0.371847 -0.839144 -0.803351
0.056714 -0.010105 0.098377 -0.165985 -0.288109
0.058725 -0.012290 0.002545 0.053242 0.314075
0.060946 -0.015300 0.108193 -0.200818 0.778675
0.070452 -0.035340 0.366521 -0.796665 -1.911583
0.072356 -0.037590 -0.269016 0.663178 1.022499
0.068575 -0.028482 0.078528 -0.194051 -1.403040
0.062417 -0.015066 -0.385112 0.852898 1.894718
0.059777 -0.011514 0.250714 -0.653471 -0.641360
0.065464 -0.027163 0.034762 -0.139334 -0.318504
0.064775 -0.028259 -0.068867 0.081210 -1.300166
0.053447 -0.005776 -0.496484 1.034110 2.318329
0.049179 -0.001515 0.280167 -0.794558 -0.368208
0.057819 -0.026585 0.152826 -0.468504 -1.006209
0.057229 -0.029839 -0.181086 0.294412 -1.115290
0.042679 -0.001992 -0.545706 1.092372 1.487836
0.030920 0.017367 -0.044508 -0.103699 -0.508070
0.025707 0.021593 -0.215564 0.309998 0.935063
0.023303 0.019750 0.094320 -0.392648 0.005690
0.027011 0.004969 0.091403 -0.349906 -1.244957
0.022321 0.010714 -0.324476 0.624574 0.365449
0.011844 0.029529 -0.200227 0.324197 1.182058
0.011678 0.024637 0.190672 -0.557443 -2.385980
0.003296 0.040329 -0.607097 1.318509 2.199765
-0.006256 0.058556 0.126364 -0.379110 0.210557
0.000007 0.042068 0.187013 -0.447610 -0.195550
0.006021 0.028781 0.114279 -0.222469 -0.981860
0.003959 0.035968 -0.216296 0.572032 3.000000
0.015255 0.012926 0.778155 -1.697394 -0.484579
0.042863 -0.044909 0.604026 -1.212536 -1.754737
0.055267 -0.065886 0.018797 0.139990 -1.208034
0.048152 -0.043448 -0.373787 0.974993 0.434683
0.036328 -0.013387 -0.218576 0.539962 0.347407
0.030004 0.001882 -0.098417 0.230822 0.945717
0.032385 -0.003641 0.216452 -0.497813 -1.081311
0.033779 -0.006321 -0.145387 0.351339 0.410397
0.030757 0.000850 -0.006371 0.013383 0.245321
0.032130 -0.002343 0.074815 -0.171079 1.747150
0.046719 -0.035814 0.653158 -1.490270 -1.302594
0.064032 -0.074245 0.214949 -0.454172 -1.625540
0.061927 -0.068628 -0.318496 0.719821 -1.124928
0.041967 -0.025106 -0.679263 1.455026 1.334280
0.023948 0.010102 -0.224063 0.328056 0.534054
0.018567 0.014844 -0.045747 -0.084193 -0.664521
0.012272 0.022169 -0.268304 0.444474 0.920164
0.007678 0.025770 0.037453 -0.253880 -0.219696
0.007619 0.019958 -0.039968 -0.040874 0.173216
0.007121 0.016213 0.014971 -0.145616 -0.674037
0.003177 0.021347 -0.211426 0.395712 -0.065100
-0.005702 0.038177 -0.232758 0.448382 1.828111
-0.002876 0.028387 0.372115 -0.920774 -0.494891
0.008511 0.001082 0.198485 -0.456308 -1.753487
0.004711 0.010444 -0.386568 0.907127 1.803010
0.001351 0.018107 0.216225 -0.502603 -0.108140
0.009160 0.000797 0.174746 -0.368221 -1.077726
0.008918 0.003178 -0.185575 0.475916 1.762215
0.013277 -0.005379 0.401588 -0.886354 -2.975569
0.009420 0.005982 -0.591088 1.424239 2.468840
0.002396 0.023311 0.236477 -0.526765 0.730673
0.016578 -0.007697 0.472464 -1.022811 -2.710080
0.017306 -0.005746 -0.432838 1.091094 3.000000
0.020121 -0.009741 0.570018 -1.258648 -1.784854
0.030875 -0.031174 -0.029683 0.162543 -1.291664
0.021185 -0.005735 -0.453850 1.101401 1.305515
0.011890 0.016701 -0.012959 0.039812 0.737006
0.016238 0.007348 0.229699 -0.501687 0.317903
0.027444 -0.016721 0.330693 -0.703689 -0.992246
0.033997 -0.029036 -0.001572 0.074483 -0.399170
0.031350 -0.020661 -0.130492 0.342188 0.615776
0.030320 -0.017330 0.078147 -0.167859 -1.777235
0.021634 0.003117 -0.510771 1.175464 1.163709
0.009113 0.030800 -0.117337 0.227650 1.294773
0.012992 0.020480 0.310024 -0.732312 -1.237298
0.017002 0.011687 -0.107795 0.276837 0.692501
0.017308 0.012067 0.122241 -0.250371 -1.257743
0.013761 0.022031 -0.298214 0.736630 1.692038
0.013143 0.025088 0.265200 -0.564830 0.842277
0.029206 -0.009062 0.537710 -1.141377 -0.900986
0.044561 -0.039517 0.231793 -0.398042 -0.871091
0.048062 -0.042416 -0.055673 0.243496 -0.248722
0.044307 -0.030127 -0.132110 0.371583 0.394354
0.041764 -0.022476 0.004292 0.017419 -0.079154
0.041458 -0.021071 -0.019546 0.052601 -1.236576
0.032503 -0.000494 -0.427204 0.967528 0.955575
0.021916 0.022260 -0.103781 0.185742 0.741600
0.022673 0.018608 0.140832 -0.361387 -0.195324
0.026907 0.008106 0.071377 -0.168458 0.004838
0.029747 0.001747 0.070749 -0.151023 0.095675
0.033182 -0.005482 0.101062 -0.210999 -0.953504
0.030858 0.000922 -0.216263 0.522180 0.738481
0.027193 0.009828 0.031912 -0.066834 1.530779
0.038615 -0.016005 0.537924 -1.213831 -1.756795
0.048294 -0.036290 -0.051382 0.175785 -0.367009
0.043902 -0.024664 -0.168112 0.404655 -0.004662
0.037259 -0.009482 -0.164370 0.358085 -0.023403
0.030601 0.004539 -0.168800 0.345900 1.550110
0.034200 -0.005761 0.347102 -0.846194 -1.133280
0.040428 -0.021166 -0.034018 0.060064 -0.681623
0.034587 -0.008830 -0.257492 0.552297 0.885307
0.030278 -0.001248 0.040783 -0.161676 -1.377806
0.022721 0.013675 -0.417287 0.895901 2.420147
0.022230 0.011496 0.389884 -0.978965 -1.679452
0.026477 -0.000251 -0.175202 0.370404 1.561173
0.029908 -0.009885 0.345060 -0.837059 -1.818459
0.031507 -0.014508 -0.262812 0.584955 1.766523
0.032864 -0.019332 0.328577 -0.807523 -2.841201
0.027028 -0.007332 -0.617240 1.379358 1.708024
0.013924 0.019624 -0.040637 -0.006660 0.188226
0.013504 0.016967 0.019503 -0.125085 -0.259241
0.012501 0.016542 -0.069308 0.100631 0.431394
0.012574 0.014228 0.072502 -0.212393 0.173679
0.016562 0.003716 0.126956 -0.313862 0.490733
0.024845 -0.015834 0.287031 -0.662628 -0.673755
0.031776 -0.031436 0.060658 -0.128146 -0.726676
0.029417 -0.025928 -0.177884 0.397279 0.976203
0.028911 -0.026128 0.151323 -0.396194 -2.091853
0.021047 -0.009896 -0.542379 1.188936 1.127341
0.007052 0.018557 -0.159360 0.252542 1.276415
0.009163 0.009181 0.263620 -0.709737 -2.139319
0.005348 0.014854 -0.451879 0.970871 1.393647
-0.003345 0.031370 0.015160 -0.126203 -0.218290
-0.004282 0.030607 -0.061659 0.084962 2.039546
0.006758 0.003325 0.611857 -1.433460 -2.536100
0.014134 -0.013021 -0.239626 0.584552 0.595097
0.008621 0.000175 -0.037038 0.084835 1.357690
0.016179 -0.017362 0.413682 -0.950570 -3.000000
0.012663 -0.008403 -0.586076 1.367859 1.680150
0.000619 0.018515 -0.018761 0.002647 0.178074
0.001009 0.016351 0.038113 -0.109691 0.432986
0.005357 0.005878 0.179003 -0.411804 -1.629558
0.001598 0.015169 -0.365165 0.860266 1.185407
-0.005032 0.030620 0.031901 -0.071442 -0.279443
-0.005699 0.032901 -0.064876 0.182437 1.388839
0.000890 0.019445 0.393030 -0.843677 -1.098051
0.009130 0.004189 0.020640 0.065185 0.385054
0.012511 0.000938 0.147990 -0.224330 0.426195
0.021222 -0.014215 0.287380 -0.531997 -1.035962
0.025770 -0.019156 -0.058623 0.272682 0.760812
0.028563 -0.020699 0.197343 -0.341538 -0.394762
0.033819 -0.028278 0.066071 -0.043150 -0.670227
0.032055 -0.020268 -0.153685 0.438484 -0.232035
0.024470 -0.000179 -0.225724 0.568169 1.458970
0.025228 -0.000589 0.261852 -0.572732 -1.742856
0.024018 0.004072 -0.320326 0.787596 1.801391
0.023293 0.006987 0.281829 -0.621493 2.053633
0.048110 -0.048384 0.957495 -2.135999 -3.000000
0.066247 -0.086106 -0.045808 0.207453 -1.865659
0.052241 -0.051508 -0.653349 1.512090 1.578512
0.036942 -0.018424 -0.114197 0.166945 -0.146150
0.031468 -0.010122 -0.159526 0.248657 -0.061132
0.024740 0.000226 -0.176999 0.270482 0.815477
0.023126 -0.001810 0.095326 -0.363790 -0.655360
0.022529 -0.005820 -0.124309 0.155231 -0.470049
0.014466 0.007298 -0.278522 0.498450 -0.066072
0.002946 0.027784 -0.297835 0.529477 0.597185
-0.004978 0.039766 -0.099292 0.078405 0.646405
-0.004729 0.033836 0.111141 -0.369794 -0.762656
-0.005488 0.032068 -0.148087 0.272025 0.086527
-0.010869 0.042040 -0.121228 0.229200 2.214408
-0.001057 0.017940 0.609834 -1.416342 -2.002196
0.009759 -0.005607 -0.066072 0.211593 0.357196
0.009532 -0.003002 0.054207 -0.076785 0.023680
0.011847 -0.006362 0.061622 -0.091706 -2.275800
-0.000831 0.024950 -0.693379 1.639026 2.559501
-0.011357 0.049668 0.163310 -0.369299 0.698533
-0.000352 0.025870 0.386715 -0.819140 -1.665877
0.003848 0.020431 -0.174543 0.527296 0.903022
0.002899 0.027477 0.125857 -0.163885 1.208019
0.015873 0.003276 0.521993 -1.038759 -0.971731
0.030115 -0.021831 0.191827 -0.232923 -1.125546
0.030306 -0.014006 -0.181119 0.613864 1.117785
0.030612 -0.007719 0.194923 -0.285692 -0.070862
0.037903 -0.017807 0.169923 -0.221605 -0.719869
0.039910 -0.015683 -0.068785 0.320605 -0.422967
0.034421 0.002894 -0.205579 0.607932 2.333417
0.041798 -0.009335 0.571858 -1.196504 -0.372707
0.062023 -0.050039 0.440702 -0.851663 -2.626792
0.062166 -0.043814 -0.430636 1.136441 0.731373
0.050065 -0.012072 -0.175946 0.466146 1.214677
0.051200 -0.012949 0.231212 -0.496691 -1.390198
0.051150 -0.011058 -0.232070 0.576550 0.897395
0.047945 -0.002771 0.070509 -0.150328 0.604637
0.054766 -0.017897 0.270153 -0.602642 -0.718045
0.060741 -0.030547 0.029705 -0.040324 -0.196500
0.060681 -0.029762 -0.032534 0.078066 -0.308970
0.057400 -0.022655 -0.131331 0.275913 0.307915
0.054285 -0.017209 -0.024937 0.001319 -0.666797
0.048889 -0.007281 -0.244284 0.490179 -0.240008
0.037611 0.015222 -0.319830 0.637385 2.194193
0.039474 0.006552 0.410534 -1.049035 -1.585416
0.045174 -0.009465 -0.123250 0.227097 1.016343
0.047058 -0.016485 0.216372 -0.568317 -0.957236
0.049295 -0.024107 -0.103211 0.175256 -0.350346
0.042916 -0.012477 -0.215627 0.405291 -0.297149
0.032403 0.007500 -0.310103 0.594857 1.942930
0.032996 0.000857 0.337558 -0.907256 -1.903846
0.033694 -0.004920 -0.300220 0.596137 0.678594
0.026300 0.007620 -0.070577 0.041185 -0.747046
0.018497 0.020898 -0.318947 0.617206 1.358243
0.014818 0.024424 0.133334 -0.425515 -0.159482
0.018971 0.011022 0.074806 -0.249674 -0.529320
0.018377 0.009792 -0.103778 0.181868 -0.326369
0.012059 0.022101 -0.211994 0.432494 0.866818
0.009358 0.026064 0.075828 -0.224303 0.022861
0.012447 0.017685 0.078854 -0.196701 -0.463734
0.012444 0.017654 -0.078444 0.189728 0.807561
0.014662 0.013037 0.188516 -0.413004 0.241232
0.023711 -0.006293 0.264060 -0.555326 0.217273
0.035642 -0.031205 0.332773 -0.693270 -1.665219
0.037839 -0.033133 -0.220925 0.578604 0.299541
0.031151 -0.016090 -0.114246 0.281016 0.359968
0.029050 -0.011091 0.008654 -0.025758 0.449596
0.032405 -0.019215 0.158675 -0.377092 -0.263601
0.036981 -0.030156 0.070672 -0.175032 -0.860865
0.034121 -0.024372 -0.212805 0.456556 -0.441408
0.022794 -0.000471 -0.353546 0.739283 0.221976
0.010241 0.024725 -0.274909 0.528468 1.341166
0.008188 0.025175 0.170644 -0.491531 -0.707271
0.010177 0.017653 -0.070134 0.105590 0.600947
0.011343 0.012952 0.127819 -0.335354 -1.135240
0.008821 0.017765 -0.252586 0.564281 0.929640
0.004943 0.025758 0.057408 -0.152908 -0.672745
0.002681 0.030815 -0.169781 0.399014 0.922501
0.002011 0.032842 0.135169 -0.287599 0.739012
0.012210 0.011182 0.374443 -0.792701 -1.057509
0.020002 -0.002916 0.016743 0.072909 -1.258595
0.012310 0.019218 -0.400247 1.024742 2.045397
0.010009 0.027927 0.282544 -0.565114 -0.178614
0.019968 0.009516 0.216050 -0.361893 0.430123
0.031387 -0.010814 0.354823 -0.654547 -0.247228
0.043852 -0.032526 0.269154 -0.438407 -1.320836
0.045832 -0.029909 -0.168635 0.555840 -0.553167
0.035551 -0.000568 -0.345451 0.912032 2.009439
0.035232 0.003856 0.326993 -0.667758 -0.697496
0.043555 -0.011111 0.090355 -0.091662 -0.157586
0.046126 -0.012447 0.038355 0.022985 -0.349856
0.045357 -0.006428 -0.076490 0.275621 0.756094
0.047377 -0.007493 0.176577 -0.320701 -0.391213
0.051800 -0.014012 0.045165 -0.010933 0.166324
0.054736 -0.017273 0.101512 -0.150761 -0.876543
0.052976 -0.009996 -0.188627 0.506837 2.402739
0.061508 -0.027503 0.612590 -1.359292 -3.000000
0.065911 -0.034610 -0.388620 0.969650 0.531140
0.054118 -0.006037 -0.202342 0.471512 0.271853
0.047914 0.007915 -0.108485 0.232219 1.182323
0.051453 -0.001048 0.284229 -0.669509 -1.303688
0.054047 -0.006891 -0.152809 0.361735 0.760936
0.053063 -0.004717 0.102630 -0.244125 0.008095
0.057192 -0.014352 0.104012 -0.239602 0.341804
0.063619 -0.029163 0.217168 -0.500175 -0.909937
0.066240 -0.035174 -0.084891 0.188693 -0.622186
0.058811 -0.019108 -0.286209 0.611912 0.204455
0.048857 0.001001 -0.212226 0.400429 0.526954
0.043930 0.008443 -0.034887 -0.020898 -0.001987
0.042498 0.007895 -0.036677 -0.006803 0.809209
0.046394 -0.004583 0.230760 -0.611105 -0.252128
0.053863 -0.024410 0.143417 -0.387353 -0.934997
0.053376 -0.025564 -0.166673 0.319516 0.180241
0.048012 -0.016541 -0.101954 0.135988 -0.316654
0.041885 -0.006772 -0.204258 0.351351 0.633303
0.037996 -0.003045 0.008945 -0.157116 -2.021289
0.024891 0.021894 -0.662206 1.387169 2.100708
0.012535 0.043822 0.041338 -0.262770 -0.886993
0.008154 0.048320 -0.259343 0.478103 2.112814
0.011788 0.035567 0.438902 -1.096467 -1.566281
0.018680 0.018084 -0.092003 0.200852 0.556461
0.018687 0.017763 0.091721 -0.211136 -0.531481
0.018745 0.018218 -0.088174 0.227787 0.992709
0.021810 0.012244 0.240369 -0.517237 -1.308277
0.022611 0.012671 -0.198709 0.524095 1.782046
0.026561 0.005900 0.394241 -0.844817 -1.693862
0.030916 -0.000558 -0.174304 0.501722 0.511774
0.027419 0.011010 -0.001410 0.084856 -0.429868
0.024485 0.021196 -0.144952 0.421713 1.834228
0.030896 0.009872 0.463591 -0.970734 -0.658720
0.044882 -0.017265 0.237072 -0.399485 0.805151
0.059689 -0.045428 0.502841 -1.005562 -2.784021
0.061237 -0.042626 -0.422223 1.116550 0.091291
0.045211 -0.001797 -0.380100 0.935403 2.440030
0.046378 -0.003118 0.435561 -0.974895 -0.116266
0.062881 -0.039055 0.390439 -0.831084 -1.407938
0.069093 -0.050457 -0.077873 0.243440 -0.054066
0.065764 -0.041349 -0.088783 0.214137 0.372970
0.064815 -0.039719 0.040772 -0.127561 -1.767237
0.054762 -0.018415 -0.541873 1.178911 0.127779
0.034156 0.024808 -0.489494 0.993349 2.290460
0.029903 0.028663 0.274023 -0.774936 -0.369550
0.038225 0.005073 0.143035 -0.414226 -0.754059
0.038854 0.000795 -0.110539 0.190967 -0.076435
0.033950 0.009406 -0.134783 0.240604 0.628898
0.032755 0.009301 0.074312 -0.239117 -0.961009
0.029276 0.015072 -0.247209 0.518141 0.731258
0.024294 0.024261 -0.002963 -0.048830 1.306433
0.032800 0.002910 0.427217 -1.009591 -1.834983
0.037519 -0.007827 -0.188790 0.450099 0.790330
0.035307 -0.002710 0.077095 -0.184333 -0.399622
0.035707 -0.003722 -0.056588 0.129130 1.423291
0.042935 -0.020645 0.416622 -0.963223 -2.197083
0.044884 -0.024591 -0.316456 0.741156 1.384733
0.041600 -0.017739 0.150416 -0.381512 -1.344855
0.038651 -0.012210 -0.296396 0.644688 0.276499
0.028757 0.008220 -0.199071 0.384487 0.985676
0.027389 0.008169 0.129484 -0.376343 -0.760627
0.027432 0.005529 -0.126367 0.235225 -0.405788
0.019699 0.021021 -0.260087 0.538215 1.054273
0.016339 0.026168 0.090750 -0.268504 0.667125
0.024305 0.006186 0.307184 -0.728143 -1.395797
0.027179 -0.000340 -0.161609 0.384945 1.432893
0.030302 -0.007440 0.316145 -0.725756 -1.262649
0.034451 -0.016238 -0.106954 0.270109 -0.366145
0.027811 -0.000508 -0.224979 0.516062 1.053044
0.025892 0.003293 0.127701 -0.313605 -1.812273
0.018887 0.019126 -0.476077 1.088601 0.689506
0.004550 0.051112 -0.242293 0.525140 2.284126
0.010002 0.037631 0.512574 -1.178355 -1.064253
0.023161 0.009324 0.147281 -0.255268 0.021549
0.029129 -0.000614 0.151345 -0.243785 -0.012893
0.035055 -0.009810 0.145146 -0.218202 -0.355918
0.038475 -0.012961 0.026354 0.056162 0.880779
0.045419 -0.024577 0.319974 -0.629562 -0.704881
0.053483 -0.038623 0.084353 -0.083277 -1.138055
0.049357 -0.025229 -0.289641 0.744097 1.099835
0.045251 -0.013898 0.082732 -0.162631 -0.386895
0.045988 -0.014526 -0.045370 0.127016 0.170594
0.045356 -0.012535 0.013489 -0.024934 -0.357025
0.043542 -0.008268 -0.103896 0.235495 -0.195080
0.038139 0.003680 -0.166265 0.362490 1.307480
0.040229 -0.002269 0.269331 -0.646955 -0.983547
0.044364 -0.012187 -0.061202 0.138014 -0.432470
0.039084 -0.000453 -0.202539 0.446711 0.175654
0.032217 0.014147 -0.141348 0.288407 -0.197423
0.025259 0.028697 -0.206579 0.439832 0.644577
0.021281 0.036515 0.006792 -0.040582 0.688154
0.026037 0.025273 0.230479 -0.517093 -0.713860
0.030368 0.016873 -0.012830 0.087016 0.710556
0.034551 0.009760 0.221283 -0.436746 -1.087352
0.036075 0.009851 -0.143748 0.429155 1.725752
0.041841 0.000208 0.430172 -0.894681 -0.037684
0.058653 -0.033754 0.411208 -0.811267 -1.642856
0.064123 -0.040648 -0.135626 0.447397 0.079045
0.059375 -0.025463 -0.102225 0.316654 -0.234028
0.053829 -0.010175 -0.175161 0.448915 2.091717
0.060822 -0.025150 0.522573 -1.177653 -2.176271
0.067126 -0.037819 -0.204497 0.517603 -0.104784
0.058407 -0.017037 -0.231786 0.525497 1.291457
0.057841 -0.016919 0.201888 -0.505100 -1.718669
0.054444 -0.010407 -0.369841 0.813511 1.613017
0.050525 -0.003943 0.171769 -0.470986 -1.230229
0.049148 -0.003310 -0.239145 0.489273 1.441190
0.049249 -0.006578 0.242510 -0.637507 0.375648
0.061363 -0.037115 0.363386 -0.891762 -1.003553
0.069172 -0.057028 0.028666 -0.118933 -1.823976
0.058303 -0.034957 -0.570577 1.208711 0.164746
0.036835 0.008468 -0.503925 0.974275 1.027900
0.023646 0.030572 -0.157248 0.147087 1.108503
0.024684 0.019979 0.208071 -0.667469 -1.138671
0.025288 0.012156 -0.176295 0.261759 0.783710
0.023462 0.010551 0.084090 -0.333964 -0.484306
0.023529 0.005355 -0.079992 0.067516 -0.803423
0.014983 0.020465 -0.346636 0.682282 2.480563
0.017673 0.009259 0.478419 -1.218235 -2.744594
0.018346 0.004572 -0.441310 0.952507 0.578235
0.004673 0.032658 -0.243637 0.464275 0.585219
-0.001185 0.042422 -0.050155 0.032033 0.634489
0.000935 0.034950 0.155613 -0.401072 -0.697913
0.002376 0.031008 -0.082583 0.194884 1.085309
0.006245 0.022646 0.274991 -0.603536 -0.682778
0.012556 0.010367 0.041669 -0.020948 -0.116740
0.013414 0.011637 0.001344 0.083228 -0.407602
0.010736 0.021433 -0.134900 0.403987 1.218991
0.013454 0.018878 0.269405 -0.519248 0.126509
0.024944 -0.002655 0.305411 -0.561115 -0.726590
0.032239 -0.013201 0.060495 0.023531 0.576093
0.038516 -0.021400 0.252799 -0.428742 -0.512863
0.045192 -0.030551 0.081789 -0.036183 -0.364976
0.046092 -0.027010 -0.036477 0.210443 0.814610
0.050137 -0.031967 0.237774 -0.449976 -1.020098
0.052861 -0.034407 -0.100293 0.316709 0.485899
0.052201 -0.030381 0.066541 -0.108655 -0.223196
0.053425 -0.031822 -0.005056 0.034250 -1.229363
0.045120 -0.012323 -0.409232 0.932123 -0.079385
0.028389 0.024687 -0.428002 0.925717 1.553747
0.021684 0.037239 0.090635 -0.278529 -1.394671
0.015908 0.048775 -0.377883 0.841729 1.847279
0.013085 0.054183 0.234438 -0.550545 1.027676
0.029088 0.018431 0.565343 -1.234851 -0.642742
0.047192 -0.018967 0.341434 -0.650602 -0.567218
0.057012 -0.035805 0.150635 -0.201034 -0.404144
0.060393 -0.038163 0.018881 0.078752 -2.087776
0.047354 -0.003906 -0.669150 1.619588 2.011547
0.034218 0.027765 0.009183 -0.006666 0.907642
0.040554 0.014258 0.306854 -0.662219 -0.827318
0.047187 0.001739 0.026091 0.024162 -0.094523
0.047595 0.004210 -0.005604 0.098865 0.119923
0.048168 0.006333 0.034062 0.008978 1.140285
0.057096 -0.010646 0.411344 -0.849264 -0.723751
0.068624 -0.032567 0.166383 -0.259507 0.468798
0.078423 -0.050508 0.323311 -0.635751 -1.275605
0.082887 -0.056667 -0.098473 0.313148 0.179248
0.080309 -0.048585 -0.030910 0.095573 -1.578727
0.068695 -0.021758 -0.548593 1.235422 0.734118
0.051868 0.014261 -0.294430 0.581784 1.702809
0.051472 0.010966 0.272668 -0.728829 -1.765049
0.050502 0.010191 -0.319023 0.670342 2.089127
0.051714 0.004290 0.377250 -0.943961 -1.558230
0.056283 -0.008133 -0.146594 0.302855 0.254658
0.052175 -0.000489 -0.059292 0.083914 -0.661273
0.045417 0.012939 -0.278125 0.583136 2.155920
0.048689 0.002706 0.439389 -1.073646 -0.565850
0.062329 -0.030014 0.243989 -0.575837 -1.798632
0.060104 -0.025327 -0.353209 0.791955 1.249116
0.054458 -0.014447 0.069156 -0.231522 0.046824
0.057532 -0.024421 0.084652 -0.268647 -1.224164
0.052789 -0.016544 -0.320537 0.651200 -0.487487
0.036860 0.015770 -0.476023 0.966472 1.390809
0.027181 0.032178 -0.009977 -0.127287 1.416713
0.036112 0.006284 0.455484 -1.158310 -0.025775
0.053968 -0.037925 0.438266 -1.062159 -2.177699
0.056942 -0.046434 -0.286777 0.611317 0.403447
0.048348 -0.030036 -0.143797 0.217274 -0.061034
0.042291 -0.021368 -0.159224 0.217825 -1.023842
0.029194 0.002313 -0.494943 0.960499 0.023167
0.009694 0.039172 -0.480846 0.890698 0.576704
-0.005655 0.065701 -0.287833 0.447473 0.502571
-0.013908 0.076867 -0.125548 0.117814 1.672000
-0.007979 0.057667 0.420617 -1.065590 -1.152601
0.000893 0.035513 0.024879 -0.060202 1.481694
0.011649 0.011306 0.511735 -1.140009 -1.922337
0.019127 -0.002932 -0.135161 0.403652 1.036862
0.020680 -0.003279 0.211528 -0.409666 -1.096043
0.021789 -0.002311 -0.154754 0.446239 1.252028
0.023994 -0.004303 0.263531 -0.532504 -0.616420
0.030358 -0.015478 0.055638 -0.035456 -1.259243
0.024230 0.002180 -0.360890 0.908646 2.185478
0.024460 0.003831 0.369669 -0.801743 -1.795535
0.027167 0.000551 -0.232060 0.617181 1.037858
0.024875 0.008526 0.116024 -0.205297 -0.393363
0.026843 0.006874 -0.017084 0.117843 0.176682
0.027331 0.008921 0.041249 -0.013256 -0.301304
0.026948 0.013290 -0.060090 0.229180 1.760971
0.036256 -0.004546 0.523780 -1.105825 -2.131064
0.042868 -0.014623 -0.190417 0.576282 0.964839
0.041782 -0.007459 0.134790 -0.205663 -0.570760
0.043356 -0.006770 -0.055432 0.234070 -0.139141
0.040257 0.004306 -0.099581 0.320700 1.593485
0.046906 -0.007631 0.430370 -0.902743 -1.333230
0.055126 -0.022187 -0.017435 0.157103 1.235100
0.062710 -0.035553 0.395372 -0.814318 -0.498221
0.075161 -0.060175 0.228274 -0.427277 -1.313648
0.075627 -0.057929 -0.203533 0.526655 1.788796
0.079580 -0.066294 0.399030 -0.925926 -3.000000
0.075616 -0.057680 -0.593973 1.327168 1.533670
0.062379 -0.031195 -0.070258 0.020127 -1.490294
0.049731 -0.008229 -0.560919 1.117449 1.043441
0.034425 0.018780 -0.206235 0.250579 0.390229
0.028770 0.022938 -0.077083 -0.037790 -0.058339
0.025243 0.022933 -0.099140 0.036521 1.033719
0.028108 0.009031 0.241496 -0.723787 -0.649889
0.033316 -0.008731 0.020056 -0.175486 -0.215215
0.032679 -0.012383 -0.051542 -0.010178 -1.372658
0.021513 0.008054 -0.505546 1.021573 0.592272
0.005369 0.038670 -0.303018 0.522448 1.342223
0.002166 0.039209 0.141257 -0.481303 -1.710619
-0.003719 0.047793 -0.433488 0.892779 2.917315
-0.001640 0.038736 0.534231 -1.316744 -0.665960
0.015014 -0.001018 0.300133 -0.687457 -2.145421
0.012642 0.005380 -0.416271 0.985149 2.102496
0.010109 0.011338 0.286973 -0.662896 -0.287807
0.019544 -0.009568 0.185558 -0.390325 -0.659265
0.022538 -0.014713 -0.034935 0.124785 -0.601584
0.017186 -0.000948 -0.232242 0.560102 0.274042
0.009803 0.016516 -0.137654 0.319935 1.150531
0.011956 0.011639 0.244086 -0.552525 -1.477259
0.011779 0.013283 -0.251176 0.618595 1.059304
0.008837 0.021281 0.102629 -0.205449 1.024536
0.019673 -0.001862 0.438465 -0.945969 -0.363407
0.034648 -0.032853 0.311406 -0.614417 -1.680738
0.035902 -0.031532 -0.246761 0.662843 0.484654
0.029420 -0.014036 -0.078327 0.221511 -0.478363
0.023165 0.001591 -0.234178 0.558251 0.066613
0.014319 0.022229 -0.208675 0.478846 0.931003
0.012182 0.027006 0.100653 -0.229095 0.565318
0.019868 0.010135 0.283395 -0.612413 0.113476
0.031838 -0.015008 0.315500 -0.649224 -2.149633
0.030089 -0.007395 -0.400547 1.008160 1.178351
0.022069 0.013352 -0.002323 0.046861 -0.160990
0.020877 0.017991 -0.057150 0.184063 1.278891
0.027080 0.005926 0.366019 -0.776260 -0.705560
0.036890 -0.013065 0.125765 -0.185377 0.086066
0.042488 -0.021814 0.154183 -0.252857 -1.311678
0.039935 -0.011908 -0.280487 0.736309 0.102270
0.029528 0.014757 -0.240547 0.604038 2.110246
0.033996 0.006084 0.461587 -1.016679 -1.013450
0.045544 -0.017470 0.117587 -0.177517 0.159553
0.051315 -0.027147 0.170938 -0.306449 -0.552325
0.054488 -0.031104 -0.011578 0.102048 0.490121
0.057364 -0.035366 0.154843 -0.310210 -1.249928
0.055274 -0.028958 -0.258045 0.618915 0.699345
0.049758 -0.016404 -0.018877 0.019613 -0.119341
0.048247 -0.014158 -0.056640 0.092094 -0.347502
0.043713 -0.005553 -0.169829 0.336437 0.078189
0.037501 0.006159 -0.141096 0.252675 0.275802
0.033715 0.011869 -0.048673 0.037010 -0.253404
0.030060 0.017504 -0.133885 0.242964 -0.820366
0.019244 0.039939 -0.406304 0.874186 1.530430
0.013207 0.051234 0.102370 -0.290578 0.466464
0.020241 0.034075 0.249235 -0.566972 0.026593
0.030221 0.012578 0.250227 -0.512852 -0.265125
0.038354 -0.002841 0.157121 -0.264631 0.913191
0.050673 -0.027123 0.458194 -0.944644 -2.105430
0.054910 -0.031911 -0.243725 0.681376 0.619409
0.049448 -0.015776 -0.030465 0.136155 -0.467175
0.045173 -0.003660 -0.183021 0.467420 0.701173
0.042591 0.003596 0.052894 -0.095283 -0.086221
0.044106 0.001362 0.023018 -0.017971 0.047771
0.045333 0.000006 0.038352 -0.049637 0.944382
0.053137 -0.016381 0.351027 -0.762928 -0.923962
0.060948 -0.032028 0.040987 -0.032887 0.044428
0.062945 -0.034687 0.058816 -0.099653 -0.961281
0.058964 -0.024551 -0.257007 0.598720 0.797240
0.054129 -0.014182 0.014039 -0.068873 -0.878228
0.048868 -0.003647 -0.276287 0.588469 0.551995
0.041583 0.010575 -0.088902 0.131886 -0.194743
0.036726 0.018947 -0.153869 0.286205 0.885913
0.036463 0.016884 0.139689 -0.380427 0.185514
0.043186 -0.000246 0.196657 -0.478085 -0.499512
0.047655 -0.011025 0.027598 -0.068739 -0.334413
0.046545 -0.008764 -0.082738 0.178758 -0.634304
0.039060 0.007727 -0.291118 0.642519 1.752692
0.039151 0.005861 0.293598 -0.717079 -0.382245
0.048227 -0.015818 0.161154 -0.375974 -0.897127
0.048681 -0.016905 -0.137368 0.311750 -0.086751
0.042691 -0.003875 -0.162318 0.341916 0.156575
0.037298 0.006886 -0.107768 0.200234 -0.260868
0.031264 0.018832 -0.193825 0.396668 1.224291
0.031670 0.015841 0.212701 -0.533746 -1.461567
0.030336 0.018062 -0.277604 0.628924 2.213463
0.034006 0.008844 0.458630 -1.067952 -0.716936
0.047396 -0.021189 0.212409 -0.448311 -0.514004
0.052448 -0.031081 0.041025 -0.053872 -0.578147
0.050302 -0.024971 -0.147840 0.354851 -1.368537
0.035391 0.009228 -0.596794 1.348024 1.306491
0.020392 0.041535 -0.155500 0.288868 1.419195
0.023555 0.031935 0.312271 -0.756235 -1.430637
0.026342 0.025444 -0.171020 0.414074 1.237947
0.027735 0.023081 0.239272 -0.519600 -0.822460
0.031700 0.016203 -0.039861 0.164786 0.815184
0.035510 0.010475 0.229535 -0.443790 -0.182069
0.043383 -0.003598 0.164650 -0.265121 -0.273806
0.048108 -0.009679 0.072081 -0.043273 -0.389845
0.048407 -0.005542 -0.056806 0.246886 0.677291
0.050683 -0.006485 0.169803 -0.286747 0.514615
0.060862 -0.025583 0.338928 -0.666571 -2.005190
0.061033 -0.021116 -0.328108 0.869307 0.880915
0.053940 -0.001484 -0.028006 0.126564 0.014598
0.052934 0.003194 -0.022415 0.108500 0.523390
0.055523 -0.000535 0.151309 -0.290094 -0.122439
0.060713 -0.009840 0.108516 -0.178554 1.084270
0.072254 -0.033585 0.467710 -1.001724 -1.263641
0.082477 -0.053665 0.045413 -0.020326 -0.279267
0.082550 -0.051377 -0.041589 0.133001 -0.516796
0.077582 -0.039465 -0.206520 0.460393 -0.212383
0.068064 -0.019286 -0.269606 0.551296 0.669994
0.061862 -0.008679 -0.041557 -0.010991 -0.133790
0.059327 -0.007220 -0.085070 0.082939 0.411194
0.058688 -0.010468 0.052677 -0.241437 -1.300850
0.052129 -0.000031 -0.379307 0.751433 2.076163
0.050881 -0.002845 0.314471 -0.869954 -0.334161
0.061111 -0.031384 0.198045 -0.566912 -1.440550
0.059438 -0.031890 -0.280015 0.526119 -0.267675
0.046608 -0.008150 -0.361699 0.663690 1.292361
0.040858 -0.002508 0.072467 -0.366015 -1.639250
0.032804 0.008494 -0.473392 0.900467 1.821226
0.026102 0.015558 0.135927 -0.525754 -0.519460
0.027971 0.003599 -0.041566 -0.080825 1.733392
0.037819 -0.026046 0.532484 -1.388799 -2.579026
0.041816 -0.040735 -0.329164 0.622831 -0.806151
0.023474 -0.005194 -0.587809 1.153914 0.102643
0.000835 0.037745 -0.545163 1.003642 0.990216
-0.014316 0.062265 -0.214130 0.238283 1.651675
-0.012008 0.047654 0.328071 -0.955342 -1.524913
-0.009273 0.035248 -0.189210 0.315039 0.650065
-0.012551 0.038307 0.024500 -0.154848 -0.319055
-0.013804 0.038143 -0.086679 0.142460 0.341089
-0.015070 0.039343 0.022993 -0.079078 1.012700
-0.007521 0.021698 0.353743 -0.796720 -0.195370
0.005156 -0.005560 0.280913 -0.574656 -0.894457
0.010362 -0.014122 -0.019348 0.134838 0.240310
0.011232 -0.012886 0.062547 -0.069898 -0.594893
0.009790 -0.006706 -0.134106 0.373879 -0.127066
0.003647 0.009588 -0.173247 0.443105 0.703478
0.001437 0.016180 0.061769 -0.104508 -1.745450
-0.007758 0.039365 -0.519803 1.249048 1.880769
-0.015951 0.059781 0.107398 -0.203273 1.569488
-0.001393 0.029297 0.619464 -1.311936 -1.776027
0.011301 0.006578 0.017894 0.151174 1.209248
0.020059 -0.005950 0.418839 -0.767181 -0.904235
0.030685 -0.021808 0.113897 -0.039116 0.332764
0.037488 -0.028886 0.225935 -0.312387 -0.230922
0.044997 -0.038041 0.149988 -0.149471 -1.467482
0.041292 -0.022130 -0.333901 0.933129 1.101709
0.035448 -0.003442 0.039911 0.017748 0.979540
0.043563 -0.017840 0.364988 -0.729955 -1.309616
0.049375 -0.026319 -0.072664 0.289907 0.285031
0.048460 -0.020056 0.026426 0.028177 -0.377090
0.047053 -0.013597 -0.096526 0.292308 -0.778930
0.038080 0.009398 -0.351684 0.854114 1.338137
0.033017 0.022128 0.096638 -0.200170 -0.189731
0.035535 0.017860 0.029650 -0.016642 0.302380
0.038684 0.013032 0.127567 -0.222840 -0.212666
0.042303 0.008031 0.053762 -0.030874 0.695879
0.049053 -0.003621 0.283163 -0.546811 0.295167
0.062261 -0.029336 0.377398 -0.741234 -2.356112
0.061634 -0.022460 -0.406095 1.061208 1.741596
0.057179 -0.008660 0.180929 -0.348789 -0.441354
0.061441 -0.015524 0.032852 -0.000667 -0.218429
0.061331 -0.012513 -0.038158 0.149699 -0.919397
0.053735 0.007151 -0.340988 0.827887 0.527478
0.043709 0.031266 -0.161448 0.388869 1.552971
0.047562 0.023233 0.352475 -0.775868 -0.838401
0.055910 0.006696 0.066295 -0.064186 0.577875
0.062375 -0.004463 0.256483 -0.489995 -0.504413
0.069207 -0.015717 0.086011 -0.080707 -0.240531
0.071064 -0.015463 0.007090 0.091042 0.785327
0.076613 -0.024322 0.269580 -0.527046 -1.148226
0.079728 -0.027591 -0.112396 0.350613 2.090219
0.089243 -0.046729 0.585847 -1.287939 -2.937434
0.093055 -0.052543 -0.391553 0.964217 0.325646
0.079816 -0.021436 -0.271534 0.602202 1.094960
0.076374 -0.015436 0.097989 -0.288530 -0.453923
0.077264 -0.019945 -0.052892 0.057321 -0.962155
0.068800 -0.003379 -0.369513 0.764345 2.019382
0.067575 -0.004898 0.305844 -0.818390 -0.359867
0.077301 -0.031094 0.181431 -0.501092 -1.624712
0.073746 -0.026219 -0.357354 0.728641 0.269017
0.061410 -0.002757 -0.260315 0.452917 1.199358
0.059051 -0.003708 0.140935 -0.487452 -1.182127
0.056760 -0.004451 -0.254034 0.437162 -0.524229
0.043189 0.020430 -0.424414 0.806605 1.021257
0.033082 0.036441 -0.082492 0.008436 -0.240571
0.028103 0.041336 -0.166210 0.234156 1.694109
0.032661 0.025390 0.392528 -1.017308 -0.245364
0.046519 -0.009553 0.301412 -0.740568 -0.596217
0.054516 -0.029214 0.099573 -0.253299 -0.870067
0.052737 -0.026293 -0.187571 0.390880 0.035667
0.045588 -0.012306 -0.170278 0.312367 0.655344
0.043210 -0.010551 0.050532 -0.216840 -0.392963
0.042607 -0.013112 -0.080143 0.084044 -0.679485
0.034923 0.000303 -0.303538 0.582363 0.870979
0.028663 0.009476 -0.010731 -0.112112 0.059865
0.028594 0.004473 0.007313 -0.138665 -0.173342
0.027702 0.001910 -0.051641 0.007962 -0.103419
0.024944 0.003883 -0.086135 0.089930 -0.073340
0.021015 0.008610 -0.110320 0.146531 0.275828
0.018439 0.010271 -0.018833 -0.060244 -0.834165
0.012104 0.021028 -0.297110 0.591056 -0.743904
-0.004684 0.055819 -0.542010 1.147283 2.470908
-0.009899 0.063675 0.278130 -0.726272 0.669654
0.005425 0.026840 0.488193 -1.117521 -2.134305
0.010524 0.017077 -0.230472 0.603456 1.007102
0.008050 0.025385 0.105427 -0.175411 1.131784
0.019705 0.001856 0.476522 -0.994301 -1.037176
0.031705 -0.020564 0.125196 -0.143128 -1.105281
0.029378 -0.009551 -0.240481 0.684337 -0.147352
0.018897 0.018996 -0.284006 0.747778 1.322996
0.016400 0.028081 0.157378 -0.277234 1.033573
0.029458 0.002188 0.494883 -1.012319 -1.249904
0.040772 -0.017650 0.072800 0.002163 1.001155
0.050375 -0.033306 0.406394 -0.777025 -2.383185
0.050732 -0.027497 -0.385859 1.043184 1.178834
0.043350 -0.005862 0.014875 0.056579 1.023557
0.050769 -0.019492 0.355111 -0.729708 -1.645111
0.053958 -0.022850 -0.193595 0.543224 0.547620
0.049985 -0.010747 -0.006039 0.070935 0.109325
0.050500 -0.009892 0.031643 -0.026667 1.026641
0.058608 -0.026884 0.372831 -0.815147 -2.033797
0.059927 -0.027762 -0.304411 0.749121 0.318186
0.050038 -0.004290 -0.190960 0.433511 0.375231
0.044968 0.006645 -0.063248 0.119790 -0.750534
0.037446 0.022999 -0.312263 0.693045 1.484463
0.034878 0.027577 0.182005 -0.447165 0.380886
0.044559 0.005118 0.302092 -0.677030 -1.057143
0.049492 -0.004657 -0.053955 0.174395 0.156216
0.048404 -0.000381 -0.000690 0.042117 -0.948666
0.042069 0.015855 -0.315278 0.762765 1.801465
0.041515 0.018091 0.285370 -0.630930 -1.153997
0.045112 0.011887 -0.103934 0.306374 1.708549
0.052334 -0.002193 0.463262 -0.994967 -1.174639
0.062898 -0.022624 0.066839 -0.044049 -0.583338
0.061729 -0.015850 -0.124750 0.378196 1.547050
0.067117 -0.025318 0.392406 -0.836383 -1.092847
0.075469 -0.041425 0.026876 0.015713 0.132755
0.077517 -0.043778 0.075345 -0.131766 -1.776812
0.068790 -0.022586 -0.510119 1.177512 1.703785
0.059944 -0.003720 0.065342 -0.211075 -0.831071
0.057004 0.000836 -0.211450 0.430757 1.532676
0.058803 -0.006003 0.299681 -0.757370 -1.547136
0.060395 -0.011622 -0.218066 0.458172 0.653227
0.056111 -0.004179 0.002904 -0.077030 -0.349082
0.053901 -0.001857 -0.113031 0.189830 0.056500
0.049787 0.004605 -0.092879 0.135337 0.027752
0.046265 0.009553 -0.083347 0.113338 1.438266
0.052493 -0.007905 0.393363 -0.974427 -0.451042
0.065094 -0.038800 0.237906 -0.582038 -1.350354
0.065628 -0.041454 -0.209549 0.434515 0.474673
0.060560 -0.032871 -0.044679 0.002336 -0.719601
0.054061 -0.022467 -0.279678 0.512784 -0.144537
0.042041 -0.000914 -0.321635 0.568343 1.077476
0.036433 0.004512 0.039794 -0.283982 -1.938855
0.025076 0.023451 -0.605635 1.213510 1.926530
0.013796 0.041372 0.038865 -0.292399 1.581843
0.025734 0.006775 0.557021 -1.428688 -2.171743
0.033337 -0.014911 -0.173780 0.315547 0.944998
0.032752 -0.017543 0.143423 -0.437121 -2.451219
0.022157 0.002832 -0.670682 1.433770 2.533735
0.012395 0.019444 0.179102 -0.571545 -1.994751
0.006161 0.028467 -0.488492 1.002278 2.127884
0.000859 0.035257 0.220681 -0.638284 -0.436056
0.006610 0.018124 0.067813 -0.227397 0.301376
0.011250 0.005160 0.164125 -0.420679 -0.455615
0.014706 -0.003948 0.009434 -0.041863 -0.241354
0.013477 -0.001913 -0.070625 0.141442 -0.412986
0.007928 0.009893 -0.206598 0.446941 0.569582
0.003495 0.018692 -0.015899 0.001046 1.459270
0.012521 -0.003210 0.465922 -1.085333 -1.310222
0.022281 -0.025082 0.024154 -0.027541 -0.963714
0.016885 -0.011890 -0.293101 0.679866 1.458470
0.014989 -0.008250 0.196440 -0.480853 -1.212244
0.014726 -0.008373 -0.208152 0.461426 0.661924
0.010889 -0.000860 0.015324 -0.076743 -0.210715
0.010088 -0.000574 -0.055124 0.088796 0.147316
0.008875 0.000619 -0.005723 -0.027289 -1.269801
0.000191 0.019124 -0.427289 0.942494 1.734147
-0.005270 0.029419 0.151940 -0.406589 -0.575130
-0.003147 0.023252 -0.044958 0.090072 -0.529859
-0.008512 0.035451 -0.222826 0.516290 0.969836
-0.010982 0.041399 0.098059 -0.207490 0.559418
-0.003469 0.025797 0.277321 -0.570632 -0.554384
0.003786 0.012894 0.086408 -0.083867 -0.492085
0.003920 0.017559 -0.079181 0.312451 1.261450
0.009143 0.010722 0.338999 -0.642280 -0.336490
0.020335 -0.008644 0.221441 -0.334131 0.631913
0.033355 -0.031420 0.429270 -0.802574 -0.586292
0.046566 -0.054133 0.232459 -0.344172 0.070520
0.056394 -0.069731 0.259053 -0.437497 -1.192509
0.058917 -0.069973 -0.131549 0.413372 -0.941342
0.047612 -0.041150 -0.433379 1.025235 1.933929
0.043381 -0.032118 0.219267 -0.549900 -2.452582
0.035827 -0.016440 -0.594388 1.311046 2.203778
0.026945 0.000045 0.147248 -0.458768 -1.241345
0.024508 0.001412 -0.267655 0.513717 0.867891
0.019649 0.008005 0.023518 -0.173081 -0.277319
0.018700 0.005792 -0.070560 0.058724 -0.361865
0.013465 0.013789 -0.190880 0.338791 1.103733
0.013191 0.010288 0.175928 -0.502727 -0.658536
0.015747 0.001241 -0.047123 0.040946 1.143470
0.000872 0.008701 0.006317 -0.009945 -0.120468
0.000299 0.010410 -0.034881 0.094267 1.522151
0.009015 -0.009047 0.469294 -1.054880 -1.956919
0.014626 -0.019943 -0.186160 0.486215 -0.216967
0.005849 0.001767 -0.252875 0.601948 0.240159
-0.002585 0.021432 -0.169535 0.388232 1.118355
-0.001921 0.019808 0.201422 -0.457885 -1.208105
-0.002018 0.021163 -0.204800 0.512271 1.424182
-0.000713 0.019635 0.268397 -0.573725 0.254785
0.011581 -0.005962 0.346582 -0.709289 -1.076410
0.018183 -0.016943 -0.014922 0.145992 -1.073963
0.010496 0.004851 -0.368624 0.936973 1.878306
0.008370 0.012382 0.259901 -0.538193 0.645567
0.022945 -0.018013 0.468722 -0.981331 -1.181626
0.033720 -0.038184 0.071866 -0.044542 -0.716815
0.031900 -0.029748 -0.162223 0.460945 0.233741
0.027097 -0.016165 -0.078560 0.224182 -0.031407
0.023811 -0.007351 -0.085895 0.218370 0.587182
0.024327 -0.008061 0.110971 -0.247469 -0.379576
0.026217 -0.011946 -0.015909 0.048268 0.019695
0.025742 -0.010622 -0.007911 0.018618 -0.017601
0.025332 -0.009841 -0.012618 0.020556 -0.013130
0.024762 -0.009036 -0.015903 0.019856 -0.473850
0.020994 -0.001161 -0.172100 0.370516 0.906703
0.020197 -0.000756 0.131159 -0.340211 -1.584582
0.014850 0.010454 -0.396816 0.885736 0.897512
0.005056 0.031196 -0.094440 0.165681 0.626865
0.005399 0.028743 0.110948 -0.282517 -0.214616
0.008299 0.021823 0.034486 -0.067821 0.369257
0.012070 0.014079 0.153850 -0.317421 -0.290754
0.016205 0.006643 0.053436 -0.059456 0.248768
0.019968 0.000721 0.134528 -0.235371 -0.390799
0.022706 -0.002314 0.002923 0.078598 0.792057
0.028102 -0.011454 0.266140 -0.528871 -1.586975
0.028131 -0.007746 -0.262876 0.697824 2.105421
0.031739 -0.013249 0.440795 -0.950909 -1.308792
0.040545 -0.030178 0.001459 0.086386 -0.146327
0.039705 -0.025251 -0.043415 0.159900 -0.016695
0.037933 -0.019359 -0.045309 0.136187 -0.228601
0.034660 -0.010993 -0.118275 0.281732 0.531513
0.033529 -0.008484 0.060978 -0.149704 -0.908640
0.029916 -0.000472 -0.240667 0.542194 1.497773
0.030333 -0.002493 0.259725 -0.627250 -1.317377
0.031866 -0.006526 -0.181384 0.410220 1.714835
0.036091 -0.017126 0.390774 -0.923560 -1.573585
0.041151 -0.029030 -0.135620 0.308585 -0.610961
0.031772 -0.008354 -0.333118 0.723532 0.811187
0.023969 0.006999 -0.058319 0.056505 0.303070
0.023644 0.004724 0.041734 -0.167520 0.396422
0.027912 -0.007699 0.171483 -0.452106 -0.633614
0.030503 -0.015590 -0.040996 0.048954 0.164046
0.029995 -0.016545 0.015379 -0.094915 0.429188
0.033486 -0.027159 0.158838 -0.433118 -2.242604
0.024918 -0.010066 -0.584965 1.267471 1.514981
0.011811 0.015463 -0.072787 0.031428 0.131641
0.009745 0.015047 -0.030638 -0.051134 -0.414947
0.005717 0.019826 -0.170316 0.286305 0.141323
-0.000158 0.029220 -0.123760 0.186688 -0.128500
-0.006001 0.039126 -0.168418 0.308823 1.125022
-0.005301 0.034752 0.202230 -0.516822 -0.440196
-0.000298 0.022373 0.048748 -0.110190 0.332118
0.003789 0.013574 0.155460 -0.328479 0.612385
0.013996 -0.008177 0.354618 -0.757358 -1.838565
0.015849 -0.009362 -0.259734 0.677709 0.265447
0.007343 0.012588 -0.166336 0.427664 1.252627
0.009053 0.010217 0.250388 -0.533176 0.726398
0.023791 -0.021277 0.486312 -1.040613 -1.812842
0.031071 -0.034127 -0.119868 0.375475 0.798229
0.031712 -0.032617 0.150890 -0.290331 -1.879682
0.025271 -0.015701 -0.471107 1.119870 0.126583
0.007470 0.025327 -0.419973 0.942129 2.503128
0.007400 0.023955 0.413533 -0.983981 -1.815590
0.011659 0.014394 -0.198158 0.483501 0.828125
0.009278 0.020745 0.077947 -0.155659 -0.209930
0.010924 0.018476 0.004714 0.039041 0.375825
0.013571 0.014687 0.127300 -0.225533 0.562238
0.022330 -0.002284 0.310342 -0.620851 -0.463951
0.031561 -0.019169 0.152167 -0.232207 -0.589644
0.033727 -0.019491 -0.043187 0.209820 0.236245
0.033640 -0.015417 0.038437 -0.002324 0.595358
0.039166 -0.024967 0.237308 -0.470518 -1.087226
0.041406 -0.027003 -0.123956 0.356675 -0.155374
0.035524 -0.011413 -0.170345 0.424978 0.278305
0.030647 0.000517 -0.074102 0.177365 0.914925
0.033791 -0.006631 0.230341 -0.526307 -0.259476
0.041210 -0.023109 0.141248 -0.304013 0.437172
0.049768 -0.042075 0.286506 -0.643213 -1.835897
0.049016 -0.039722 -0.322036 0.741926 0.334862
0.038559 -0.017063 -0.201727 0.400208 -0.171441
0.029447 0.000681 -0.254068 0.489252 -0.196593
0.018049 0.022665 -0.316067 0.612588 0.288516
0.007367 0.042480 -0.218769 0.385331 0.549336
0.002230 0.049976 -0.038830 -0.003522 -0.041922
0.000284 0.051682 -0.058401 0.087887 1.488670
0.007738 0.033495 0.429834 -0.986073 -0.217266
0.023258 -0.000477 0.347206 -0.722858 -1.273241
0.028562 -0.008831 -0.080288 0.289295 0.018328
0.025529 0.001912 -0.071594 0.250547 0.699728
0.027348 0.000938 0.161689 -0.291833 -0.648763
0.029447 -0.000311 -0.055903 0.221904 0.041775
0.027517 0.007665 -0.040827 0.179070 -0.203520
0.024534 0.017938 -0.108286 0.334471 1.407392
0.029567 0.009717 0.358472 -0.732225 -0.941280
0.037505 -0.003860 0.039865 0.039850 0.391992
0.041714 -0.008384 0.170222 -0.262719 0.489801
0.051753 -0.026215 0.331456 -0.627182 -1.641368
0.054051 -0.025826 -0.214592 0.629071 0.174067
0.046771 -0.004731 -0.150092 0.432564 1.172198
0.048635 -0.006082 0.241895 -0.487474 -0.720395
0.053453 -0.013961 0.000025 0.083947 -0.405313
0.050796 -0.004770 -0.132594 0.373367 0.863497
0.051298 -0.003669 0.156623 -0.308534 -0.101195
0.056846 -0.014087 0.121112 -0.215724 0.505535
0.065046 -0.030478 0.288610 -0.601654 -2.538310
0.059682 -0.015437 -0.554179 1.329813 1.786243
0.049628 0.008219 0.048808 -0.121978 1.404300
0.060881 -0.017843 0.512692 -1.171477 -1.002342
0.074579 -0.048120 0.174093 -0.360048 0.710187
0.086310 -0.074006 0.412019 -0.931039 -3.000000
0.082889 -0.065808 -0.579892 1.311570 1.491514
0.069947 -0.039451 -0.069502 0.028830 -1.522055
0.057139 -0.015862 -0.569687 1.139951 -0.017208
0.034448 0.028134 -0.565782 1.069486 1.390014
0.021162 0.048833 -0.100645 -0.014904 0.561404
0.020759 0.040809 0.080066 -0.382728 0.047904
0.024132 0.026254 0.088902 -0.348402 -0.335459
0.025345 0.018577 -0.027641 -0.041237 0.198687
0.025511 0.014396 0.035860 -0.166837 -0.130703
0.026017 0.010323 -0.010307 -0.039407 -0.757272
0.020536 0.020709 -0.263003 0.552403 0.961159
0.016444 0.027827 0.057072 -0.184688 -0.491406
0.015365 0.028917 -0.110380 0.233534 0.993985
0.017527 0.023399 0.217443 -0.500257 -0.945855
0.019801 0.019169 -0.102474 0.277066 0.333668
0.017915 0.025246 0.007672 0.031488 0.486665
0.021401 0.019623 0.166202 -0.309023 0.813195
0.033361 -0.004316 0.431362 -0.884591 -0.029425
0.050287 -0.038118 0.415681 -0.813205 -0.821947
0.061403 -0.057790 0.141526 -0.183356 -1.201515
0.059173 -0.047764 -0.251893 0.674768 2.917971
0.068699 -0.067501 0.724792 -1.632301 -2.918729
0.078204 -0.087513 -0.245442 0.595214 -1.389875
0.059433 -0.045224 -0.692652 1.515574 1.182328
0.039917 -0.005792 -0.285386 0.478018 1.027131
0.035421 -0.003199 0.059291 -0.336441 -2.206334
0.023075 0.017642 -0.674369 1.358726 2.391816
0.012176 0.033890 0.126149 -0.516431 0.077851
0.017588 0.013541 0.144837 -0.505197 -0.388481
0.020691 0.000320 0.011095 -0.163267 0.394262
0.023732 -0.012013 0.140743 -0.451768 -1.075387
0.022167 -0.013210 -0.217680 0.379991 0.067300
0.013995 0.000171 -0.191312 0.292901 1.058705
0.013430 -0.004738 0.161869 -0.527774 -0.808349
0.014458 -0.012807 -0.109278 0.113711 -0.490125
0.006874 -0.001149 -0.269640 0.466511 0.127445
-0.002990 0.014931 -0.224033 0.342464 0.289330
-0.010007 0.024104 -0.127359 0.121144 0.768479
-0.010026 0.017578 0.125696 -0.440907 -0.531208
-0.008637 0.009130 -0.055431 0.010526 0.765381
-0.005783 -0.001978 0.197484 -0.560101 -0.828298
-0.003475 -0.010922 -0.080883 0.101815 -0.842265
-0.012274 0.005733 -0.358422 0.725494 -0.045370
-0.026815 0.034645 -0.369184 0.725801 -0.544902
-0.045170 0.071896 -0.548513 1.137979 1.728957
-0.055618 0.091177 0.023556 -0.151234 1.184283
-0.047043 0.069397 0.404496 -0.931656 -0.147585
-0.032142 0.037283 0.341502 -0.683688 0.090785
-0.018072 0.010368 0.362517 -0.667585 0.915920
0.002388 -0.029223 0.660162 -1.310629 -0.957670
0.022280 -0.065825 0.336434 -0.538010 -1.279909
0.027291 -0.068514 -0.084388 0.389948 0.225435
0.025617 -0.058434 0.000129 0.119735 -0.450251
0.022773 -0.048219 -0.142129 0.389296 0.224445
0.018742 -0.037692 -0.059960 0.142526 0.481756
0.019650 -0.040417 0.104784 -0.273472 -3.000000
0.003939 -0.005847 -0.887658 1.977855 1.335457
-0.022370 0.050006 -0.430624 0.842131 1.911185
-0.026877 0.054473 0.202899 -0.597508 -0.383233
-0.021522 0.038546 0.065748 -0.207339 -0.461070
-0.022079 0.038541 -0.092962 0.201330 0.713278
-0.021115 0.036318 0.140408 -0.305762 -1.472827
-0.025424 0.047987 -0.354240 0.874743 1.795057
-0.027644 0.055458 0.240960 -0.480447 0.058664
-0.017819 0.037318 0.250695 -0.430821 0.690430
-0.003357 0.010979 0.472219 -0.885061 -1.840873
0.003118 0.005350 -0.146126 0.581938 2.318458
0.012760 -0.007589 0.625735 -1.206373 -0.889973
0.031692 -0.040683 0.322657 -0.465443 -0.999059
0.037965 -0.044243 -0.007756 0.276259 -1.140001
0.030205 -0.017039 -0.379591 1.078277 1.096031
0.022504 0.007468 -0.007296 0.164733 2.126356
0.036357 -0.018608 0.697895 -1.450969 -2.186347
0.049544 -0.041523 -0.035327 0.276003 -0.064472
0.047829 -0.030779 -0.050657 0.263479 -0.764117
0.040822 -0.009526 -0.299278 0.795960 1.696975
0.040275 -0.005000 0.269756 -0.549876 -0.387266
0.048410 -0.020384 0.137837 -0.226914 -0.141645
0.052987 -0.027413 0.091288 -0.127347 -0.708446
0.051964 -0.022053 -0.141770 0.389149 -0.367430
0.043952 -0.001834 -0.258823 0.622540 1.955755
0.046703 -0.007815 0.394130 -0.901373 -1.663017
0.051283 -0.017261 -0.162920 0.408736 1.700860
0.056176 -0.027948 0.405688 -0.926342 -2.003566
0.058998 -0.033619 -0.262074 0.619825 1.250830
0.056999 -0.029606 0.160512 -0.404026 -1.108778
0.056049 -0.028858 -0.206751 0.429823 1.203454
0.055911 -0.031359 0.198402 -0.541696 -1.742290
0.052248 -0.026255 -0.379616 0.779430 1.043116
0.044178 -0.012721 -0.025458 -0.087968 -0.510105
0.039783 -0.008554 -0.193808 0.291835 0.465493
0.035191 -0.004593 -0.036423 -0.087703 -0.724673
0.028912 0.003070 -0.276827 0.464635 0.661603
0.022305 0.010970 -0.054501 -0.060710 -1.016966
0.013328 0.024527 -0.393362 0.730112 1.278086
0.006150 0.033735 0.032737 -0.253972 0.941210
0.013606 0.010278 0.339492 -0.914375 0.351153
0.029359 -0.030200 0.448576 -1.114627 -1.685364
0.035991 -0.048101 -0.114492 0.197270 -0.583184
0.027671 -0.032614 -0.301246 0.574930 0.637105
0.020019 -0.020898 -0.082414 0.020886 -0.203753
0.015419 -0.017422 -0.147452 0.151793 -0.856241
0.003889 0.001221 -0.428411 0.775306 0.688194
-0.008552 0.020678 -0.194893 0.209389 -1.053350
-0.023364 0.045452 -0.544863 1.022544 0.832484
-0.039567 0.073309 -0.266907 0.385152 0.761043
-0.045293 0.078296 -0.020335 -0.127521 2.339218
-0.030761 0.039418 0.745404 -1.802011 -1.337111
-0.010197 -0.008780 0.285368 -0.633376 -1.213313
-0.006934 -0.014794 -0.120619 0.318108 0.659499
-0.007295 -0.012930 0.101711 -0.217057 -0.429490
-0.006091 -0.014986 -0.040982 0.109241 -0.142465
-0.008632 -0.008884 -0.086025 0.195859 -0.550409
-0.015688 0.006976 -0.266461 0.594709 1.715767
-0.014862 0.003812 0.305759 -0.734894 -0.684480
-0.007308 -0.013960 0.073156 -0.165223 -0.302186
-0.006389 -0.015993 -0.026823 0.059999 -1.679436
-0.018592 0.011794 -0.581880 1.317178 1.351798
-0.032705 0.042273 -0.126079 0.228455 0.275905
-0.035976 0.047896 -0.037901 0.056249 0.492383
-0.034322 0.043675 0.120195 -0.263653 1.115251
-0.022241 0.017424 0.483189 -1.043377 -0.772574
-0.008256 -0.010599 0.217622 -0.372696 -0.413737
-0.002343 -0.018853 0.078677 -0.046243 -1.745260
-0.010777 0.005777 -0.498816 1.264311 1.735218
-0.019015 0.028188 0.084290 -0.119656 0.066616
-0.015289 0.023241 0.102116 -0.128538 0.206706
-0.009908 0.015686 0.166857 -0.249044 0.618056
0.000796 -0.003024 0.368046 -0.684064 -1.437236
0.005852 -0.007412 -0.113423 0.447890 1.979472
0.014558 -0.020629 0.546580 -1.089693 -2.254086
0.021302 -0.028579 -0.206490 0.665825 0.372203
0.015674 -0.009167 -0.075797 0.313521 -0.728539
0.007857 0.013982 -0.314685 0.841101 0.737044
0.000261 0.035556 -0.066442 0.250261 1.376405
0.006707 0.024982 0.387373 -0.766855 -0.273068
0.020206 0.000156 0.288458 -0.483314 -0.577071
0.027822 -0.009610 0.093293 -0.013525 -0.190662
0.030296 -0.007376 0.030559 0.123746 0.826940
0.037045 -0.015417 0.306060 -0.518358 -0.917744
0.043130 -0.021670 -0.000580 0.194398 0.256836
0.044885 -0.018554 0.087894 -0.034742 0.704771
0.053116 -0.031105 0.323051 -0.587514 -0.820210
0.060556 -0.041907 0.050162 0.036402 -0.710942
0.057928 -0.030518 -0.181055 0.528455 0.250802
0.052496 -0.014603 -0.091228 0.273983 0.864588
0.054667 -0.017590 0.198773 -0.414264 -1.755256
0.050914 -0.007014 -0.384528 0.926411 2.304998
0.051018 -0.006732 0.386894 -0.886792 -1.228860
0.058196 -0.022259 -0.026166 0.093536 0.293370
0.059160 -0.023627 0.074036 -0.158694 -1.408440
0.052779 -0.008642 -0.391763 0.896180 2.249369
0.052224 -0.008715 0.361249 -0.874984 -2.801197
0.047925 0.000321 -0.573011 1.298125 1.658165
0.036228 0.025084 -0.014400 -0.036162 0.524323
0.039075 0.016254 0.156357 -0.401968 -0.711445
0.040497 0.012057 -0.084302 0.183094 0.738339
0.042033 0.008114 0.160322 -0.373233 -0.000349
0.048364 -0.006083 0.156585 -0.339908 -0.424569
0.051761 -0.012804 0.013913 -0.002230 -0.555686
0.048646 -0.004612 -0.169222 0.407739 1.334326
0.050821 -0.009415 0.276462 -0.634246 0.116953
0.062578 -0.035914 0.311774 -0.695048 -0.795124
0.069732 -0.051384 0.047232 -0.090158 -1.311498
0.063001 -0.035914 -0.382666 0.853682 -0.258111
0.046184 0.000259 -0.458672 0.960612 1.261083
0.036371 0.018065 -0.033933 -0.052495 0.030288
0.035166 0.016023 -0.026271 -0.050065 0.996752
0.040701 -0.000819 0.302195 -0.785088 -1.915367
0.039929 -0.001732 -0.338449 0.718152 2.575242
0.043632 -0.013538 0.520749 -1.282642 -3.000000
0.044342 -0.017335 -0.481542 1.059113 2.027691
0.038766 -0.007906 0.200065 -0.563086 -1.059938
0.039650 -0.013546 -0.154491 0.268277 1.237381
0.041771 -0.022466 0.259216 -0.702382 -1.841858
0.039833 -0.021831 -0.353938 0.714386 0.746639
0.030799 -0.006156 -0.099036 0.081273 -0.493191
0.023583 0.004449 -0.261368 0.445968 -0.792324
0.007918 0.033994 -0.521538 1.028814 2.528838
0.003951 0.035793 0.320149 -0.911206 -1.228358
0.008371 0.020283 -0.097325 0.118340 -0.081691
0.003906 0.026619 -0.125925 0.198585 0.336184
0.001073 0.029790 -0.016133 -0.036083 -0.148989
-0.000638 0.031412 -0.069210 0.115396 -0.053093
-0.003815 0.037458 -0.089678 0.187118 0.655705
-0.003102 0.035543 0.124643 -0.276718 -0.077410
0.001242 0.026902 0.092916 -0.158704 1.460607
0.014583 -0.000996 0.573040 -1.226878 -2.347789
0.021697 -0.012341 -0.214263 0.631253 1.422648
0.022706 -0.010032 0.262923 -0.499459 -2.114333
0.019098 0.002952 -0.441023 1.128387 2.850915
0.020579 0.002898 0.511613 -1.099826 -2.079610
0.027030 -0.007563 -0.186299 0.551501 2.106186
0.033682 -0.018729 0.516555 -1.088912 -2.224891
0.039417 -0.027055 -0.226962 0.646468 0.766866
0.035591 -0.014423 0.034438 -0.003289 0.006364
0.037037 -0.014941 0.037850 -0.022448 -0.258781
0.036854 -0.012139 -0.046743 0.160517 -0.030961
0.034825 -0.005698 -0.054826 0.162766 1.126500
0.040159 -0.016804 0.320343 -0.708021 -1.244552
0.044620 -0.025415 -0.095586 0.262065 -0.054190
0.040529 -0.015002 -0.109184 0.260668 0.167758
0.037347 -0.007812 -0.050288 0.102488 0.567708
0.039141 -0.012716 0.139431 -0.342417 -0.700710
0.040031 -0.015450 -0.094044 0.197561 0.632228
0.040537 -0.017848 0.118579 -0.310767 -0.177380
0.044091 -0.027519 0.059507 -0.176622 -0.848152
0.040863 -0.021930 -0.220032 0.448421 -0.605285
0.028151 0.004230 -0.415422 0.858999 0.778755
0.016835 0.025610 -0.151802 0.223242 0.779276
0.015921 0.022904 0.105276 -0.350990 0.926103
0.026186 -0.004326 0.407500 -1.006767 -1.854908
0.030003 -0.014822 -0.214208 0.459270 0.845645
0.027160 -0.010366 0.070937 -0.225986 -0.705800
0.025290 -0.008467 -0.163648 0.313705 1.058489
0.025850 -0.012764 0.190445 -0.517709 -1.214873
0.025335 -0.014383 -0.214675 0.423235 -0.837423
0.011273 0.014546 -0.488048 1.020494 1.363403
0.000941 0.033436 -0.030620 -0.056922 0.762585
0.004703 0.020339 0.218151 -0.593052 -1.966284
0.000214 0.028118 -0.440346 0.961633 1.768669
-0.005558 0.038845 0.149370 -0.403773 -0.102703
-0.000418 0.025751 0.108137 -0.255576 -0.352636
0.001462 0.021925 -0.013616 0.059102 0.187524
0.002119 0.021883 0.046290 -0.059521 -0.327935
0.001726 0.025171 -0.065586 0.220657 0.967852
0.005510 0.019472 0.253792 -0.496679 0.732360
0.020407 -0.010483 0.490865 -0.999974 -0.846342
0.034276 -0.036342 0.204152 -0.307958 -1.753465
0.030809 -0.022132 -0.375792 1.003080 1.996815
0.029254 -0.014492 0.295438 -0.597174 -1.025875
0.034183 -0.022117 -0.047559 0.203126 0.717542
0.037128 -0.025756 0.193968 -0.377639 -2.415239
0.028818 -0.003821 -0.607098 1.453217 2.341914
0.020336 0.016341 0.179728 -0.414745 0.897936
0.033395 -0.013069 0.472752 -1.052650 -1.068889
0.045059 -0.037615 0.112310 -0.191761 -0.947931
0.043299 -0.031315 -0.199395 0.498368 -0.860406
0.029741 0.000481 -0.478168 1.089483 2.673589
0.028560 0.001579 0.415850 -1.004949 -0.712673
0.040294 -0.026254 0.172330 -0.400761 -1.784061
0.035317 -0.014926 -0.419348 0.950532 0.219583
0.020178 0.018141 -0.338550 0.712709 2.579458
0.023858 0.006539 0.519723 -1.267438 -2.190440
0.029867 -0.008625 -0.216279 0.481666 0.720092
0.026096 -0.001229 0.026656 -0.102211 -0.993750
0.020536 0.010095 -0.303664 0.659934 -0.348148
0.006150 0.041227 -0.415832 0.899384 2.961606
0.009247 0.031573 0.567453 -1.352701 -1.738621
0.020104 0.006743 -0.021993 0.086369 0.155376
0.020251 0.007895 0.029136 -0.026985 0.013285
0.021478 0.006873 0.032229 -0.024319 0.054195
0.023103 0.005303 0.049010 -0.054072 -0.794616
0.019752 0.015587 -0.215797 0.561653 2.109721
0.025197 0.005305 0.485762 -1.055183 -0.571893
0.040645 -0.026539 0.288017 -0.550433 -1.796599
0.040186 -0.020807 -0.308944 0.819008 1.564754
0.038401 -0.013618 0.217624 -0.440514 0.078393
0.047586 -0.032129 0.241872 -0.488016 -1.058448
0.050215 -0.035456 -0.109107 0.309719 -0.754578
0.040954 -0.012679 -0.353597 0.826496 0.939182
0.033207 0.004591 -0.035241 0.051303 -0.342366
0.029515 0.011979 -0.149117 0.315834 1.180949
0.031423 0.006366 0.243254 -0.584972 0.369437
0.043504 -0.021741 0.360952 -0.822590 -1.399195
0.048557 -0.032528 -0.106423 0.265702 -0.250298
0.042745 -0.019131 -0.184215 0.404891 0.921950
0.041610 -0.018048 0.126323 -0.340090 -1.767146
0.034896 -0.004438 -0.460239 1.004494 0.927999
0.022820 0.020074 -0.145210 0.236796 1.777489
0.028824 0.002430 0.443681 -1.103812 -2.146622
0.032117 -0.007177 -0.276204 0.597643 -0.258247
0.019456 0.019766 -0.357122 0.752659 1.884518
0.017772 0.020424 0.270691 -0.699239 -0.781674
0.023247 0.005906 0.004313 -0.038744 -0.667432
0.018957 0.014837 -0.218145 0.479771 0.882627
0.016138 0.020214 0.076034 -0.200260 0.188392
0.020354 0.010087 0.134749 -0.306618 0.511189
0.029071 -0.009347 0.300914 -0.663928 -0.136259
0.040116 -0.033101 0.252009 -0.530342 -1.598781
0.039554 -0.029795 -0.278316 0.679341 0.073776
0.029077 -0.005315 -0.246169 0.551291 1.268351
0.027760 -0.003573 0.178732 -0.449815 -1.291807
0.026253 -0.001164 -0.252560 0.556601 1.453167
0.025901 -0.001960 0.233230 -0.580602 -1.023981
0.028332 -0.008686 -0.110278 0.231568 1.530229
0.034152 -0.023408 0.399676 -0.953844 -0.926774
0.043880 -0.046567 0.088335 -0.219219 -1.104122
0.040141 -0.039155 -0.274163 0.580140 -0.429463
0.026492 -0.011006 -0.408441 0.829396 0.591250
0.014238 0.011752 -0.205485 0.320190 0.981694
0.012571 0.009355 0.121025 -0.430001 0.678315
0.021838 -0.017445 0.342086 -0.908556 -1.944644
0.022489 -0.023083 -0.307111 0.604216 -0.674191
0.005862 0.010129 -0.524107 1.056630 1.992821
-0.001708 0.020639 0.142924 -0.506975 -1.032291
-0.002980 0.017403 -0.205150 0.332741 -0.168911
-0.012297 0.033297 -0.260833 0.463297 0.809828
-0.017351 0.039590 0.007100 -0.138908 -0.370573
-0.019642 0.040860 -0.121156 0.197974 2.109260
-0.010527 0.017134 0.575018 -1.367429 -2.574857
-0.004902 0.004256 -0.290383 0.692172 1.588781
-0.005858 0.006750 0.240620 -0.549548 0.288509
0.005583 -0.018734 0.331635 -0.727162 -0.929629
0.012592 -0.032968 0.020243 0.002304 0.011438
0.013548 -0.033782 0.027494 -0.042571 -1.500356
0.004735 -0.013139 -0.466850 1.063454 0.596472
-0.009783 0.018546 -0.260476 0.534498 0.810098
-0.014777 0.027239 0.009647 -0.089315 0.999740
-0.007819 0.009103 0.337497 -0.811023 -0.499734
0.002210 -0.014328 0.165073 -0.371317 -0.845417
0.003162 -0.015993 -0.116456 0.278605 -0.831811
-0.006955 0.007225 -0.388896 0.878462 0.577456
-0.018555 0.032525 -0.192357 0.398391 0.268393
-0.024480 0.044605 -0.104424 0.210661 0.751013
-0.023737 0.042309 0.140830 -0.318455 0.863140
-0.012511 0.017775 0.420013 -0.905042 -1.215216
-0.003977 0.001908 0.008525 0.094604 -0.417286
-0.006409 0.012069 -0.129815 0.410965 2.578094
0.005575 -0.011319 0.726432 -1.557409 -1.841223
0.022167 -0.043475 0.106124 -0.077938 -0.252681
0.024810 -0.043576 0.026269 0.070723 -0.208238
0.024578 -0.038616 -0.037788 0.176762 -0.494201
0.019888 -0.025052 -0.196479 0.499649 0.586143
0.016055 -0.015279 0.003874 -0.002077 -0.072265
0.015759 -0.014567 -0.018591 0.037271 -1.066631
0.007956 0.002959 -0.370697 0.831384 0.626008
-0.002591 0.025593 -0.157890 0.312143 1.441335
0.000666 0.016163 0.319276 -0.770394 -1.913045
0.000556 0.016179 -0.322441 0.749852 0.271290
-0.010463 0.041420 -0.229350 0.520507 1.570213
-0.009216 0.038465 0.289936 -0.652431 -0.302728
0.000179 0.018822 0.180635 -0.337927 -2.142545
-0.006946 0.039146 -0.534569 1.334288 2.364465
-0.012502 0.055439 0.253491 -0.490234 0.547968
0.001075 0.029416 0.425390 -0.811648 -0.431940
0.015020 0.005403 0.272930 -0.399467 1.185869
0.033742 -0.028080 0.662409 -1.268998 -2.239247
0.045207 -0.043375 -0.086109 0.476384 0.509494
0.045309 -0.033730 0.090329 0.014195 0.057597
0.049373 -0.034799 0.112803 -0.066760 -0.598611
0.049964 -0.028952 -0.082726 0.354393 0.169107
0.047890 -0.018473 -0.021417 0.174151 -0.148484
0.046107 -0.009842 -0.067784 0.257892 1.817448
0.055540 -0.027977 0.537545 -1.148315 -0.612964
0.072845 -0.063571 0.329218 -0.645731 -2.131910
0.071887 -0.057326 -0.374811 0.937174 0.813906
0.062569 -0.034863 -0.092569 0.200465 -0.721125
0.054176 -0.016816 -0.326653 0.698576 0.440944
0.044185 0.003063 -0.173882 0.304798 0.894039
0.043216 0.001216 0.124356 -0.387794 0.380739
0.050660 -0.019567 0.247833 -0.651730 -0.016075
0.060409 -0.044940 0.240152 -0.622363 -2.384054
0.054170 -0.033447 -0.549575 1.174360 0.637370
0.036678 0.001425 -0.326569 0.584294 0.940509
0.029958 0.009628 -0.010739 -0.162037 -1.046876
0.022520 0.019697 -0.360073 0.655963 0.702043
0.012843 0.034766 -0.124940 0.108260 0.357316
0.010161 0.034307 -0.009554 -0.127984 0.534450
0.013236 0.021984 0.163010 -0.485630 -0.921585
0.013503 0.017907 -0.148445 0.270415 0.757710
0.012603 0.017177 0.102608 -0.299048 0.009192
0.016682 0.005910 0.101610 -0.267019 0.084813
0.021254 -0.005543 0.127131 -0.307304 -0.172606
0.025154 -0.014864 0.068248 -0.162646 -0.974550
0.021406 -0.006490 -0.254630 0.572710 0.743371
0.016265 0.004119 -0.003600 -0.031698 -0.864825
0.010351 0.016312 -0.291267 0.634419 1.666973
0.009845 0.015656 0.263965 -0.649312 -0.394568
0.017642 -0.002986 0.126807 -0.291487 -0.326146
0.020503 -0.009276 0.016791 -0.027961 -0.584645
0.017299 -0.001551 -0.176495 0.409567 -0.197781
0.008985 0.017325 -0.239331 0.536228 1.738665
0.011015 0.011797 0.338879 -0.795101 -0.849111
0.018772 -0.005586 0.050345 -0.087424 -0.125859
0.019943 -0.007123 0.008402 0.008956 0.416952
0.023065 -0.013308 0.147341 -0.314900 -0.915217
0.022849 -0.011694 -0.157101 0.386083 1.529797
0.026822 -0.020502 0.354037 -0.811363 -0.676529
0.036402 -0.041922 0.126256 -0.271604 -1.727920
0.030012 -0.026846 -0.444091 1.010640 1.263040
0.020860 -0.007759 -0.015475 -0.037908 -1.079531
0.013070 0.007215 -0.373035 0.778073 1.532261
0.008442 0.013962 0.139603 -0.422472 -1.469450
0.004155 0.020559 -0.352266 0.737325 1.344704
-0.000928 0.028933 0.096304 -0.302265 -1.391573
-0.006443 0.039320 -0.370501 0.807963 2.460566
-0.004873 0.033768 0.446248 -1.060583 -1.282698
0.004207 0.013281 0.009749 0.017240 -0.148285
0.003578 0.016577 -0.041055 0.146423 0.406610
0.004620 0.016423 0.092680 -0.150007 0.800392
0.013585 -0.001246 0.355041 -0.728841 -1.088948
0.020429 -0.012680 -0.011291 0.142626 0.376841
0.022527 -0.013204 0.115745 -0.164646 0.439462
0.030078 -0.026584 0.261531 -0.502207 -1.854547
0.028182 -0.018098 -0.354310 0.908448 0.557249
0.017889 0.008088 -0.161606 0.412987 1.005484
0.018153 0.008840 0.173561 -0.364336 0.534589
0.028571 -0.013213 0.347189 -0.737408 -0.931887
0.036172 -0.027675 0.034303 0.000978 -0.513939
0.034183 -0.020347 -0.133345 0.361832 1.277922
0.037445 -0.026419 0.294981 -0.652385 -0.722430
0.044395 -0.041127 0.053715 -0.093884 -0.538108
0.043040 -0.037419 -0.120963 0.274853 0.070699
0.038794 -0.028712 -0.091646 0.163749 0.446357
0.038185 -0.029870 0.060601 -0.216548 -1.831039
0.028464 -0.010789 -0.544908 1.155312 1.166348
0.014625 0.015741 -0.149022 0.190036 -0.417239
0.005883 0.029893 -0.287835 0.515764 0.796134
-0.000325 0.038342 -0.023675 -0.083155 1.148928
0.006269 0.018417 0.352511 -0.905690 -1.093496
0.012916 0.000659 -0.018452 0.001641 -0.946074
0.005881 0.015310 -0.332455 0.723617 -0.105777
-0.008046 0.045303 -0.364386 0.781120 1.133694
-0.015072 0.059216 0.011486 -0.070479 0.559475
-0.011041 0.049336 0.189687 -0.420648 0.897691
0.002336 0.020488 0.478838 -1.019266 -0.303611
0.019264 -0.013736 0.368635 -0.703085 -0.794253
0.028642 -0.028992 0.101570 -0.071684 -0.453058
0.029738 -0.025435 -0.046340 0.245821 -0.889643
0.022054 -0.002810 -0.337312 0.881013 0.619971
0.012819 0.021708 -0.125702 0.357170 1.338581
0.016694 0.015512 0.317965 -0.654069 -0.381557
0.026734 -0.003510 0.184934 -0.305634 -0.928855
0.027907 -0.001091 -0.125220 0.416924 1.077626
0.030124 -0.001505 0.234822 -0.425918 -0.902555
0.033445 -0.004095 -0.067640 0.285947 0.175365
0.031951 0.004219 -0.007445 0.133518 0.801053
0.036986 -0.002781 0.258352 -0.476336 0.689765
0.051834 -0.031812 0.483821 -0.973879 -1.173488
0.063299 -0.052150 0.091292 -0.060188 -0.153753
0.066029 -0.053288 0.045361 0.002159 -0.563533
0.064212 -0.045762 -0.135807 0.370539 -0.129961
0.058070 -0.030465 -0.171554 0.396940 0.098830
0.051990 -0.017307 -0.132868 0.265377 0.785582
0.051978 -0.019483 0.131318 -0.365726 -2.209007
0.042524 -0.000111 -0.601802 1.314661 0.905048
0.024671 0.036846 -0.292721 0.551383 1.422835
0.022423 0.037225 0.178625 -0.517335 1.205150
0.037420 -0.000383 0.570685 -1.358896 -1.956164
0.047027 -0.022845 -0.087464 0.209214 0.309267
0.045665 -0.020000 0.018898 -0.062619 -0.896400
0.040491 -0.009081 -0.276777 0.601437 1.210655
0.037583 -0.004604 0.129775 -0.363129 -0.870635
0.036936 -0.005340 -0.161066 0.316613 0.488360
0.033800 -0.000691 0.003568 -0.077717 -0.357070
0.031555 0.001808 -0.115414 0.199297 0.233875
0.028519 0.005997 -0.036778 0.013603 -0.096485
0.026392 0.008180 -0.069450 0.094826 1.471336
0.033396 -0.010533 0.418238 -1.018562 -1.600562
0.039345 -0.025540 -0.118474 0.247360 -0.694935
0.030077 -0.005860 -0.344599 0.733719 0.215706
0.017850 0.019092 -0.267504 0.521817 0.427993
0.010032 0.033173 -0.124209 0.189759 1.572828
0.015476 0.017173 0.394929 -0.976770 -1.253095
0.022749 -0.000908 -0.029357 0.054753 -0.101213
0.020908 0.002781 -0.062626 0.129379 -0.222220
0.016935 0.011300 -0.135938 0.295940 -0.798232
0.006205 0.035304 -0.400056 0.900370 1.104866
-0.002397 0.054027 -0.031768 0.051711 1.639375
0.007112 0.032190 0.505891 -1.131726 -0.867749
0.021329 0.002548 0.206619 -0.366793 1.092967
0.036795 -0.028319 0.565998 -1.171275 -1.129868
0.051798 -0.056876 0.186175 -0.275143 -1.265719
0.050912 -0.049392 -0.229252 0.638089 -0.497090
0.038636 -0.018195 -0.384668 0.924020 1.884849
0.035964 -0.011808 0.248605 -0.582331 -1.384140
0.036636 -0.013298 -0.213309 0.492451 -0.578331
0.024358 0.014356 -0.400497 0.890121 1.493285
0.018370 0.026210 0.099053 -0.278547 0.693328
0.026840 0.005439 0.324094 -0.757452 -1.521553
0.029551 -0.000305 -0.186543 0.452162 0.651289
0.026487 0.007205 0.032377 -0.067894 -0.412397
0.025008 0.011123 -0.105884 0.259993 -0.119053
0.019991 0.023304 -0.145061 0.350197 2.715623
0.032247 -0.004279 0.755236 -1.706190 -1.843657
0.049937 -0.041986 0.132401 -0.208085 -1.321820
0.046501 -0.030683 -0.302940 0.762014 0.836128
0.040124 -0.014734 -0.017305 0.048518 1.167244
0.047232 -0.031092 0.371606 -0.856887 -1.202135
0.054039 -0.046459 -0.029513 0.072254 -1.628246
0.042143 -0.019724 -0.564000 1.253597 1.835228
0.032023 0.000127 0.055336 -0.236286 -0.358984
0.031812 -0.003458 -0.065391 0.052245 0.341493
0.031483 -0.006734 0.048584 -0.212935 -0.724487
0.028589 -0.003961 -0.192467 0.344308 -0.627783
0.016775 0.018936 -0.397955 0.798664 0.486245
0.004169 0.042822 -0.233390 0.405944 1.715977
0.006207 0.033224 0.333499 -0.869960 -1.346884
0.010382 0.021076 -0.122837 0.244623 2.032655
0.018975 -0.000157 0.550546 -1.289114 -1.659755
0.029757 -0.024467 -0.008873 0.049869 -0.735721
0.024567 -0.011770 -0.250053 0.580131 0.501685
0.018013 0.002717 -0.078580 0.153070 -0.252977
0.013201 0.012623 -0.161906 0.341521 0.285125
0.008642 0.021779 -0.066577 0.121237 0.010921
0.006018 0.026845 -0.064717 0.132885 0.566938
0.007156 0.023943 0.121028 -0.272870 2.105965
0.025905 -0.018359 0.814832 -1.828789 -2.116823
0.044176 -0.056954 0.102256 -0.133277 -0.139884
0.047439 -0.061247 0.061038 -0.082943 -1.848872
0.037712 -0.037502 -0.545861 1.256658 0.055637
0.016517 0.009401 -0.514956 1.099837 1.995477
0.009337 0.021528 0.153238 -0.468930 -0.057868
0.014961 0.004819 0.128441 -0.371163 -1.251703
0.011703 0.009847 -0.289897 0.609731 0.501868
0.003514 0.025977 -0.120503 0.205707 1.666049
0.009745 0.008987 0.430484 -1.041219 -0.780951
0.021589 -0.019027 0.163252 -0.374411 -1.246042
0.019813 -0.014770 -0.250638 0.574823 1.196393
0.017863 -0.011232 0.151585 -0.383766 -1.084811
0.016675 -0.009630 -0.209731 0.452440 0.312399
0.010452 0.002876 -0.102100 0.179147 0.361298
0.008790 0.004354 0.018532 -0.101017 -0.120579
0.008701 0.002437 -0.022742 0.003356 1.041276
0.014711 -0.013339 0.322291 -0.784212 -1.294313
0.018902 -0.024054 -0.110957 0.231995 -0.444774
0.011592 -0.008776 -0.254375 0.530736 1.102741
0.008850 -0.005368 0.115895 -0.347340 -0.637382
0.009204 -0.009097 -0.097355 0.153128 -0.079763
0.004822 -0.002129 -0.121840 0.196036 -0.182393
-0.001232 0.008236 -0.180838 0.322514 0.006576
-0.008392 0.020830 -0.177440 0.309846 0.729501
-0.010639 0.022126 0.064223 -0.237100 -0.956679
-0.014520 0.028201 -0.257209 0.531235 0.863443
-0.019052 0.036180 0.029449 -0.121461 0.982903
-0.011440 0.017275 0.350446 -0.817878 -1.019926
-0.004373 0.001762 0.004487 0.027345 0.220629
-0.002731 -0.000488 0.077419 -0.137965 -0.084279
-0.000219 -0.004497 0.048337 -0.064323 0.788986
0.006958 -0.019169 0.309855 -0.663729 -0.757345
0.014252 -0.033605 0.056062 -0.069388 -0.822826
0.011082 -0.024397 -0.213798 0.523341 0.671937
0.007130 -0.015012 0.015125 -0.044312 -1.435207
-0.001788 0.005011 -0.459736 1.034338 1.683615
-0.008836 0.019294 0.105002 -0.298533 -0.111733
-0.005470 0.009954 0.063650 -0.172108 -0.386141
-0.005545 0.009501 -0.066870 0.144959 0.733270
-0.003345 0.004101 0.176103 -0.408273 -0.658855
-0.000759 -0.001427 -0.045860 0.123310 1.485904
0.007309 -0.019482 0.447799 -1.013623 -2.207409
0.010425 -0.025189 -0.289210 0.702975 1.571166
0.009466 -0.022688 0.239260 -0.559772 -0.951300
0.012672 -0.030214 -0.077664 0.171653 -0.695975
0.005027 -0.013556 -0.304137 0.657782 -0.063038
-0.007429 0.012565 -0.319190 0.653476 0.349500
-0.017802 0.032789 -0.200300 0.365829 1.139467
-0.018257 0.030242 0.176300 -0.481764 -0.646013
-0.015645 0.022275 -0.044679 0.074050 1.065869
-0.010385 0.009325 0.306713 -0.713116 -1.684971
-0.009458 0.007897 -0.258266 0.622677 0.783575
-0.014504 0.020160 0.004748 0.001693 -0.259523
-0.016090 0.024722 -0.083781 0.224191 0.808640
-0.014089 0.021592 0.182919 -0.372950 0.460994
-0.003817 0.000637 0.330636 -0.674743 -1.997464
-0.003989 0.005297 -0.336909 0.886784 1.889058
-0.004784 0.010734 0.294762 -0.593062 -1.908978
-0.005812 0.017427 -0.343975 0.907920 2.593073
-0.002233 0.013161 0.519925 -1.093992 -0.706959
0.013659 -0.017923 0.276196 -0.475057 -1.890968
0.012089 -0.007613 -0.352661 0.972342 1.570260
0.008584 0.005728 0.175241 -0.284980 -1.070581
0.008409 0.011338 -0.182812 0.554813 1.753916
0.012814 0.006160 0.401070 -0.795836 -0.366402
0.026277 -0.018790 0.273068 -0.461285 -1.091831
0.029901 -0.020244 -0.090517 0.376516 -0.059563
0.025979 -0.005193 -0.105886 0.378942 1.651836
0.032793 -0.015995 0.444811 -0.903102 -1.817831
0.038386 -0.023318 -0.162807 0.515459 1.627369
0.042821 -0.028881 0.382658 -0.776497 -2.444020
0.041814 -0.022009 -0.430250 1.095286 1.595858
0.035429 -0.004644 0.108646 -0.205428 0.385382
0.042312 -0.018574 0.235351 -0.489832 -0.436697
0.048784 -0.031197 0.089009 -0.148654 -0.642658
0.048113 -0.027764 -0.121896 0.314511 1.360653
0.052392 -0.037105 0.334347 -0.768139 -1.510397
0.055687 -0.044456 -0.167669 0.382833 0.366843
0.051574 -0.036282 -0.038643 0.032339 -1.084178
0.042903 -0.019199 -0.394038 0.814358 1.265522
0.035726 -0.007569 0.033358 -0.216171 -1.711480
0.025660 0.010221 -0.534957 1.090829 1.453545
0.014073 0.030339 -0.046594 -0.064487 2.352704
0.027780 -0.007548 0.729999 -1.813158 -1.334578
0.047841 -0.057297 0.275820 -0.700266 -2.235947
0.044036 -0.051415 -0.463642 0.972281 0.161402
0.026824 -0.017460 -0.397937 0.735385 -1.250381
0.002742 0.029802 -0.805589 1.624336 2.502902
-0.012656 0.054927 0.031990 -0.334776 -0.581271
-0.015411 0.052196 -0.168891 0.190377 0.311175
-0.020186 0.056031 -0.070219 0.004788 1.225808
-0.014972 0.038762 0.329937 -0.859799 -0.524837
-0.005483 0.014510 0.145717 -0.364428 -2.153618
-0.014070 0.033876 -0.572762 1.312731 0.797533
-0.031554 0.073221 -0.303291 0.671745 2.740696
-0.025550 0.059021 0.600762 -1.356790 -1.493937
-0.011790 0.030880 0.089591 -0.073209 1.647412
0.002661 0.003522 0.631678 -1.283388 -1.453989
0.018044 -0.023629 0.139853 -0.096267 0.882577
0.029537 -0.041401 0.433998 -0.786066 -1.389781
0.037621 -0.051389 -0.027915 0.269687 1.649586
0.047616 -0.067400 0.525841 -1.054435 -3.000000
0.048705 -0.063783 -0.468001 1.204510 0.340175
0.032561 -0.023856 -0.340500 0.805048 1.897967
0.031737 -0.022400 0.296937 -0.710712 -1.554196
0.033217 -0.026498 -0.220974 0.488110 -0.018829
0.024384 -0.007917 -0.221110 0.445213 0.525140
0.019116 0.001078 -0.043102 0.012402 0.374039
0.019878 -0.004131 0.080874 -0.269922 0.117023
0.023859 -0.016428 0.118255 -0.346307 -1.248493
0.020267 -0.010989 -0.296451 0.605987 1.263606
0.016930 -0.007196 0.127967 -0.401449 -0.263484
0.020251 -0.018806 0.038619 -0.184409 -1.712084
0.010421 -0.000042 -0.528477 1.108234 0.635971
-0.006319 0.033066 -0.310003 0.561496 2.480210
-0.002215 0.017507 0.512642 -1.316446 -2.087502
0.004166 -0.000884 -0.190661 0.369650 0.346129
-0.001102 0.008104 -0.073327 0.085521 0.240629
-0.002441 0.007936 0.006094 -0.091439 -1.626905
-0.013052 0.029612 -0.535069 1.161748 1.607364
-0.023658 0.050591 0.002330 -0.090667 -0.409197
-0.026414 0.054572 -0.139637 0.285266 0.882284
-0.026219 0.053392 0.148445 -0.335804 1.010704
-0.013737 0.026190 0.475168 -1.020330 0.541421
0.008652 -0.020925 0.644628 -1.340158 -1.201818
0.026278 -0.054727 0.238899 -0.370653 -1.270119
0.027451 -0.050816 -0.178909 0.554065 1.057453
0.027515 -0.046751 0.180709 -0.337598 -0.795843
0.029502 -0.048645 -0.080463 0.234442 -1.108247
0.019054 -0.023667 -0.441222 1.008756 0.432361
0.004484 0.008181 -0.288510 0.595700 1.034489
-0.000105 0.015547 0.057656 -0.214526 0.185425
0.003365 0.004801 0.115897 -0.323397 -0.806345
0.002575 0.004833 -0.154416 0.316042 1.500891
0.006417 -0.005858 0.344919 -0.836526 -1.695514
0.008819 -0.012254 -0.222632 0.496710 -0.275083
-0.001816 0.010929 -0.309300 0.664663 1.848332
-0.001820 0.008526 0.306946 -0.765223 -1.633188
-0.000544 0.004266 -0.241049 0.533149 1.268923
-0.001677 0.005522 0.182844 -0.456203 -1.450344
-0.004095 0.010332 -0.302098 0.681670 0.779063
-0.010920 0.025000 -0.040399 0.063413 -0.032552
-0.012803 0.028573 -0.053714 0.115211 0.548148
-0.011357 0.025317 0.125470 -0.273180 0.770684
-0.001315 0.003549 0.376213 -0.812048 -1.326592
0.004773 -0.007341 -0.070004 0.250480 0.810152
0.007410 -0.010230 0.200940 -0.386575 -0.730786
0.010545 -0.014145 -0.043232 0.182068 0.470718
0.012000 -0.014623 0.115422 -0.200700 -0.691303
0.012016 -0.012061 -0.113883 0.321951 -0.520547
0.004069 0.008145 -0.283291 0.687262 0.148234
-0.006195 0.032671 -0.230582 0.545883 1.131218
-0.007892 0.037220 0.144332 -0.305538 -0.207081
-0.003631 0.029494 0.069199 -0.085322 0.343868
0.001339 0.021648 0.179063 -0.305450 1.150805
0.016054 -0.007288 0.555959 -1.135511 -1.643283
0.027197 -0.026070 0.003623 0.174169 0.767226
0.032521 -0.031676 0.261728 -0.446854 0.045634
0.043289 -0.050343 0.276932 -0.489574 -2.896093
0.035144 -0.025980 -0.681411 1.682801 1.690378
0.019437 0.012560 -0.106781 0.271495 0.349677
0.017500 0.018020 0.009409 0.006317 -0.296346
0.015861 0.023277 -0.091087 0.254130 1.627797
0.023025 0.008690 0.447683 -0.969336 -0.197102
0.039448 -0.025515 0.374461 -0.750696 -2.671106
0.036599 -0.014072 -0.514038 1.296529 1.689064
0.027494 0.009826 0.056252 -0.077636 -0.686613
0.025138 0.017644 -0.173384 0.462504 1.880824
0.030737 0.007093 0.451343 -0.972070 -1.821933
0.036502 -0.002290 -0.160685 0.480682 1.420364
0.039594 -0.005535 0.313640 -0.628008 -0.867006
0.046283 -0.016580 0.022090 0.063807 1.149011
0.054849 -0.032103 0.405107 -0.830375 -0.700524
0.066334 -0.054160 0.170437 -0.284689 -0.946005
0.066936 -0.051884 -0.139322 0.389502 -0.228908
0.060012 -0.034478 -0.207085 0.482918 -0.413979
0.049122 -0.010213 -0.337479 0.731656 0.479682
0.038945 0.010503 -0.172378 0.314133 -0.505349
0.028712 0.030689 -0.339076 0.693780 2.056452
0.028858 0.026699 0.344064 -0.872151 -1.993978
0.029165 0.024258 -0.326233 0.727210 2.522171
0.032942 0.014252 0.512323 -1.202550 -2.345546
0.037615 0.004162 -0.275614 0.669811 1.371876
0.035803 0.009122 0.183280 -0.405704 0.046431
0.043357 -0.007025 0.194699 -0.404834 -1.511969
0.041037 0.000430 -0.309047 0.762671 1.391207
0.038039 0.008596 0.157290 -0.337257 1.074609
0.051403 -0.020712 0.510254 -1.122884 -2.954404
0.052035 -0.019199 -0.475171 1.166696 1.427333
0.042737 0.003578 0.008045 -0.006899 -0.253291
0.041360 0.007326 -0.076627 0.192255 1.458963
0.048009 -0.007444 0.407600 -0.918129 -0.477078
0.061011 -0.035746 0.243719 -0.508409 -1.254236
0.062418 -0.036947 -0.171871 0.434896 0.634620
0.059909 -0.030695 0.045429 -0.113453 -1.073682
0.054634 -0.019274 -0.308171 0.675776 0.068217
0.042904 0.005394 -0.278948 0.564038 0.679706
0.036340 0.016919 -0.050344 0.022169 -0.157041
0.033245 0.020617 -0.104232 0.161478 -0.092802
0.028435 0.028800 -0.136299 0.248122 1.503520
0.032953 0.016016 0.360711 -0.874223 -0.979089
0.040697 -0.002334 0.028102 -0.058321 -0.430889
0.038947 0.002017 -0.115161 0.272059 0.050845
0.034712 0.011841 -0.096873 0.221810 1.166786
0.038601 0.002808 0.290146 -0.662849 -0.787399
0.044858 -0.010618 0.023952 -0.020138 1.459401
0.055540 -0.034022 0.508780 -1.138803 -2.305153
0.060462 -0.043434 -0.259659 0.641095 0.395657
0.052897 -0.025690 -0.119520 0.254949 0.007854
0.048262 -0.016516 -0.112466 0.206264 -0.726938
0.038994 0.002277 -0.350461 0.729763 0.456368
0.028116 0.023568 -0.194456 0.344458 0.966158
0.026762 0.022633 0.125623 -0.381204 -0.598247
0.027697 0.017644 -0.077978 0.123698 0.364983
0.026982 0.017268 0.041830 -0.138870 -0.796860
0.023293 0.024578 -0.225468 0.496859 -0.010990
0.014218 0.044567 -0.228615 0.506432 2.073512
0.018831 0.033424 0.457118 -1.044294 -1.819916
0.024775 0.021810 -0.157460 0.440664 1.283451
0.027024 0.019693 0.268448 -0.533300 -1.149186
0.029986 0.017230 -0.118852 0.396629 1.222472
0.033377 0.014238 0.287010 -0.533731 0.476347
0.047905 -0.013337 0.439434 -0.846084 -0.828566
0.059864 -0.033584 0.159943 -0.179760 -0.587353
0.062396 -0.032251 -0.032742 0.240785 0.728482
0.066032 -0.034829 0.213667 -0.361760 -1.694897
0.063324 -0.023564 -0.347340 0.909550 -0.347285
0.047304 0.016436 -0.454077 1.095681 3.000000
0.049219 0.013154 0.546267 -1.227876 -0.014547
0.070751 -0.033749 0.531356 -1.127857 -2.062737
0.078188 -0.046447 -0.156745 0.467728 0.957536
0.078453 -0.044093 0.168756 -0.338268 -2.623392
0.067803 -0.017902 -0.698835 1.625991 0.675078
0.044624 0.034217 -0.462039 0.999014 2.775613
0.044670 0.031088 0.461128 -1.126326 -1.685307
0.051664 0.014179 -0.109023 0.258328 0.972933
0.053778 0.009593 0.213656 -0.478235 -0.451278
0.059224 -0.001701 0.059438 -0.094057 0.656325
0.065952 -0.015419 0.276449 -0.587639 -0.821479
0.071486 -0.025840 0.001469 0.055470 0.500875
0.074937 -0.031947 0.170586 -0.356286 -0.315535
0.079676 -0.041584 0.066878 -0.130653 -0.550420
0.078761 -0.039120 -0.112066 0.249001 0.007231
0.074449 -0.030478 -0.103774 0.185659 -0.394205
0.067771 -0.017922 -0.229959 0.441051 1.414640
0.068089 -0.022987 0.244201 -0.679506 -1.537726
0.067578 -0.026151 -0.267839 0.503996 -0.802126
0.051664 0.005079 -0.527598 1.055963 2.511697
0.047417 0.007469 0.312166 -0.908397 -1.064308
0.052671 -0.011101 -0.047785 -0.036023 0.318977
0.052901 -0.017625 0.059044 -0.287903 -0.131597
0.054385 -0.027118 0.015451 -0.190019 -1.042839
0.048100 -0.019055 -0.328636 0.583936 -0.382698
0.032542 0.008985 -0.449427 0.820277 -0.157248
0.013627 0.043346 -0.496802 0.903364 0.699014
-0.001554 0.068589 -0.263631 0.371531 2.052043
0.001437 0.053169 0.411270 -1.125131 -2.223336
0.002820 0.045032 -0.339253 0.691442 2.344334
0.004836 0.036900 0.437517 -1.075071 -0.414961
0.019330 0.002595 0.288456 -0.652711 -1.720191
0.019316 0.003889 -0.287077 0.698665 0.902511
0.013929 0.017169 0.016346 -0.021847 -0.526847
0.011032 0.024858 -0.160675 0.401832 1.085134
0.011822 0.024354 0.198902 -0.415614 0.572866
0.023466 0.000096 0.383141 -0.796816 -0.847384
0.033027 -0.017647 0.096331 -0.103576 0.181497
0.038104 -0.024805 0.157449 -0.253637 0.298933
0.046401 -0.039734 0.257284 -0.492414 -1.210863
0.048650 -0.041076 -0.143401 0.412328 0.254817
0.044757 -0.029959 -0.051818 0.149372 -0.753358
0.037760 -0.013272 -0.297557 0.680849 0.070020
0.026453 0.011705 -0.268406 0.574458 0.896883
0.021741 0.020449 0.031531 -0.125657 1.091570
0.030195 -0.000664 0.390356 -0.923037 -1.960146
0.032629 -0.006215 -0.266185 0.622667 0.739229
0.027003 0.006397 -0.016255 0.018897 -0.960127
0.019952 0.022065 -0.335460 0.757174 -0.358546
0.004214 0.057391 -0.451683 1.012394 3.000000
0.006101 0.051966 0.542710 -1.253170 -0.144563
0.026542 0.006971 0.480473 -1.008715 -2.439569
0.029357 0.005660 -0.336710 0.915890 1.743262
0.027603 0.014473 0.246707 -0.454208 0.528778
0.040880 -0.010828 0.417057 -0.810849 -1.200035
0.049473 -0.023949 0.014334 0.138806 -0.635271
0.045887 -0.009333 -0.193193 0.588597 0.379520
0.040787 0.007424 -0.062658 0.257234 0.787678
0.043535 0.005489 0.199181 -0.345925 -0.555286
0.047737 0.000820 0.011674 0.105235 0.517830
0.051655 -0.003000 0.183690 -0.291443 0.056467
0.059333 -0.015159 0.200403 -0.318502 -0.527363
0.063819 -0.019678 0.024632 0.085944 0.381613
0.067393 -0.022628 0.153605 -0.229608 0.650724
0.077873 -0.041979 0.369985 -0.734568 -1.758057
0.080960 -0.044345 -0.213493 0.597025 -0.106835
0.071894 -0.020608 -0.240295 0.594528 1.575688
0.072895 -0.022266 0.288435 -0.660108 -0.528886
0.080860 -0.040147 0.110849 -0.243428 -1.656998
0.074326 -0.025025 -0.435997 0.985448 1.556395
0.067441 -0.011378 0.089567 -0.282664 -1.271220
0.062549 -0.003009 -0.332826 0.689149 1.100993
0.056670 0.006684 0.037321 -0.190211 1.122004
0.065581 -0.017720 0.407413 -1.023127 -1.554894
0.071419 -0.033780 -0.113289 0.199603 -0.727014
0.062157 -0.015653 -0.349387 0.703354 0.099058
0.048982 0.009687 -0.310048 0.570502 0.344362
0.038936 0.026711 -0.193017 0.288047 0.728921
0.036047 0.027309 0.047709 -0.250445 0.264479
0.039615 0.014231 0.130692 -0.403890 -0.858064
0.039040 0.012161 -0.158301 0.290260 0.737464
0.037628 0.012373 0.086834 -0.271708 -0.777837
0.035857 0.014141 -0.174488 0.351677 1.829494
0.041065 0.000000 0.433042 -1.042006 -2.133971
0.044031 -0.007466 -0.282007 0.643521 1.875876
0.045340 -0.011542 0.345266 -0.827472 -1.210988
0.050993 -0.025167 -0.060857 0.130028 0.355732
0.050998 -0.026152 0.060660 -0.175228 -1.646958
0.042500 -0.008207 -0.484008 1.058847 1.224162
0.031461 0.013768 -0.069950 0.058348 0.089978
0.029238 0.014996 -0.041295 0.004046 0.770568
0.032677 0.003698 0.212595 -0.563229 0.303328
0.043103 -0.022618 0.308879 -0.755079 -0.539316
0.051804 -0.044023 0.127291 -0.325516 -1.177640
0.049114 -0.039533 -0.260567 0.538803 -0.342149
0.036584 -0.014333 -0.366101 0.723593 1.247622
0.030381 -0.005828 0.054246 -0.282537 -1.012545
0.025787 -0.001303 -0.282851 0.498720 0.270605
0.016352 0.013820 -0.189526 0.263748 -0.010209
0.008713 0.024525 -0.192607 0.273469 -0.081145
0.000457 0.036944 -0.220343 0.348899 1.780232
0.003451 0.024005 0.368260 -0.979982 -1.012909
0.011241 0.002262 0.022975 -0.123354 -0.651432
0.007801 0.007589 -0.194289 0.383613 1.159226
0.007780 0.004824 0.191888 -0.509873 -0.851500
0.009701 -0.001660 -0.094654 0.174777 0.175895
0.007113 0.002392 -0.035061 0.030669 -0.430455
0.002844 0.010283 -0.178022 0.360796 0.036044
-0.004008 0.023955 -0.164882 0.326000 -0.285570
-0.012509 0.041537 -0.260134 0.553385 1.929094
-0.010101 0.034348 0.378425 -0.894119 0.245954
0.006456 -0.003165 0.450007 -0.987588 -0.165479
0.023207 -0.038837 0.388455 -0.805612 -2.540589
0.021811 -0.031863 -0.455384 1.128668 0.835724
0.009391 -0.001757 -0.167308 0.392791 0.092699
0.003375 0.012004 -0.133894 0.299303 0.077084
-0.001453 0.022711 -0.107814 0.239018 0.788910
-0.000537 0.020406 0.152733 -0.346488 -0.192671
0.004188 0.010484 0.083997 -0.154233 1.296025
0.016116 -0.015104 0.511429 -1.116733 -0.717184
0.031661 -0.047574 0.267362 -0.521758 -1.423981
0.032911 -0.046976 -0.203213 0.536940 -0.365235
0.022535 -0.021660 -0.315771 0.731159 1.238695
0.018300 -0.012886 0.102291 -0.276588 -1.416703
0.012952 -0.002080 -0.368200 0.803877 -0.299523
-0.003643 0.033588 -0.461917 0.983975 1.194899
-0.014102 0.054118 -0.062926 0.059863 -0.045350
-0.017035 0.058423 -0.083671 0.154955 1.735985
-0.008956 0.039210 0.486147 -1.102199 0.147817
0.011216 -0.004727 0.523205 -1.103247 -1.480879
0.022129 -0.024698 0.024720 0.083957 0.712931
0.027921 -0.032929 0.264109 -0.489071 -1.497403
0.028520 -0.029574 -0.232439 0.641618 0.969870
0.025831 -0.020306 0.096558 -0.165118 -0.947436
0.023407 -0.012569 -0.216809 0.543585 0.553706
0.018524 -0.000310 -0.028295 0.078297 0.482474
0.020610 -0.004663 0.132109 -0.291620 -1.033198
0.018984 -0.000133 -0.212277 0.507789 2.298748
0.025857 -0.015781 0.553478 -1.268315 -2.019330
0.034404 -0.034137 -0.123266 0.324256 -0.172305
0.028449 -0.019710 -0.174644 0.398946 -1.148724
0.013923 0.012942 -0.550946 1.228430 0.972067
-0.001493 0.045846 -0.221765 0.434735 2.167793
0.004008 0.030511 0.494698 -1.182201 -1.716518
0.012130 0.011911 -0.086155 0.228892 0.511099
0.012086 0.013228 0.083357 -0.157305 0.776734
0.020529 -0.004436 0.338222 -0.721533 0.205709
0.035320 -0.035553 0.401734 -0.838771 -1.357804
0.042307 -0.047934 -0.050465 0.202466 0.080399
0.040956 -0.042413 -0.017379 0.076402 0.207466
0.041743 -0.043591 0.056442 -0.132642 -0.418353
0.041294 -0.043281 -0.078454 0.144341 -0.759960
0.033220 -0.027010 -0.324786 0.665196 -0.576335
0.016555 0.006967 -0.508509 1.035173 1.169433
0.007148 -0.009328 0.004593 -0.006487 -0.054047
0.006989 -0.008928 -0.012524 0.026144 1.246031
0.014796 -0.027229 0.401752 -0.931300 -0.505125
0.027422 -0.056077 0.230746 -0.522722 -1.010255
0.029981 -0.062076 -0.101504 0.211153 -1.673418
0.014966 -0.029666 -0.648150 1.399697 1.844104
0.001583 -0.004532 -0.023748 -0.116912 -1.597749
-0.010001 0.015418 -0.553948 1.101174 1.352755
-0.023027 0.037607 -0.099507 0.028025 0.583776
-0.023205 0.030635 0.090146 -0.372400 -0.038802
-0.019982 0.017575 0.071379 -0.284402 0.120690
-0.016407 0.005166 0.107502 -0.337751 -0.759415
-0.017223 0.003929 -0.147333 0.267144 -1.102248
-0.030418 0.031316 -0.511589 1.095816 1.412850
-0.041392 0.052770 -0.039311 -0.003018 0.020128
-0.042951 0.053609 -0.038624 0.044491 0.718756
-0.039836 0.045599 0.193796 -0.439869 -0.587709
-0.036165 0.038711 -0.009334 0.086797 0.949258
-0.030307 0.028446 0.301405 -0.592584 -0.423612
-0.021229 0.012749 0.153381 -0.200830 0.569573
-0.011373 -0.003419 0.339119 -0.605134 -0.570377
-0.001695 -0.018082 0.145759 -0.137514 -0.348852
0.001825 -0.018411 0.030675 0.117432 0.679529
0.007623 -0.024687 0.258465 -0.424867 -0.385964
0.015377 -0.035714 0.129916 -0.132790 -0.422181
0.017818 -0.035152 -0.007400 0.156922 -0.463420
0.014536 -0.022742 -0.156482 0.461781 0.887662
0.014296 -0.019008 0.143291 -0.264177 -0.395290
0.017395 -0.023551 0.012243 0.031932 0.121943
0.018749 -0.024697 0.055275 -0.087766 0.676897
0.025499 -0.039019 0.281670 -0.623617 -1.993939
0.023497 -0.033405 -0.379561 0.884394 -0.280554
0.006653 0.004362 -0.463132 1.009618 1.709477
-0.000359 0.017274 0.110142 -0.342380 0.455278
0.006983 -0.002522 0.256850 -0.647066 -1.507143
0.007136 -0.004408 -0.247301 0.535775 0.191584
-0.001393 0.013297 -0.179758 0.355538 1.393417
0.000707 0.005985 0.283253 -0.707716 -1.883987
-0.000618 0.007742 -0.347265 0.775125 2.838599
0.004470 -0.005678 0.598554 -1.418075 -2.605363
0.010877 -0.020581 -0.274729 0.640925 -0.807943
-0.005347 0.016172 -0.536267 1.196149 1.770100
-0.014882 0.035653 0.056931 -0.198355 -0.382567
-0.015261 0.034723 -0.075358 0.146830 1.392415
-0.009076 0.019874 0.383368 -0.877967 -0.663014
0.001667 -0.003384 0.155087 -0.297651 0.025705
0.007998 -0.015324 0.161700 -0.301634 -2.218593
-0.000308 0.006783 -0.574834 1.387676 0.691639
-0.018508 0.050011 -0.336956 0.790838 1.591088
-0.021409 0.057412 0.189885 -0.402369 0.363733
-0.011591 0.037656 0.301121 -0.586765 0.674984
0.004763 0.005528 0.516509 -1.019996 -0.351805
0.022906 -0.028324 0.391821 -0.684046 -1.339387
0.029622 -0.034817 -0.054307 0.343576 -0.173970
0.026413 -0.019621 -0.106288 0.418211 0.952614
0.028598 -0.018492 0.214286 -0.350787 -0.751140
0.032154 -0.020901 -0.035547 0.221801 0.920798
0.036930 -0.026909 0.273316 -0.513040 0.561222
0.051568 -0.055939 0.458480 -0.938037 -1.890614
0.057320 -0.064502 -0.168450 0.487870 0.403080
0.053474 -0.053273 -0.024694 0.081400 0.728468
0.057456 -0.062496 0.223020 -0.535636 -3.000000
0.046497 -0.038663 -0.768172 1.701604 1.962008
0.029160 -0.003865 -0.101731 0.067715 -0.111650
0.024368 0.000406 -0.137821 0.145594 0.237971
0.020461 0.002416 -0.057881 -0.042059 0.198772
0.019457 -0.002180 0.007563 -0.186645 -0.924553
0.013587 0.004785 -0.300088 0.526285 -0.127964
0.000803 0.027238 -0.339424 0.599767 0.984729
-0.006194 0.035974 -0.011798 -0.150606 0.737761
-0.001863 0.019693 0.227898 -0.659632 -0.798144
0.001800 0.006938 -0.043510 0.010044 -0.548981
-0.003608 0.015956 -0.226373 0.436613 0.959073
-0.006255 0.018513 0.092833 -0.297938 -0.265964
-0.004399 0.011544 0.000454 -0.055255 1.249941
0.003897 -0.009491 0.413292 -0.987571 -1.234447
0.012086 -0.028896 -0.001926 -0.000558 -1.212672
0.004005 -0.010931 -0.401095 0.890008 1.228487
-0.003710 0.004388 0.013529 -0.107058 0.045376
-0.002895 -0.000312 0.027284 -0.128574 -0.001946
-0.001837 -0.005226 0.025710 -0.118249 -1.863899
-0.013215 0.018751 -0.592853 1.301857 2.578433
-0.019627 0.029971 0.268863 -0.710182 -0.012594
-0.009133 0.003436 0.256494 -0.622998 -1.260705
-0.007365 -0.001165 -0.166451 0.377996 1.836619
-0.001749 -0.014757 0.445286 -1.040348 -0.811578
0.010535 -0.042822 0.170521 -0.377927 -1.301796
0.008736 -0.038421 -0.259068 0.585344 -0.751015
-0.006450 -0.005114 -0.500110 1.079783 0.140961
-0.025341 0.034382 -0.445473 0.905261 0.936088
-0.036876 0.055855 -0.132841 0.183026 1.715629
-0.030886 0.037969 0.430852 -1.063752 -1.345371
-0.022846 0.018413 -0.026836 0.066447 0.509280
-0.020568 0.013629 0.140274 -0.301427 0.638075
-0.010794 -0.007470 0.348143 -0.751382 -0.818504
-0.002415 -0.024079 0.072129 -0.091698 0.770442
0.005628 -0.039974 0.329394 -0.697579 -0.923095
0.012645 -0.053674 0.022838 -0.000101 -0.616631
0.009576 -0.045433 -0.175827 0.408096 -0.215075
0.001273 -0.027373 -0.239512 0.497208 1.015087
-0.001420 -0.024343 0.103492 -0.333469 -1.971571
-0.010391 -0.007492 -0.550037 1.158566 0.342893
-0.029918 0.031891 -0.427582 0.823063 0.034035
-0.046738 0.063958 -0.414100 0.787171 1.333855
-0.054465 0.075502 0.025937 -0.193638 -0.179173
-0.054817 0.072544 -0.043137 0.041944 1.461301
-0.046995 0.053528 0.433119 -0.982593 -0.269037
-0.031730 0.020945 0.331183 -0.657378 -0.411109
-0.021371 0.002378 0.187688 -0.279937 -0.041586
-0.014196 -0.007702 0.171322 -0.226805 -1.684514
-0.018575 0.009280 -0.388549 1.061170 1.862302
-0.021597 0.021971 0.234863 -0.403405 0.874435
-0.006505 -0.006498 0.519345 -1.017116 -2.098820
0.000159 -0.013682 -0.183449 0.633292 1.422640
0.002401 -0.011320 0.293791 -0.498827 -0.339384
0.011836 -0.025606 0.178659 -0.222244 0.607046
0.023034 -0.044065 0.380836 -0.697609 -2.426514
0.022120 -0.034793 -0.423924 1.137531 0.976561
0.011900 -0.006569 -0.088878 0.290988 0.458513
0.011448 -0.002471 0.065617 -0.080102 0.008011
0.014113 -0.005706 0.067719 -0.082223 1.952141
0.029801 -0.038962 0.714898 -1.565993 -2.232360
0.043398 -0.066142 -0.031621 0.176302 -0.200953
0.040968 -0.057743 -0.089963 0.244315 -1.002182
0.030869 -0.034234 -0.414388 0.926487 0.774238
0.019657 -0.011062 -0.147658 0.246109 -0.243456
0.012193 0.001969 -0.225558 0.405750 -0.630345
-0.000965 0.027417 -0.432095 0.865175 1.563866
-0.007780 0.037534 0.089261 -0.340195 -0.110050
-0.005077 0.026976 0.046271 -0.191868 1.766874
0.008434 -0.006917 0.627956 -1.491405 -3.000000
0.013384 -0.018623 -0.376571 0.870466 1.284997
0.007039 -0.005104 0.057463 -0.177174 -1.169226
0.001542 0.005927 -0.331135 0.718320 1.754347
0.000059 0.006923 0.254871 -0.649101 -1.369655
0.001027 0.003066 -0.204737 0.440207 0.379082
-0.004584 0.014371 -0.076493 0.131616 0.629892
-0.003469 0.010155 0.131595 -0.336650 -0.455050
-0.001309 0.004404 -0.022910 0.042632 -0.143027
-0.003184 0.008391 -0.070732 0.155919 1.039243
0.000901 -0.001312 0.273935 -0.631958 -0.696931
0.007125 -0.015031 0.038433 -0.064660 -0.575994
0.004851 -0.008993 -0.151600 0.361776 0.015146
-0.001041 0.004592 -0.143319 0.320731 -0.020144
-0.006873 0.017448 -0.148511 0.324553 0.537598
-0.009231 0.022185 0.029873 -0.081037 -0.685601
-0.012662 0.030137 -0.200707 0.472404 0.798890
-0.015378 0.036883 0.063819 -0.125297 1.353339
-0.003932 0.012164 0.507475 -1.102055 -1.385486
0.006950 -0.008833 0.038783 0.032147 -0.045296
0.008218 -0.007053 0.024606 0.056832 -0.335595
0.006987 0.000182 -0.085890 0.302910 0.645905
0.007887 0.002020 0.130061 -0.203526 0.329179
0.015237 -0.010814 0.237321 -0.437442 -0.996201
0.018054 -0.012630 -0.095217 0.335447 0.398870
0.016971 -0.006036 0.040429 0.000225 -0.309426
0.016537 -0.001369 -0.061855 0.230810 1.179184
0.021939 -0.010550 0.330699 -0.678875 -1.557129
0.024724 -0.013079 -0.189525 0.534859 0.168805
0.018370 0.004748 -0.128769 0.362416 1.639398
0.024163 -0.006273 0.416683 -0.897948 -2.185404
0.026165 -0.007520 -0.313892 0.811327 1.198172
0.021714 0.005309 0.089586 -0.153749 0.546016
0.028889 -0.008858 0.268806 -0.551828 -1.210442
0.031520 -0.011762 -0.135735 0.392799 0.606706
0.030207 -0.006126 0.069197 -0.102957 -0.350961
0.030633 -0.004815 -0.047500 0.165005 -0.703189
0.024086 0.012299 -0.279359 0.686736 -0.000987
0.012977 0.039193 -0.276602 0.663618 2.180878
0.016421 0.032349 0.446370 -0.984173 -0.445760
0.031084 0.001936 0.288029 -0.548498 -0.613696
0.038428 -0.009750 0.080169 -0.045211 -0.408033
0.038928 -0.005409 -0.054780 0.258867 2.414507
0.052842 -0.032573 0.748017 -1.596113 -2.879077
0.063442 -0.050827 -0.214039 0.647688 1.502527
0.065074 -0.049969 0.293733 -0.587332 -2.760884
0.058487 -0.031458 -0.620334 1.487953 0.989263
0.040544 0.010190 -0.278919 0.614773 1.641914
0.040376 0.009012 0.268576 -0.656043 -0.565915
0.047232 -0.007412 0.075266 -0.175150 -0.819971
0.044774 -0.001720 -0.197270 0.452059 0.029083
0.037146 0.015310 -0.184543 0.403503 0.477176
0.032962 0.023977 -0.025414 0.036752 1.266821
0.040319 0.006540 0.392181 -0.899048 -0.326749
0.053677 -0.023009 0.276761 -0.588598 0.225298
0.066202 -0.049718 0.349729 -0.749833 -2.086064
0.066318 -0.047846 -0.341530 0.821826 0.675679
0.057377 -0.027512 -0.106831 0.207322 -0.969127
0.046749 -0.005217 -0.423936 0.902177 2.638269
0.047488 -0.010958 0.457832 -1.161379 -1.709724
0.054277 -0.029824 -0.115922 0.195097 -0.139321
0.048809 -0.020804 -0.157548 0.256842 -0.065985
0.042153 -0.010313 -0.175398 0.269566 -0.040257
0.034934 0.000517 -0.185761 0.274024 0.382505
0.030089 0.005276 -0.057045 -0.030856 0.511825
0.031196 -0.003630 0.111980 -0.410845 -0.842063
0.030020 -0.006633 -0.169688 0.250780 -0.422391
0.020477 0.009427 -0.307339 0.551206 0.195580
0.009547 0.027983 -0.239734 0.382646 1.083016
0.007156 0.026832 0.118933 -0.429015 -1.194752
0.003842 0.029246 -0.283177 0.536640 1.816029
0.004607 0.022831 0.319407 -0.839437 -0.180379
0.016004 -0.006291 0.251313 -0.625385 -1.160816
0.018252 -0.012748 -0.137391 0.288396 0.438265
0.015741 -0.008591 0.011225 -0.074655 0.390280
0.018792 -0.017639 0.141022 -0.375288 -0.933392
0.018205 -0.018188 -0.169249 0.337685 0.020008
0.011658 -0.005829 -0.158398 0.283504 0.703364
0.010056 -0.005776 0.077425 -0.273078 -1.848506
0.000827 0.011964 -0.536992 1.143672 1.013462
-0.013765 0.040929 -0.194483 0.322099 1.162182
-0.013861 0.036540 0.188426 -0.530510 0.381481
-0.003951 0.011054 0.307250 -0.745809 -1.543957
-0.002072 0.006233 -0.211322 0.486531 2.182497
0.004049 -0.008301 0.515046 -1.192599 -3.000000
0.004529 -0.008482 -0.487391 1.150646 1.940052
-0.001872 0.006043 0.164670 -0.399748 -0.899859
-0.001348 0.004591 -0.137371 0.316821 0.080948
-0.006271 0.015743 -0.109073 0.244026 1.208677
-0.002596 0.007019 0.291551 -0.669213 -1.813359
-0.003118 0.009207 -0.315473 0.759037 1.715536
-0.004236 0.012458 0.257438 -0.577066 -1.374526
-0.003202 0.011594 -0.204016 0.518327 1.338205
-0.002414 0.011392 0.241813 -0.514003 -0.557975
0.003438 0.000398 0.051718 -0.044419 -0.316926
0.003385 0.003603 -0.054052 0.201857 1.656884
0.012261 -0.013920 0.496216 -1.063722 -1.041040
0.025048 -0.039339 0.144971 -0.224229 -0.621959
0.026760 -0.039337 -0.058706 0.218125 -0.056707
0.024151 -0.030906 -0.071933 0.205223 0.373555
0.023854 -0.029388 0.056569 -0.124388 -0.720669
0.021367 -0.023778 -0.180185 0.398650 -0.150969
0.013267 -0.006563 -0.225065 0.464607 -0.012705
0.004263 0.011478 -0.225499 0.441334 -0.538802
-0.008300 0.037118 -0.402511 0.840023 2.365942
-0.008628 0.034199 0.383406 -0.961338 -1.541197
-0.003765 0.021524 -0.138129 0.307468 0.924754
-0.003146 0.019752 0.168073 -0.386693 0.091505
0.004079 0.003895 0.193409 -0.408978 0.330745
0.013939 -0.016867 0.299665 -0.630116 -1.385785
0.016645 -0.020296 -0.162626 0.442910 -0.527954
0.006736 0.004510 -0.332766 0.797308 0.509570
-0.003078 0.027654 -0.159060 0.370568 1.347119
-0.000492 0.021985 0.286914 -0.641016 -1.206136
0.002810 0.016280 -0.120164 0.340913 0.889200
0.003928 0.016227 0.174970 -0.334091 -0.171389
0.009693 0.006365 0.113752 -0.163351 -0.731248
0.009333 0.011478 -0.130959 0.411935 1.368438
0.013227 0.006698 0.324110 -0.637171 -0.068551
0.025616 -0.016682 0.295951 -0.537839 -1.517172
0.027311 -0.014514 -0.209449 0.630291 1.571109
0.029504 -0.014572 0.317197 -0.615713 -0.947147
0.035824 -0.024123 0.000153 0.125800 -1.366712
0.026806 0.001219 -0.450004 1.132267 2.993793
0.028883 -0.000923 0.550281 -1.206973 -1.252237
0.042377 -0.028330 0.126555 -0.183302 -0.533975
0.043918 -0.027834 -0.048940 0.202788 0.402020
0.044721 -0.026772 0.088574 -0.144637 -1.107795
0.040930 -0.015934 -0.277105 0.677212 1.289930
0.038560 -0.009898 0.156909 -0.359695 -0.326183
0.042631 -0.018986 0.047195 -0.100185 0.086408
0.045117 -0.024591 0.077107 -0.180055 -0.356753
0.045853 -0.026610 -0.039856 0.075122 -0.298854
0.042340 -0.019699 -0.135647 0.269054 -0.258594
0.035277 -0.005748 -0.217519 0.429036 -0.790621
0.021394 0.022887 -0.476269 1.000267 0.399361
0.005100 0.055993 -0.339569 0.666436 2.712177
0.009516 0.041542 0.557595 -1.363930 -1.117724
0.024087 0.006963 0.173035 -0.385252 -0.917923
0.024824 0.006373 -0.135050 0.345379 0.826404
0.024952 0.007220 0.140463 -0.293842 -0.191304
0.029232 -0.000992 0.073973 -0.120831 -0.243899
0.030548 -0.001897 -0.007898 0.072665 0.126210
0.031081 -0.001029 0.034408 -0.027652 -0.526975
0.028945 0.006017 -0.140730 0.375676 1.896565
0.035970 -0.008413 0.489991 -1.079617 -1.277521
0.046921 -0.030685 0.059618 -0.052972 -0.736755
0.044461 -0.022092 -0.181958 0.476900 1.033552
0.044175 -0.020003 0.166299 -0.360273 -0.466381
0.047711 -0.027196 0.011197 -0.005829 -0.038044
0.047962 -0.027432 0.001377 -0.006039 -0.217114
0.046631 -0.024934 -0.067775 0.129549 -0.608391
0.039946 -0.011125 -0.266051 0.557628 2.115676
0.043485 -0.022294 0.440632 -1.094985 -2.023081
0.047538 -0.034054 -0.235286 0.482289 0.978072
0.044779 -0.031185 0.096062 -0.326913 -0.799256
0.043327 -0.032251 -0.167740 0.265073 -0.001651
0.036719 -0.022698 -0.162892 0.215111 -1.073840
0.023146 0.001613 -0.515048 0.994378 1.475307
0.012507 0.017459 -0.019040 -0.182337 -1.249643
0.003369 0.030034 -0.436541 0.799709 1.325660
-0.005222 0.041335 0.005178 -0.217936 -0.749607
-0.010123 0.045400 -0.249340 0.413104 1.345881
-0.011189 0.041821 0.194583 -0.578896 -1.246105
-0.011873 0.039566 -0.227182 0.451305 0.621810
-0.016849 0.048435 -0.022498 0.000298 0.994277
-0.011251 0.034362 0.301617 -0.697047 0.035922
0.000866 0.007698 0.304818 -0.642169 -0.999223
0.006292 -0.001556 -0.032127 0.166290 0.868006
0.010803 -0.008454 0.256785 -0.503165 -1.748729
0.009378 -0.001194 -0.326065 0.848613 0.808939
0.001842 0.019206 -0.052172 0.184811 0.859093
0.005448 0.013648 0.231590 -0.454817 0.234686
0.016167 -0.007180 0.304528 -0.588827 -0.018093
0.028147 -0.029789 0.294968 -0.546694 -2.901718
0.020624 -0.007018 -0.668200 1.659127 2.029263
0.007656 0.025840 0.016573 0.013556 1.458806
0.017959 0.004606 0.497377 -1.064461 -1.750149
0.026034 -0.009510 -0.091204 0.336214 0.537415
0.026026 -0.004942 0.090042 -0.100792 1.108361
0.036989 -0.025936 0.457192 -0.941200 -0.888304
0.049277 -0.049248 0.158778 -0.239074 -0.885425
0.049810 -0.046015 -0.131214 0.392509 -0.866907
0.038953 -0.018561 -0.411256 0.977585 1.926283
0.035502 -0.010749 0.236176 -0.563855 -1.946587
0.031936 -0.002858 -0.412298 0.938883 2.061833
0.029305 0.001736 0.278152 -0.685423 -0.923603
0.034177 -0.010498 -0.033183 0.060788 0.952687
0.039217 -0.022991 0.284239 -0.677508 -2.439841
0.034305 -0.012216 -0.527174 1.192288 0.023935
0.013583 0.033266 -0.509863 1.092132 1.935390
0.006147 0.046610 0.135391 -0.401024 0.058955
0.011787 0.031320 0.146967 -0.366972 -0.263322
0.015785 0.021942 0.053499 -0.107375 0.619424
0.021975 0.008829 0.255559 -0.544767 -1.383320
0.022888 0.009267 -0.208234 0.551371 0.872456
0.020419 0.017443 0.083560 -0.131317 0.239247
0.025287 0.009141 0.159796 -0.283290 0.558130
0.035322 -0.010129 0.341679 -0.678487 -0.441912
0.045962 -0.029764 0.191282 -0.312318 -1.067921
0.046524 -0.026090 -0.162034 0.485540 0.676996
0.044671 -0.018278 0.068378 -0.085412 0.127213
0.048275 -0.023918 0.111753 -0.196143 -1.721781
0.041312 -0.005571 -0.458275 1.099024 1.412977
0.032555 0.015125 0.018246 -0.044011 0.697908
0.037882 0.003094 0.247566 -0.552788 -0.153658
0.046667 -0.015806 0.192285 -0.398120 -0.635591
0.050101 -0.021763 -0.019707 0.092172 -0.436735
0.046466 -0.011957 -0.161759 0.395817 0.245646
0.041712 -0.000666 -0.076472 0.174084 1.288164
0.047247 -0.013703 0.351895 -0.814651 -1.888665
0.048663 -0.016471 -0.278722 0.655045 1.191139
0.045570 -0.009789 0.122468 -0.306136 -1.513843
0.040372 0.001441 -0.380822 0.853606 1.134730
0.032811 0.017083 0.001043 -0.055576 0.480183
0.035997 0.007993 0.157916 -0.395980 0.436958
0.045139 -0.013807 0.299135 -0.694154 -1.647578
0.046067 -0.015622 -0.250690 0.585102 0.660571
0.040554 -0.003473 -0.026054 0.032476 -0.682907
0.034979 0.008231 -0.252120 0.547803 -0.274467
0.023131 0.033855 -0.340455 0.735775 1.815238
0.021616 0.035274 0.262499 -0.645091 -1.093079
0.024666 0.027972 -0.108438 0.265854 1.187311
0.028198 0.020715 0.283781 -0.617790 0.497478
0.042713 -0.010289 0.442062 -0.934136 -1.112328
0.052871 -0.029516 0.067629 -0.043625 -0.800808
0.050304 -0.019548 -0.195305 0.535880 0.289554
0.044537 -0.003689 -0.093751 0.264039 0.970971
0.047289 -0.008442 0.230282 -0.492042 0.163058
0.057524 -0.030126 0.281711 -0.595002 -1.990007
0.055531 -0.023240 -0.379178 0.919496 1.088893
0.047793 -0.004916 -0.009418 0.013000 0.668180
0.051871 -0.014756 0.212687 -0.499731 -0.835656
0.054774 -0.021548 -0.066393 0.149648 -0.316509
0.050081 -0.011364 -0.168130 0.358608 0.247163
0.045077 -0.001525 -0.082584 0.138403 0.750279
0.046787 -0.007701 0.167292 -0.440325 -1.089304
0.046181 -0.008135 -0.196269 0.406645 -0.098818
0.037750 0.008952 -0.225499 0.450459 0.565804
0.032541 0.017920 -0.035863 0.006000 1.403062
0.040397 -0.002949 0.427493 -1.038961 -1.944900
0.044406 -0.013273 -0.224463 0.499063 0.106208
0.036237 0.004119 -0.184524 0.375709 0.894276
0.034850 0.005038 0.114085 -0.319804 -0.431231
0.036483 -0.000548 -0.031799 0.034397 0.949142
0.041528 -0.013778 0.283204 -0.688327 -1.091569
0.045519 -0.023910 -0.082107 0.167655 0.168078
0.043430 -0.020530 -0.022696 0.004278 -0.695404
0.037941 -0.010126 -0.251146 0.510873 1.044473
0.034942 -0.006623 0.099830 -0.323325 -1.124297
0.031421 -0.001973 -0.274616 0.544592 0.408961
0.023243 0.012787 -0.135105 0.201161 -0.542604
0.014231 0.029229 -0.315151 0.618293 1.879015
0.014147 0.025006 0.308851 -0.810315 -1.144053
0.018712 0.011863 -0.078941 0.137362 0.652225
0.019884 0.007467 0.136879 -0.351151 -0.778722
0.020106 0.006065 -0.124786 0.272039 0.836888
0.020706 0.003906 0.153816 -0.371417 -1.768940
0.015023 0.016852 -0.436060 1.001953 2.382387
0.013536 0.019438 0.358807 -0.846152 -0.508765
0.024329 -0.004972 0.181991 -0.385585 0.174599
0.032718 -0.022637 0.237603 -0.499576 -1.425625
0.032710 -0.020545 -0.236335 0.589306 -0.090171
0.022788 0.003188 -0.260208 0.601863 1.146641
0.020087 0.008956 0.123672 -0.299648 -0.435744
0.022067 0.004312 -0.024071 0.061472 1.008573
0.027808 -0.008667 0.310223 -0.702272 -0.738302
0.035215 -0.024640 0.061335 -0.107959 -0.059125
0.037310 -0.028441 0.043524 -0.083187 -0.689041
0.034515 -0.021701 -0.182589 0.414573 0.478070
0.030500 -0.013483 -0.018952 0.003661 -0.048741
0.029447 -0.012872 -0.033710 0.026709 -0.760398
0.023071 -0.000422 -0.284431 0.590349 1.073087
0.018921 0.005941 0.075480 -0.258987 0.152036
0.022897 -0.006236 0.123426 -0.351004 -0.809910
0.022406 -0.007475 -0.147001 0.279937 2.013515
0.029976 -0.027726 0.523479 -1.274479 -1.447497
0.041156 -0.055397 0.037877 -0.131091 -1.054946
0.035762 -0.045549 -0.306631 0.615073 -1.673026
0.012564 0.002890 -0.852386 1.800193 1.649155
-0.010292 0.047257 -0.293439 0.446451 2.153977
-0.007747 0.032614 0.418555 -1.159353 -1.307685
0.000051 0.008655 -0.026543 -0.058579 -0.808662
-0.006419 0.019046 -0.296151 0.571337 0.791172
-0.012959 0.029463 -0.032048 -0.039778 0.388564
-0.011730 0.022678 0.093219 -0.297180 -0.890044
-0.014019 0.025421 -0.206599 0.424695 0.499160
-0.018959 0.034807 -0.041151 0.051756 2.522816
-0.003900 -0.001077 0.791934 -1.827134 -1.994277
0.014232 -0.041074 0.118009 -0.203831 -1.912854
0.006289 -0.020512 -0.513416 1.216377 0.991192
-0.007429 0.010854 -0.174337 0.369973 1.073507
-0.007233 0.008958 0.182892 -0.453587 -1.999231
-0.013308 0.022381 -0.484447 1.105376 1.552076
-0.022249 0.041853 0.035045 -0.110522 -0.175453
-0.022129 0.041286 -0.028710 0.079402 0.566329
-0.019597 0.036671 0.154763 -0.305674 0.771851
-0.008408 0.013900 0.404332 -0.830108 -1.766992
-0.004153 0.009321 -0.189305 0.580484 0.136297
-0.010759 0.029937 -0.141580 0.456151 0.551622
-0.012760 0.039853 0.040696 0.047438 1.141329
-0.003634 0.025151 0.414635 -0.774058 -0.979769
0.006252 0.010909 0.081160 0.047674 0.099672
0.010133 0.011531 0.112794 -0.015577 0.845265
0.020228 -0.001733 0.391240 -0.641456 -0.770255
0.030649 -0.014684 0.131023 -0.017466 0.958312
0.042283 -0.030365 0.449790 -0.759200 -0.955082
0.053864 -0.045710 0.130759 -0.021607 0.157270
0.060229 -0.049968 0.187283 -0.189767 -0.207647
0.066413 -0.055232 0.122231 -0.076131 -0.439495
0.068485 -0.052675 -0.018251 0.200607 -0.801899
0.062565 -0.033797 -0.277310 0.739580 1.680339
0.062829 -0.031747 0.288423 -0.617653 -1.301203
0.065686 -0.036354 -0.143941 0.372429 -0.735897
0.055168 -0.011461 -0.381691 0.870269 1.255509
0.048407 0.002669 0.041787 -0.146734 -0.508019
0.046668 0.004899 -0.128139 0.253061 1.470950
0.051352 -0.007766 0.360833 -0.872998 -1.465883
0.055917 -0.019145 -0.130570 0.285430 -0.600116
0.046785 0.000701 -0.325721 0.704938 -0.985085
0.027309 0.043137 -0.647707 1.414981 2.819930
0.020261 0.055662 0.291586 -0.755245 0.114616
0.032447 0.026030 0.318283 -0.732542 -0.040987
0.044732 -0.001019 0.296646 -0.626700 -0.773258
0.051356 -0.013351 0.035745 -0.001125 0.365897
0.055244 -0.019283 0.158298 -0.292565 0.312901
0.063650 -0.035806 0.261942 -0.533471 -1.476200
0.064306 -0.034569 -0.227445 0.579964 -0.585084
0.051477 -0.003922 -0.414009 0.953249 0.946903
0.041365 0.018334 -0.093195 0.174935 0.214902
0.039049 0.022262 -0.022921 0.024359 2.299071
0.053375 -0.011554 0.737197 -1.697800 -1.534932
0.072416 -0.053854 0.217678 -0.443730 -1.561789
0.070791 -0.048284 -0.297244 0.707300 -0.852394
0.053443 -0.008934 -0.570056 1.260356 1.927488
0.043672 0.010010 0.078743 -0.287630 -0.121991
0.045943 0.001028 0.035171 -0.164924 -1.833975
0.035122 0.022886 -0.574431 1.242218 3.000000
0.032231 0.025428 0.426235 -1.081922 -1.470062
0.039281 0.006801 -0.071574 0.130016 -0.209777
0.035024 0.015246 -0.141175 0.291650 1.044215
0.036329 0.010875 0.205309 -0.499935 -0.216982
0.042995 -0.004830 0.128579 -0.291347 -0.789050
0.042852 -0.004045 -0.134787 0.322129 0.497191
0.040822 0.000716 0.032573 -0.077522 0.551595
0.045777 -0.010700 0.214754 -0.489783 -0.299731
0.052319 -0.025243 0.113015 -0.243730 -0.658759
0.052474 -0.025100 -0.104497 0.244056 -0.502851
0.045040 -0.008487 -0.267020 0.585134 1.110013
0.041848 -0.003079 0.105963 -0.301229 0.522239
0.049519 -0.022786 0.277376 -0.682627 -2.001830
0.047246 -0.018933 -0.388764 0.854493 2.041638
0.045445 -0.017665 0.296229 -0.768091 -2.161251
0.042841 -0.014546 -0.423914 0.901236 1.366873
0.035145 -0.001007 0.037152 -0.206051 0.468657
0.039719 -0.016166 0.191308 -0.550103 -1.744548
0.035720 -0.010984 -0.389295 0.791453 -0.237618
0.018713 0.023043 -0.461523 0.914830 1.274824
0.008817 0.039410 -0.035129 -0.079080 0.290547
0.009244 0.032842 0.056302 -0.248238 -0.459009
0.008331 0.031088 -0.101294 0.154583 1.764421
0.015965 0.010735 0.481391 -1.158090 -0.838682
0.029439 -0.020871 0.194021 -0.438549 -2.638253
0.019628 0.002249 -0.681913 1.571092 1.207335
0.000614 0.044539 -0.271196 0.566161 2.177341
0.004224 0.034110 0.449413 -1.066981 -1.973143
0.008837 0.023985 -0.216146 0.536382 1.574202
0.010683 0.021154 0.306638 -0.661686 1.002028
0.029461 -0.019288 0.631904 -1.358604 -1.962399
0.041515 -0.042090 -0.026263 0.191818 0.529586
0.044103 -0.043736 0.154970 -0.267967 -0.389516
0.047764 -0.049097 0.028608 -0.004913 -2.222027
0.034238 -0.016295 -0.703099 1.629176 1.120423
0.013848 0.029142 -0.318765 0.665252 2.380085
0.016958 0.019041 0.471710 -1.147026 -1.695575
0.024329 0.001219 -0.100716 0.233106 0.930512
0.026519 -0.003997 0.209204 -0.484876 -0.372176
0.032343 -0.017081 0.082727 -0.176259 -0.152742
0.034644 -0.021909 0.032580 -0.067628 -0.475938
0.032817 -0.017686 -0.123477 0.274809 0.006801
0.028001 -0.007540 -0.117550 0.235056 -0.985642
0.016793 0.016552 -0.442177 0.964036 1.800462
0.011188 0.026598 0.159521 -0.439877 0.688589
0.022020 -0.000331 0.381898 -0.905445 -2.087208
0.023272 -0.003242 -0.316709 0.736271 0.850984
0.016380 0.012114 -0.029270 0.044336 1.715144
0.026594 -0.012201 0.538442 -1.246808 -2.888686
0.028752 -0.016284 -0.426959 1.010122 1.274704
0.020339 0.002849 0.004315 -0.035067 0.280096
0.022360 -0.002707 0.096518 -0.240919 -1.029920
0.019336 0.003777 -0.246611 0.555206 0.964858
0.015962 0.010547 0.076609 -0.204695 -1.818269
0.006874 0.030847 -0.529147 1.203734 1.577801
-0.003690 0.053937 -0.001499 -0.026899 0.475940
-0.000715 0.046897 0.149893 -0.322381 1.323626
0.013923 0.015255 0.581231 -1.253256 -1.509881
0.026898 -0.009605 0.069887 -0.012022 1.158811
0.037413 -0.028047 0.454828 -0.901176 -1.779815
0.043688 -0.036174 -0.138742 0.473776 -0.264778
0.036523 -0.014584 -0.219731 0.608116 0.602090
0.031857 -0.000617 -0.014589 0.100133 -0.417154
0.028510 0.009693 -0.152497 0.413000 0.935302
0.028666 0.011562 0.159176 -0.308994 -0.195385
0.033655 0.002930 0.090704 -0.126888 0.513817
0.040669 -0.009758 0.259649 -0.504700 -1.070248
0.043875 -0.013012 -0.098003 0.329594 0.618377
0.044141 -0.010027 0.110477 -0.172712 0.004995
0.048584 -0.016972 0.111783 -0.175845 -0.152710
0.052045 -0.021777 0.061539 -0.066913 -0.013226
0.054452 -0.024626 0.058849 -0.075977 -1.056837
0.049815 -0.011864 -0.289717 0.705691 0.842238
0.043958 0.002246 -0.004465 0.012297 -0.709768
0.039051 0.013717 -0.240255 0.555915 2.150431
0.043794 0.002538 0.475079 -1.093997 -2.531617
0.045781 -0.000766 -0.372582 0.900132 0.729735
0.035866 0.022849 -0.124576 0.293881 0.349398
0.033196 0.029420 -0.009469 0.039551 1.643659
0.043684 0.006437 0.532457 -1.176382 0.046438
0.065091 -0.039566 0.538808 -1.133353 -2.007983
0.073204 -0.053464 -0.130440 0.413602 0.639314
0.072412 -0.048477 0.089926 -0.155381 -1.162844
0.068359 -0.037738 -0.291495 0.682863 1.210081
0.064932 -0.030754 0.118449 -0.318341 -2.138242
0.055468 -0.010912 -0.589578 1.292019 2.088534
0.045997 0.006735 0.113098 -0.382654 0.262375
0.052192 -0.011903 0.196769 -0.550581 -1.273709
0.051533 -0.013869 -0.228162 0.437970 0.085061
0.043069 0.001467 -0.195485 0.333342 0.651977
0.039633 0.004404 0.022860 -0.178724 -0.847383
0.034874 0.010646 -0.259936 0.482784 0.855279
0.030214 0.016454 0.025810 -0.181863 0.145945
0.032152 0.007596 0.071131 -0.261692 -0.647731
0.030631 0.007639 -0.146401 0.256595 0.448418
0.027778 0.010883 0.003151 -0.088886 -0.099999
0.027199 0.009271 -0.031913 0.006600 1.041664
0.032830 -0.006227 0.312533 -0.773602 -1.447966
0.035593 -0.014002 -0.172419 0.367228 -0.452787
0.025769 0.006863 -0.318698 0.675825 0.377386
0.015617 0.027390 -0.189798 0.359115 2.270113
0.023114 0.007091 0.562423 -1.354312 -1.714791
0.033980 -0.018727 -0.016460 0.038698 -0.225357
0.031868 -0.014167 -0.089033 0.188079 -0.164179
0.027272 -0.004666 -0.140792 0.287464 1.110565
0.029079 -0.010687 0.229935 -0.577559 -0.418961
0.035423 -0.026796 0.088128 -0.235890 -2.267954
0.023886 -0.001673 -0.662868 1.473209 3.000000
0.017552 0.009195 0.342307 -0.894310 -2.182920
0.016566 0.008402 -0.388917 0.830296 1.432709
0.010645 0.018728 0.090888 -0.296083 -0.487515
0.010949 0.015239 -0.074985 0.115197 1.821851
0.020049 -0.007903 0.528300 -1.257689 -1.743387
0.029408 -0.029899 -0.057720 0.133804 0.187146
0.028428 -0.028259 0.008420 -0.048915 -1.345136
0.019872 -0.010115 -0.435050 0.945852 0.502896
0.005980 0.018528 -0.260786 0.498265 0.748712
0.000562 0.026760 -0.011211 -0.076921 -0.216683
-0.001401 0.027770 -0.086635 0.124813 0.682508
-0.000373 0.022799 0.137364 -0.367440 -0.154165
0.003986 0.011528 0.081075 -0.200674 -0.531546
0.003634 0.012242 -0.098062 0.230489 0.621080
0.003846 0.011939 0.107941 -0.239141 -0.685802
0.003534 0.013547 -0.122701 0.312122 0.789827
0.003892 0.013840 0.139642 -0.288969 -0.315241
0.007300 0.007874 0.031330 -0.014332 0.814676
0.013947 -0.004970 0.300317 -0.621885 -1.331388
0.017015 -0.008632 -0.145264 0.423364 0.938667
0.017526 -0.006842 0.169629 -0.323016 -0.095787
0.023634 -0.017975 0.136147 -0.237096 0.012230
0.029160 -0.027706 0.140312 -0.251179 -1.184359
0.026914 -0.019834 -0.251382 0.633965 1.424082
0.026467 -0.017620 0.227235 -0.506807 -1.274040
0.027041 -0.018017 -0.197013 0.473083 0.509808
0.022660 -0.007938 -0.022897 0.038935 -1.030457
0.014910 0.009252 -0.363721 0.813094 0.442583
0.003406 0.034143 -0.212575 0.441702 2.889733
0.014107 0.007696 0.744862 -1.739224 -2.661592
0.025912 -0.018443 -0.150795 0.397016 0.505009
0.023336 -0.011239 0.021218 -0.029433 -0.280899
0.022333 -0.008284 -0.071112 0.174907 0.800791
0.024857 -0.013979 0.196430 -0.451954 -1.621094
0.021890 -0.006837 -0.342976 0.792987 1.293496
0.016908 0.003829 0.092046 -0.243017 -0.019248
0.020413 -0.005145 0.083442 -0.207954 -1.136477
0.016167 0.004193 -0.294540 0.664477 1.751862
0.016127 0.003106 0.290435 -0.699882 -0.580734
0.023765 -0.014922 0.092562 -0.211975 -0.534854
0.023908 -0.015211 -0.084797 0.191785 -0.061454
0.020167 -0.007169 -0.102358 0.211661 -0.309844
0.014057 0.005646 -0.203050 0.428537 1.157160
0.013682 0.004605 0.182931 -0.468178 -0.491090
0.017648 -0.005808 0.016219 -0.060267 0.069028
0.018757 -0.009297 0.039207 -0.114123 0.198140
0.021644 -0.016934 0.105046 -0.267064 -1.139861
0.018259 -0.010108 -0.273105 0.597586 0.285751
0.009346 0.008408 -0.173275 0.335544 0.760118
0.007501 0.009935 0.080093 -0.250637 -0.712549
0.005903 0.011458 -0.159169 0.319091 0.957347
0.005924 0.009393 0.159140 -0.412515 0.244988
0.013833 -0.010066 0.236435 -0.562156 -0.862986
0.017484 -0.018741 -0.052659 0.117107 -0.453010
0.012421 -0.007653 -0.200210 0.435030 -0.617924
0.000383 0.018519 -0.401503 0.872570 1.021422
-0.008795 0.037039 -0.059027 0.068576 2.139308
0.002995 0.007750 0.646723 -1.516997 -2.467113
0.012202 -0.012782 -0.182934 0.458556 0.557355
0.008686 -0.003873 0.006248 -0.004820 -0.371916
0.006466 0.001604 -0.116921 0.275816 1.066346
0.008917 -0.004038 0.238295 -0.547503 -0.768150
0.013261 -0.013461 -0.019955 0.065886 -0.218964
0.011043 -0.007823 -0.090845 0.214995 -0.174851
0.006292 0.003032 -0.146706 0.328346 -0.260951
-0.001272 0.019845 -0.231540 0.513034 0.164272
-0.009411 0.037659 -0.175944 0.383037 1.791699
-0.004566 0.025891 0.416399 -0.955165 -1.720248
0.000441 0.016025 -0.163729 0.440418 0.388004
-0.003502 0.027511 -0.034127 0.140431 1.873838
0.007549 0.004851 0.584982 -1.258488 -1.567516
0.020313 -0.019566 0.055637 0.014822 0.931940
0.028775 -0.033716 0.366613 -0.714762 -2.049932
0.029769 -0.030627 -0.314600 0.847920 1.227287
0.025538 -0.017359 0.101265 -0.167745 0.040217
0.029864 -0.024824 0.115132 -0.206481 -0.202459
0.033142 -0.030236 0.049100 -0.067135 0.412031
0.037899 -0.039821 0.188410 -0.409222 -0.547440
0.041819 -0.048133 0.008376 -0.013636 -0.788526
0.037015 -0.037648 -0.247961 0.532360 0.823341
0.032735 -0.030547 0.032772 -0.166171 -1.803535
0.022094 -0.009958 -0.563180 1.181022 0.125710
0.000605 0.033571 -0.512307 1.006440 0.860888
-0.014083 0.060086 -0.223729 0.334289 1.513862
-0.013057 0.051251 0.273560 -0.762589 -0.299654
-0.004337 0.027585 0.163375 -0.429947 0.330749
0.004269 0.006560 0.266982 -0.622761 -1.864904
0.002430 0.011325 -0.356755 0.841405 1.519889
-0.001633 0.020817 0.151577 -0.348153 -1.206601
-0.003699 0.026413 -0.253489 0.615507 1.133225
-0.006274 0.033472 0.123278 -0.248924 -0.296604
-0.003433 0.029224 0.019242 0.031752 0.659425
0.001654 0.021053 0.234579 -0.435364 0.239590
0.012511 0.001077 0.308413 -0.565585 0.265219
0.026515 -0.024791 0.392015 -0.730612 -1.217809
0.034032 -0.034870 -0.014458 0.211363 0.301944
0.035564 -0.032096 0.090575 -0.068257 0.233197
0.040793 -0.039017 0.170650 -0.276217 -1.152030
0.039998 -0.032881 -0.209209 0.572374 -0.070368
0.031316 -0.010391 -0.225327 0.556770 1.641028
0.033322 -0.014278 0.323714 -0.733752 -0.174306
0.045027 -0.040263 0.262281 -0.572917 -2.401785
0.039548 -0.026457 -0.533758 1.240781 1.265560
0.026859 0.001500 -0.102829 0.177408 -0.547952
0.019122 0.016848 -0.283646 0.587246 0.854949
0.013512 0.026851 0.001906 -0.075728 1.057788
0.020550 0.008340 0.349152 -0.842835 -0.814988
0.028945 -0.011495 0.072032 -0.162401 -1.508010
0.021792 0.005165 -0.428194 0.982636 2.279876
0.019964 0.008293 0.333945 -0.800548 -2.323170
0.017725 0.013263 -0.443163 1.024422 1.881528
0.012635 0.024324 0.186139 -0.448393 -0.059710
0.019557 0.008509 0.160420 -0.346878 0.592082
0.029836 -0.013760 0.353291 -0.765117 -0.966238
0.037450 -0.028780 0.028908 0.000303 0.845942
0.044291 -0.042385 0.312360 -0.673696 -1.432712
0.047249 -0.047404 -0.162681 0.406512 0.186798
0.042148 -0.035617 -0.092926 0.188171 -1.482463
0.028677 -0.006371 -0.579529 1.264983 2.146189
0.019978 0.009450 0.141583 -0.446679 -0.657332
0.021179 0.002531 -0.080563 0.091769 -0.015293
0.017862 0.006406 -0.085350 0.102598 0.620513
0.018575 0.001021 0.120406 -0.366293 -0.693393
0.018720 -0.002431 -0.112260 0.185266 -0.375684
0.011762 0.010482 -0.235428 0.459067 1.519235
0.012495 0.005171 0.270374 -0.709278 -0.823146
0.017714 -0.009452 -0.008125 -0.034240 -1.662153
0.006346 0.014576 -0.558745 1.222704 1.308246
-0.007150 0.042136 -0.118298 0.175739 1.066283
-0.004863 0.033588 0.231661 -0.594085 -0.977282
-0.002263 0.026441 -0.100322 0.223914 1.214079
0.001769 0.017112 0.300713 -0.679580 -1.018577
0.006876 0.006924 -0.043878 0.156433 0.711631
0.009857 0.002243 0.192194 -0.383798 0.618171
0.021588 -0.021998 0.394103 -0.826806 -1.327869
0.028438 -0.034045 -0.049717 0.207429 0.765191
0.031640 -0.038522 0.208929 -0.423303 -1.205272
0.032001 -0.037249 -0.189532 0.474572 -0.708192
0.019861 -0.008853 -0.417308 0.944385 1.011004
0.010054 0.011959 -0.074715 0.112041 0.161222
0.008125 0.014129 -0.021923 -0.001523 0.025397
0.007383 0.014046 -0.015208 -0.002640 0.240128
0.008337 0.010619 0.062714 -0.167039 -0.157722
0.009744 0.006870 0.007917 -0.023207 0.378154
0.012553 0.000362 0.132248 -0.299605 -0.099439
0.017131 -0.009647 0.096996 -0.204143 0.345065
0.023293 -0.023026 0.210929 -0.463806 -0.707521
0.027001 -0.030591 -0.024501 0.076430 -0.449769
0.023107 -0.021403 -0.169941 0.380511 -0.039855
0.016147 -0.006540 -0.178358 0.365784 0.362790
0.011494 0.001912 -0.054924 0.062739 -0.050708
0.008963 0.005196 -0.071629 0.101579 0.076799
0.006610 0.008099 -0.046145 0.044981 0.014800
0.004849 0.009835 -0.041940 0.042202 -0.157926
0.002103 0.014158 -0.095251 0.172973 0.632842
0.002494 0.011492 0.114121 -0.300192 -0.775496
0.001826 0.012104 -0.146571 0.322183 0.974946
0.002466 0.009905 0.177476 -0.422124 -0.960847
0.003084 0.008615 -0.145385 0.346597 1.999660
0.010599 -0.008464 0.519099 -1.182509 -3.000000
0.011243 -0.008257 -0.483279 1.160025 0.945603
-0.001608 0.021915 -0.161073 0.365786 0.162896
-0.006965 0.034107 -0.107199 0.247892 1.191755
-0.003372 0.026235 0.285668 -0.630786 -0.339152
0.005640 0.007707 0.165752 -0.303804 -0.571020
0.008402 0.004958 -0.026886 0.159310 0.928069
0.013506 -0.002980 0.281163 -0.547857 -0.309253
0.022612 -0.019435 0.174867 -0.281903 -1.107476
0.022235 -0.013730 -0.192563 0.556511 0.933052
0.020847 -0.006822 0.121902 -0.199160 0.033566
0.025926 -0.015153 0.132147 -0.218772 0.237368
0.032785 -0.027567 0.210776 -0.401807 -0.905309
0.035191 -0.029802 -0.089397 0.280043 0.853161
0.037393 -0.032727 0.198492 -0.417096 -2.556936
0.028334 -0.010318 -0.648960 1.515199 2.024206
0.016089 0.016967 0.033686 -0.122464 -0.825182
0.011889 0.025339 -0.242855 0.533480 0.814221
0.007610 0.034094 0.027781 -0.085226 1.155476
0.016312 0.013893 0.406456 -0.917311 0.247590
0.034042 -0.025014 0.480571 -1.034019 -2.124936
0.039027 -0.032909 -0.228613 0.614389 0.586881
0.033947 -0.018890 -0.026438 0.096568 0.828141
0.038450 -0.028276 0.250765 -0.558529 -1.394314
0.039183 -0.029084 -0.212465 0.503058 1.640481
0.041733 -0.035465 0.338042 -0.804934 -1.363907
0.046140 -0.046449 -0.115803 0.238744 -0.130138
0.040781 -0.036268 -0.152285 0.271838 -0.524250
0.031325 -0.018521 -0.320337 0.614271 0.184939
0.019877 0.001987 -0.252767 0.417918 -0.127516
0.008978 0.020179 -0.292392 0.494186 0.962664
0.003716 0.025001 0.028035 -0.241734 -0.492282
0.001471 0.023826 -0.139609 0.176868 -0.003027
-0.004160 0.031296 -0.142063 0.197863 -0.106347
-0.010591 0.041340 -0.179486 0.304799 1.121936
-0.010359 0.036910 0.189889 -0.515687 0.179935
-0.001730 0.015102 0.241893 -0.578126 -0.567298
0.004047 0.001855 0.047951 -0.093653 -0.106465
0.005235 -0.000047 0.011581 -0.003086 -0.191915
0.004416 0.002822 -0.052317 0.145015 0.087185
0.002915 0.007196 -0.022953 0.075526 0.749393
0.006972 -0.001189 0.225114 -0.488510 -0.544260
0.012280 -0.011702 0.041168 -0.045434 -0.657798
0.009566 -0.003583 -0.176284 0.446060 0.969030
0.009031 -0.001268 0.148340 -0.319064 0.673425
0.019394 -0.023939 0.369457 -0.812029 -0.735803
0.029204 -0.044554 0.122363 -0.231133 -0.714724
0.029407 -0.043525 -0.111425 0.275706 0.409713
0.027811 -0.040128 0.030956 -0.099952 -0.256259
0.027418 -0.040960 -0.050334 0.055970 -1.268369
0.017069 -0.020248 -0.466116 0.971075 1.314216
0.007359 -0.003332 -0.021378 -0.106866 -1.600942
-0.004154 0.017084 -0.552721 1.114483 1.126692
-0.018637 0.043300 -0.173369 0.214441 -0.000259
-0.025637 0.052632 -0.176764 0.253488 0.681926
-0.028255 0.053239 0.045097 -0.216425 0.658526
-0.022227 0.036046 0.255986 -0.640781 -0.842456
-0.017771 0.025080 -0.031879 0.080291 0.475054
-0.015935 0.021515 0.123207 -0.254556 0.009812
-0.011034 0.012065 0.122097 -0.220271 0.658273
-0.001837 -0.006240 0.337334 -0.692000 -0.884865
0.005673 -0.019503 0.039521 0.016258 -0.674370
0.002808 -0.008924 -0.182212 0.507874 1.314054
0.004351 -0.009641 0.257807 -0.529279 -2.514665
-0.002128 0.008347 -0.579114 1.405086 2.142647
-0.010852 0.030004 0.139828 -0.293819 0.961127
0.001017 0.004624 0.453054 -0.970782 -1.013855
0.012231 -0.017182 0.109356 -0.135590 -0.958248
0.010243 -0.008059 -0.207843 0.583486 0.592585
0.005971 0.005254 -0.006753 0.091713 0.010002
0.005763 0.008814 -0.003700 0.087020 0.563900
0.009354 0.003765 0.182651 -0.334536 -0.206381
0.015221 -0.005866 0.111190 -0.151494 -0.926073
0.013492 0.002414 -0.196708 0.557180 0.873231
0.011505 0.010643 0.096118 -0.134353 0.434779
0.018191 -0.000938 0.237923 -0.442666 0.292199
0.029579 -0.022518 0.331598 -0.637858 -0.042443
0.042506 -0.047005 0.315300 -0.591995 -1.008405
0.048424 -0.055480 -0.018085 0.155923 -1.455215
0.038167 -0.028380 -0.493711 1.190346 1.238965
0.026899 -0.002005 -0.071797 0.148089 0.893705
0.029996 -0.010020 0.225724 -0.540728 -0.002691
0.038944 -0.031081 0.222109 -0.516839 -1.061073
0.040760 -0.035463 -0.129950 0.285561 -0.919742
0.029565 -0.011088 -0.429282 0.929077 0.782076
0.017760 0.012594 -0.162418 0.269008 -0.585814
0.007379 0.032319 -0.356307 0.714780 1.699328
0.004461 0.034663 0.208343 -0.578885 -0.565445
0.008868 0.021803 0.012982 -0.073688 -1.075964
0.002168 0.036021 -0.346894 0.775407 2.888274
0.007530 0.022560 0.611925 -1.420685 -1.471738
0.021948 -0.009199 0.111451 -0.190669 0.632268
0.030598 -0.026455 0.320612 -0.668820 -0.899018
0.037396 -0.039086 0.020620 0.024937 -1.052698
0.031307 -0.022831 -0.324240 0.780531 2.264897
0.033567 -0.027935 0.434581 -1.011497 -1.498184
0.040893 -0.044660 -0.066111 0.155290 -1.463402
0.028638 -0.017198 -0.545591 1.208755 0.574579
0.010856 0.020345 -0.344990 0.683175 1.285305
0.005662 0.027530 0.083596 -0.308523 -0.552964
0.005219 0.024766 -0.104992 0.163200 0.535068
0.004545 0.023472 0.070714 -0.222729 0.514301
0.010705 0.007544 0.237067 -0.571952 -1.902820
0.007423 0.014878 -0.398978 0.919122 0.749784
-0.003446 0.039286 -0.145910 0.314739 1.111683
-0.001935 0.035353 0.220251 -0.500724 -0.130879
0.005845 0.018866 0.169315 -0.329268 1.022214
0.019319 -0.009085 0.503774 -1.063541 -0.646606
0.035020 -0.040439 0.282747 -0.518129 -1.131929
0.038809 -0.044001 -0.091896 0.327359 0.240142
0.036872 -0.036010 -0.005478 0.077274 1.286749
0.045296 -0.053567 0.425381 -0.944040 -2.615080
0.044904 -0.051201 -0.441980 1.035151 1.118112
0.034926 -0.029485 -0.058756 0.068204 0.339209
0.034907 -0.032710 0.057419 -0.226006 -1.643842
0.026310 -0.016941 -0.485693 1.000556 1.259856
0.015453 0.002025 -0.059128 -0.034017 -0.937705
0.006841 0.015191 -0.370565 0.684824 0.540797
-0.004313 0.033746 -0.188196 0.252722 0.211758
-0.010469 0.041082 -0.119978 0.117476 0.456666
-0.012307 0.039606 0.027657 -0.187296 -0.899649
-0.017300 0.047123 -0.276316 0.554181 1.167069
-0.020619 0.051791 0.108918 -0.307653 0.256746
-0.014721 0.037201 0.186070 -0.423125 0.639707
-0.003176 0.011927 0.391037 -0.839847 -1.116305
0.004880 -0.003074 0.013445 0.074059 1.492516
0.015357 -0.023167 0.509008 -1.066595 -1.482319
0.025742 -0.042142 0.012462 0.097485 -0.344708
0.024051 -0.034019 -0.096827 0.307323 0.157260
0.021341 -0.025301 -0.039087 0.132738 -0.627309
0.015678 -0.011082 -0.243675 0.574819 0.307892
0.008087 0.006193 -0.136611 0.296288 0.490046
0.005910 0.010303 0.027092 -0.084639 0.060327
0.007356 0.006381 0.045217 -0.111809 -1.938455
-0.003764 0.032024 -0.599323 1.377842 2.076101
-0.013799 0.054235 0.094512 -0.239619 1.011053
-0.003459 0.030767 0.421908 -0.928958 0.180870
0.014406 -0.007172 0.471962 -0.974811 -2.469084
0.016722 -0.007051 -0.353202 0.953788 1.696165
0.014030 0.003650 0.216306 -0.397636 -0.550873
0.018942 -0.003130 0.030136 0.051016 -0.231763
0.018613 0.002378 -0.046407 0.223024 1.286726
0.025338 -0.008667 0.381308 -0.763573 -2.019404
0.027054 -0.007322 -0.293098 0.809012 0.602140
0.019467 0.014584 -0.087432 0.297786 1.730187
0.027484 -0.000095 0.486532 -1.016238 -1.832399
0.034595 -0.011191 -0.128508 0.438783 2.155368
0.043876 -0.027551 0.590228 -1.236387 -1.443796
0.057750 -0.053790 0.105814 -0.097147 -1.166830
0.054325 -0.040861 -0.276043 0.734659 -0.059364
0.043085 -0.012449 -0.286561 0.692095 1.350064
0.040731 -0.006682 0.167126 -0.387444 0.923978
0.053514 -0.035972 0.471472 -1.073090 -2.970038
0.052539 -0.032687 -0.516794 1.206075 1.579457
0.042624 -0.011035 0.018678 -0.101006 0.143695
0.044335 -0.017370 0.066792 -0.215428 -0.396127
0.044376 -0.019986 -0.064206 0.079972 0.664226
0.046282 -0.027529 0.158792 -0.451135 -1.106471
0.045267 -0.028592 -0.208191 0.385985 -1.026227
0.030236 0.001460 -0.542836 1.112460 0.231414
0.010229 0.040978 -0.458596 0.874618 1.913186
0.004646 0.046438 0.177027 -0.580000 -1.102068
0.004208 0.042030 -0.197409 0.345825 1.500857
0.006247 0.033390 0.297812 -0.764095 -0.657832
0.013592 0.014759 0.070670 -0.179225 0.315703
0.018455 0.003362 0.172358 -0.389929 -0.198640
0.023957 -0.008544 0.103248 -0.210273 -0.773712
0.022923 -0.004946 -0.154094 0.382574 1.732321
0.028347 -0.016845 0.423449 -0.960956 -2.128941
0.031013 -0.021655 -0.287497 0.696160 1.192895
0.027598 -0.013528 0.115091 -0.274606 -1.687124
0.020964 0.001496 -0.445060 1.010772 1.183825
0.011184 0.022463 -0.045868 0.055242 0.690669
0.013898 0.014552 0.180951 -0.445358 -0.613420
0.016952 0.007133 -0.027319 0.065788 0.623684
0.019998 0.000300 0.179019 -0.402208 -1.503049
0.017094 0.007889 -0.322523 0.766737 0.835447
0.009845 0.024926 -0.041321 0.097926 0.850390
0.013802 0.016274 0.238402 -0.523522 0.041693
0.023495 -0.004188 0.246642 -0.503891 -1.571169
0.022837 0.000415 -0.277763 0.717779 1.042487
0.018763 0.012205 0.072558 -0.114235 -1.021759
0.014819 0.023811 -0.268742 0.685575 2.107460
0.018129 0.018559 0.431894 -0.926658 -1.455202
0.025537 0.005562 -0.059438 0.257671 -0.300015
0.021183 0.020310 -0.158181 0.479542 1.573882
0.025344 0.015201 0.364449 -0.719196 -0.275514
0.037938 -0.007972 0.266126 -0.447835 0.155547
0.049559 -0.027812 0.315135 -0.546716 0.321150
0.064270 -0.054476 0.420501 -0.788261 -2.727936
0.062953 -0.044363 -0.483404 1.267411 0.945537
0.050187 -0.010856 -0.156761 0.426084 -0.319007
0.041879 0.010309 -0.258751 0.633448 1.170019
0.039379 0.017110 0.132227 -0.279178 1.447007
0.054208 -0.015473 0.608167 -1.341562 -2.747226
0.060087 -0.025471 -0.310622 0.809331 0.816957
0.053270 -0.007277 -0.031636 0.113680 0.429011
0.054887 -0.009601 0.112014 -0.225598 -0.089719
0.058754 -0.017129 0.081568 -0.153287 -1.420477
0.052579 -0.001593 -0.388967 0.918167 0.765757
0.042253 0.022146 -0.128770 0.282444 1.500922
0.047074 0.010571 0.368318 -0.847705 -0.205411
0.060284 -0.018764 0.293057 -0.627892 -1.827408
0.059794 -0.015369 -0.315471 0.778580 1.895046
0.059928 -0.014696 0.319864 -0.723741 -2.185560
0.058104 -0.009410 -0.408543 0.965422 1.776007
0.053740 0.000451 0.187960 -0.450531 -1.288891
0.052612 0.002883 -0.242851 0.558443 0.981052
0.049499 0.009509 0.085847 -0.214969 -0.607003
0.048837 0.010783 -0.118186 0.272081 1.703168
0.055452 -0.004572 0.447217 -1.024696 -1.811415
0.061142 -0.016430 -0.160261 0.409245 1.445276
0.064440 -0.023152 0.323494 -0.730618 -2.213760
0.062593 -0.017905 -0.413304 0.970179 2.122281
0.060361 -0.013376 0.299034 -0.719166 -1.226927
0.064080 -0.022611 -0.111437 0.242031 -0.276432
0.057868 -0.009497 -0.199123 0.413870 0.116389
0.050759 0.004531 -0.156767 0.292012 0.266838
0.046296 0.011862 -0.066871 0.078994 0.721236
0.048402 0.004147 0.171492 -0.458718 0.088005
0.055766 -0.014809 0.197011 -0.492385 -1.050716
0.056614 -0.018016 -0.153308 0.319966 0.240991
0.052171 -0.009731 -0.069321 0.099015 0.583914
0.053317 -0.015067 0.126030 -0.360377 -0.075573
0.057833 -0.028157 0.100118 -0.297622 -1.996920
0.048573 -0.009621 -0.561171 1.207143 1.818852
0.038430 0.008916 0.051356 -0.256038 -0.231176
0.038887 0.002807 -0.028052 -0.053498 -0.563359
0.034003 0.009490 -0.215618 0.382876 -0.246372
0.023776 0.028331 -0.295805 0.560364 0.213129
0.013382 0.047416 -0.224492 0.400005 0.422858
0.007167 0.057537 -0.086949 0.112150 0.925850
0.009727 0.049062 0.214160 -0.528694 0.871659
0.023897 0.016423 0.494082 -1.101841 -0.467161
0.040344 -0.018578 0.329578 -0.661285 -0.625607
0.049300 -0.034926 0.119353 -0.166380 -0.281081
0.052252 -0.037814 0.028595 0.018786 -0.494341
0.050191 -0.030338 -0.131279 0.351834 -0.274502
0.043231 -0.013184 -0.216811 0.507069 -0.235956
0.033092 0.009778 -0.290361 0.643666 1.195489
0.029502 0.016566 0.109286 -0.289756 -0.985842
0.027232 0.020930 -0.221655 0.497729 1.908086
0.031081 0.011398 0.412069 -0.955906 -1.257406
0.039025 -0.005939 -0.012958 0.071248 0.510154
0.041920 -0.011119 0.157170 -0.325721 -0.499864
0.044853 -0.016252 -0.009834 0.062590 -0.811590
0.039102 -0.001702 -0.277044 0.659446 1.000754
0.034777 0.008420 0.059361 -0.140096 0.687853
0.041683 -0.007329 0.285454 -0.643431 -0.823507
0.047538 -0.019687 0.008548 0.013833 0.898406
0.053897 -0.033369 0.308568 -0.690704 -2.128952
0.052049 -0.028135 -0.398585 0.930768 1.274594
0.044784 -0.012342 0.033425 -0.123273 -0.083666
0.045571 -0.016075 0.006103 -0.064965 0.449992
0.048832 -0.025839 0.156603 -0.420174 -1.382816
0.045892 -0.021419 -0.302074 0.627402 0.968405
0.040393 -0.012503 0.025707 -0.168701 -0.827992
0.035915 -0.006565 -0.248714 0.457951 0.276074
0.027887 0.006777 -0.153316 0.215230 0.112471
0.022520 0.013559 -0.115299 0.126462 0.404177
0.020586 0.012586 0.018112 -0.171106 0.505964
0.024621 -0.001478 0.183374 -0.529882 -2.015726
0.018470 0.009002 -0.488724 1.033984 2.012468
0.012442 0.018311 0.184723 -0.544432 -1.276141
0.011218 0.017322 -0.244316 0.480435 1.961956
0.007264 0.000829 -0.004006 -0.001546 -0.537910
0.003520 0.009092 -0.182711 0.410513 0.268570
-0.001964 0.021088 -0.092034 0.194761 0.922131
0.000466 0.014987 0.212605 -0.491432 -0.561853
0.005121 0.005006 0.021041 -0.016225 0.046776
0.006255 0.003818 0.035652 -0.043027 -0.019638
0.007530 0.002587 0.028173 -0.019105 -1.245966
0.000356 0.021093 -0.385769 0.934601 1.694516
-0.003716 0.031746 0.179898 -0.381207 0.960119
0.009731 0.003045 0.492003 -1.050290 -0.891054
0.023311 -0.023758 0.188659 -0.305674 0.813254
0.036265 -0.048570 0.458491 -0.930831 -3.000000
0.034624 -0.039647 -0.537272 1.347094 1.059047
0.020461 -0.004699 -0.172872 0.419964 0.354624
0.015975 0.006021 -0.052082 0.122324 0.525123
0.017386 0.002862 0.122070 -0.275291 -0.293605
0.020264 -0.003164 0.022294 -0.030670 1.076529
0.028314 -0.020923 0.379303 -0.849256 -2.086587
0.029522 -0.022163 -0.316376 0.764337 0.178689
0.018217 0.004169 -0.249691 0.560322 1.374009
0.017442 0.004859 0.209245 -0.510626 -0.684621
0.021166 -0.004214 -0.022006 0.047311 -0.108240
0.019579 -0.000782 -0.057299 0.123919 0.294132
0.019260 -0.000490 0.041021 -0.106021 1.455803
0.030566 -0.026928 0.523044 -1.205584 -0.638282
0.047114 -0.064329 0.305932 -0.679489 -3.000000
0.039455 -0.046114 -0.685932 1.563195 1.313895
0.021090 -0.006876 -0.234709 0.422055 0.470865
0.014913 0.002079 -0.074900 0.032898 0.120415
0.012719 0.001579 -0.034953 -0.056732 -0.901971
0.005309 0.013310 -0.334691 0.635864 -0.088847
-0.008602 0.039598 -0.361275 0.683076 -0.045571
-0.023339 0.067656 -0.376028 0.724747 2.378504
-0.022624 0.060891 0.409244 -1.039828 0.025789
-0.006374 0.021733 0.404090 -0.927291 -0.991860
0.002998 0.001662 0.066194 -0.091887 0.353573
0.007975 -0.007242 0.182395 -0.351401 -1.073740
0.008086 -0.004457 -0.175633 0.479509 1.368921
0.010243 -0.007010 0.281915 -0.592612 -1.342839
0.012508 -0.009414 -0.167015 0.457216 1.319661
0.014691 -0.012187 0.274595 -0.581852 -1.379587
0.016432 -0.013733 -0.185849 0.489192 0.982363
0.015632 -0.010189 0.144592 -0.300224 -0.690150
0.016798 -0.011391 -0.085461 0.232400 0.907785
0.019474 -0.016577 0.218270 -0.482675 -0.833619
0.022620 -0.022782 -0.059853 0.162124 0.471882
0.023436 -0.024253 0.100093 -0.230466 -1.045190
0.020505 -0.017639 -0.245599 0.551513 0.476894
0.013973 -0.004016 -0.081864 0.138148 -0.473823
0.007575 0.008547 -0.237762 0.487585 1.034745
0.005000 0.011738 0.107706 -0.316113 0.135130
0.010130 -0.002252 0.148984 -0.385180 -1.039750
0.009117 -0.001186 -0.198402 0.427280 0.878021
0.007087 0.001854 0.095736 -0.264977 -1.183390
0.002997 0.009870 -0.298935 0.654447 1.282492
-0.000355 0.015740 0.129646 -0.345688 -0.319742
0.002613 0.007690 0.019360 -0.062394 0.135939
0.004262 0.003406 0.063005 -0.151378 0.748754
0.011728 -0.013833 0.309785 -0.706177 -2.115324
0.009969 -0.008926 -0.395299 0.929564 1.871292
0.006762 -0.001904 0.232523 -0.556234 0.199866
0.017309 -0.026487 0.295081 -0.676091 -1.889860
0.016497 -0.024189 -0.333492 0.771153 0.383101
0.005873 -0.000783 -0.198686 0.408844 0.455202
0.001015 0.008049 -0.044947 0.039660 1.267910
0.007637 -0.009675 0.374902 -0.915947 -2.753993
0.004195 -0.002972 -0.543850 1.222451 1.756213
-0.005687 0.017280 0.047166 -0.185978 -0.014796
-0.003968 0.010754 0.038984 -0.142221 0.381390
0.000080 -0.000318 0.163214 -0.409803 0.065507
0.006980 -0.017140 0.182057 -0.434272 -1.150363
0.006580 -0.016623 -0.200690 0.447830 0.280323
0.000519 -0.003964 -0.102974 0.191182 -0.112477
-0.004312 0.005099 -0.138664 0.262773 0.060100
-0.009433 0.014490 -0.117623 0.209385 1.218355
-0.006037 0.004243 0.286202 -0.710864 -1.350845
-0.003694 -0.002353 -0.167301 0.364678 0.397019
-0.007688 0.005630 -0.033025 0.040592 0.889706
-0.003100 -0.006302 0.261609 -0.630138 -0.543703
0.003663 -0.022423 0.077546 -0.185376 -0.670560
0.002324 -0.019776 -0.143780 0.311241 0.016244
-0.003230 -0.008416 -0.134225 0.259735 -0.348615
-0.010862 0.006822 -0.247275 0.501767 -0.144294
-0.021653 0.028631 -0.292561 0.591765 1.196745
-0.025374 0.033844 0.105013 -0.317288 -1.232609
-0.029496 0.041320 -0.309714 0.678529 0.834187
-0.036332 0.055762 -0.033353 0.055382 -0.089230
-0.038380 0.060609 -0.068942 0.186111 1.700994
-0.029947 0.043199 0.489093 -1.043225 0.373084
-0.008161 -0.001819 0.600742 -1.214170 -1.600711
0.005031 -0.024165 0.061329 0.074243 0.315953
0.009642 -0.026658 0.168837 -0.195614 -0.774235
0.011267 -0.022903 -0.086745 0.376108 1.007944
0.014602 -0.024327 0.252244 -0.436203 -1.225455
0.016522 -0.022893 -0.154814 0.495112 1.719444
0.021885 -0.030646 0.420999 -0.865148 -3.000000
0.018706 -0.018711 -0.576700 1.432292 1.857111
0.008244 0.007746 0.050774 -0.082967 -0.413723
0.007488 0.011117 -0.088129 0.247523 0.093116
0.004590 0.019558 -0.057062 0.177220 1.218813
0.010391 0.008189 0.345960 -0.735185 -1.932716
0.011237 0.009692 -0.301319 0.789231 2.971163
0.019040 -0.005164 0.688169 -1.502899 -2.564184
0.029287 -0.023960 -0.172253 0.530645 1.351556
0.031514 -0.024714 0.281930 -0.553304 -1.659571
0.031719 -0.021154 -0.269790 0.714242 0.699719
0.025731 -0.004736 -0.030806 0.118236 -0.053797
0.024165 0.000593 -0.047573 0.148865 1.101320
0.029604 -0.010517 0.318447 -0.694711 -2.491012
0.025685 0.000688 -0.511615 1.230169 2.641722
0.022974 0.007725 0.372658 -0.847671 -1.188546
0.029823 -0.006568 -0.028412 0.116625 0.189357
0.029974 -0.005079 0.035668 -0.039700 -0.463096
0.028320 0.000424 -0.117896 0.311031 1.113650
0.031054 -0.004609 0.253336 -0.551579 -0.556705
0.037406 -0.017449 0.065217 -0.099334 -0.587452
0.036126 -0.012631 -0.128614 0.335100 -0.639588
0.026802 0.009898 -0.337325 0.789449 1.450701
0.023052 0.018409 0.147888 -0.346222 0.548446
0.032518 -0.002935 0.325228 -0.719951 -1.346725
0.036461 -0.010108 -0.126276 0.344901 0.299167
0.033470 -0.001562 -0.023831 0.087667 0.399945
0.035189 -0.004313 0.109373 -0.221410 0.277080
0.041379 -0.017190 0.200030 -0.422185 -0.216643
0.047909 -0.030546 0.126992 -0.250677 -0.650535
0.048688 -0.030922 -0.087262 0.225095 0.293318
0.047248 -0.027405 0.014789 -0.044759 -0.185676
0.046657 -0.026886 -0.044190 0.069186 0.042753
0.045242 -0.025459 -0.026663 0.003365 -0.095480
0.043597 -0.024422 -0.055553 0.048039 -1.285339
0.032887 -0.003359 -0.478910 0.996095 1.241380
0.022146 0.016036 -0.060039 -0.008365 -0.429464
0.016851 0.022713 -0.204312 0.338658 0.986239
0.015238 0.021223 0.122529 -0.403047 -0.063484
0.019607 0.007141 0.096354 -0.305213 -1.050947
0.016407 0.011686 -0.255190 0.521786 1.239548
0.014495 0.013128 0.158091 -0.435978 -0.604998
0.016697 0.005906 -0.047101 0.066436 -0.135163
0.013908 0.010725 -0.092275 0.173983 -0.287256
0.008306 0.022152 -0.187703 0.396467 1.753458
0.012467 0.011107 0.393944 -0.932361 -0.541315
0.024454 -0.016330 0.206668 -0.451617 -0.532365
0.029144 -0.025955 0.028641 -0.037392 -0.611536
0.026270 -0.018574 -0.171760 0.401742 -0.251257
0.017828 0.000425 -0.250499 0.549887 1.018207
0.014661 0.006089 0.090784 -0.254245 -0.197247
0.016925 -0.000532 0.022826 -0.080576 -0.341653
0.015551 0.001626 -0.091139 0.185201 0.296142
0.013897 0.004312 0.008016 -0.047105 -0.436901
0.011292 0.009341 -0.137858 0.294753 0.198348
0.007117 0.017946 -0.071270 0.139396 0.756269
0.009274 0.012176 0.178354 -0.421181 -0.426479
0.013476 0.002766 0.032495 -0.056291 -0.101924
0.014079 0.002261 -0.002221 0.029704 0.028318
0.014173 0.003068 0.006898 0.011060 0.321605
0.016579 -0.001334 0.113084 -0.228626 0.093260
0.021686 -0.011596 0.142385 -0.285735 -0.895516
0.021402 -0.009115 -0.155546 0.400633 0.775559
0.020416 -0.005712 0.105208 -0.221078 1.323121
0.033400 -0.034678 0.542933 -1.218769 -1.215057
0.046925 -0.063926 0.135454 -0.263280 -1.092623
0.045182 -0.058820 -0.221487 0.508840 -0.599717
0.032541 -0.031278 -0.410555 0.868751 -0.058517
0.015930 0.002516 -0.420688 0.828196 0.460895
0.002289 0.027545 -0.262442 0.433777 0.909871
-0.002153 0.031019 0.039194 -0.249731 -0.924244
-0.006839 0.036305 -0.272417 0.504456 0.799079
-0.012428 0.044427 -0.008148 -0.088313 0.696389
-0.008239 0.031397 0.217154 -0.559231 -1.018743
-0.006486 0.026185 -0.128109 0.285775 1.157904
-0.003929 0.020105 0.254736 -0.578874 -0.637608
0.001882 0.008026 0.036874 -0.035051 -0.051463
0.002986 0.007692 0.018405 0.017514 1.049572
0.010684 -0.007534 0.365543 -0.770753 -0.391405
0.022596 -0.031453 0.231026 -0.434707 -2.360523
0.016136 -0.012706 -0.551623 1.350965 1.321788
0.003092 0.018968 -0.102898 0.254473 -0.257238
-0.002743 0.033240 -0.188809 0.459068 1.232964
-0.002107 0.032884 0.219188 -0.463989 0.249148
0.008168 0.011927 0.294772 -0.586318 0.249069
0.021493 -0.014246 0.371757 -0.725535 -1.336964
0.027385 -0.022047 -0.075387 0.319215 0.221142
0.025931 -0.013568 0.002202 0.109348 -0.664515
0.021639 0.000599 -0.216314 0.594988 1.271697
0.021528 0.004125 0.209163 -0.403960 0.690952
0.034414 -0.021969 0.434838 -0.898905 -1.925381
0.038908 -0.027626 -0.207681 0.593904 -1.341743
0.021822 0.015350 -0.645969 1.549999 2.491733
0.012751 0.037423 0.188866 -0.413957 0.171924
0.021297 0.019691 0.238689 -0.475277 -0.194739
0.029427 0.004810 0.168378 -0.274541 -0.514194
0.032682 0.002254 -0.004938 0.140420 1.094251
0.039772 -0.009029 0.358365 -0.695070 -0.449127
0.051026 -0.029166 0.205307 -0.321095 -0.411437
0.056511 -0.035896 0.069554 -0.020996 -0.723243
0.054554 -0.026395 -0.166803 0.490787 1.026792
0.054839 -0.023760 0.179701 -0.346775 -0.828682
0.056511 -0.024953 -0.095108 0.278091 -0.060315
0.052398 -0.013815 -0.110706 0.281010 1.097191
0.055338 -0.020087 0.256459 -0.583739 -0.071561
0.065072 -0.041987 0.230787 -0.516516 -1.692625
0.063063 -0.036929 -0.329427 0.752679 0.352312
0.052422 -0.014058 -0.203553 0.400237 -0.145028
0.043406 0.003351 -0.247460 0.472651 1.074209
0.040717 0.005233 0.111647 -0.366407 1.109796
0.052496 -0.025830 0.476636 -1.181366 -2.625155
0.053981 -0.031776 -0.399106 0.854222 -0.099787
0.037552 0.002080 -0.422989 0.845365 0.901622
0.026754 0.020993 -0.118421 0.114346 0.394305
0.024610 0.019877 0.010816 -0.166406 0.119623
0.025768 0.012100 0.047154 -0.223213 1.360525
0.036643 -0.017119 0.495548 -1.229365 -1.603632
0.045649 -0.040392 -0.042771 0.042967 -1.702988
0.032708 -0.013495 -0.602878 1.289972 2.086689
0.022699 0.004039 0.099508 -0.386291 -1.243866
0.018338 0.008337 -0.316130 0.588362 -0.174886
0.004601 0.033994 -0.371022 0.698030 0.848900
-0.004565 0.048780 -0.088606 0.053377 -0.084784
-0.008774 0.053311 -0.121779 0.172420 1.984350
-0.000550 0.030829 0.531273 -1.281095 -1.661537
0.009385 0.007566 -0.032026 0.094301 -0.598543
0.004115 0.020624 -0.230977 0.554702 1.313833
0.003647 0.022418 0.205988 -0.450524 -0.957971
0.005392 0.020276 -0.117535 0.332057 0.152592
0.001704 0.031288 -0.067221 0.222280 1.270437
0.007421 0.021153 0.351816 -0.717921 1.021517
0.028126 -0.021759 0.683088 -1.426204 -1.898972
0.042643 -0.048208 0.045733 0.076966 -0.034799
0.044353 -0.045772 0.039672 0.045697 -0.869202
0.040263 -0.031689 -0.243498 0.652851 -0.500986
0.027355 0.000555 -0.402048 0.961414 1.866872
0.023832 0.009101 0.223422 -0.511731 -0.194177
0.031375 -0.007450 0.154332 -0.321750 -0.569942
0.033720 -0.011267 -0.036303 0.123891 0.649053
0.036625 -0.016670 0.180849 -0.387924 0.141399
0.044773 -0.034188 0.226738 -0.490024 -1.320832
0.045057 -0.033618 -0.210975 0.504670 0.870278
0.042555 -0.028213 0.084621 -0.223179 -1.095776
0.038679 -0.020638 -0.277300 0.592057 0.848296
0.033364 -0.011224 0.010285 -0.109678 -0.217925
0.032333 -0.012345 -0.061548 0.051109 -0.851531
0.024241 0.002458 -0.342337 0.683122 -0.091491
0.010037 0.030364 -0.368321 0.717192 1.311515
0.004066 0.038704 0.068010 -0.284336 0.369658
0.009114 0.022970 0.184345 -0.502459 -1.002321
0.009691 0.019507 -0.154154 0.317175 0.820829
0.008986 0.019656 0.117916 -0.300996 0.649665
0.017931 -0.001465 0.329031 -0.752964 -0.592703
0.027034 -0.021467 0.127287 -0.258051 -0.259064
0.030407 -0.027926 0.041786 -0.068842 -1.132787
0.024593 -0.013802 -0.331498 0.766168 0.336879
0.013717 0.010362 -0.213201 0.451257 0.859405
0.010948 0.014886 0.073623 -0.214782 -0.458730
0.010773 0.014013 -0.081785 0.165588 1.706291
0.018842 -0.005433 0.483600 -1.123664 -1.957181
0.025005 -0.018900 -0.172774 0.425785 0.653802
0.022546 -0.012882 0.048871 -0.116093 -0.949059
0.018195 -0.003052 -0.265465 0.599491 0.909892
0.013724 0.006114 0.040595 -0.129137 -0.418452
0.012528 0.007729 -0.099908 0.205535 0.576089
0.012374 0.007044 0.091558 -0.233787 0.241993
0.017592 -0.005512 0.169302 -0.394212 -0.589365
0.020392 -0.011789 -0.028431 0.072547 -0.724959
0.014466 0.001918 -0.267292 0.608013 -0.118987
0.003068 0.027337 -0.302997 0.667097 2.790872
0.009545 0.010956 0.623931 -1.459826 -0.768078
0.029143 -0.033394 0.357846 -0.776040 -1.955643
0.030405 -0.034120 -0.292414 0.718554 0.871349
0.024685 -0.020472 0.005006 -0.023134 -1.308594
0.016220 -0.001705 -0.427092 0.951600 1.042839
0.006219 0.019063 -0.074673 0.102905 0.211034
0.004607 0.020281 -0.006210 -0.039786 -0.130441
0.003436 0.021255 -0.052129 0.086923 0.113549
0.002069 0.023405 -0.016406 0.021942 0.624942
0.005516 0.015240 0.188230 -0.425530 1.058776
0.019985 -0.017083 0.534634 -1.186356 -2.312200
0.025844 -0.027800 -0.238608 0.622809 -1.283088
0.007917 0.015386 -0.657165 1.532274 1.950319
-0.005204 0.045084 -0.001937 -0.019175 -0.068838
-0.005847 0.046488 -0.030093 0.088180 1.366052
0.001935 0.030068 0.418021 -0.898790 -1.024815
0.011630 0.011799 0.068402 -0.030334 0.752879
0.019336 -0.000617 0.316240 -0.585163 0.147672
0.032872 -0.025476 0.360911 -0.661617 -0.104189
0.046563 -0.050000 0.324243 -0.570725 -1.814241
0.047490 -0.045365 -0.275870 0.784447 0.245616
0.038301 -0.019812 -0.184480 0.502148 0.032635
0.031254 -0.001316 -0.168335 0.427336 1.050609
0.031572 -0.000924 0.182969 -0.396118 -1.138109
0.031257 0.001266 -0.197365 0.493552 1.538878
0.033667 -0.003224 0.316063 -0.702136 -1.511736
0.036149 -0.007180 -0.190020 0.486845 -0.986155
0.022074 0.026668 -0.513228 1.202086 1.285299
0.010211 0.054082 -0.082092 0.188676 2.310660
0.022190 0.027250 0.679039 -1.512392 -1.275880
0.040570 -0.010952 0.242323 -0.420445 1.331991
0.059074 -0.047872 0.681929 -1.418427 -3.000000
0.066295 -0.057802 -0.317002 0.887125 1.134976
0.061416 -0.042204 0.071281 -0.090682 -0.692546
0.059738 -0.036025 -0.154528 0.394094 0.106216
0.054400 -0.023217 -0.112846 0.250798 0.579637
0.053828 -0.022927 0.083539 -0.229515 -2.283611
0.041995 0.002777 -0.673050 1.495725 2.932281
0.034797 0.015664 0.309281 -0.816187 -1.145793
0.039386 0.002107 -0.078107 0.122512 0.429756
0.039132 0.000325 0.064939 -0.207318 -1.526466
0.031542 0.015805 -0.442938 0.967815 1.943321
0.026858 0.023785 0.206258 -0.545857 -0.122132
0.034158 0.005145 0.159312 -0.391990 -1.760262
0.028747 0.017191 -0.427952 0.977376 2.565254
0.028797 0.016025 0.427384 -1.008028 -0.262548
0.043954 -0.018506 0.331516 -0.729207 -1.665455
0.046063 -0.021512 -0.223975 0.560176 0.467424
0.040342 -0.007493 -0.062978 0.149248 -0.521695
0.034388 0.006157 -0.234371 0.530608 1.411599
0.034466 0.005168 0.236598 -0.564858 0.278243
0.045680 -0.020788 0.324313 -0.735670 -1.791651
0.046668 -0.022163 -0.272777 0.647236 0.605882
0.039931 -0.006922 -0.065155 0.125101 1.584064
0.047893 -0.026546 0.461725 -1.092962 -0.543649
0.062635 -0.061038 0.276770 -0.644946 -1.620381
0.062975 -0.062542 -0.257848 0.552555 -0.355054
0.050523 -0.037153 -0.365020 0.719614 -0.277368
0.034269 -0.005904 -0.448040 0.847231 0.372630
0.018970 0.021016 -0.317936 0.508905 0.575035
0.010110 0.032377 -0.126001 0.067663 0.581848
0.008879 0.026842 0.063912 -0.339824 -1.322058
0.002532 0.034656 -0.379734 0.717159 0.746147
-0.007664 0.051773 -0.131327 0.150223 0.667763
-0.008573 0.048582 0.085255 -0.304036 0.617658
-0.001212 0.028516 0.282553 -0.697826 -1.059709
0.002869 0.018510 -0.076952 0.183265 0.669237
0.004224 0.015789 0.143988 -0.312906 -1.449155
0.000257 0.026359 -0.340757 0.827439 2.020137
0.000122 0.027997 0.331562 -0.723391 -0.701674
0.008540 0.011499 0.090565 -0.113300 -0.425571
0.009282 0.013970 -0.052980 0.232494 -0.303487
0.005141 0.027993 -0.153962 0.468105 1.574930
0.009457 0.022613 0.368023 -0.721510 -0.184723
0.022781 -0.001872 0.298976 -0.510516 -1.664448
0.023586 0.003969 -0.256840 0.785551 1.881925
0.025932 0.005575 0.371821 -0.684324 0.629512
0.044866 -0.030374 0.574881 -1.114100 -1.229748
0.059572 -0.055232 0.162474 -0.147636 -0.031464
0.065954 -0.061693 0.156714 -0.176304 -0.832675
0.066793 -0.057141 -0.113966 0.396797 0.403953
0.065101 -0.049277 0.028629 0.003393 -0.468437
0.063239 -0.043067 -0.121413 0.304102 -0.834277
0.052973 -0.019467 -0.391456 0.872720 0.931160
0.043682 -0.000446 -0.074639 0.092985 -0.275625
0.038877 0.007407 -0.165460 0.298348 -0.036213
0.032045 0.019705 -0.176343 0.318706 1.294410
0.033603 0.012640 0.252875 -0.659625 -1.056500
0.036560 0.003697 -0.103539 0.198647 1.361393
0.041493 -0.009417 0.348854 -0.842301 -1.567731
0.044910 -0.018084 -0.175940 0.389874 -0.184280
0.036743 -0.000563 -0.232566 0.488268 1.366787
0.036606 -0.002661 0.224072 -0.578632 -1.649475
0.034512 0.000282 -0.326804 0.708304 1.512066
0.031603 0.004479 0.179412 -0.480889 0.528894
0.042212 -0.022100 0.350980 -0.848168 -2.401884
0.040195 -0.018489 -0.449049 1.003524 1.896309
0.035038 -0.009216 0.188698 -0.516758 -0.707486
0.037821 -0.018509 -0.048514 0.042389 0.009532
0.035991 -0.017414 -0.043073 0.012952 -1.572597
0.023847 0.006872 -0.562736 1.189700 0.815333
0.006927 0.040538 -0.285003 0.509975 -0.340951
-0.006751 0.066455 -0.398952 0.787000 0.947628
-0.016445 0.083966 -0.087191 0.101984 0.865976
-0.014358 0.076668 0.190791 -0.460562 0.654137
-0.002625 0.050668 0.395796 -0.839443 0.424360
0.015783 0.012920 0.524998 -1.052533 0.082181
0.037132 -0.028687 0.543228 -1.036203 -1.388641
0.049523 -0.048053 0.078459 0.048577 0.719207
0.057548 -0.058272 0.322037 -0.553028 -2.455836
0.054147 -0.043328 -0.489663 1.278005 0.879715
0.040692 -0.008377 -0.184884 0.487250 0.680045
0.037908 -0.000139 0.044664 -0.065950 0.123144
0.040499 -0.004543 0.084842 -0.153879 0.909563
0.049925 -0.024531 0.385746 -0.839779 -1.310832
0.056559 -0.037404 -0.052163 0.179091 -1.226666
0.046421 -0.012476 -0.453890 1.060067 1.472875
0.038248 0.005630 0.043054 -0.134403 0.601395
0.043935 -0.008638 0.240865 -0.575649 -0.730782
0.048637 -0.019833 -0.004626 0.005514 -0.170137
0.047363 -0.017431 -0.058974 0.113531 0.235460
0.046623 -0.017028 0.021699 -0.090461 -0.556534
0.043812 -0.012338 -0.161733 0.320133 0.456092
0.040451 -0.007220 -0.006999 -0.057936 -1.263443
0.031772 0.009817 -0.425757 0.899703 1.355043
0.023868 0.024052 0.028609 -0.169983 -0.805865
0.019572 0.030449 -0.242534 0.481904 1.762801
0.021596 0.022766 0.341833 -0.848984 -0.289282
0.033163 -0.005051 0.237497 -0.551491 -0.879966
0.036733 -0.012934 -0.057747 0.145975 0.160782
0.035540 -0.010022 -0.002179 0.002189 -0.655226
0.031114 -0.000066 -0.218570 0.490732 2.179708
0.036942 -0.014545 0.507624 -1.193877 -2.543728
0.040176 -0.021939 -0.342680 0.794702 1.394688
0.035912 -0.013110 0.127583 -0.335697 -0.831016
0.035464 -0.013594 -0.148995 0.302465 0.199673
0.030907 -0.005248 -0.079315 0.119037 0.718391
0.032541 -0.011771 0.160284 -0.438644 -0.665930
0.034481 -0.018741 -0.062342 0.081417 -2.265313
0.016972 0.018804 -0.811164 1.779425 3.000000
0.004703 0.042026 0.193518 -0.579961 -0.195083
0.010965 0.023605 0.120228 -0.347911 0.020481
0.015802 0.010424 0.121939 -0.314222 0.902100
0.026606 -0.015305 0.417730 -0.968109 -2.917720
0.023792 -0.008238 -0.555085 1.291212 0.791620
0.007066 0.029371 -0.283001 0.606335 0.353630
-0.001879 0.048107 -0.165020 0.338044 2.482591
0.007964 0.024260 0.654910 -1.509796 -1.920575
0.021099 -0.004010 0.004755 0.068738 -0.135758
0.020400 0.000684 -0.039664 0.165539 0.105966
0.019536 0.005517 -0.003762 0.078259 0.222086
0.020856 0.005303 0.069529 -0.086669 1.403479
0.032942 -0.019443 0.533585 -1.140694 -1.733278
0.042622 -0.037341 -0.047109 0.222884 0.512484
0.044256 -0.037415 0.128178 -0.220418 -1.369371
0.040323 -0.025748 -0.323533 0.791998 0.986687
0.034118 -0.010840 0.011734 -0.032183 -0.280795
0.032735 -0.007986 -0.080589 0.172619 -1.838317
0.017325 0.026783 -0.688400 1.553095 3.000000
0.009910 0.041458 0.313679 -0.783161 -1.049216
0.015267 0.028282 -0.044272 0.109397 1.077687
0.020612 0.016664 0.310525 -0.681555 -0.237354
0.031308 -0.005611 0.225078 -0.440011 -0.093262
0.039630 -0.021278 0.191483 -0.347724 -0.226107
0.045775 -0.031702 0.116197 -0.177933 -1.331406
0.041606 -0.018834 -0.323343 0.810106 1.430108
0.038345 -0.009878 0.158349 -0.344401 -0.673539
0.040165 -0.013037 -0.066509 0.178478 -0.119608
0.036761 -0.004563 -0.103735 0.245971 0.783364
0.037866 -0.007156 0.158101 -0.367513 0.427328
0.046989 -0.028058 0.297950 -0.677356 -1.725362
0.047389 -0.028373 -0.275884 0.642973 -0.004212
0.036483 -0.004070 -0.269963 0.577881 0.217794
0.027228 0.014867 -0.193462 0.375610 0.259756
0.021239 0.025782 -0.106512 0.175112 0.749399
0.021929 0.021682 0.140234 -0.373236 -0.591489
0.023496 0.016878 -0.061027 0.125112 0.739192
0.025949 0.010793 0.182945 -0.422872 -0.551619
0.029505 0.003209 -0.004294 0.035726 1.132308
0.036859 -0.012691 0.370962 -0.821828 -0.084603
0.051033 -0.043420 0.338450 -0.722092 -2.254453
0.049566 -0.037727 -0.409305 0.984044 0.643611
0.037702 -0.010399 -0.185241 0.395895 1.707953
0.041735 -0.021538 0.384989 -0.936294 -2.400867
0.041070 -0.021337 -0.415336 0.920299 1.521915
0.034765 -0.009596 0.097976 -0.313656 -1.112952
0.031254 -0.004816 -0.272312 0.541621 -0.202199
0.019109 0.019153 -0.335218 0.659861 0.946402
0.012051 0.030611 -0.019047 -0.074262 0.120254
0.012008 0.026640 0.016878 -0.124384 -0.178353
0.011416 0.025225 -0.046168 0.050906 1.733328
0.021046 0.001197 0.526173 -1.239125 -0.428357
0.039049 -0.040065 0.375334 -0.837798 -2.178881
0.039534 -0.039925 -0.348489 0.821537 0.564041
0.029555 -0.017710 -0.151639 0.300789 -0.293016
0.021624 -0.001957 -0.244930 0.487392 0.963755
0.018315 0.002069 0.078209 -0.274624 -0.304317
0.019371 -0.003793 -0.024883 -0.023143 0.871584
0.024177 -0.018133 0.264419 -0.687385 -2.431832
0.018514 -0.007747 -0.544903 1.182584 0.953795
0.003258 0.023175 -0.219710 0.381002 -0.365286
-0.007953 0.044085 -0.340816 0.664571 2.122379
-0.007476 0.038292 0.362338 -0.933081 -2.221944
-0.007987 0.037247 -0.385092 0.855574 0.574746
-0.019525 0.062415 -0.193018 0.414208 1.406336
-0.017983 0.058389 0.268620 -0.602110 0.640882
-0.003203 0.026679 0.470387 -0.984487 -0.609143
0.011345 -0.001363 0.258381 -0.430838 -0.761667
0.016542 -0.006301 0.002534 0.174482 0.005207
0.016710 0.000269 0.005704 0.155583 1.157381
0.024652 -0.011441 0.390216 -0.730967 0.062485
0.040581 -0.040878 0.406776 -0.746465 -1.199462
0.048847 -0.052242 0.008194 0.163038 -0.453368
0.046295 -0.040153 -0.135616 0.439977 -0.085791
0.040449 -0.022713 -0.156979 0.435505 -0.048523
0.033959 -0.005616 -0.167877 0.422936 0.886965
0.033216 -0.002981 0.129601 -0.280787 -0.830005
0.032839 -0.001114 -0.147506 0.365413 1.163206
0.034730 -0.004843 0.240725 -0.539887 -0.395312
0.041654 -0.019717 0.106270 -0.211393 -0.280034
0.044050 -0.024008 0.013935 -0.006925 -0.611475
0.040589 -0.015405 -0.186459 0.432665 -0.389744
0.030635 0.006991 -0.311274 0.687987 2.287747
0.033487 -0.001354 0.451324 -1.082093 -1.751976
0.039722 -0.016272 -0.137124 0.313596 0.794251
0.039601 -0.016690 0.130096 -0.325613 -1.094028
0.037514 -0.012826 -0.233271 0.507852 1.614144
0.039023 -0.018252 0.306880 -0.762352 -1.561213
0.040837 -0.024141 -0.214155 0.449665 0.651024
0.036722 -0.017282 0.007411 -0.097731 -0.719846
0.032253 -0.010373 -0.230156 0.437062 0.142413
0.024083 0.004128 -0.178843 0.292887 0.433823
0.019850 0.008914 -0.033434 -0.047816 -0.049674
0.018154 0.008068 -0.051244 0.004584 0.362799
0.018500 0.002891 0.068202 -0.260723 -1.419531
0.011738 0.014720 -0.404791 0.839018 1.943861
0.008569 0.017681 0.243920 -0.669148 -1.018574
0.011408 0.007901 -0.100487 0.166504 1.539178
0.017633 -0.009090 0.410223 -1.002984 -2.346292
0.018301 -0.012003 -0.373925 0.830980 -0.408514
0.000777 0.026159 -0.502550 1.081047 1.482117
-0.009365 0.045852 -0.006783 -0.075886 0.370726
-0.007288 0.038335 0.110421 -0.298373 0.515317
0.000422 0.019818 0.274897 -0.626561 -0.139797
0.010344 -0.001758 0.221874 -0.458874 -1.732839
0.007621 0.007125 -0.356107 0.885907 0.926292
-0.000349 0.027358 -0.043938 0.140344 0.438209
0.000762 0.026737 0.099024 -0.167198 -0.445287
0.001670 0.027777 -0.053060 0.214083 1.694232
0.010779 0.010734 0.506882 -1.052051 -1.654138
0.019860 -0.004232 -0.050500 0.282092 0.708159
0.022594 -0.004255 0.186369 -0.275395 -1.361005
0.020955 0.005958 -0.266893 0.773329 1.270138
0.018824 0.016535 0.158565 -0.228271 0.394314
0.027709 0.002086 0.285578 -0.493342 1.156645
0.046737 -0.034659 0.665150 -1.339079 -1.932115
0.060361 -0.057548 0.018943 0.168338 1.062062
0.068323 -0.068605 0.377947 -0.710854 -2.593021
0.066254 -0.057951 -0.478726 1.219069 0.590412
0.051335 -0.021169 -0.268728 0.635146 0.901185
0.046720 -0.010910 0.036660 -0.109727 -0.591427
0.044257 -0.006284 -0.159192 0.335701 -1.203609
0.029946 0.025077 -0.555548 1.225928 2.790401
0.026408 0.030266 0.375161 -0.935009 -1.719387
0.029767 0.021258 -0.204892 0.463346 0.614260
0.025676 0.030275 -0.000594 -0.004077 0.388204
0.028161 0.024903 0.124545 -0.261968 0.819186
0.038491 0.002814 0.391484 -0.838824 -0.746600
0.049044 -0.018039 0.137547 -0.216707 -1.036952
0.047650 -0.010864 -0.206182 0.565871 0.529222
0.043027 0.002675 -0.025896 0.120028 0.221754
0.043473 0.004014 0.047901 -0.050405 -0.602609
0.041358 0.011460 -0.153054 0.417616 1.482567
0.045129 0.005143 0.339980 -0.718796 -0.519361
0.055147 -0.014506 0.161971 -0.273792 -0.457160
0.058570 -0.018362 0.009777 0.075284 1.113725
0.066415 -0.032942 0.381388 -0.794823 -1.142697
0.074019 -0.046860 0.000494 0.083632 -1.048506
0.067180 -0.028587 -0.341692 0.823413 0.259573
0.055423 -0.001362 -0.247076 0.547065 -0.312898
0.043542 0.024602 -0.347129 0.753336 2.350216
0.045343 0.018255 0.434544 -1.046770 -0.880749
0.056664 -0.008226 0.133147 -0.293046 0.222233
0.063438 -0.023122 0.205583 -0.452489 -1.161650
0.063915 -0.023278 -0.180384 0.432272 0.280177
0.058677 -0.011371 -0.082126 0.169078 0.868803
0.061219 -0.018410 0.208320 -0.512805 -1.135468
0.061961 -0.021190 -0.169839 0.360945 -0.041489
0.054991 -0.007055 -0.178926 0.348782 0.919299
0.054016 -0.007824 0.129079 -0.377198 -0.650666
0.054810 -0.012560 -0.088503 0.132255 -1.526494
0.041163 0.015746 -0.592615 1.272637 1.819713
0.029718 0.037410 0.017676 -0.164650 -0.059403
0.029920 0.032860 -0.007339 -0.065139 0.001765
0.029553 0.031115 -0.010951 -0.023018 0.855683
0.034729 0.017850 0.269079 -0.634366 -0.017790
0.045234 -0.005950 0.256722 -0.561353 -2.294605
0.040163 0.007501 -0.507791 1.211714 1.847779
0.032304 0.026186 0.112198 -0.253003 -0.276036
0.034855 0.021294 0.015802 0.003832 0.031432
0.035643 0.021498 0.023617 0.006411 0.831330
0.042064 0.009523 0.296717 -0.599095 -0.937575
0.047577 0.001031 -0.019725 0.162147 0.439129
0.049724 0.000624 0.126569 -0.177793 -0.211064
0.053347 -0.002946 0.054930 -0.003868 0.166183
0.056649 -0.005670 0.109996 -0.131116 -0.377751
0.058522 -0.005022 -0.015924 0.159608 1.252308
0.066243 -0.018161 0.400751 -0.805599 -0.697829
0.077543 -0.038968 0.165515 -0.246855 -0.915323
0.078120 -0.035328 -0.135678 0.420260 -0.416378
0.070060 -0.013463 -0.267336 0.673799 1.517600
0.069589 -0.010998 0.241872 -0.533160 -0.882677
0.073332 -0.018269 -0.053510 0.158441 -0.231144
0.069715 -0.008978 -0.127296 0.305901 0.472216
0.067827 -0.004575 0.032221 -0.079509 0.823344
0.074587 -0.020367 0.305114 -0.704413 -1.101197
0.079403 -0.031128 -0.062780 0.152113 -0.118797
0.076191 -0.024110 -0.097856 0.199503 -0.419861
0.069566 -0.010473 -0.233219 0.481110 1.459131
0.070038 -0.014499 0.255117 -0.667058 -1.118062
0.072736 -0.023421 -0.118693 0.206845 1.451784
0.077727 -0.038232 0.366699 -0.934151 -2.630399
0.074848 -0.034851 -0.507574 1.075776 0.983814
0.061329 -0.009143 -0.170164 0.226418 -0.191407
0.053305 0.002366 -0.231045 0.349603 1.317752
0.052878 -0.004281 0.208253 -0.668970 -1.703192
0.049789 -0.004052 -0.360686 0.661766 0.158756
0.036528 0.019028 -0.303016 0.499104 0.380564
0.026974 0.032951 -0.175446 0.203997 -0.476035
0.016749 0.048938 -0.335452 0.592972 1.463759
0.013041 0.050596 0.148308 -0.494405 0.108915
0.019510 0.031017 0.175481 -0.488506 -0.788429
0.021140 0.024992 -0.092845 0.176796 0.033073
0.017614 0.031940 -0.083613 0.172062 0.958933
0.020596 0.024656 0.231820 -0.527941 -0.731666
0.024863 0.016095 -0.017391 0.089612 0.860443
0.029863 0.006761 0.266560 -0.549232 -0.555031
0.036728 -0.005746 0.077687 -0.085104 0.818062
0.045271 -0.021694 0.348776 -0.706677 0.225506
0.060655 -0.052936 0.420763 -0.859424 -3.000000
0.057528 -0.041369 -0.573929 1.408713 1.622748
0.045662 -0.012735 -0.021932 0.047409 -0.784585
0.039598 0.000894 -0.280621 0.628556 0.261384
0.030202 0.021239 -0.189908 0.396013 1.377082
0.031774 0.015934 0.267001 -0.647662 -0.464958
0.039224 -0.001556 0.106462 -0.236050 -0.471361
0.040311 -0.003437 -0.051522 0.136382 1.877946
0.050766 -0.027056 0.572457 -1.301668 -1.743399
0.061929 -0.051216 -0.011636 0.069193 0.436657
0.064487 -0.056390 0.139055 -0.323400 -1.222838
0.061997 -0.051429 -0.262301 0.560086 -0.750121
0.046715 -0.019424 -0.501702 1.039933 1.090482
0.034102 0.003610 -0.130785 0.129043 -0.631794
0.024680 0.018417 -0.339812 0.607519 1.291728
0.019731 0.022526 0.090719 -0.387232 -0.799917
0.017931 0.020393 -0.179672 0.270935 0.407489
0.013450 0.025117 -0.044959 -0.029586 0.674120
0.016073 0.014237 0.175617 -0.509849 -0.508530
0.019605 0.002701 0.001849 -0.075327 -0.636406
0.015426 0.009663 -0.210152 0.417909 0.366378
0.009497 0.020453 -0.086968 0.127834 -0.192623
0.004709 0.028866 -0.152359 0.292153 0.900146
0.004577 0.027052 0.144790 -0.373861 -0.390445
0.007652 0.019261 0.009601 -0.022151 -0.552687
0.004309 0.027381 -0.176197 0.423522 1.290092
0.005838 0.024630 0.251226 -0.548024 -0.314687
0.013651 0.008890 0.140154 -0.246298 1.064657
0.026276 -0.016739 0.490337 -1.029183 -2.570098
0.028669 -0.017403 -0.367542 0.967800 1.268512
0.022585 0.000169 0.061379 -0.071190 -0.004628
0.024992 -0.002465 0.059054 -0.061164 0.294249
0.029302 -0.009364 0.156228 -0.282075 -1.227649
0.027357 -0.001584 -0.252159 0.659423 0.575514
0.021197 0.015077 -0.056905 0.183635 -0.579545
0.015055 0.031472 -0.249805 0.633020 2.638541
0.022628 0.016223 0.625723 -1.370667 -0.776009
0.042245 -0.024429 0.356919 -0.679677 -0.776529
0.051301 -0.039307 0.097131 -0.075742 -0.925850
0.049099 -0.028894 -0.206401 0.589187 1.056301
0.048016 -0.022964 0.150820 -0.279385 0.717043
0.058821 -0.045268 0.388952 -0.832339 -1.741660
0.062771 -0.051756 -0.189229 0.488000 0.568197
0.059165 -0.042768 0.007975 -0.029652 -1.664967
0.048502 -0.019320 -0.539774 1.189847 1.277293
0.035629 0.006646 -0.105977 0.128469 0.459536
0.034451 0.004740 0.046560 -0.219282 -0.146214
0.035296 -0.001350 -0.003986 -0.088248 0.486198
0.038359 -0.012231 0.156798 -0.452845 -1.249210
0.036279 -0.010802 -0.259320 0.511046 -0.138638
0.025085 0.010868 -0.300692 0.575836 0.042807
0.013405 0.032759 -0.283798 0.523767 -0.104891
0.001363 0.055412 -0.318624 0.612101 1.668612
-0.000327 0.054839 0.232257 -0.623518 -0.856722
0.003050 0.045177 -0.062132 0.128149 1.280647
0.008993 0.031580 0.358125 -0.797900 -0.568838
0.019338 0.010241 0.160317 -0.280428 0.041823
0.025957 -0.000960 0.170827 -0.281822 -0.315793
0.030641 -0.006981 0.063923 -0.024020 -0.642027
0.028932 0.001839 -0.148791 0.459954 1.151706
0.030701 0.002018 0.235801 -0.438367 0.619991
0.044178 -0.024363 0.437895 -0.879663 -0.378940
0.059086 -0.053076 0.308559 -0.566137 -2.906697
0.052133 -0.031587 -0.653407 1.614944 1.585203
0.036849 0.005818 -0.113523 0.281180 0.306188
0.034370 0.012161 -0.010922 0.040653 1.285690
0.042459 -0.005695 0.414256 -0.923489 -0.803783
0.053550 -0.029144 0.141781 -0.262986 -0.647400
0.054937 -0.030010 -0.071711 0.212840 0.160752
0.053232 -0.024908 -0.013844 0.045600 0.259232
0.054462 -0.027668 0.075032 -0.180982 -0.188550
0.056241 -0.032378 0.014204 -0.057221 -0.218632
0.055417 -0.031953 -0.055206 0.076671 -0.165680
0.052188 -0.027155 -0.106163 0.162940 -0.014886
0.047928 -0.021227 -0.107019 0.135005 -0.532316
0.040174 -0.008295 -0.280321 0.508955 0.333872
0.031279 0.006090 -0.165180 0.217228 0.618541
0.028806 0.005156 0.040832 -0.257427 -0.077361
0.029875 -0.003460 0.012895 -0.176226 -0.888792
0.024460 0.003331 -0.282713 0.507494 0.167043
0.014333 0.020493 -0.224209 0.356164 -0.265666
0.003607 0.038849 -0.312120 0.562343 1.237173
-0.000655 0.042548 0.097534 -0.363585 -0.393493
0.000479 0.035551 -0.040148 0.007179 -0.417530
-0.003983 0.043099 -0.182581 0.366672 0.278770
-0.009477 0.054042 -0.092615 0.185240 1.746979
-0.001667 0.035721 0.481583 -1.087445 0.208282
0.018733 -0.008655 0.539161 -1.139309 -1.478580
0.030304 -0.030149 0.041650 0.043565 -0.141463
0.031097 -0.026948 -0.001975 0.116070 -0.226851
0.029580 -0.019559 -0.073754 0.252904 0.456826
0.029745 -0.017211 0.081375 -0.129659 0.867595
0.038785 -0.035909 0.369875 -0.799422 -1.259521
0.045159 -0.048287 -0.049381 0.164348 -1.398679
0.034012 -0.021554 -0.506972 1.163866 1.147926
0.021591 0.005348 -0.116091 0.199993 1.158342
0.024669 -0.004557 0.268812 -0.684776 -1.800006
0.023352 -0.003450 -0.332496 0.720603 1.143809
0.017776 0.006793 0.052070 -0.193558 -0.909345
0.013763 0.013473 -0.251719 0.518853 0.852573
0.009412 0.020788 0.032967 -0.142321 -0.535896
0.007095 0.024036 -0.148160 0.299165 1.668922
0.012257 0.010571 0.404586 -0.957543 -0.982692
0.021731 -0.011070 0.070794 -0.140257 -0.888667
0.018651 -0.003058 -0.223916 0.532997 0.377442
0.012289 0.011719 -0.094967 0.213302 0.062873
0.008911 0.019313 -0.074160 0.168524 -0.071224
0.005449 0.027412 -0.098988 0.237102 0.818814
0.006905 0.024688 0.170892 -0.365409 0.441984
0.016564 0.004388 0.312036 -0.649652 -1.385060
0.019718 0.000696 -0.152592 0.448915 1.114869
0.021090 0.000986 0.219863 -0.422142 -1.324035
0.021005 0.005075 -0.222620 0.612858 0.342560
0.014454 0.023671 -0.105729 0.324744 1.100087
0.017531 0.019932 0.258363 -0.500883 -0.415910
0.024971 0.007465 0.114460 -0.130117 0.715458
0.034264 -0.008336 0.349688 -0.655683 -0.678128
0.043652 -0.023415 0.120839 -0.108996 0.297250
0.050490 -0.032691 0.220875 -0.353198 -0.892186
0.053404 -0.033366 -0.074123 0.310014 -0.510782
0.047157 -0.014266 -0.238097 0.644110 0.941993
0.044023 -0.004122 0.080013 -0.124145 -1.025259
0.040388 0.006777 -0.260732 0.660242 2.229975
0.044872 -0.001753 0.482413 -1.064250 -1.291140
0.055417 -0.023064 0.046865 -0.020280 -1.163499
0.049595 -0.006471 -0.336931 0.841219 1.631935
0.047110 0.000873 0.210553 -0.454383 -0.228608
0.053936 -0.013121 0.131310 -0.250979 -1.162077
0.051445 -0.005237 -0.254650 0.634362 0.975913
0.047854 0.004216 0.073707 -0.148851 0.077845
0.051283 -0.002596 0.097830 -0.192505 0.836772
0.060735 -0.022915 0.374126 -0.818594 -2.688105
0.057743 -0.013777 -0.520678 1.248397 2.088870
0.051027 0.002119 0.181970 -0.426949 -0.469572
0.055109 -0.007086 0.022898 -0.040555 -0.407963
0.053317 -0.002512 -0.112113 0.265868 1.666900
0.059963 -0.017862 0.442691 -1.018343 -1.178698
0.069712 -0.039512 0.046676 -0.081783 -1.161347
0.063929 -0.025730 -0.334805 0.761864 1.206995
0.058735 -0.015375 0.073410 -0.228238 0.676147
0.066166 -0.034909 0.297712 -0.744984 -1.050034
0.071056 -0.048379 -0.051681 0.057355 -1.272753
0.060643 -0.027728 -0.468023 0.966761 1.278435
0.050634 -0.010601 -0.034360 -0.092257 -0.780929
0.044076 -0.002391 -0.292780 0.496164 1.824343
0.044582 -0.011265 0.316079 -0.921744 -1.772129
0.045325 -0.019919 -0.276609 0.467762 1.293029
0.042979 -0.022134 0.157734 -0.564436 -1.364184
0.040181 -0.023498 -0.295957 0.481234 0.046713
0.028782 -0.006132 -0.274474 0.391762 0.025820
0.018051 0.008498 -0.262404 0.343322 -1.400057
-0.001719 0.043494 -0.725043 1.398198 2.254143
-0.015619 0.064041 0.026812 -0.341633 1.415801
-0.005327 0.030645 0.486988 -1.321588 -1.700524
0.002575 0.006402 -0.089292 0.085146 0.278366
0.000854 0.005598 0.002889 -0.122589 -1.424409
-0.008537 0.022903 -0.471041 0.975765 1.685356
-0.016075 0.035323 0.091863 -0.333727 0.025891
-0.012359 0.022877 0.094229 -0.291603 1.725389
0.002789 -0.014333 0.661921 -1.558571 -0.806083
0.023694 -0.062507 0.385321 -0.869652 -2.987884
0.019258 -0.051792 -0.603919 1.376540 0.975585
0.001907 -0.014703 -0.265576 0.497166 1.403321
0.000727 -0.017352 0.204905 -0.614522 -0.771680
0.003737 -0.029635 -0.053241 -0.010629 -1.454533
-0.008001 -0.008370 -0.532437 1.063150 0.056003
-0.028744 0.031706 -0.505605 0.950149 0.075776
-0.048386 0.068037 -0.477278 0.874670 1.292255
-0.058911 0.083702 -0.050884 -0.074572 1.131004
-0.053635 0.065507 0.313956 -0.828590 -1.009910
-0.048060 0.050498 -0.033650 0.062987 0.348450
-0.047198 0.048807 0.076451 -0.144902 -0.632499
-0.048482 0.054083 -0.139872 0.402040 0.422877
-0.051333 0.064454 -0.003364 0.122580 1.089566
-0.044363 0.054059 0.350945 -0.633969 1.547011
-0.020264 0.007118 0.853318 -1.707792 -1.600378
0.002936 -0.034104 0.309530 -0.380278 -0.828894
0.009811 -0.036819 0.035253 0.235288 0.193832
0.012617 -0.031497 0.104611 0.034654 -0.010189
0.016798 -0.030679 0.104418 0.006778 0.354088
0.023389 -0.036515 0.224784 -0.295466 -0.800892
0.027083 -0.036446 -0.039198 0.290696 0.844260
0.031246 -0.038965 0.246341 -0.407359 -0.611143
0.037054 -0.046198 0.044904 0.037968 -1.455270
0.029276 -0.023428 -0.432656 1.090530 0.452868
0.015194 0.011279 -0.272760 0.657720 0.649193
0.008672 0.027042 -0.054468 0.140855 0.604855
0.010472 0.023872 0.143838 -0.293851 0.321136
0.018258 0.008177 0.245454 -0.491264 -0.343746
0.025690 -0.005301 0.126889 -0.189549 1.037225
0.037641 -0.028643 0.469876 -0.971065 -1.663801
0.045282 -0.041271 -0.085557 0.318827 -0.788211
0.036752 -0.017759 -0.340570 0.854020 0.216823
0.024736 0.011559 -0.261159 0.620953 0.777768
0.019527 0.023931 -0.000490 0.008757 0.298248
0.021434 0.020288 0.095602 -0.188853 -0.646443
0.020879 0.023430 -0.122591 0.339151 1.513290
0.026033 0.013894 0.378722 -0.801894 -0.032330
0.040808 -0.016246 0.360717 -0.712326 -1.441143
0.045572 -0.021985 -0.120643 0.408472 0.508195
0.044231 -0.014464 0.052780 -0.024868 0.490745
0.049629 -0.023256 0.216680 -0.411076 -1.158741
0.050573 -0.021853 -0.168126 0.469148 0.742174
0.048899 -0.015581 0.083373 -0.145669 -0.758561
0.047196 -0.009882 -0.167736 0.423759 0.093909
0.041194 0.004871 -0.132845 0.318250 0.691826
0.040515 0.006700 0.098045 -0.218861 0.135393
0.045285 -0.003646 0.140525 -0.299377 -1.534392
0.040657 0.008309 -0.370293 0.882888 1.800582
0.037933 0.015021 0.231766 -0.526114 -0.312186
0.045010 -0.000135 0.122768 -0.238696 0.398058
0.052527 -0.015441 0.252950 -0.525600 -1.760471
0.050885 -0.009038 -0.333096 0.828065 0.577548
0.041544 0.013937 -0.135161 0.332204 0.664742
0.040573 0.016937 0.085794 -0.174498 0.588595
0.047851 0.001584 0.277734 -0.590362 -0.863998
0.053114 -0.007888 -0.013304 0.105117 0.348799
0.054930 -0.009323 0.103701 -0.173251 -1.262248
0.050671 0.003197 -0.315413 0.788236 2.436861
0.054371 -0.003647 0.497631 -1.105246 -1.295106
0.065497 -0.026528 0.060715 -0.058137 -0.917542
0.061868 -0.015259 -0.241339 0.614398 0.395777
0.054969 0.002102 -0.104454 0.262043 0.197321
0.052134 0.009291 -0.037678 0.101124 1.159807
0.058332 -0.004360 0.346479 -0.774143 -1.189684
0.064165 -0.016076 -0.053126 0.172716 0.997062
0.068730 -0.025047 0.280296 -0.612032 -0.970455
0.073446 -0.034354 -0.043116 0.134306 -0.458443
0.068766 -0.022883 -0.190638 0.437277 0.889265
0.067170 -0.020131 0.109664 -0.288965 -0.653982
0.067206 -0.021693 -0.107080 0.203641 0.035164
0.063234 -0.014830 -0.091728 0.141722 -0.651473
0.055285 0.000346 -0.305293 0.613485 0.586419
0.047065 0.015098 -0.106709 0.133766 0.798554
0.048094 0.008387 0.157355 -0.462271 -0.451597
0.051294 -0.002320 0.003438 -0.080548 -0.343342
0.049139 -0.000179 -0.110822 0.184296 0.108129
0.045452 0.005315 -0.073770 0.092798 0.498503
0.045818 0.001402 0.091546 -0.283933 -0.275646
0.047598 -0.005274 -0.002054 -0.054417 0.481230
0.050719 -0.014860 0.157694 -0.421611 -0.406655
0.054289 -0.025226 0.021517 -0.103275 -0.276123
0.053353 -0.025533 -0.068040 0.085229 -1.466189
0.040948 -0.000279 -0.551022 1.167392 1.025386
0.025905 0.029130 -0.202985 0.320888 0.753984
0.022783 0.030672 0.045977 -0.235653 0.658539
0.028897 0.012195 0.259371 -0.685622 -1.487352
0.029245 0.008854 -0.240068 0.501285 1.262970
0.028097 0.009076 0.181151 -0.476402 0.717187
0.040019 -0.020115 0.414684 -0.981814 -2.424038
0.040377 -0.021283 -0.393835 0.896816 1.128979
0.032314 -0.004410 -0.011064 -0.036793 -0.963733
0.025463 0.008906 -0.330596 0.694961 2.134524
0.026521 0.003228 0.381054 -0.956829 -1.674424
0.030471 -0.007932 -0.181295 0.377866 0.346186
0.025595 0.001210 -0.063139 0.085154 0.912233
0.029145 -0.009450 0.239802 -0.610508 -0.543806
0.035047 -0.024886 0.056238 -0.170580 -0.887608
0.031420 -0.018395 -0.236650 0.487221 -0.653169
0.017723 0.010084 -0.448051 0.936041 1.069206
0.007032 0.030120 -0.088252 0.081874 -0.551828
-0.000224 0.042490 -0.274047 0.532689 0.550838
-0.007539 0.055662 -0.092639 0.134240 1.316496
-0.002602 0.042007 0.338350 -0.806732 -0.194404
0.009420 0.014813 0.263626 -0.561693 -0.401109
0.017173 -0.000355 0.124859 -0.204685 -0.670066
0.017674 0.002062 -0.099067 0.318685 0.177130
0.014927 0.011756 -0.038699 0.170003 1.422988
0.022837 -0.003213 0.432849 -0.906340 -1.225551
0.031862 -0.019458 0.020227 0.077028 -0.574199
0.028900 -0.008066 -0.167897 0.489036 0.188413
0.023524 0.007805 -0.101511 0.310157 0.015919
0.019593 0.019778 -0.095296 0.291169 0.486276
0.019009 0.024074 0.065445 -0.070438 0.336228
0.023791 0.016793 0.173482 -0.291921 0.892430
0.036577 -0.007765 0.465308 -0.931920 -1.124985
0.047574 -0.026648 0.086321 -0.028749 1.263959
0.059480 -0.047738 0.507765 -1.015793 -1.997936
0.066455 -0.057449 -0.156384 0.506636 0.913476
0.066470 -0.053156 0.155856 -0.280200 -1.689248
0.061547 -0.039285 -0.400405 0.959404 1.605983
0.056440 -0.027721 0.142840 -0.360590 -1.552202
0.051836 -0.018438 -0.371445 0.810211 2.531445
0.053978 -0.026395 0.475631 -1.181567 -3.000000
0.052931 -0.026606 -0.524381 1.138398 1.231796
0.040380 -0.002098 -0.105209 0.106235 0.595783
0.040156 -0.007163 0.093386 -0.354053 -0.768909
0.038739 -0.009177 -0.163252 0.244562 -0.874095
0.026453 0.013524 -0.450500 0.885964 1.477025
0.018362 0.025439 0.043899 -0.271493 -0.161648
0.018945 0.018046 -0.014347 -0.101982 -0.605064
0.014290 0.023848 -0.217737 0.386362 1.811911
0.017636 0.011550 0.383146 -0.984561 -1.110085
0.025401 -0.009161 0.006914 -0.067931 0.814959
0.031106 -0.024486 0.277676 -0.692539 -2.101743
0.028183 -0.019524 -0.421453 0.919039 0.507321
0.014881 0.007796 -0.244875 0.458817 0.307936
0.007186 0.021019 -0.140530 0.208498 -1.112619
-0.005850 0.046685 -0.510364 1.067501 1.027655
-0.019376 0.073328 -0.167773 0.281450 0.625969
-0.022054 0.076379 0.033194 -0.122580 2.609957
-0.003578 0.033501 0.888826 -2.005033 -1.680047
0.020419 -0.017403 0.314093 -0.570019 -0.433006
0.030047 -0.033148 0.168149 -0.225277 -1.019572
0.030025 -0.026930 -0.168203 0.526888 0.442313
0.026372 -0.013933 -0.015300 0.131094 0.839178
0.031387 -0.022036 0.265175 -0.528580 -0.217838
0.040508 -0.039597 0.191493 -0.355436 -1.115026
0.040783 -0.037109 -0.176502 0.468761 0.297136
0.035848 -0.024370 -0.070912 0.174823 1.028948
0.039933 -0.033942 0.274048 -0.643786 -1.253778
0.042533 -0.040345 -0.142412 0.308890 -0.882283
0.031104 -0.015761 -0.428597 0.916804 0.248168
0.015784 0.015541 -0.338378 0.658071 1.581849
0.012835 0.017083 0.188988 -0.563484 -0.620572
0.016142 0.005259 -0.022591 -0.037427 -0.405147
0.012525 0.010192 -0.157883 0.280606 1.552340
0.016553 -0.002535 0.357733 -0.902916 -1.144007
0.023120 -0.019896 -0.027651 0.018468 -1.071775
0.014930 -0.003146 -0.380930 0.811240 1.570594
0.010269 0.004050 0.145817 -0.432524 -1.167649
0.008259 0.005394 -0.244943 0.487079 0.955439
0.004877 0.009708 0.074601 -0.260024 -1.580267
-0.002713 0.024191 -0.452452 0.969666 2.127451
-0.006572 0.029621 0.256830 -0.673893 -0.816822
-0.001902 0.016833 -0.022025 0.022287 -0.230615
-0.004355 0.021668 -0.100398 0.217644 1.757120
0.003297 0.003640 0.481300 -1.104192 -1.029742
0.015519 -0.023108 0.131636 -0.250536 -1.202720
0.012794 -0.014820 -0.266654 0.653932 0.334885
0.004483 0.005014 -0.149721 0.346031 -0.662586
-0.005875 0.028727 -0.367862 0.837336 1.888758
-0.007971 0.032821 0.260727 -0.611409 -0.585140
-0.001603 0.018970 0.058687 -0.091141 -0.135147
-0.000217 0.018006 0.010864 0.040955 0.357558
0.002556 0.014562 0.127434 -0.210333 -0.054846
0.007217 0.007657 0.105875 -0.137312 0.464175
0.014495 -0.004559 0.257719 -0.471209 0.248031
0.026384 -0.026647 0.336923 -0.635252 -1.292815
0.031219 -0.031933 -0.093523 0.355931 0.135273
0.028496 -0.020945 -0.043062 0.197815 0.424549
0.029669 -0.020262 0.101118 -0.158526 0.669806
0.038184 -0.037107 0.324140 -0.679672 -0.863510
0.045383 -0.050959 0.037108 -0.025013 -2.154870
0.032646 -0.020013 -0.672220 1.556833 1.380961
0.015220 0.018539 -0.201565 0.394682 0.389982
0.009767 0.028277 -0.071714 0.098351 0.697020
0.011483 0.022072 0.156853 -0.402783 0.216431
0.019083 0.003726 0.223321 -0.516591 -1.151562
0.020265 0.001571 -0.162774 0.395621 1.515643
0.023889 -0.006342 0.342276 -0.776397 -1.155165
0.029788 -0.018723 -0.045650 0.141973 -0.642651
0.023746 -0.003757 -0.256002 0.602838 0.021843
0.013748 0.019167 -0.244440 0.548676 1.820828
0.016117 0.012903 0.360888 -0.843644 -0.690040
0.025802 -0.008775 0.124666 -0.252843 -0.383144
0.028217 -0.012829 -0.003391 0.045176 -0.121995
0.027301 -0.009466 -0.042352 0.122531 0.262153
0.027386 -0.008937 0.046278 -0.092940 -0.087192
0.028659 -0.011360 0.017523 -0.029577 -1.419745
0.019933 0.009083 -0.452547 1.040764 2.054100
0.015628 0.018023 0.234615 -0.569311 0.073023
0.025368 -0.004653 0.252823 -0.569002 -1.061809
0.028338 -0.010409 -0.102931 0.268314 0.082337
0.024828 -0.001502 -0.072864 0.180038 0.579217
0.025793 -0.003436 0.120456 -0.270775 -1.280680
0.022055 0.005731 -0.306010 0.717049 1.706977
0.021261 0.007405 0.264215 -0.614311 -1.552889
0.021386 0.007723 -0.256070 0.613057 1.658260
0.022245 0.006173 0.297050 -0.672845 -1.117975
0.026570 -0.002482 -0.079255 0.225802 0.366734
0.025874 0.000598 0.043956 -0.067095 -0.311228
0.025546 0.002841 -0.060042 0.176266 -0.182977
0.021943 0.012575 -0.120100 0.310488 0.115748
0.017922 0.023137 -0.081247 0.220957 1.724003
0.026116 0.005784 0.489248 -1.073972 -1.148446
0.037864 -0.017918 0.100105 -0.129134 0.578226
0.045729 -0.032165 0.292671 -0.579659 -0.501453
0.054079 -0.047585 0.125737 -0.199845 -1.079179
0.052005 -0.039825 -0.228392 0.578571 1.671865
0.054159 -0.044003 0.334082 -0.769359 -0.970418
0.061049 -0.059855 0.011925 -0.036898 -1.627753
0.050833 -0.037688 -0.521430 1.133667 1.288851
0.038802 -0.014489 -0.082191 0.045898 -1.411644
0.026164 0.008664 -0.548488 1.101533 1.662056
0.015429 0.025955 0.009318 -0.214892 -0.392415
0.013102 0.024305 -0.125105 0.127262 0.417688
0.010841 0.023407 0.011601 -0.168156 -0.919984
0.005108 0.031609 -0.297248 0.569493 1.131354
0.000756 0.037034 0.078182 -0.285096 0.266434
0.005527 0.022818 0.160434 -0.426587 -0.914465
0.005744 0.020937 -0.148423 0.321700 1.634531
0.010676 0.008798 0.393398 -0.913787 -0.858056
0.020542 -0.013106 0.101416 -0.195834 0.491601
0.027864 -0.028494 0.264360 -0.571303 -0.456373
0.035375 -0.044200 0.112089 -0.222095 0.172144
0.002739 -0.004604 -0.009181 -0.009669 -0.454160
-0.000643 0.001929 -0.159524 0.332823 0.327976
-0.004799 0.009840 -0.048828 0.068024 -0.852197
-0.012435 0.025827 -0.332237 0.725191 0.136768
-0.024764 0.052403 -0.284918 0.610510 2.366819
-0.020458 0.040990 0.497753 -1.158904 -3.000000
-0.020768 0.043220 -0.509548 1.237154 2.410673
-0.025041 0.055151 0.292711 -0.611864 0.362371
-0.011145 0.027262 0.402350 -0.785745 1.288739
0.013333 -0.022232 0.821049 -1.686036 -2.191722
0.031382 -0.054243 0.084860 0.053961 0.453514
0.037911 -0.060319 0.241057 -0.353243 -1.074487
0.040486 -0.058871 -0.111123 0.415159 0.371402
0.038697 -0.049836 0.020956 0.043516 -1.088157
0.032414 -0.032579 -0.334298 0.812162 0.678626
0.023747 -0.012316 -0.100331 0.213265 1.618241
0.030555 -0.029180 0.439064 -1.042055 -2.484706
0.031499 -0.031974 -0.388833 0.874840 0.091829
0.016757 -0.000266 -0.349060 0.718986 1.775051
0.014711 0.000288 0.244588 -0.671637 -0.741388
0.019459 -0.014251 -0.005957 -0.066711 -1.754564
0.007571 0.009826 -0.586880 1.256767 2.763402
0.002644 0.016236 0.337054 -0.904586 -2.123372
0.001828 0.014290 -0.375216 0.783248 1.682473
-0.001905 0.019100 0.186452 -0.523396 -0.591223
0.001497 0.008424 -0.015391 -0.019572 -2.391030
-0.015045 0.044624 -0.809409 1.810379 3.000000
-0.027310 0.069734 0.191838 -0.515991 0.677690
-0.015368 0.041058 0.405186 -0.918061 -1.784927
-0.011265 0.033954 -0.197697 0.541156 1.491313
-0.009258 0.032829 0.296348 -0.581881 -0.526512
-0.001075 0.019226 0.113790 -0.107527 -0.499829
0.000084 0.023244 -0.055284 0.303447 2.126245
0.011999 0.002916 0.648973 -1.301550 -0.693322
0.033132 -0.036635 0.409337 -0.692434 -1.806710
0.037459 -0.036481 -0.190867 0.680849 1.397442
0.039292 -0.032408 0.280730 -0.460449 -0.734775
0.045629 -0.039638 0.037138 0.089749 -0.856754
0.041512 -0.023891 -0.242386 0.692339 1.370836
0.041086 -0.018689 0.219292 -0.415704 -1.011911
0.043100 -0.019611 -0.117375 0.358544 0.322587
0.040643 -0.011117 -0.006058 0.071852 -0.295737
0.038465 -0.004012 -0.102694 0.281848 0.851341
0.040067 -0.006247 0.181818 -0.384669 0.151335
0.048297 -0.023549 0.229862 -0.482493 -1.878003
0.044976 -0.013870 -0.393916 0.948361 0.847325
0.035026 0.009497 -0.105114 0.234657 0.318634
0.032951 0.013935 0.000924 -0.008441 0.051971
0.033297 0.013175 0.016362 -0.029436 -0.518324
0.030466 0.020346 -0.157434 0.383613 0.960718
0.030566 0.020940 0.161298 -0.343583 0.398865
0.039567 0.002058 0.288707 -0.600657 -0.184087
0.049789 -0.018246 0.223055 -0.421097 -1.494915
0.048739 -0.011946 -0.273925 0.721343 0.444892
0.040871 0.008875 -0.120437 0.329329 0.649382
0.040398 0.011882 0.095936 -0.171343 0.415759
0.046943 -0.000810 0.231096 -0.461724 -0.748755
0.051132 -0.007134 -0.020604 0.135904 -0.477635
0.047161 0.005337 -0.177634 0.485228 1.443756
0.049715 0.002086 0.303668 -0.632746 -1.160032
0.054039 -0.004463 -0.085939 0.291006 0.883610
0.056527 -0.006847 0.209321 -0.400951 -0.159968
0.063784 -0.020007 0.154001 -0.261637 -0.164089
0.068851 -0.028025 0.099726 -0.142538 -0.673907
0.068394 -0.023798 -0.121913 0.347870 1.246956
0.071912 -0.030012 0.296398 -0.645824 -1.154946
0.076053 -0.037912 -0.087843 0.236765 -1.302431
0.063994 -0.009603 -0.514227 1.171351 2.031958
0.057138 0.004281 0.168646 -0.451595 -1.065150
0.056718 0.003320 -0.188318 0.391543 0.145739
0.050204 0.016333 -0.137816 0.263503 0.024747
0.044857 0.026558 -0.129759 0.249962 -0.062554
0.039226 0.037839 -0.151893 0.315386 1.679981
0.044280 0.025172 0.402951 -0.933869 -0.538078
0.056618 -0.002046 0.215173 -0.439280 -0.782026
0.059955 -0.007020 -0.047253 0.180867 -0.094453
0.057474 0.001304 -0.076861 0.236207 0.484343
0.057649 0.003069 0.084984 -0.142310 -0.394933
0.058387 0.003748 -0.047594 0.172022 1.050620
0.063484 -0.005612 0.301380 -0.630615 -0.247605
0.073804 -0.026277 0.215311 -0.409882 -0.385390
0.079844 -0.036776 0.087357 -0.121252 0.155665
0.084432 -0.044668 0.141966 -0.272769 -0.393390
0.087549 -0.050180 0.014444 -0.007706 0.035000
0.088468 -0.052146 0.031394 -0.089826 -1.114478
0.082416 -0.039707 -0.333019 0.703254 -0.597576
0.065314 -0.004229 -0.522162 1.072528 1.125088
0.052085 0.019886 -0.141215 0.150986 0.415933
0.049182 0.019827 -0.004408 -0.149684 0.566258
0.052705 0.005833 0.180226 -0.547239 -0.710557
0.055091 -0.004242 -0.059837 0.033343 -0.220444
0.051245 0.000367 -0.132296 0.195742 -0.085164
0.045415 0.009284 -0.159289 0.251094 0.015043
0.039160 0.019009 -0.153656 0.237298 1.617794
0.043767 0.003810 0.382414 -0.983210 -1.702686
0.047579 -0.007924 -0.189520 0.375115 -0.254053
0.038381 0.010333 -0.270456 0.539023 1.286314
0.036176 0.011689 0.158636 -0.456964 -1.957002
0.029407 0.024391 -0.494926 1.072965 1.372506
0.018844 0.045411 -0.035356 -0.002348 0.866165
0.023084 0.033127 0.246663 -0.605945 -0.058192
0.032394 0.011400 0.219442 -0.486340 -0.584571
0.037179 0.001883 0.020746 0.001789 0.404239
0.040689 -0.004172 0.154380 -0.301503 -1.336768
0.037930 0.004654 -0.290885 0.730076 1.221653
0.034516 0.014266 0.118491 -0.234007 -0.205423
0.037817 0.008749 0.046922 -0.045580 1.021039
0.046453 -0.008453 0.384045 -0.807233 -2.122270
0.047588 -0.007214 -0.324749 0.846248 2.562881
0.051785 -0.013994 0.531602 -1.158428 -0.730599
0.068038 -0.047844 0.282665 -0.549507 -1.800551
0.067393 -0.042548 -0.312940 0.796542 1.709290
0.066452 -0.038935 0.263708 -0.595699 -1.174958
0.069182 -0.044808 -0.125724 0.288346 -0.000993
0.064288 -0.034651 -0.119272 0.222427 -0.135046
0.058729 -0.024751 -0.158783 0.273801 0.529190
0.055994 -0.022838 0.021314 -0.171531 -2.076343
0.043061 0.001921 -0.666021 1.392547 1.795105
0.028569 0.028261 -0.061366 -0.049807 -0.176208
0.024872 0.029727 -0.123223 0.121013 -0.170188
0.018764 0.037741 -0.182119 0.279040 0.435181
0.014330 0.042763 -0.040162 -0.022639 1.125504
0.020106 0.025648 0.328095 -0.825445 -0.184840
0.031816 -0.002797 0.258259 -0.605470 0.493540
0.045339 -0.033815 0.417945 -0.946683 -2.546041
0.045055 -0.032092 -0.429153 1.005789 2.031532
0.041622 -0.025112 0.254822 -0.632505 -0.743128
0.046830 -0.038707 0.006781 -0.058117 -1.325361
0.038364 -0.021477 -0.428945 0.909612 0.510846
0.024789 0.005378 -0.251009 0.444925 1.007463
0.021506 0.007258 0.085590 -0.339505 -2.034977
0.011326 0.025593 -0.592465 1.237594 1.043656
-0.005300 0.058052 -0.240837 0.403849 1.137995
-0.007442 0.057618 0.132517 -0.414130 0.805141
0.003019 0.030634 0.390234 -0.933340 -0.548368
0.014768 0.003718 0.198497 -0.424818 -0.099610
0.021968 -0.011049 0.161923 -0.317952 -0.653640
0.024068 -0.013516 -0.056072 0.187003 0.288776
0.023800 -0.010995 0.042232 -0.057043 -0.668264
0.021055 -0.003149 -0.178837 0.443878 1.616924
0.024727 -0.010863 0.360647 -0.813411 -1.950747
0.026074 -0.012559 -0.290921 0.706897 1.688114
0.025797 -0.011415 0.275004 -0.630709 -0.215775
0.035288 -0.032713 0.200226 -0.441098 -0.806076
0.037939 -0.038118 -0.066605 0.161259 -0.763026
0.030308 -0.021020 -0.314503 0.689723 0.703657
0.022557 -0.005616 -0.074210 0.091884 1.120722
0.027069 -0.019379 0.298713 -0.770637 -0.568169
0.035163 -0.040868 0.107138 -0.314567 -1.359764
0.030451 -0.033084 -0.341381 0.691260 0.351803
0.019313 -0.012498 -0.216379 0.346884 -0.723122
0.005930 0.011761 -0.452456 0.863595 2.037899
0.001493 0.014150 0.228090 -0.721356 -2.022171
-0.002974 0.017682 -0.449033 0.876169 0.294471
-0.018882 0.047475 -0.347305 0.623010 0.787911
-0.027548 0.060620 -0.087189 0.045136 1.762321
-0.019452 0.036801 0.490566 -1.223514 -1.242094
-0.008359 0.009455 0.066207 -0.163830 -0.205728
-0.007129 0.006540 -0.004378 0.015018 1.124176
0.000158 -0.009959 0.367698 -0.831359 -1.345823
0.005805 -0.021621 -0.083429 0.230944 -0.568473
-0.001234 -0.004422 -0.268251 0.626857 0.979399
-0.005348 0.004703 0.061175 -0.157753 0.143246
-0.001986 -0.003450 0.106932 -0.250194 -0.402656
-0.000421 -0.006979 -0.028125 0.068567 -0.347368
-0.003834 0.000886 -0.142296 0.322639 1.173057
-0.001679 -0.004604 0.248732 -0.585443 -2.567917
-0.008894 0.012145 -0.606686 1.398296 1.209617
-0.024933 0.047954 -0.197543 0.413440 1.332472
-0.024026 0.044665 0.241446 -0.564849 -0.330934
-0.016758 0.028983 0.122736 -0.227024 -0.205042
-0.013318 0.024073 0.049679 -0.022295 0.660016
-0.007005 0.013682 0.265421 -0.492738 -0.502502
0.000156 0.002716 0.093508 -0.063697 0.692550
0.008479 -0.010274 0.322093 -0.581149 0.475099
0.024449 -0.040230 0.476392 -0.917734 -1.231679
0.035258 -0.057708 0.065918 0.026789 -0.083354
0.037466 -0.056691 0.044493 0.024294 -2.268642
0.024288 -0.022234 -0.701642 1.682894 1.409114
0.005895 0.020713 -0.220638 0.489643 1.379602
0.006269 0.018980 0.237759 -0.561887 -0.328605
0.013462 0.002783 0.122666 -0.255410 -1.022403
0.011518 0.008722 -0.218747 0.542329 1.756132
0.014507 0.002958 0.366227 -0.812696 -1.397054
0.019728 -0.006890 -0.103268 0.302700 0.694558
0.020274 -0.005975 0.129673 -0.249048 0.014522
0.025528 -0.015925 0.133211 -0.250391 -0.173849
0.029692 -0.023265 0.075369 -0.119909 -0.827952
0.027230 -0.015685 -0.197715 0.491817 -0.168366
0.018306 0.005592 -0.248714 0.575108 1.091737
0.015691 0.011226 0.116499 -0.280273 -0.354312
0.017922 0.006133 -0.004359 0.020412 0.664177
0.022151 -0.003099 0.215206 -0.476876 -0.692762
0.026081 -0.010926 -0.017690 0.076217 0.043571
0.025695 -0.008862 -0.001732 0.028038 -1.041374
0.018719 0.008055 -0.346204 0.810195 0.633424
0.009185 0.029878 -0.131710 0.292621 0.998389
0.010529 0.026601 0.197838 -0.446738 -0.181279
0.017105 0.012773 0.131513 -0.250161 -0.529315
0.018773 0.011573 -0.047454 0.183848 0.587638
0.020779 0.009968 0.147117 -0.258190 -0.287021
0.024686 0.004672 0.048737 -0.011116 0.909486
0.032667 -0.009576 0.349492 -0.694532 -1.693909
0.035288 -0.010584 -0.216363 0.625387 0.137792
0.027662 0.011279 -0.165597 0.474227 2.126697
0.035224 -0.002747 0.541469 -1.155510 -0.964837
0.050288 -0.032620 0.213574 -0.355409 -0.662266
0.054440 -0.036909 -0.005170 0.133198 -0.289690
0.052403 -0.028127 -0.096563 0.305249 -0.011547
0.048567 -0.016760 -0.095481 0.265913 -1.029221
0.037975 0.008984 -0.433453 1.015870 2.043858
0.034362 0.017118 0.250131 -0.585043 -0.002800
0.044217 -0.005022 0.243153 -0.527130 -1.408935
0.044498 -0.003833 -0.227454 0.571418 0.471885
0.038629 0.010963 -0.066874 0.176857 -0.481794
0.032747 0.025498 -0.226915 0.547547 0.946876
0.029989 0.032768 0.087716 -0.172443 1.058354
0.040431 0.010656 0.433680 -0.927072 -0.783452
0.052396 -0.012859 0.166034 -0.262678 0.189123
0.060277 -0.026174 0.228058 -0.403710 0.066649
0.069833 -0.043370 0.249970 -0.458709 -1.212274
0.071793 -0.043475 -0.150543 0.440810 0.511815
0.069333 -0.035255 0.026699 -0.021779 -1.787187
0.058587 -0.009438 -0.562508 1.299469 2.013133
0.049693 0.009695 0.114939 -0.316329 -0.889007
0.048305 0.011385 -0.183295 0.391204 0.043523
0.041293 0.026144 -0.167616 0.350278 1.704726
0.045918 0.014158 0.397084 -0.934030 -0.525964
0.058125 -0.013507 0.214546 -0.461329 0.869872
0.072447 -0.044976 0.501096 -1.109044 -2.553926
0.075442 -0.049704 -0.348217 0.844152 -0.114250
0.060987 -0.016424 -0.375166 0.826605 1.094806
0.053423 -0.001631 -0.004701 -0.071439 0.306066
0.055262 -0.009100 0.096456 -0.300293 -1.117894
0.051658 -0.003715 -0.275451 0.558578 1.071418
0.047858 0.001367 0.084080 -0.291509 -1.408577
0.041803 0.011802 -0.385333 0.799982 0.520797
0.029948 0.035042 -0.208538 0.372674 1.002275
0.028248 0.034920 0.122357 -0.368369 -0.473050
0.029860 0.028787 -0.040984 0.054627 -1.511316
0.018113 0.054803 -0.544945 1.234267 2.296109
0.011633 0.068681 0.217839 -0.512514 -0.188999
0.018855 0.053396 0.143939 -0.258222 0.777348
0.029615 0.032779 0.393673 -0.769648 -1.018355
0.038391 0.019470 0.046676 0.089625 1.938018
0.053109 -0.006327 0.687473 -1.364303 -0.260104
0.078671 -0.055169 0.591975 -1.091312 -1.828115
0.090148 -0.070590 -0.015561 0.297229 -0.151244
0.088714 -0.058370 -0.056357 0.315901 0.518981
0.090080 -0.055421 0.123871 -0.161251 -1.316191
0.086379 -0.042723 -0.307697 0.785571 1.602447
0.084937 -0.037898 0.233469 -0.525057 -2.179015
0.079788 -0.025602 -0.488638 1.119461 1.130173
0.067984 -0.000237 -0.103504 0.167041 0.001399
0.063877 0.006228 -0.101965 0.157657 1.594546
0.070413 -0.011995 0.427255 -1.055404 -2.122497
0.073251 -0.020445 -0.282639 0.607802 0.363021
0.064496 -0.002962 -0.155943 0.274435 0.013323
0.058394 0.007408 -0.149395 0.246522 0.539772
0.056028 0.008852 0.030442 -0.168177 -0.394234
0.054577 0.008646 -0.102508 0.153306 0.190322
0.051745 0.011885 -0.039378 0.011290 -0.162452
0.049062 0.015128 -0.094593 0.149589 -0.013124
0.045178 0.021501 -0.099718 0.170052 1.718030
0.052592 0.002226 0.468782 -1.119660 -2.026718
0.057683 -0.009838 -0.211471 0.491405 1.366362
0.058406 -0.012022 0.246008 -0.585892 -0.292672
0.066235 -0.030422 0.146137 -0.341214 -0.933507
0.065885 -0.029954 -0.162522 0.354893 0.110873
0.060240 -0.018597 -0.120150 0.217139 -0.511487
0.052105 -0.002743 -0.286360 0.573704 1.509015
0.050781 -0.003777 0.218337 -0.609007 -1.295096
0.050815 -0.007483 -0.215001 0.408703 0.946403
0.048588 -0.006363 0.102483 -0.341959 -1.755836
0.040969 0.007276 -0.481587 1.007632 1.105196
0.029193 0.029460 -0.109033 0.118612 -0.056912
0.024405 0.035638 -0.130400 0.190505 1.903143
0.031792 0.014654 0.498034 -1.224277 -2.839644
0.032604 0.011320 -0.453901 1.025368 1.350753
0.023560 0.030521 -0.000375 -0.046303 1.107253
0.030830 0.012477 0.363015 -0.848295 -1.216145
0.037101 -0.001308 -0.047708 0.142431 0.449919
0.038205 -0.002703 0.102415 -0.207554 0.501423
0.045607 -0.018454 0.267403 -0.577897 -0.448025
0.053272 -0.034306 0.116710 -0.222888 -0.905444
0.051958 -0.029783 -0.181470 0.440613 1.175280
0.052646 -0.031451 0.214414 -0.510940 -1.497500
0.051254 -0.028913 -0.282293 0.622417 0.660583
0.044513 -0.015631 -0.055887 0.052261 -0.199629
0.040991 -0.010875 -0.120073 0.184624 -0.066904
0.035795 -0.002930 -0.139849 0.213789 0.184942
0.031470 0.002458 -0.076754 0.058841 0.787485
0.033641 -0.007278 0.184572 -0.539155 -1.341411
0.032035 -0.007654 -0.263248 0.505608 -0.318429
0.019480 0.016641 -0.364617 0.711024 1.840751
0.017209 0.016280 0.248863 -0.709182 -1.069764
0.019904 0.005704 -0.112602 0.166045 0.225688
0.016912 0.008823 -0.037307 -0.007058 -0.081735
0.014854 0.010044 -0.065511 0.067347 1.301507
0.020877 -0.007079 0.365475 -0.913173 -1.231471
0.027180 -0.023599 -0.048480 0.070008 0.200013
0.026632 -0.024480 0.020856 -0.111659 -2.192756
0.012918 0.004347 -0.704585 1.535732 2.000544
-0.001735 0.033131 -0.031195 -0.067961 0.120773
-0.002265 0.029453 0.004693 -0.115992 -0.020666
-0.002300 0.026005 -0.006287 -0.057872 -0.665507
-0.007047 0.034628 -0.230371 0.483062 1.520152
-0.006161 0.030820 0.272966 -0.658204 -0.089586
0.003990 0.007502 0.235225 -0.514317 -0.049601
0.012969 -0.011406 0.214217 -0.435910 -1.251681
0.013166 -0.009254 -0.202917 0.530342 0.532064
0.008685 0.002903 -0.022069 0.086176 0.672743
0.012279 -0.003992 0.201111 -0.425122 0.233475
0.021815 -0.024067 0.275864 -0.580425 -1.570159
0.022368 -0.022917 -0.246395 0.621325 1.182102
0.020516 -0.017544 0.152212 -0.338214 -1.891112
0.014010 -0.001941 -0.475606 1.101347 1.895381
0.007761 0.011517 0.160591 -0.404610 -0.859706
0.008376 0.009386 -0.128750 0.287948 0.623985
0.007395 0.011191 0.078949 -0.190607 -0.675835
0.006000 0.014504 -0.147947 0.349319 1.062575
0.007166 0.012067 0.205038 -0.460302 -0.438172
0.012351 0.001323 0.055017 -0.084291 -0.526800
0.011027 0.006230 -0.120698 0.324896 1.752810
0.017889 -0.007950 0.461977 -1.017874 -0.036380
0.035982 -0.046886 0.443535 -0.937734 -2.060238
0.039986 -0.052604 -0.240778 0.628519 -0.616980
0.026459 -0.020016 -0.435609 1.002250 0.522860
0.012706 0.010276 -0.253331 0.524961 0.540888
0.006225 0.022539 -0.071621 0.096699 0.765519
0.008414 0.015082 0.180320 -0.463188 -0.571636
0.011717 0.006343 -0.014242 0.017767 -0.182020
0.009922 0.010012 -0.075376 0.164384 0.920012
0.013025 0.002506 0.229615 -0.531414 -0.258798
0.020398 -0.013967 0.139700 -0.298776 0.091382
0.026575 -0.027208 0.169323 -0.364979 -0.221611
0.031876 -0.038511 0.096178 -0.204722 -0.674157
0.031292 -0.036940 -0.124641 0.276845 -0.542424
0.022821 -0.018731 -0.298710 0.632246 0.930904
0.017201 -0.008989 0.016352 -0.132508 -0.612093
0.013783 -0.004886 -0.186626 0.331967 0.500946
0.009711 0.000171 -0.017702 -0.072449 0.919338
0.015106 -0.016720 0.286711 -0.765671 -1.728780
0.014997 -0.020129 -0.290040 0.575652 0.460638
0.006591 -0.005386 -0.131145 0.170119 -0.603788
-0.002633 0.010373 -0.329665 0.614679 -0.788335
-0.020991 0.046514 -0.587946 1.191167 2.019148
-0.031011 0.062739 0.084107 -0.354459 0.261213
-0.026105 0.046522 0.161343 -0.458193 -0.328421
-0.022010 0.034962 0.044093 -0.126643 0.526386
-0.016848 0.022839 0.213736 -0.477055 -0.585102
-0.012318 0.013953 0.013668 0.024045 0.099720
-0.011142 0.013720 0.045073 -0.034930 -0.302110
-0.011390 0.017374 -0.057196 0.214870 0.822653
-0.008219 0.013497 0.214864 -0.400878 -1.947208
-0.012675 0.028269 -0.435513 1.120904 2.341830
-0.014424 0.036374 0.345070 -0.688444 0.326292
0.001357 0.005638 0.444265 -0.852162 -0.383002
0.016428 -0.021243 0.310368 -0.502160 0.892948
0.034742 -0.054808 0.604814 -1.173002 -1.631519
0.048026 -0.076395 0.061905 0.071299 0.048241
0.050996 -0.076104 0.086407 -0.054949 -1.874423
0.042156 -0.051265 -0.526988 1.283792 0.636192
0.025608 -0.012535 -0.302003 0.668650 1.166162
0.021412 -0.004855 0.090618 -0.269946 -0.249322
0.023346 -0.011540 0.006531 -0.068476 -0.901384
0.017625 -0.000573 -0.291749 0.609475 0.197871
0.007364 0.019972 -0.222003 0.424496 1.553687
0.008835 0.013023 0.293893 -0.756791 -0.550778
0.016781 -0.007438 0.104537 -0.277054 -0.614810
0.016845 -0.008842 -0.100579 0.199895 0.209275
0.014262 -0.004498 -0.028953 0.020664 -0.493870
0.009829 0.003820 -0.192253 0.391663 0.755799
0.007215 0.007476 0.060565 -0.199807 0.080338
0.010123 -0.001274 0.084921 -0.238884 -0.790795
0.008223 0.001646 -0.178999 0.376825 -0.161072
0.000043 0.018765 -0.230184 0.481046 -0.244790
-0.010763 0.041595 -0.310272 0.662396 2.416650
-0.007104 0.031143 0.490697 -1.161756 -1.113794
0.004868 0.004091 0.109815 -0.209380 -0.422956
0.006401 0.002631 -0.032615 0.131326 -0.038976
0.004846 0.008411 -0.045217 0.158472 0.536120
0.006603 0.006541 0.132482 -0.246659 -1.292722
0.003245 0.017061 -0.298989 0.760534 2.091851
0.005270 0.014782 0.397776 -0.852318 -1.431138
0.011493 0.004202 -0.084653 0.305046 0.004144
0.008165 0.016077 -0.082024 0.291257 1.299275
0.013527 0.007802 0.348773 -0.692863 0.251666
0.029022 -0.022625 0.426317 -0.832510 -1.740296
0.034416 -0.028569 -0.154358 0.515115 0.733291
0.033254 -0.020532 0.095129 -0.103036 -0.084145
0.036523 -0.023656 0.068473 -0.054496 -0.814572
0.033883 -0.013759 -0.199762 0.542973 0.616190
0.030098 -0.002509 0.009552 0.028952 -0.643755
0.026203 0.008485 -0.203771 0.516080 1.949177
0.031072 -0.001265 0.445078 -0.984509 -1.011954
0.041992 -0.023771 0.102627 -0.156940 -0.066576
0.045678 -0.029328 0.081848 -0.122488 -1.339493
0.040085 -0.014136 -0.360252 0.871270 0.349470
0.028159 0.013894 -0.237083 0.540396 1.727952
0.030216 0.008609 0.337991 -0.787094 -1.295737
0.034974 -0.001676 -0.098296 0.256160 0.672458
0.035554 -0.002102 0.126464 -0.270152 -0.502906
0.037226 -0.004830 -0.042171 0.127666 0.958400
0.041940 -0.014690 0.276915 -0.612254 -1.427603
0.043457 -0.016736 -0.199333 0.494020 2.040070
0.049161 -0.029324 0.482295 -1.103345 -1.135059
0.060798 -0.055206 0.101517 -0.208815 -2.151238
0.050647 -0.031541 -0.607182 1.375106 1.249349
0.034946 0.001741 -0.180130 0.310340 -0.086908
0.027205 0.015148 -0.207082 0.361931 0.798956
0.024256 0.017255 0.058648 -0.247587 -1.196841
0.018564 0.026500 -0.341941 0.698335 1.215332
0.013014 0.035496 0.062774 -0.233556 -0.357179
0.013032 0.032810 -0.061289 0.094151 1.083112
0.017721 0.020625 0.294753 -0.694832 -0.355316
0.026992 -0.000264 0.169723 -0.358409 0.215512
0.035156 -0.017397 0.238570 -0.499678 -1.092561
0.037390 -0.020300 -0.125505 0.342154 1.262552
0.040861 -0.026896 0.297585 -0.659171 -0.808089
0.047346 -0.040563 0.027925 -0.035746 -1.220809
0.040426 -0.024113 -0.372856 0.849217 0.335718
0.027925 0.003041 -0.253231 0.518441 1.601983
0.028522 -0.001421 0.281247 -0.724964 -2.573737
0.022543 0.010093 -0.577319 1.274835 2.471594
0.016059 0.021693 0.249842 -0.665118 -1.037275
0.019002 0.012449 -0.101204 0.189145 1.465199
0.024698 -0.002420 0.384575 -0.920014 -2.475780
0.023475 0.000026 -0.442777 1.015633 1.401842
0.015239 0.017798 0.028917 -0.107686 1.219288
0.024447 -0.004645 0.430511 -1.006308 -2.107425
0.027503 -0.011247 -0.275001 0.651583 1.375827
0.025775 -0.007414 0.186844 -0.443847 -1.151661
0.025534 -0.007017 -0.197519 0.451229 1.115860
0.025137 -0.006840 0.176293 -0.429987 -0.472825
0.028991 -0.016324 0.017154 -0.051392 -0.755831
0.024675 -0.007043 -0.232246 0.509425 0.117431
0.016257 0.010722 -0.189196 0.384102 0.151567
0.009729 0.023531 -0.137629 0.260611 0.563026
0.007953 0.025546 0.048115 -0.153595 -1.475248
-0.000017 0.042890 -0.445078 1.007694 0.989263
-0.011190 0.067723 -0.115290 0.249860 2.358922
-0.000247 0.042882 0.660431 -1.473548 -0.555912
0.022152 -0.004524 0.461164 -0.913689 -1.565888
0.030045 -0.015851 -0.064334 0.327612 0.593258
0.031495 -0.012618 0.136006 -0.158490 -0.616443
0.032831 -0.009521 -0.068539 0.307407 0.320409
0.032281 -0.002732 0.040495 0.037196 0.111782
0.034649 -0.003027 0.077759 -0.050795 0.132525
0.038632 -0.007051 0.121343 -0.149782 0.675587
0.047966 -0.023338 0.344825 -0.660603 0.511745
0.065104 -0.057228 0.512127 -1.035165 -1.694699
0.074292 -0.072583 -0.050374 0.245948 -1.462297
0.062753 -0.042319 -0.525706 1.259611 2.064061
0.055731 -0.026248 0.171788 -0.429499 -1.155828
0.054907 -0.025683 -0.211647 0.445603 -0.516368
0.043129 -0.001085 -0.377168 0.784428 2.181530
0.042675 -0.004265 0.351850 -0.920126 -0.852975
0.050944 -0.026804 0.063122 -0.221202 -2.102091
0.039513 -0.003664 -0.632694 1.360755 2.527614
0.031233 0.010063 0.215317 -0.643467 -0.445866
0.036759 -0.007702 0.061955 -0.253765 0.068560
0.039672 -0.018715 0.083811 -0.298454 -0.353038
0.040672 -0.025238 -0.033242 -0.032704 0.623617
0.043542 -0.036636 0.176143 -0.532422 -2.472105
0.034150 -0.020102 -0.643194 1.336497 1.076605
0.015833 0.014594 -0.274756 0.418023 1.151665
0.012535 0.013432 0.108554 -0.463959 -0.682507
0.012239 0.006317 -0.122367 0.098916 -0.689218
0.002762 0.020904 -0.350929 0.625888 0.065874
-0.010786 0.044605 -0.327057 0.564726 0.621301
-0.019752 0.057980 -0.122195 0.113164 0.039184
-0.024492 0.063136 -0.114875 0.145205 2.206822
-0.014542 0.036445 0.610534 -1.463294 -2.741893
-0.008661 0.022851 -0.312872 0.750199 1.556170
-0.010769 0.028539 0.205496 -0.447797 -0.429271
-0.005541 0.018524 0.056672 -0.060336 -0.179394
-0.004524 0.019423 -0.005606 0.103178 1.067404
0.002316 0.007516 0.346647 -0.689809 0.099153
0.016713 -0.020457 0.373662 -0.713997 -1.014562
0.024841 -0.032911 0.034234 0.077597 -1.164817
0.018541 -0.012744 -0.348310 0.923040 0.790495
0.010029 0.010550 -0.078770 0.255600 0.124649
0.007716 0.018808 -0.037169 0.160289 0.790616
0.011464 0.013345 0.223746 -0.426279 -0.796250
0.015016 0.009452 -0.045075 0.221795 -0.296723
0.011245 0.022853 -0.143400 0.447729 1.773346
0.017312 0.013513 0.444880 -0.897813 0.101667
0.035609 -0.022400 0.470620 -0.904786 -0.995525
0.047716 -0.042568 0.136393 -0.118848 -1.569935
0.042802 -0.024012 -0.380734 1.034401 1.804770
0.039780 -0.012252 0.227183 -0.423717 -0.614839
0.044734 -0.019430 0.021417 0.056618 0.290089
0.047566 -0.022105 0.119860 -0.187468 -0.912857
0.046304 -0.015804 -0.182025 0.494218 3.000000
0.059082 -0.043102 0.817681 -1.831292 -1.455502
0.081920 -0.092553 0.327241 -0.668580 -1.811968
0.083088 -0.092871 -0.266832 0.634318 -1.290901
0.064138 -0.050719 -0.680325 1.470728 1.344434
0.046198 -0.015632 -0.219012 0.306427 -1.482506
0.027660 0.018653 -0.706814 1.399185 2.343896
0.015150 0.037225 0.077999 -0.440669 -1.362331
0.009064 0.041986 -0.380674 0.664100 1.311134
0.002561 0.048560 0.053870 -0.320140 0.324677
0.006718 0.032360 0.154031 -0.490723 0.080929
0.013271 0.012928 0.173952 -0.484793 -0.859032
0.014410 0.007716 -0.115796 0.213396 0.770831
0.014919 0.004340 0.140365 -0.374609 -0.822402
0.014993 0.002629 -0.135578 0.279518 0.644405
0.013891 0.003634 0.079639 -0.222029 0.655064
0.021389 -0.014894 0.294882 -0.701289 -2.285168
0.017908 -0.007216 -0.466344 1.061995 1.983714
0.012624 0.003237 0.199518 -0.515127 -2.126263
0.006374 0.016099 -0.509731 1.137500 2.739125
0.004336 0.018427 0.404509 -0.990689 -1.411507
0.010934 0.002271 -0.072566 0.163582 0.684553
0.012601 -0.001830 0.155183 -0.362069 -0.567752
0.014977 -0.007110 -0.035578 0.090656 0.504959
0.016938 -0.011489 0.133135 -0.304953 -1.115817
0.014817 -0.006367 -0.237957 0.550081 0.259791
0.007122 0.010800 -0.147526 0.314987 1.481130
0.011093 0.000515 0.344547 -0.815462 -0.111471
0.024005 -0.029252 0.301800 -0.680630 -0.222673
0.034553 -0.052790 0.226367 -0.503523 -1.098811
0.036343 -0.056608 -0.135525 0.300527 -0.921069
0.024969 -0.032143 -0.432752 0.919077 -0.597899
0.003891 0.011862 -0.621353 1.284750 0.505931
-0.017426 0.054067 -0.446017 0.840250 1.884953
-0.022734 0.058967 0.178312 -0.574252 -0.356913
-0.018192 0.043636 0.049608 -0.200458 0.184251
-0.015113 0.034110 0.104396 -0.276654 0.662313
-0.006654 0.014077 0.318242 -0.722780 -0.990960
-0.000662 0.001724 -0.017144 0.091270 0.120334
-0.000542 0.003486 0.022936 -0.001480 -0.562166
-0.003378 0.012190 -0.164200 0.432288 0.177413
-0.008733 0.026506 -0.104049 0.288385 -0.247407
-0.014561 0.042114 -0.187338 0.492248 1.552350
-0.011760 0.038362 0.325656 -0.664430 -0.966279
-0.005353 0.028444 -0.003873 0.155166 -0.090224
-0.006157 0.036541 -0.036323 0.249980 3.000000
0.012287 0.001057 0.955839 -2.000248 -2.966903
0.030469 -0.030629 -0.042383 0.375919 1.029166
0.035733 -0.032556 0.304325 -0.460882 -0.500880
0.044568 -0.043392 0.138226 -0.088385 0.080250
0.050705 -0.049000 0.168576 -0.191657 -1.339787
0.048614 -0.036951 -0.271907 0.782941 2.270954
0.053033 -0.042356 0.490169 -1.028734 -2.645651
0.054984 -0.042496 -0.389489 0.993336 0.570871
0.043440 -0.013796 -0.189060 0.454725 0.270092
0.037770 -0.000646 -0.095054 0.208828 1.021129
0.040790 -0.008238 0.244985 -0.578855 -0.404964
0.047823 -0.024552 0.107486 -0.244792 0.619113
0.056254 -0.044056 0.313661 -0.727412 -2.360146
0.053095 -0.036968 -0.469011 1.058342 1.139314
0.042152 -0.014366 -0.080020 0.089625 -0.804541
0.033644 0.001157 -0.344728 0.681296 1.111342
0.027348 0.010483 0.028377 -0.200733 -0.319627
0.026303 0.007907 -0.080175 0.067668 0.591669
0.027024 0.001649 0.115641 -0.375584 -0.476307
0.028420 -0.005484 -0.045119 0.012061 0.687732
0.031203 -0.015679 0.183648 -0.516413 -1.414034
0.029099 -0.014259 -0.287170 0.572442 -0.734627
0.012844 0.018861 -0.525410 1.082871 2.263463
0.007003 0.026445 0.230473 -0.677321 -1.312620
0.007330 0.021062 -0.212406 0.392161 2.103769
0.012837 0.004438 0.485637 -1.204366 -2.447152
0.015789 -0.004393 -0.334840 0.733851 1.769794
0.014287 -0.003277 0.257562 -0.658288 -1.304946
0.015815 -0.008722 -0.179491 0.370496 0.276628
0.010549 0.001185 -0.084365 0.130195 -0.234858
0.005627 0.009890 -0.161614 0.304315 0.681938
0.003721 0.011446 0.065447 -0.218875 -0.691123
0.001680 0.013902 -0.166656 0.334427 0.959974
0.001416 0.012447 0.152348 -0.397200 -0.074386
0.006924 -0.001441 0.123468 -0.301302 -0.654901
0.007461 -0.003024 -0.095817 0.214579 0.375995
0.006165 -0.000537 0.030523 -0.085500 -0.137238
0.006458 -0.001709 -0.015686 0.025123 -0.619324
0.001715 0.008776 -0.220931 0.494613 2.308650
0.008287 -0.007324 0.547069 -1.277998 -1.251355
0.021664 -0.037648 0.123996 -0.258708 -0.865780
0.020908 -0.035201 -0.160846 0.372658 0.316703
0.016713 -0.026438 -0.049537 0.071438 0.066978
0.015245 -0.025286 -0.023997 -0.012447 -0.186926
0.013096 -0.023453 -0.083329 0.102842 -1.212975
0.001762 -0.001359 -0.482411 0.993794 1.477051
-0.007555 0.014372 0.014406 -0.187470 -0.757584
-0.012079 0.019126 -0.239723 0.417589 1.176249
-0.013824 0.017684 0.151094 -0.477426 -0.900448
-0.013882 0.013500 -0.152798 0.257113 -0.260871
-0.021722 0.027795 -0.239131 0.457669 0.757844
-0.026242 0.034539 0.012108 -0.111114 -0.634966
-0.030076 0.040828 -0.203120 0.419351 0.540470
-0.034638 0.049740 -0.025798 0.033532 0.979579
-0.029269 0.037213 0.293467 -0.652881 0.021484
-0.017574 0.012546 0.291823 -0.586222 -0.699131
-0.010676 0.000959 0.054226 -0.003598 0.049588
-0.008187 0.000127 0.070181 -0.037665 0.078765
-0.004869 -0.002489 0.095673 -0.092892 0.429209
0.001797 -0.012686 0.237324 -0.414448 -0.738129
0.006338 -0.017619 -0.009273 0.158713 0.921950
0.012156 -0.026008 0.299186 -0.569575 -1.714848
0.012684 -0.022259 -0.270856 0.739454 1.604124
0.012675 -0.018783 0.268370 -0.546946 -0.587396
0.019456 -0.031303 0.071657 -0.088060 -0.755035
0.017353 -0.023802 -0.176133 0.456983 -0.165494
0.009324 -0.004104 -0.225533 0.530788 1.001940
0.007054 0.000968 0.110681 -0.264999 -0.518677
0.007985 -0.001248 -0.063450 0.147966 0.658582
0.009849 -0.005636 0.155965 -0.361081 -1.424315
0.006568 0.002194 -0.318500 0.738676 0.873332
-0.000259 0.017428 -0.024245 0.035942 -0.545539
-0.004895 0.027641 -0.207043 0.470612 0.192365
-0.011892 0.043567 -0.143322 0.330851 2.253209
-0.002696 0.022847 0.600995 -1.347825 -1.439187
0.011511 -0.006585 0.111710 -0.146323 -0.387067
0.013390 -0.006403 -0.017284 0.151275 0.782659
0.017935 -0.012682 0.243729 -0.457918 -0.712690
0.022896 -0.019689 0.005317 0.098328 0.287881
0.025076 -0.020723 0.103334 -0.146799 -0.693376
0.024616 -0.016188 -0.125637 0.367250 0.695054
0.024301 -0.013000 0.108922 -0.199303 -0.992844
0.022047 -0.005715 -0.220565 0.554461 1.787112
0.025205 -0.011826 0.376388 -0.841630 -1.693911
0.028887 -0.018582 -0.190069 0.483826 1.262723
0.029794 -0.019665 0.233879 -0.524051 -1.281207
0.030588 -0.020669 -0.192620 0.459848 0.699286
0.027647 -0.014074 0.044555 -0.120674 -1.374846
0.020295 0.002091 -0.410895 0.917580 -0.341594
0.001720 0.042898 -0.518219 1.127723 2.198029
-0.004325 0.053838 0.213065 -0.554568 0.420788
0.006789 0.027229 0.342778 -0.778071 -0.373740
0.017831 0.003560 0.210312 -0.415121 0.761260
0.031230 -0.024060 0.459301 -0.963545 -0.945209
0.043216 -0.047318 0.141674 -0.214707 -1.240365
0.040705 -0.037651 -0.266069 0.687427 0.676053
0.034741 -0.022286 -0.033295 0.092123 -0.421093
0.030669 -0.012736 -0.170054 0.383163 0.155721
0.024986 -0.000573 -0.114549 0.229557 -0.547302
0.016797 0.016734 -0.294600 0.633546 -0.430305
0.002209 0.048260 -0.434890 0.944487 2.438896
0.001056 0.048558 0.374353 -0.903572 -0.160378
0.014716 0.017247 0.309586 -0.671344 -0.472000
0.023814 -0.001016 0.146299 -0.251241 -0.277265
0.027780 -0.006449 0.052426 -0.024674 -0.177912
0.028697 -0.004774 -0.006359 0.106865 0.194047
0.029755 -0.003691 0.058950 -0.050247 -0.291831
0.030166 -0.001191 -0.038091 0.172586 1.002842
0.035336 -0.009909 0.295559 -0.599388 -1.584793
0.036542 -0.008925 -0.233381 0.631542 0.739411
0.032235 0.003970 0.016852 0.024257 1.248272
0.041201 -0.014135 0.430354 -0.919815 -1.238508
0.050064 -0.030962 0.014633 0.061210 -0.346970
0.048414 -0.023946 -0.096877 0.287829 0.998193
0.051271 -0.028664 0.238544 -0.513422 -0.612922
0.056718 -0.039733 0.034782 -0.048824 -0.023448
0.058032 -0.042148 0.030901 -0.072086 0.101929
0.060026 -0.047445 0.068744 -0.192106 -1.546331
0.052570 -0.032221 -0.440103 0.940632 1.692621
0.046437 -0.022564 0.131175 -0.436659 -0.839857
0.046083 -0.027046 -0.147792 0.202649 -0.656186
0.035899 -0.009734 -0.361032 0.660003 1.145037
0.029199 -0.002008 0.024419 -0.259270 -0.932341
0.023941 0.002271 -0.286280 0.463908 -1.463750
0.002822 0.042768 -0.768616 1.553243 1.628416
-0.016953 0.078885 -0.223027 0.278656 -0.048003
-0.026325 0.092252 -0.245633 0.390758 3.000000
-0.016387 0.063741 0.740112 -1.793171 -1.881775
0.000300 0.024768 0.097158 -0.184732 -1.140213
-0.003486 0.035753 -0.285229 0.723348 2.275767
0.000260 0.029679 0.469984 -1.004148 0.836145
0.024397 -0.021256 0.736923 -1.544992 -2.310392
0.038312 -0.045969 -0.037723 0.278288 0.523556
0.040421 -0.044263 0.142434 -0.186182 -2.038507
0.032628 -0.021165 -0.530273 1.324874 1.939551
0.024561 -0.000184 0.124092 -0.249663 0.122940
0.030300 -0.011689 0.162960 -0.326775 -1.606817
0.026101 0.000132 -0.371198 0.902901 1.876079
0.023865 0.006264 0.256964 -0.574322 -1.128116
0.026534 0.001577 -0.122056 0.326419 0.694049
0.026309 0.003613 0.109953 -0.216580 -1.289629
0.022083 0.015179 -0.319934 0.783080 1.684222
0.020567 0.019985 0.242024 -0.523396 -0.387702
0.027540 0.006212 0.107407 -0.172905 0.955326
0.038145 -0.014962 0.422130 -0.880038 -0.106574
0.054213 -0.047652 0.382088 -0.762604 -2.590323
0.052262 -0.038480 -0.476853 1.195834 1.547607
0.043741 -0.016858 0.048472 -0.092625 -0.816640
0.040267 -0.008247 -0.221360 0.516314 0.649228
0.035825 0.001587 -0.001773 -0.015171 0.248884
0.037400 -0.002748 0.080345 -0.199883 0.234923
0.042149 -0.014112 0.157057 -0.368200 -1.568473
0.037971 -0.004544 -0.364304 0.831688 0.603808
0.027549 0.018268 -0.158038 0.320628 1.076869
0.028395 0.014588 0.199136 -0.493932 -0.345074
0.033954 0.001168 0.079556 -0.184017 0.124448
0.037929 -0.007792 0.119272 -0.264664 -0.819069
0.037225 -0.005584 -0.153544 0.366664 1.122224
0.038613 -0.008740 0.221620 -0.512747 -1.297308
0.038786 -0.008799 -0.211385 0.495594 2.106199
0.044432 -0.022163 0.491382 -1.143311 -2.779492
0.045475 -0.024168 -0.435877 1.012356 0.272864
0.030058 0.010259 -0.336015 0.719866 0.474455
0.019858 0.031079 -0.175011 0.330763 1.731086
0.024348 0.018052 0.397764 -0.966614 -0.637274
0.035830 -0.009075 0.177700 -0.402983 -1.025313
0.036073 -0.009076 -0.164313 0.391744 0.578594
0.033425 -0.002992 0.031083 -0.079692 -0.291491
0.032721 -0.001626 -0.065990 0.145100 0.653365
0.034449 -0.006054 0.151731 -0.360278 -1.346826
0.031515 0.000606 -0.296965 0.679978 0.504365
0.023090 0.019200 -0.125298 0.259375 1.150522
0.025723 0.012044 0.255769 -0.606509 -0.872109
0.030030 0.002311 -0.039140 0.107938 0.578204
0.032318 -0.002305 0.152918 -0.333467 -0.102297
0.037704 -0.013640 0.116768 -0.236897 -1.193262
0.034428 -0.004746 -0.279355 0.670673 1.469099
0.033134 -0.001457 0.212821 -0.489274 -0.527555
0.038063 -0.012264 0.034482 -0.059266 0.298485
0.041442 -0.019387 0.134247 -0.294995 0.086182
0.047380 -0.032529 0.162787 -0.363745 -0.155231
0.052873 -0.044929 0.112280 -0.260229 -0.271936
0.055615 -0.051830 0.025216 -0.088606 -2.471478
0.040292 -0.018514 -0.789300 1.736119 2.229181
0.023852 0.013967 -0.036114 -0.080136 0.696581
0.026998 0.000522 0.192887 -0.587687 -1.120968
0.027167 -0.004936 -0.182978 0.301221 0.481038
0.023104 -0.000765 -0.020828 -0.086393 -0.716577
0.017493 0.006917 -0.259019 0.464258 0.032462
0.007403 0.024559 -0.245863 0.421970 1.468369
0.007343 0.018930 0.241254 -0.688975 -0.609289
0.012794 0.002123 0.032373 -0.162076 -1.031219
0.007198 0.011783 -0.311088 0.635768 0.742495
-0.000238 0.025268 -0.061899 0.049466 0.511368
0.000636 0.019951 0.105147 -0.311313 -1.229176
-0.003428 0.027294 -0.306956 0.666125 0.475447
-0.012507 0.046423 -0.147950 0.299401 0.713353
-0.013745 0.048181 0.085210 -0.204076 0.516562
-0.007046 0.033529 0.249538 -0.526943 0.249166
0.004432 0.010152 0.324626 -0.644866 0.499089
0.020610 -0.022166 0.484314 -0.972791 -2.237925
0.024992 -0.025882 -0.262400 0.761812 1.895247
0.027268 -0.026092 0.373851 -0.751129 -1.538611
0.031927 -0.032074 -0.138911 0.434143 0.270804
0.028303 -0.020148 -0.042917 0.168182 -1.175104
0.018836 0.003979 -0.429597 1.030922 1.922908
0.014585 0.014434 0.214521 -0.484774 -1.745995
0.011442 0.022889 -0.369699 0.889821 1.279680
0.005244 0.038223 0.057887 -0.105915 -0.182292
0.006240 0.037858 -0.007786 0.084962 1.183689
0.013721 0.023904 0.380793 -0.773526 0.711143
0.033505 -0.016326 0.608437 -1.239364 -1.939294
0.044783 -0.034795 -0.041727 0.290542 0.658203
0.047605 -0.034427 0.181951 -0.264306 -0.534901
0.051356 -0.037190 0.006240 0.120161 -0.255816
0.049999 -0.029438 -0.073993 0.266938 -1.011669
0.040411 -0.004220 -0.404786 0.988881 1.482912
0.034238 0.011175 0.094017 -0.199341 -0.385145
0.035377 0.009686 -0.036555 0.120107 0.912176
0.039974 0.000584 0.265511 -0.567391 -0.023524
0.050345 -0.020937 0.253535 -0.513649 0.267908
0.062231 -0.045354 0.340901 -0.709242 -2.146051
0.061589 -0.040876 -0.370594 0.911381 1.727041
0.058475 -0.033061 0.212595 -0.499420 -1.338955
0.058070 -0.032551 -0.231267 0.510815 -0.036225
0.048726 -0.012966 -0.236347 0.472835 1.891445
0.051954 -0.024011 0.395604 -1.006431 -1.754797
0.056007 -0.036510 -0.190513 0.359653 -0.802212
0.043187 -0.011104 -0.450154 0.908076 -0.305219
0.023314 0.028466 -0.543941 1.075780 0.724265
0.006475 0.059633 -0.299555 0.497187 1.106844
0.001790 0.063324 0.063949 -0.300630 0.759515
0.009208 0.041566 0.306658 -0.784967 -1.128863
0.013754 0.029544 -0.077701 0.168269 2.258708
0.025623 0.002095 0.669124 -1.522729 -0.189275
0.050886 -0.053777 0.595362 -1.285177 -2.651299
0.057000 -0.064061 -0.286185 0.740055 -0.631813
0.041601 -0.027202 -0.483936 1.105233 0.529851
0.025993 0.006797 -0.297849 0.608356 0.343499
0.016440 0.025234 -0.180616 0.321206 0.481529
0.012408 0.030882 -0.021631 -0.032689 1.242729
0.019731 0.011291 0.386797 -0.938169 -1.627067
0.024210 0.000314 -0.160662 0.368854 1.111814
0.025231 -0.002460 0.210423 -0.495990 -1.301473
0.024917 -0.001660 -0.224552 0.521848 0.551507
0.019683 0.010043 -0.038080 0.071994 -0.071069
0.017672 0.014191 -0.062457 0.135342 1.188293
0.023062 0.001540 0.330856 -0.757928 -1.334360
0.027298 -0.007189 -0.117273 0.304860 0.872960
0.028472 -0.008940 0.174936 -0.383143 -0.699324
0.030775 -0.013179 -0.058843 0.162690 -0.502223
0.025130 0.000560 -0.223082 0.521952 2.542506
0.033194 -0.018270 0.623554 -1.439570 -1.047628
0.050985 -0.058228 0.268147 -0.578731 -1.168302
0.053986 -0.064023 -0.116630 0.275699 -1.097268
0.042209 -0.037997 -0.471596 1.020622 -0.293304
0.021632 0.005121 -0.557874 1.142087 1.752584
0.011137 0.022506 0.030622 -0.249701 -0.465914
0.009175 0.020560 -0.128055 0.146466 1.903941
0.016693 -0.002512 0.502194 -1.284690 -1.927931
0.023767 -0.022594 -0.145725 0.254867 -0.963543
0.011617 0.001568 -0.461153 0.948324 -0.042783
-0.006972 0.038956 -0.469021 0.928721 1.383878
-0.016479 0.054578 -0.008316 -0.129366 1.185730
-0.009072 0.032697 0.377858 -0.957670 -1.203059
-0.002178 0.014938 -0.031340 0.052200 0.993417
0.003147 0.002083 0.296701 -0.687192 -2.104837
0.000901 0.007940 -0.406574 0.958091 2.277899
-0.000087 0.010218 0.354381 -0.818773 -1.476952
0.004112 0.001529 -0.142419 0.366028 0.567609
0.002238 0.007038 0.047931 -0.083186 0.295067
0.006085 -0.000507 0.144228 -0.292595 -1.500689
0.001824 0.011267 -0.355735 0.867308 1.061067
-0.005247 0.028809 0.000555 0.025183 0.189649
-0.004029 0.027584 0.060161 -0.085085 0.376561
0.000801 0.019199 0.181117 -0.332380 0.128059
0.008797 0.004873 0.218885 -0.385985 -0.604079
0.013457 -0.000609 0.014982 0.103928 0.890211
0.019988 -0.010234 0.310663 -0.577527 -0.526716
0.028838 -0.024663 0.132798 -0.152781 -0.150258
0.033175 -0.028790 0.084289 -0.055746 0.222530
0.038075 -0.034986 0.160551 -0.252547 -1.112066
0.037136 -0.028450 -0.206378 0.569157 1.432244
0.038551 -0.029059 0.275361 -0.583553 -0.661309
0.045139 -0.042105 0.055102 -0.078536 -1.745803
0.035813 -0.019288 -0.519944 1.206210 0.194669
0.016533 0.023949 -0.445213 0.967448 1.538352
0.009045 0.038333 0.068683 -0.228375 -0.345673
0.009371 0.035737 -0.051866 0.093583 0.317567
0.009338 0.035353 0.049908 -0.109964 1.488693
0.021134 0.009111 0.538767 -1.192408 -2.117882
0.028390 -0.004199 -0.173120 0.500533 0.606799
0.025581 0.005778 0.031694 0.007242 -0.116646
0.026054 0.008030 -0.007901 0.104416 2.007435
0.039083 -0.018542 0.657460 -1.416878 -2.962977
0.045495 -0.028214 -0.333063 0.898677 1.946437
0.045311 -0.023973 0.321390 -0.663942 -0.703738
0.053433 -0.039354 0.085889 -0.115922 0.714856
0.061686 -0.055678 0.326164 -0.695247 -1.654668
0.063751 -0.058461 -0.220934 0.538128 1.062195
0.062183 -0.055261 0.141082 -0.364893 -1.673982
0.056767 -0.044962 -0.410219 0.864839 1.637172
0.051475 -0.037665 0.143459 -0.479824 -2.314101
0.041838 -0.021549 -0.622963 1.264614 0.028130
0.017349 0.026440 -0.602557 1.145873 2.478633
0.009847 0.033340 0.224315 -0.772393 0.016012
0.018738 0.004027 0.220886 -0.700014 -2.001884
0.014143 0.007840 -0.448273 0.869341 0.657309
0.000700 0.031566 -0.225175 0.329333 0.750303
-0.003337 0.033546 0.022400 -0.222148 -0.286701
-0.004457 0.030169 -0.077883 0.048844 0.066759
-0.007189 0.031767 -0.058799 0.031658 0.269488
-0.007817 0.029628 0.027180 -0.136653 -0.264048
-0.008575 0.029125 -0.064717 0.107958 0.328214
-0.009033 0.028976 0.041462 -0.112295 -0.526997
-0.010966 0.033440 -0.137473 0.330150 3.000000
0.003457 0.000969 0.855812 -1.928983 -1.687849
0.026160 -0.047621 0.282500 -0.530182 -2.651298
0.019854 -0.028516 -0.595213 1.461763 1.674568
0.007462 0.001661 -0.027016 0.072373 0.099259
0.007045 0.003012 0.006012 -0.003457 -0.097548
0.006625 0.004487 -0.026910 0.076387 -0.206252
0.004174 0.010754 -0.095519 0.235965 0.594267
0.004313 0.011040 0.101781 -0.215292 -0.327096
0.006147 0.008039 -0.009632 0.060790 -0.106526
0.005039 0.012255 -0.045700 0.149619 0.544607
0.006823 0.010002 0.134332 -0.257007 -0.883685
0.006252 0.013917 -0.161915 0.443700 0.610242
0.003864 0.022068 0.041646 -0.027888 0.419873
0.008263 0.015100 0.177959 -0.317822 0.022135
0.015439 0.002869 0.181136 -0.296434 0.129347
0.023486 -0.010465 0.221349 -0.371882 -0.414843
0.029540 -0.018667 0.082013 -0.044447 0.610571
0.036909 -0.030151 0.285911 -0.525251 -1.293793
0.039723 -0.031253 -0.143699 0.456118 -1.398186
0.024807 0.007176 -0.601263 1.458986 2.732589
0.019132 0.021827 0.313862 -0.693119 0.210658
0.032929 -0.007659 0.376382 -0.785690 -0.662642
0.043468 -0.027991 0.151807 -0.242653 0.893951
0.055504 -0.051703 0.449309 -0.937642 -1.512173
0.063393 -0.065943 -0.052712 0.206392 -1.658936
0.050432 -0.034030 -0.594262 1.379743 0.806930
0.032309 0.006173 -0.313716 0.648444 0.915402
0.025932 0.017360 -0.006457 -0.076648 0.034678
0.025853 0.014302 0.002522 -0.076837 1.453856
0.035578 -0.010636 0.482566 -1.159822 -1.811430
0.042677 -0.027868 -0.125035 0.274493 0.232876
0.039326 -0.021444 -0.042979 0.051086 -0.226246
0.036156 -0.016459 -0.115387 0.197106 1.080179
0.038791 -0.025781 0.245981 -0.653093 -1.731101
0.037075 -0.025021 -0.329734 0.672668 0.294392
0.026001 -0.004085 -0.224798 0.382309 0.667408
0.021516 0.000377 -0.000350 -0.150847 0.332594
0.023692 -0.010528 0.108941 -0.393152 -2.097960
0.014058 0.006287 -0.588438 1.214654 1.803589
0.002689 0.025723 0.017321 -0.218690 -0.671249
-0.001173 0.028203 -0.209592 0.335403 1.102244
-0.002239 0.024936 0.155081 -0.487823 -0.793315
-0.001443 0.018871 -0.114137 0.174116 -1.486753
-0.015912 0.048904 -0.608033 1.316976 1.172134
-0.032352 0.083036 -0.216159 0.409881 1.371899
-0.032018 0.079898 0.231434 -0.553991 0.069422
-0.022565 0.059310 0.241693 -0.480438 -0.212798
-0.014524 0.045421 0.161005 -0.220310 0.985785
-0.001673 0.022885 0.480937 -0.901561 0.130628
0.018236 -0.013394 0.515129 -0.919318 -0.789335
0.033469 -0.037070 0.248009 -0.278302 0.632340
0.047622 -0.058339 0.459238 -0.782083 -0.396763
0.063354 -0.083800 0.328328 -0.500170 -2.056011
0.062939 -0.073619 -0.347047 0.990759 0.422954
0.052171 -0.043446 -0.192559 0.530015 0.015215
0.044742 -0.024154 -0.179398 0.439608 0.990950
0.044274 -0.022901 0.154742 -0.365427 -2.361966
0.034746 -0.001248 -0.628794 1.427380 2.376469
0.025619 0.017441 0.169132 -0.462559 -0.132511
0.031392 0.002033 0.120011 -0.312969 -1.029512
0.029289 0.005834 -0.223977 0.492466 0.899137
0.026369 0.011235 0.076799 -0.211435 0.724712
0.034202 -0.007775 0.314365 -0.735486 -2.214377
0.031949 -0.002335 -0.424451 0.984415 0.893836
0.021068 0.021979 -0.121216 0.246523 0.559434
0.019925 0.023470 0.063387 -0.165879 1.054931
0.029395 0.001438 0.409396 -0.929413 0.220591
0.047089 -0.037810 0.475815 -1.039142 -1.624453
0.055243 -0.053907 -0.065804 0.213189 -0.518454
0.049312 -0.038927 -0.230502 0.534324 0.061575
0.040667 -0.020081 -0.202315 0.413355 0.958710
0.039057 -0.019260 0.120624 -0.361265 0.461729
0.046940 -0.040734 0.273357 -0.711710 -1.453875
0.048190 -0.046866 -0.208973 0.388352 -0.442049
0.037055 -0.026126 -0.347765 0.649119 1.933409
0.036162 -0.031305 0.300825 -0.887428 -2.558636
0.031118 -0.027046 -0.550087 1.073769 1.566243
0.019758 -0.010192 -0.020190 -0.209861 -1.784539
0.007075 0.008895 -0.612234 1.148906 1.350475
-0.008273 0.032803 -0.157334 0.066630 0.116692
-0.013850 0.034373 -0.121630 0.012973 1.055052
-0.011771 0.019502 0.224703 -0.748876 -2.934321
-0.022454 0.036096 -0.755547 1.549214 2.505050
-0.035866 0.058449 0.081351 -0.398985 -0.009292
-0.032863 0.044551 0.069174 -0.299979 -0.688822
-0.034822 0.044589 -0.166196 0.293568 1.179060
-0.033689 0.038930 0.221626 -0.565663 -0.757162
-0.030035 0.029624 -0.037745 0.089414 0.899152
-0.025622 0.020007 0.257550 -0.563062 0.040966
-0.015183 -0.001886 0.264861 -0.536253 -1.132376
-0.012204 -0.005222 -0.114481 0.356259 -0.732501
-0.021596 0.019730 -0.354755 0.888723 2.454028
-0.019381 0.016912 0.462674 -1.003650 -1.637744
-0.011964 0.003704 -0.089543 0.322106 0.232493
-0.013965 0.012719 -0.011008 0.133106 0.594556
-0.010466 0.009075 0.185337 -0.309799 -0.311893
-0.005202 0.002148 0.078405 -0.041709 0.257436
-0.000373 -0.003322 0.162890 -0.230208 0.134143
0.007000 -0.014313 0.205801 -0.320243 -0.350065
0.012879 -0.021602 0.088714 -0.049501 -1.114950
0.009044 -0.006845 -0.279437 0.778706 1.039232
0.004906 0.007184 0.070955 -0.062642 1.243479
0.015983 -0.014129 0.481862 -0.994150 -2.155697
0.020793 -0.019739 -0.238653 0.688841 1.533324
0.021588 -0.017073 0.276440 -0.537831 -0.488334
0.029347 -0.030721 0.112408 -0.152695 -0.112191
0.033137 -0.035574 0.077275 -0.091786 -0.293919
0.034334 -0.035397 -0.017131 0.097972 -0.988928
0.027161 -0.017209 -0.340767 0.805224 0.956250
0.020048 -0.001128 -0.016403 0.013097 -0.007610
0.019343 -0.000493 -0.018864 0.018665 0.570787
0.022386 -0.008516 0.170504 -0.415280 -0.948552
0.022850 -0.010161 -0.146151 0.322335 -0.469345
0.013950 0.009314 -0.298678 0.650634 1.883960
0.014610 0.005783 0.329467 -0.807429 -0.941463
0.021388 -0.010801 0.010933 -0.035853 0.402882
0.024521 -0.018590 0.145365 -0.350755 -0.179860
0.029124 -0.029786 0.085250 -0.213183 -0.224924
0.031070 -0.035233 0.012393 -0.062392 -0.009552
0.031570 -0.038285 0.012617 -0.090433 -2.505745
0.015481 -0.004170 -0.814893 1.777164 2.479911
-0.000340 0.026382 0.020135 -0.215256 0.356532
0.002746 0.013227 0.134033 -0.441909 -1.119477
0.000564 0.013678 -0.241772 0.452003 1.622470
0.001722 0.006583 0.297889 -0.790743 -0.693674
0.008887 -0.013147 0.061654 -0.207862 -2.048282
-0.002275 0.010012 -0.617799 1.348553 1.556948
-0.016450 0.038508 -0.093474 0.099766 1.024692
-0.013448 0.027571 0.242654 -0.638532 -1.419861
-0.013346 0.025364 -0.235737 0.511648 0.439430
-0.019835 0.039029 -0.089524 0.179045 1.051855
-0.016487 0.030759 0.255943 -0.583520 -1.616183
-0.017159 0.033770 -0.287614 0.716371 1.391856
-0.019382 0.040942 0.174671 -0.341393 0.201810
-0.011203 0.025643 0.234436 -0.425416 -1.148394
-0.009593 0.027475 -0.152540 0.504356 0.762363
-0.010618 0.035963 0.100195 -0.070126 0.353613
-0.004360 0.028714 0.212532 -0.290698 0.295026
0.005985 0.013666 0.304730 -0.462280 0.066004
0.018502 -0.004848 0.321431 -0.467013 -0.165881
0.030183 -0.020412 0.263199 -0.316399 -0.067111
0.040251 -0.032033 0.240475 -0.267647 -0.321443
0.047752 -0.038137 0.135061 -0.041958 -0.886934
0.047325 -0.026979 -0.155653 0.593240 0.623763
0.006265 0.008255 0.002133 0.004590 0.348475
0.008647 0.003311 0.116629 -0.249199 0.196720
0.014571 -0.009229 0.179607 -0.378468 -1.806260
0.009698 0.003715 -0.421318 1.008736 1.550478
0.003299 0.019026 0.099146 -0.222733 0.466825
0.010289 0.003727 0.250158 -0.540811 -1.030703
0.013344 -0.001219 -0.096064 0.281015 0.207737
0.010923 0.006469 -0.025386 0.107349 -0.070069
0.009438 0.011890 -0.048884 0.163955 0.382211
0.010018 0.012678 0.077409 -0.120402 -0.315781
0.010961 0.013212 -0.029845 0.143551 1.200155
0.017737 0.000678 0.367449 -0.760089 -1.689108
0.021075 -0.002698 -0.198393 0.571924 0.752632
0.018232 0.007835 0.055092 -0.034657 -0.182154
0.019194 0.009522 -0.006765 0.117199 1.787504
0.030804 -0.013141 0.585554 -1.235829 -1.796102
0.042114 -0.033597 -0.017405 0.188698 -0.293365
0.039563 -0.022533 -0.110060 0.364275 -0.012933
0.035174 -0.008729 -0.109706 0.329116 0.371977
0.033324 -0.001879 0.016598 0.019091 -1.015092
0.027237 0.014454 -0.320040 0.789938 2.542310
0.031428 0.006327 0.526692 -1.170451 -0.955598
0.045941 -0.024057 0.200814 -0.366078 -0.599597
0.049978 -0.029519 0.001848 0.085477 -0.305435
0.048094 -0.022169 -0.095879 0.280774 0.954333
0.050694 -0.026446 0.224764 -0.484729 -0.856100
0.053973 -0.032619 -0.059703 0.165662 1.013558
0.058419 -0.042495 0.280938 -0.649885 -1.789015
0.057756 -0.041131 -0.312018 0.699412 1.362293
0.054530 -0.035922 0.148906 -0.422265 -0.274179
0.058679 -0.048846 0.059077 -0.229230 -3.000000
0.041169 -0.012787 -0.931941 2.008787 3.000000
0.024182 0.018525 0.078205 -0.402965 -0.904564
0.021193 0.017297 -0.226501 0.330990 1.710909
0.023525 0.004244 0.341390 -0.968024 -2.128132
0.022869 -0.000361 -0.371506 0.713268 1.399335
0.017427 0.005739 0.097563 -0.391542 -0.264455
0.019499 -0.005174 0.006595 -0.159559 -1.590297
0.009172 0.012998 -0.521396 1.054715 1.607073
-0.000863 0.029429 0.017323 -0.211941 -1.372530
-0.009395 0.043020 -0.442449 0.878671 1.822497
-0.014942 0.050082 0.162807 -0.504559 0.671528
-0.004153 0.021467 0.376525 -0.926088 -0.182554
0.009503 -0.011001 0.307207 -0.706750 -0.044310
0.021409 -0.037862 0.288719 -0.642551 -2.346141
0.017341 -0.027544 -0.489603 1.135746 1.502248
0.007980 -0.007309 0.019250 -0.102744 0.736896
0.013650 -0.022738 0.263689 -0.663859 -1.713801
0.012748 -0.022583 -0.306769 0.653146 0.376574
0.003130 -0.003606 -0.175020 0.304335 -0.048299
-0.004139 0.008851 -0.188617 0.320754 0.955198
-0.005302 0.006816 0.129384 -0.412588 -1.436163
-0.009758 0.013119 -0.350583 0.713162 1.146009
-0.016081 0.023430 0.032829 -0.182915 -1.389013
-0.024087 0.038266 -0.431679 0.912093 1.114069
-0.033896 0.057370 -0.060532 0.059185 0.486254
-0.033208 0.053580 0.094520 -0.245176 1.080674
-0.022404 0.028813 0.445056 -0.987904 -0.899082
-0.010801 0.005137 0.136713 -0.211350 -0.463119
-0.008464 0.004247 -0.019256 0.161423 2.019645
0.004208 -0.020396 0.650919 -1.376754 -2.399200
0.014118 -0.037218 -0.152136 0.505523 -0.037095
0.007938 -0.017921 -0.157277 0.463709 -0.795851
-0.003543 0.011862 -0.416444 1.023479 1.714308
-0.008675 0.025424 0.157465 -0.323606 0.655041
0.001869 0.003486 0.369464 -0.771405 -0.278388
0.014664 -0.021937 0.271187 -0.508462 -1.074413
0.018331 -0.025561 -0.086495 0.314915 0.998216
0.021609 -0.029266 0.249222 -0.489604 -1.043453
0.024624 -0.032816 -0.097157 0.300303 0.021280
0.020993 -0.022253 -0.084687 0.230859 0.514222
0.021107 -0.021705 0.089695 -0.197302 -0.546521
0.021075 -0.021407 -0.090673 0.206579 -0.478270
0.014343 -0.006534 -0.245703 0.535419 0.336283
0.006845 0.008886 -0.129933 0.242704 0.966941
0.008094 0.003657 0.191351 -0.494810 -0.426270
0.012827 -0.008804 0.046077 -0.135769 -0.934896
0.008448 0.000141 -0.264117 0.574848 0.495026
0.001260 0.014802 -0.096168 0.166832 -1.469058
-0.012367 0.044193 -0.583894 1.292351 1.584374
-0.025095 0.070942 -0.055100 0.068325 1.331891
-0.018603 0.054888 0.378628 -0.861528 0.110828
-0.002977 0.021190 0.403325 -0.830402 -1.049862
0.005992 0.005750 0.046766 0.043150 0.829566
0.013366 -0.005144 0.321188 -0.581235 -0.136725
0.025219 -0.025586 0.272043 -0.446842 -0.539909
0.032491 -0.035119 0.092382 -0.037499 -0.107216
0.035538 -0.035693 0.060076 0.008044 -1.209110
0.029974 -0.017603 -0.337281 0.887824 0.914502
0.022734 0.002310 -0.026294 0.122482 1.222822
0.029824 -0.011645 0.379624 -0.809899 -2.186669
0.030362 -0.009597 -0.350159 0.888885 1.416149
0.025926 0.002834 0.126392 -0.248927 -0.126317
0.030092 -0.004742 0.082238 -0.132993 -1.322386
0.024570 0.010365 -0.357048 0.877152 2.343275
0.025979 0.008570 0.424721 -0.941769 -1.629969
0.031958 -0.002559 -0.123544 0.364814 0.646255
0.031371 0.001602 0.093286 -0.148754 -1.069260
0.027958 0.012359 -0.262865 0.677147 1.222181
0.025641 0.020100 0.145420 -0.275131 0.337701
0.033612 0.004787 0.253049 -0.490537 -0.638199
0.039396 -0.004217 0.037167 0.031237 1.529103
0.051062 -0.026553 0.544671 -1.135965 -1.386174
0.063509 -0.049768 0.079928 -0.045057 -1.166258
0.059051 -0.034734 -0.301880 0.788222 0.211270
0.048572 -0.008266 -0.222932 0.543792 0.884716
0.045636 -0.000986 0.074924 -0.168349 -0.519105
0.045153 0.000497 -0.098495 0.237095 -0.195120
0.039946 0.012713 -0.161865 0.374202 0.123018
0.034314 0.025628 -0.120134 0.275477 0.771104
0.034617 0.025076 0.134401 -0.295126 1.111011
0.047277 -0.002774 0.497914 -1.091823 -2.183423
0.052505 -0.011466 -0.233699 0.631258 1.776664
0.055091 -0.014578 0.360879 -0.767820 -2.222760
0.054652 -0.010419 -0.380249 0.952482 2.188668
0.054163 -0.007418 0.353089 -0.777576 -1.609572
0.057474 -0.012887 -0.185490 0.485297 2.117612
0.064237 -0.026914 0.521354 -1.166114 -0.295004
0.083005 -0.068052 0.418210 -0.902731 -2.229848
0.084932 -0.070379 -0.319185 0.762444 -0.124476
0.071605 -0.040585 -0.347776 0.733506 -0.286235
0.055990 -0.008739 -0.433344 0.863270 0.489858
0.042066 0.016938 -0.264007 0.431746 1.399119
0.040840 0.012564 0.201151 -0.636320 -0.664054
0.044345 -0.001516 -0.024780 -0.078286 -1.388518
0.034109 0.016785 -0.485702 0.982010 2.096126
0.028734 0.022986 0.214278 -0.647766 -0.405567
0.034458 0.004735 0.072836 -0.273615 -0.589902
0.033395 0.003361 -0.125264 0.198062 0.148909
0.029396 0.008843 -0.074961 0.078781 -0.181100
0.025184 0.014910 -0.135542 0.223762 0.445653
0.022725 0.017098 0.012057 -0.109260 -0.168928
0.022027 0.015901 -0.046704 0.047007 -1.055983
0.013105 0.034343 -0.398459 0.867092 2.684911
0.015071 0.027506 0.493743 -1.181716 -1.251548
0.026253 0.001715 0.067438 -0.127576 0.352646
0.031268 -0.008555 0.183131 -0.384351 0.993519
0.045157 -0.038834 0.510695 -1.125010 -2.217160
0.050755 -0.049185 -0.227874 0.581157 -0.320701
0.039701 -0.022896 -0.325105 0.736364 1.194681
0.034803 -0.013273 0.078551 -0.239678 0.126750
0.038780 -0.024762 0.120349 -0.335697 -0.866917
0.037831 -0.024972 -0.166770 0.316002 0.083872
0.031821 -0.014591 -0.134101 0.206628 -0.289000
0.024598 -0.002471 -0.226969 0.399096 -0.063181
0.015165 0.013904 -0.244948 0.422531 1.111680
0.012795 0.013519 0.125104 -0.429875 -1.699544
0.006399 0.023351 -0.443016 0.904638 1.102738
-0.003904 0.041976 -0.073836 0.042573 0.916558
-0.000852 0.030569 0.225658 -0.606149 -0.930595
0.001823 0.022169 -0.090565 0.173600 0.209680
-0.000432 0.026215 -0.022473 0.031546 0.338783
0.000865 0.022883 0.086998 -0.195634 -0.061267
0.003852 0.016833 0.062591 -0.109233 0.069766
0.006760 0.011973 0.082865 -0.134398 -0.079998
0.009489 0.008328 0.053806 -0.049755 0.853429
0.017286 -0.006469 0.335334 -0.684137 -2.256592
0.015593 0.001642 -0.417431 1.066756 3.000000
0.019003 -0.003118 0.584409 -1.272885 -1.465244
0.032440 -0.029853 0.089820 -0.085964 -0.293563
0.034128 -0.029319 -0.005130 0.109977 -1.285045
0.025452 -0.005970 -0.427670 1.049042 0.596006
0.012478 0.025337 -0.222449 0.529827 1.133480
0.011137 0.029052 0.153980 -0.331212 -0.048688
0.016852 0.017712 0.132116 -0.239299 0.292995
0.024003 0.004415 0.225417 -0.425543 -0.604803
0.028916 -0.002597 0.021093 0.066616 -0.459729
0.026710 0.007028 -0.131014 0.411696 0.755393
0.026534 0.011551 0.121207 -0.176354 -0.257911
0.029607 0.009011 0.032830 0.045707 1.687601
0.042125 -0.014892 0.591552 -1.227696 -1.557795
0.055265 -0.038735 0.067860 0.013122 -0.248414
0.056408 -0.035270 -0.010511 0.158796 0.875681
0.061907 -0.043347 0.284500 -0.554226 -1.194710
0.065352 -0.047417 -0.110799 0.337374 -0.139215
0.060146 -0.033298 -0.149686 0.370891 0.044627
0.054583 -0.020379 -0.128872 0.278869 0.157773
0.050562 -0.012459 -0.072525 0.120926 -0.645549
0.043412 0.001880 -0.284565 0.592223 3.000000
0.052069 -0.021235 0.714239 -1.719992 -2.218923
0.065665 -0.054136 -0.030918 0.042927 -1.255459
0.056208 -0.034449 -0.440973 0.933124 -0.061035
0.038380 0.001800 -0.451155 0.887079 0.464572
0.023556 0.029031 -0.291189 0.485558 0.418633
0.014702 0.042083 -0.152249 0.174071 1.069546
0.015655 0.033414 0.198903 -0.598465 -0.853340
0.017771 0.024186 -0.091874 0.125142 0.609797
0.018114 0.020258 0.108441 -0.316106 0.254107
0.024046 0.004640 0.188229 -0.465790 -0.574147
0.027672 -0.004402 -0.006043 0.005243 -0.082527
0.026889 -0.002996 -0.033063 0.064512 -0.105573
0.024877 0.001088 -0.067480 0.139472 0.899049
0.028174 -0.007269 0.231407 -0.549328 -0.733766
0.032479 -0.017367 -0.015058 0.034190 -0.306302
0.029880 -0.011707 -0.114664 0.246967 -0.721307
0.020556 0.008688 -0.351102 0.769494 1.367027
0.015699 0.017680 0.106436 -0.302995 -0.402219
0.017193 0.012592 -0.031117 0.042724 -0.314979
0.013829 0.019413 -0.136860 0.296147 1.162570
0.016084 0.013499 0.248410 -0.580737 -1.092895
0.018629 0.008189 -0.119734 0.301813 1.154691
0.021543 0.002351 0.264189 -0.582476 -0.820845
0.026552 -0.007463 -0.012533 0.080534 0.490292
0.029336 -0.012014 0.151224 -0.303595 -0.822726
0.029888 -0.011352 -0.122638 0.327967 0.386934
0.027627 -0.004839 0.008957 0.003502 -1.344044
0.019052 0.015874 -0.436516 1.021896 1.653642
0.012705 0.030401 0.116849 -0.274274 -0.874684
0.011448 0.033974 -0.178656 0.443530 2.671709
0.022054 0.010946 0.706373 -1.571640 -1.302626
0.041375 -0.029510 0.262132 -0.474635 -1.026005
0.045024 -0.032751 -0.078395 0.301003 0.444962
0.044960 -0.028663 0.074526 -0.090328 -0.054114
0.047627 -0.031950 0.058880 -0.074893 -1.187450
0.042140 -0.017316 -0.332156 0.797364 0.455752
0.032041 0.006149 -0.173872 0.386274 0.721860
0.029929 0.010176 0.067334 -0.176231 -1.023006
0.025765 0.019353 -0.274480 0.625625 2.427624
0.030980 0.006749 0.532615 -1.232378 -1.170239
0.044294 -0.022725 0.135146 -0.260836 -0.372541
0.047228 -0.027577 0.012111 0.013393 0.425613
0.050603 -0.034197 0.156197 -0.340731 -1.712791
0.045482 -0.021835 -0.410524 0.943388 1.564582
0.039657 -0.009866 0.117102 -0.324817 0.956928
0.050676 -0.037318 0.433228 -1.042987 -2.376570
0.052127 -0.042017 -0.357736 0.781368 0.612253
0.042099 -0.022147 -0.144851 0.223743 -0.246214
0.034751 -0.010200 -0.222551 0.373887 -0.921193
0.019802 0.018200 -0.524406 1.042320 1.422030
0.008402 0.037119 -0.047734 -0.076716 1.742166
0.017984 0.008300 0.525490 -1.352310 -2.058064
0.025090 -0.012143 -0.167265 0.302832 0.444811
0.021430 -0.007518 -0.016369 -0.065522 -0.076746
0.020271 -0.009016 -0.041465 -0.010446 -1.474991
0.008819 0.013063 -0.529819 1.103110 1.982499
0.000950 0.025603 0.133696 -0.451637 0.948800
0.012483 -0.005807 0.442520 -1.115800 -1.149439
0.022380 -0.031394 0.054291 -0.181854 -1.200467
0.016610 -0.020691 -0.341667 0.706727 1.914007
0.015827 -0.023217 0.300221 -0.812214 -2.744093
0.009514 -0.012991 -0.612841 1.296088 0.477126
-0.011600 0.029518 -0.444314 0.844123 2.470470
-0.012881 0.024952 0.377413 -1.046877 -1.235871
-0.006219 0.004067 -0.042317 -0.015866 0.161903
-0.006846 0.001092 0.010801 -0.131820 -1.067230
-0.013537 0.012450 -0.344256 0.690388 1.711039
-0.015850 0.013184 0.226518 -0.634919 -0.790418
-0.012174 0.001118 -0.041474 0.020050 -0.708824
-0.018549 0.012843 -0.276661 0.560944 0.517294
-0.026120 0.026920 -0.102798 0.151472 0.055229
-0.029904 0.032591 -0.086539 0.133451 0.447857
-0.030443 0.031672 0.059127 -0.175234 -1.613374
-0.038906 0.050435 -0.480615 1.098877 2.630729
-0.040598 0.053828 0.392833 -0.900316 -0.462638
-0.028220 0.027404 0.227218 -0.432489 1.309426
-0.010556 -0.008746 0.655249 -1.369126 -1.354885
0.006445 -0.041026 0.197158 -0.267030 -1.545257
0.004100 -0.028544 -0.312922 0.877741 1.517717
0.001867 -0.018534 0.199201 -0.358025 -1.080601
0.002628 -0.016166 -0.159899 0.465348 1.320388
0.005116 -0.018790 0.282712 -0.582377 -0.735651
0.011479 -0.030404 0.036594 -0.008737 -0.422452
0.010195 -0.024921 -0.100456 0.279912 -0.325982
0.004102 -0.009631 -0.204154 0.484758 0.868718
0.001806 -0.004421 0.088171 -0.213401 -1.130758
-0.002215 0.004637 -0.288041 0.655856 0.181221
-0.012445 0.027357 -0.224158 0.487038 1.809148
-0.009370 0.019088 0.375925 -0.883004 -0.938485
-0.000756 -0.000153 0.056351 -0.093865 0.054966
0.001845 -0.004589 0.073726 -0.128330 -1.088988
-0.002464 0.007115 -0.288106 0.704168 0.799550
-0.008584 0.022266 -0.019170 0.065430 -0.380173
-0.011924 0.031194 -0.147518 0.378341 1.329257
-0.009004 0.026188 0.292110 -0.615724 0.784879
0.007744 -0.009021 0.545100 -1.144350 -1.957476
0.016367 -0.023362 -0.111261 0.402620 0.306267
0.014059 -0.012996 -0.004727 0.121645 -0.743246
0.008967 0.002869 -0.249335 0.667099 1.076555
0.006243 0.012234 0.111643 -0.184964 0.948369
0.016956 -0.009158 0.423310 -0.879146 -0.303222
0.031751 -0.038658 0.317432 -0.605603 -1.446460
0.034819 -0.040734 -0.162297 0.486029 0.712687
0.033225 -0.033786 0.081540 -0.128674 -2.790663
0.017978 0.003346 -0.841435 1.963646 1.417520
-0.005961 0.057612 -0.358452 0.777626 1.728824
-0.008826 0.062583 0.213053 -0.509870 0.513101
0.002886 0.036498 0.372611 -0.795631 -0.665494
0.013156 0.016846 0.142178 -0.199110 0.760839
0.023828 -0.002099 0.390946 -0.744301 -0.146904
0.038372 -0.028619 0.336971 -0.589123 -1.151002
0.044162 -0.034343 -0.045966 0.289381 1.444776
0.052044 -0.046084 0.438447 -0.862416 -2.020842
0.056113 -0.049468 -0.232515 0.670937 0.374236
0.049506 -0.030373 -0.098761 0.292781 -0.497542
0.042354 -0.012077 -0.258690 0.621056 0.514181
0.035544 0.003794 -0.082790 0.181820 0.372336
0.034724 0.005231 0.041350 -0.105674 -0.044635
0.036050 0.001991 0.025068 -0.057618 -0.087564
0.036453 0.001194 -0.004780 0.016575 0.284282
0.038149 -0.002465 0.089304 -0.197284 -1.316804
0.032933 0.010121 -0.348753 0.814842 1.045028
0.026031 0.025850 0.002048 -0.013531 0.933911
0.032260 0.011627 0.308642 -0.691001 -0.532439
0.040929 -0.006599 0.125826 -0.230326 0.274770
0.047764 -0.019837 0.215869 -0.431362 -0.216791
0.054930 -0.033605 0.142978 -0.262189 -0.671116
0.056217 -0.034182 -0.077861 0.226362 0.293338
0.055160 -0.030689 0.024532 -0.047240 -0.508569
0.052817 -0.025384 -0.141211 0.308558 -0.170726
0.046134 -0.011386 -0.193071 0.392919 -0.095661
0.037858 0.005045 -0.220975 0.431356 -0.269883
0.027277 0.026020 -0.308186 0.618886 2.031386
0.028493 0.019401 0.366734 -0.929510 -1.404965
0.033631 0.005530 -0.107826 0.217235 0.655517
0.033696 0.004025 0.110325 -0.285760 -0.078983
0.037528 -0.005680 0.081596 -0.202547 -0.522542
0.037295 -0.005577 -0.092640 0.202001 -0.227794
0.032114 0.005640 -0.166377 0.358918 0.074618
0.025994 0.018540 -0.139973 0.289612 1.098975
0.027704 0.013329 0.224278 -0.539610 -0.771202
0.031430 0.004662 -0.036840 0.095647 1.020064
0.036741 -0.007164 0.301452 -0.678410 0.668891
0.053156 -0.043793 0.519185 -1.153434 -1.813972
0.061783 -0.061556 -0.085235 0.241704 -1.012624
0.051813 -0.038080 -0.412698 0.927379 -0.597221
0.031555 0.006101 -0.600459 1.285400 0.829087
0.013234 0.043238 -0.317426 0.588768 2.241556
0.015430 0.032659 0.424914 -1.096379 -1.530485
0.022008 0.014563 -0.093771 0.170393 1.708840
0.029615 -0.004724 0.472461 -1.120506 -1.752186
0.036695 -0.021203 -0.115941 0.273605 0.317236
0.034253 -0.015954 -0.006679 -0.006163 0.152362
0.035032 -0.018868 0.045452 -0.138271 -0.567579
0.033093 -0.015900 -0.141766 0.281375 -1.066332
0.020406 0.011027 -0.491905 1.059343 1.874270
0.013331 0.023490 0.135601 -0.412914 0.432028
0.021512 0.001469 0.273443 -0.688645 -1.626334
0.021521 -0.000100 -0.270972 0.591903 0.375910
0.013270 0.017044 -0.142391 0.273206 0.953279
0.013916 0.013399 0.173627 -0.446105 -0.028212
0.020573 -0.003068 0.159626 -0.381375 -0.512101
0.023497 -0.009979 -0.012653 0.028679 -0.176787
0.021838 -0.006348 -0.070167 0.151845 0.031057
0.019272 -0.001065 -0.058296 0.113922 0.830859
0.022484 -0.009413 0.218045 -0.524028 -1.021222
0.024351 -0.014168 -0.123348 0.274124 1.075913
0.026644 -0.020390 0.236802 -0.574564 -1.341944
0.027146 -0.022435 -0.210032 0.457426 -0.058175
0.018475 -0.004341 -0.223871 0.450912 1.767656
0.021355 -0.014133 0.365929 -0.923109 -2.235937
0.021010 -0.015776 -0.380449 0.816194 0.114236
0.006710 0.013694 -0.335353 0.665207 0.852773
-0.000962 0.026667 -0.049572 -0.004489 -0.610191
-0.007065 0.036516 -0.254949 0.491864 1.286737
-0.008716 0.036675 0.170873 -0.470350 0.800006
0.003284 0.007094 0.428877 -1.007115 -1.476087
0.010448 -0.008963 -0.068539 0.184331 0.950299
0.014071 -0.016605 0.248710 -0.557506 -1.007342
0.017268 -0.023036 -0.087530 0.223686 0.437354
0.016758 -0.021603 0.061414 -0.146553 -1.134640
0.011690 -0.010307 -0.313688 0.701719 0.431452
0.002140 0.009993 -0.164813 0.322596 0.703329
0.000250 0.011930 0.069439 -0.217767 -0.060617
0.002562 0.004755 0.046414 -0.143433 -0.113049
0.003631 0.001094 0.007273 -0.041778 -0.236150
0.002339 0.003169 -0.071619 0.143382 0.160117
0.000551 0.006365 -0.018046 0.018770 0.369526
0.002273 0.001599 0.103789 -0.254156 0.259890
0.008107 -0.012145 0.187928 -0.433272 -0.112555
0.014833 -0.027413 0.148824 -0.334530 -1.818765
0.008697 -0.013018 -0.453808 1.038003 1.581421
0.001248 0.002554 0.079085 -0.238444 -0.149635
0.003372 -0.004272 0.027440 -0.106036 -1.115129
-0.002957 0.008698 -0.342826 0.745129 1.318114
-0.007812 0.017499 0.098331 -0.288759 -0.377760
-0.006477 0.012581 -0.030987 0.037307 -1.172952
-0.015543 0.032370 -0.421278 0.943211 1.308191
-0.023628 0.049559 0.015067 -0.065926 0.350934
-0.020818 0.042822 0.125264 -0.269408 0.316128
-0.013847 0.028593 0.223266 -0.442418 0.872720
0.000751 -0.001206 0.506272 -1.045062 -1.104748
0.013489 -0.024621 0.132509 -0.143073 -0.813471
0.013405 -0.018185 -0.135927 0.457743 0.091618
0.008680 -0.002270 -0.100795 0.342760 1.282216
0.013228 -0.008725 0.326767 -0.652790 -0.990452
0.019624 -0.018906 -0.005542 0.130634 0.409746
0.022183 -0.020545 0.133017 -0.208119 -1.580001
0.017003 -0.004756 -0.390504 0.984028 1.844368
0.013805 0.004887 0.228191 -0.479387 -1.659121
0.011808 0.011999 -0.326205 0.818152 1.475464
0.008665 0.021294 0.167088 -0.335320 -0.181348
0.014038 0.011654 0.102021 -0.151158 0.218173
0.019514 0.002774 0.171752 -0.292589 -1.379069
0.017153 0.012760 -0.288325 0.778802 1.304344
0.014379 0.023183 0.147787 -0.241205 0.923733
0.026339 0.000255 0.449633 -0.900540 -0.735062
0.039289 -0.023216 0.199285 -0.286342 -0.862577
0.041524 -0.021532 -0.086576 0.361793 0.100656
0.038825 -0.009543 -0.048746 0.241721 1.453865
0.046597 -0.022708 0.435827 -0.886703 0.032171
0.064151 -0.057964 0.442531 -0.883074 -1.602907
0.071190 -0.068860 -0.088447 0.318908 -1.805486
0.055848 -0.030418 -0.677586 1.593766 3.000000
0.049003 -0.015543 0.331423 -0.813555 -0.674733
0.057681 -0.036962 0.103734 -0.269378 -2.068266
0.048116 -0.016454 -0.580031 1.277449 1.182646
0.033011 0.014420 -0.177344 0.286251 1.518724
0.036029 0.002525 0.326731 -0.867186 -0.984258
0.042413 -0.015791 -0.005943 -0.063586 -0.853852
0.036521 -0.005468 -0.287906 0.572897 1.600135
0.035747 -0.007997 0.247322 -0.682239 -2.123447
0.031429 -0.001907 -0.460800 0.964817 0.235928
0.014717 0.031758 -0.375788 0.728464 2.333850
0.015243 0.024875 0.399528 -1.049182 -2.107731
0.016990 0.017293 -0.309456 0.644936 1.134406
0.012214 0.025246 0.069123 -0.233330 0.415315
0.017647 0.010469 0.202390 -0.504643 -1.307463
0.016943 0.011325 -0.236030 0.533060 1.492151
0.017478 0.009317 0.261081 -0.617723 1.037063
0.034701 -0.030243 0.599623 -1.357602 -1.758299
0.046851 -0.056416 0.010600 0.023820 -1.226023
0.039251 -0.037971 -0.389648 0.890205 1.635433
0.034758 -0.029508 0.162818 -0.446777 -0.979444
0.034755 -0.032401 -0.161792 0.291200 -0.106270
0.027692 -0.020232 -0.191508 0.319215 -0.856284
0.014430 0.004823 -0.471127 0.929965 1.890781
0.008293 0.011874 0.161843 -0.555123 -1.135124
0.007106 0.008154 -0.219705 0.355611 -0.029536
-0.001842 0.022576 -0.227967 0.368184 0.790834
-0.005695 0.025224 0.034312 -0.226899 -1.823543
-0.016541 0.045067 -0.574665 1.202563 2.120628
-0.025351 0.060142 0.131233 -0.422478 1.359088
-0.011266 0.024400 0.572332 -1.359054 -2.544537
-0.005561 0.011544 -0.283724 0.685170 0.941357
-0.010575 0.023887 0.031621 -0.055117 -0.559379
-0.013098 0.030944 -0.157154 0.402904 1.959162
-0.006369 0.017210 0.491603 -1.071807 -2.030570
-0.000419 0.007408 -0.191407 0.557005 1.335667
0.000870 0.008645 0.254227 -0.480349 0.033277
0.011161 -0.010191 0.260701 -0.465380 -0.474295
0.018379 -0.021088 0.100984 -0.086981 -0.299949
0.020450 -0.020288 0.002879 0.124167 0.164083
0.021714 -0.018434 0.060047 -0.028957 -0.838203
0.018571 -0.007062 -0.216460 0.591142 0.918302
0.016120 0.001565 0.092633 -0.147703 -0.166920
0.018684 -0.001501 0.035804 -0.008178 -0.606962
0.016075 0.007517 -0.165713 0.454377 1.220703
0.017612 0.006552 0.241145 -0.489605 -1.060298
0.020110 0.004108 -0.114906 0.355104 2.522792
0.032333 -0.020781 0.723528 -1.577267 -1.708708
0.049709 -0.055971 0.148198 -0.209045 -1.540752
0.045484 -0.041692 -0.358087 0.910404 0.214466
0.032811 -0.010709 -0.276498 0.648454 -0.200740
0.020535 0.017237 -0.337678 0.752869 1.430634
0.016615 0.024815 0.139821 -0.356785 -0.391703
0.019490 0.017652 0.004568 -0.007659 0.431061
0.022494 0.011186 0.145323 -0.312640 -0.569087
0.024445 0.008143 -0.047040 0.153340 1.088957
0.029806 -0.002426 0.314054 -0.672316 -1.066566
0.035172 -0.012048 -0.044283 0.177342 0.165035
0.034546 -0.007965 0.012720 0.029722 0.230741
0.036607 -0.010504 0.090083 -0.154597 0.901217
0.046200 -0.030528 0.388844 -0.840861 -1.413561
0.052289 -0.042012 -0.082425 0.248903 -0.250857
0.047452 -0.029476 -0.159499 0.378585 0.464279
0.044280 -0.022617 0.000152 -0.028587 -1.137644
0.036763 -0.006739 -0.375007 0.813872 1.504950
0.031910 0.001485 0.130365 -0.384243 0.276406
0.038900 -0.017550 0.219207 -0.568679 -1.449795
0.037976 -0.017644 -0.263648 0.548267 1.499560
0.037526 -0.019860 0.239342 -0.642752 -2.536344
0.030176 -0.006185 -0.604130 1.302024 0.842823
0.011829 0.031096 -0.315070 0.579635 1.607126
0.009931 0.029595 0.218322 -0.637894 -0.157354
0.017454 0.008067 0.158525 -0.445416 -0.095138
0.023075 -0.007471 0.122972 -0.336095 -0.206841
0.026581 -0.017427 0.052809 -0.166082 -1.324080
0.019898 -0.003879 -0.385688 0.832185 1.313947
0.013344 0.008054 0.056133 -0.218403 -0.137366
0.014623 0.001941 0.008125 -0.090242 0.023778
0.015086 -0.001834 0.015098 -0.099128 0.283992
0.017567 -0.010038 0.108741 -0.309752 -0.450981
0.018890 -0.015285 -0.041925 0.041396 0.186152
0.018490 -0.016867 0.021711 -0.118523 -1.163335
0.011639 -0.003938 -0.363174 0.755305 0.163194
-0.001680 0.022699 -0.303529 0.584223 1.083057
-0.006581 0.029220 0.057043 -0.245207 0.474797
-0.001246 0.013161 0.209568 -0.556559 -1.483191
-0.002845 0.014769 -0.287734 0.620761 1.548052
-0.003999 0.015375 0.228149 -0.573604 -1.794415
-0.006933 0.021157 -0.372762 0.843914 0.448502
-0.018783 0.047430 -0.220796 0.480168 1.296583
-0.019033 0.047260 0.206775 -0.475249 0.204207
-0.009587 0.026892 0.265826 -0.546214 -0.248123
-0.000753 0.010254 0.176545 -0.292495 -0.598555
0.002252 0.008427 -0.025485 0.193950 1.336192
0.010124 -0.004358 0.417733 -0.821481 -1.887393
0.014155 -0.007176 -0.213805 0.659208 1.749543
0.017349 -0.008687 0.371390 -0.715720 -0.259715
0.030380 -0.032523 0.280954 -0.484120 -0.729289
0.036760 -0.040757 0.039069 0.063064 -0.619426
0.034297 -0.029714 -0.161755 0.485389 1.417193
0.037386 -0.033357 0.314517 -0.652266 -0.486785
0.046700 -0.051839 0.152116 -0.280847 -1.069530
0.045744 -0.047466 -0.198798 0.489621 0.067085
0.038415 -0.030629 -0.168180 0.357333 -0.640334
0.027549 -0.007657 -0.374877 0.789839 1.459407
0.022398 0.000314 0.115362 -0.373381 -0.952427
0.020618 0.000551 -0.203172 0.374731 0.101832
0.013224 0.013520 -0.166964 0.277688 0.151854
0.007566 0.022272 -0.116263 0.163250 -0.380715
0.000357 0.034982 -0.243935 0.470416 0.959092
-0.003032 0.039302 0.073274 -0.243443 0.668439
0.004217 0.020581 0.288832 -0.690158 -0.752946
0.010607 0.005980 0.031955 -0.051693 -0.090749
0.011256 0.005555 0.000611 0.029262 0.918897
0.017380 -0.007260 0.304765 -0.662878 -1.013453
0.022740 -0.017449 -0.035322 0.140142 -0.535482
0.017821 -0.004168 -0.210311 0.521160 1.717183
0.020915 -0.010458 0.363062 -0.818054 -0.349972
0.033004 -0.036914 0.242362 -0.514315 -2.423276
0.026584 -0.020424 -0.560871 1.316667 1.446871
0.014015 0.007820 -0.069958 0.117923 -0.650734
0.006886 0.022595 -0.285992 0.616699 2.136950
0.009699 0.014188 0.424278 -1.015882 -1.440451
0.016899 -0.002593 -0.062135 0.157092 -0.298572
0.012453 0.008048 -0.160025 0.373993 1.428436
0.015589 0.000790 0.315237 -0.722930 -2.578364
0.010932 0.012511 -0.545209 1.283077 3.000000
0.009239 0.016378 0.456881 -1.056039 -1.454743
0.017637 -0.001683 -0.034834 0.132770 0.948671
0.022573 -0.011122 0.280678 -0.596354 -0.960169
0.027342 -0.019647 -0.040859 0.157787 0.284492
0.027663 -0.018332 0.056501 -0.088342 -0.379881
0.027420 -0.016299 -0.068290 0.186534 0.247416
0.026395 -0.013228 0.016644 -0.029334 -0.261090
0.025345 -0.010621 -0.068875 0.157592 0.977281
0.029135 -0.019751 0.257362 -0.605182 -0.142589
0.038430 -0.041382 0.207981 -0.482401 -1.337916
0.037870 -0.040434 -0.234422 0.515968 -1.583043
0.018131 0.002919 -0.751661 1.644660 1.448661
-0.002056 0.044357 -0.260373 0.452562 0.995953
-0.005881 0.047646 0.067892 -0.277131 -0.114858
-0.004079 0.039836 0.022592 -0.117163 0.625809
0.000876 0.026666 0.224769 -0.538085 0.547924
0.013366 -0.001896 0.399745 -0.890731 -2.313195
0.013833 -0.000799 -0.373629 0.920378 1.758930
0.010724 0.007788 0.215879 -0.469802 -1.217494
0.011167 0.008551 -0.192261 0.494593 2.321156
0.018967 -0.007743 0.579818 -1.287575 -2.652319
0.024334 -0.016922 -0.308056 0.797474 1.071623
0.019293 -0.002902 0.054397 -0.081396 -0.301612
0.019452 -0.001441 -0.046129 0.151468 0.366169
0.020064 -0.001202 0.076272 -0.135456 -0.757657
0.018052 0.005215 -0.176082 0.449374 1.822642
0.023184 -0.005249 0.430721 -0.954948 -1.805288
0.028266 -0.014518 -0.174224 0.469610 1.292146
0.029991 -0.016508 0.258910 -0.555110 -1.624259
0.029492 -0.013365 -0.282000 0.695334 1.363696
0.027414 -0.007702 0.176312 -0.395767 -1.352851
0.025420 -0.002360 -0.274466 0.649286 1.099258
0.021854 0.005841 0.094626 -0.225368 -0.069446
0.025126 -0.001631 0.069231 -0.150749 -0.824730
0.022386 0.005213 -0.205383 0.485387 -0.045492
0.013926 0.024840 -0.217953 0.499643 -0.379906
0.002699 0.050606 -0.343421 0.789583 2.166922
0.003365 0.049145 0.374263 -0.840075 -0.070203
0.017628 0.018923 0.339667 -0.679176 0.082572
0.031612 -0.008119 0.360010 -0.678254 -1.703821
0.034586 -0.008308 -0.209252 0.650117 -0.004129
0.026297 0.016748 -0.205700 0.608205 1.253693
0.026455 0.021449 0.211971 -0.358632 -0.314927
0.032728 0.012968 0.102307 -0.071095 0.809568
0.042157 -0.001865 0.368488 -0.665186 -1.342621
0.047859 -0.006949 -0.081628 0.395124 2.239096
0.059554 -0.026182 0.664026 -1.336122 -0.068570
0.085499 -0.077334 0.634318 -1.233004 -1.504383
0.100858 -0.103771 0.136076 -0.110773 -1.090382
0.099276 -0.093796 -0.214326 0.601711 -0.656660
0.086635 -0.062625 -0.417808 0.958309 -0.298041
0.068220 -0.022414 -0.503499 1.058805 0.901143
0.054285 0.004191 -0.194954 0.287438 0.537219
0.050095 0.007177 -0.015230 -0.131654 0.752658
0.054457 -0.009282 0.232791 -0.686749 -0.883459
0.057809 -0.022450 -0.063834 0.015794 -1.737633
0.043751 0.004358 -0.637586 1.311846 1.558176
0.028803 0.031275 -0.112321 0.057175 -0.903885
0.018240 0.048114 -0.414993 0.777819 2.541891
0.018547 0.040369 0.427556 -1.139897 -0.044182
0.035095 -0.002062 0.400804 -0.992020 -1.711536
0.039594 -0.014136 -0.173506 0.366781 -0.134017
0.031847 0.001811 -0.214031 0.432798 0.324873
0.025506 0.013630 -0.103635 0.164313 0.193355
0.022640 0.017366 -0.039999 0.025161 0.194238
0.022294 0.015795 0.022557 -0.102200 0.577296
0.026983 0.003380 0.211470 -0.515243 -1.393957
0.026080 0.004992 -0.254944 0.580763 2.651412
0.033593 -0.013134 0.627749 -1.461943 -1.825080
0.046367 -0.041898 0.013845 -0.002853 -1.936960
0.034130 -0.013214 -0.624116 1.423124 0.842352
0.015011 0.028598 -0.333715 0.686126 0.618662
0.005815 0.046331 -0.127184 0.210855 2.101100
0.014623 0.023368 0.565684 -1.342251 -0.616558
0.032891 -0.018479 0.349353 -0.766349 -1.907043
0.034101 -0.019209 -0.286533 0.708954 0.299793
0.024780 0.003190 -0.180396 0.419506 -0.306602
0.015577 0.024234 -0.279780 0.633789 2.589320
0.021645 0.009583 0.580423 -1.341718 -1.251036
0.036311 -0.022811 0.155096 -0.299079 -2.062275
0.028799 -0.003189 -0.528692 1.262299 1.081091
0.015037 0.028975 -0.161414 0.364997 2.251952
0.023543 0.009226 0.584528 -1.332785 -1.040938
0.039772 -0.026057 0.228959 -0.450800 0.185583
0.050149 -0.046899 0.290024 -0.593395 -2.576008
0.044634 -0.031381 -0.563141 1.345603 0.988698
0.028953 0.004773 -0.222868 0.481197 0.382912
0.022645 0.017643 -0.093267 0.169285 0.770181
0.024020 0.012807 0.161236 -0.404027 -0.305031
0.028347 0.002207 0.055742 -0.131852 -0.714412
0.025796 0.008176 -0.182561 0.423667 1.417600
0.027965 0.003009 0.289430 -0.667752 -1.061389
0.032370 -0.006393 -0.067697 0.183854 0.817248
0.035136 -0.011949 0.205130 -0.453814 -0.012002
0.043215 -0.029550 0.199184 -0.430031 -1.632383
0.040323 -0.021762 -0.342026 0.803717 -0.205786
0.025440 0.012008 -0.402616 0.890195 1.682097
0.020629 0.020907 0.159848 -0.424902 -0.986052
0.020351 0.020147 -0.172533 0.375544 2.280167
0.028624 0.000154 0.583913 -1.355040 -1.428556
0.042267 -0.030249 0.100681 -0.187677 -2.298827
0.031040 -0.002867 -0.659939 1.538231 0.802478
0.010218 0.044250 -0.383132 0.836943 1.191183
0.002836 0.059416 0.012279 -0.062732 0.457960
0.006224 0.051396 0.156844 -0.336038 1.948539
0.025283 0.009746 0.794843 -1.735712 -1.522691
0.046655 -0.033698 0.276571 -0.463113 -0.423141
0.054901 -0.045846 0.136459 -0.151109 -0.006574
0.060388 -0.052608 0.137968 -0.187838 -1.238930
0.057754 -0.042053 -0.268506 0.705276 0.432608
0.050086 -0.022360 -0.115895 0.289020 0.015710
0.045645 -0.011908 -0.106439 0.236367 0.340586
0.043712 -0.008242 0.009302 -0.048328 -0.596513
0.040125 -0.001101 -0.188121 0.400488 1.439359
0.042235 -0.007720 0.292034 -0.717069 -2.132678
0.039636 -0.002824 -0.419515 0.939578 0.835602
0.028560 0.020637 -0.135797 0.247898 0.648482
0.027431 0.020779 0.078551 -0.233973 0.934292
0.036702 -0.002098 0.384439 -0.905069 -2.520494
0.035178 0.001621 -0.457702 1.064144 1.211572
0.025083 0.024230 -0.048994 0.084650 -0.601548
0.019078 0.037342 -0.250753 0.566717 1.771432
0.020824 0.032984 0.336081 -0.766829 -1.507181
0.024049 0.027285 -0.172838 0.463578 2.477759
0.033617 0.007844 0.648759 -1.413387 -1.935292
0.046455 -0.016843 -0.003952 0.152105 0.288914
0.048272 -0.015745 0.094410 -0.093563 -0.486324
0.048828 -0.012212 -0.066136 0.265852 0.663820
0.050659 -0.012371 0.156881 -0.266338 -0.186569
0.055675 -0.020046 0.094255 -0.121003 -0.887440
0.053563 -0.011516 -0.199001 0.539949 0.456712
0.048743 0.002119 -0.042857 0.149983 0.760611
0.052101 -0.003676 0.209967 -0.432721 0.540436
0.064031 -0.028752 0.386416 -0.820559 -1.192633
0.071491 -0.042799 -0.011691 0.102339 0.915850
0.077219 -0.053848 0.297108 -0.646381 -0.191929
0.087844 -0.077110 0.234825 -0.523144 -2.462715
0.080972 -0.061427 -0.576099 1.285720 0.271625
0.060059 -0.017265 -0.470806 0.935743 2.102863
0.055397 -0.013766 0.235027 -0.736642 -1.723483
0.053255 -0.016069 -0.339992 0.602218 1.180149
0.047635 -0.011264 0.057428 -0.347696 -1.170701
0.042120 -0.006961 -0.331872 0.551111 -0.277160
0.027103 0.018468 -0.419155 0.722908 0.108144
0.011129 0.045209 -0.380234 0.620922 1.886617
0.008456 0.041364 0.244502 -0.794155 -1.173405
0.010223 0.029656 -0.154449 0.192735 1.180951
0.011862 0.019697 0.235235 -0.680450 0.068710
0.021581 -0.007179 0.251234 -0.668818 -0.415914
0.028777 -0.026783 0.109479 -0.320203 -1.361427
0.024112 -0.018848 -0.341315 0.704203 0.341068
0.012876 0.002734 -0.221370 0.383625 1.192533
0.012006 -0.000661 0.176498 -0.541073 -1.193983
0.011043 -0.003222 -0.223151 0.399315 -0.557066
-0.001521 0.020731 -0.404865 0.797467 0.877600
-0.011804 0.038603 -0.110730 0.109488 1.062741
-0.009237 0.027458 0.238113 -0.658272 -0.126540
-0.000717 0.004621 0.188599 -0.490413 -0.071660
0.006263 -0.013096 0.160877 -0.400226 -1.370042
0.003551 -0.007792 -0.294960 0.651710 1.066599
-0.001039 0.000873 0.063991 -0.204700 0.035554
0.001722 -0.007532 0.074195 -0.217059 -1.311550
-0.004053 0.004086 -0.361611 0.786189 0.846969
-0.012775 0.021603 -0.075918 0.102790 0.666433
-0.011414 0.015881 0.143309 -0.383214 0.403600
-0.003094 -0.004730 0.272704 -0.647716 -0.828856
0.002210 -0.017112 -0.006253 0.016792 -1.491074
-0.007921 0.006083 -0.499010 1.131962 1.489511
-0.017818 0.027149 0.001866 -0.057611 -0.194038
-0.019107 0.028571 -0.066032 0.126394 1.338704
-0.012893 0.013607 0.375472 -0.863781 -1.184594
-0.005920 -0.001235 -0.025034 0.105192 1.000646
-0.000251 -0.012529 0.307488 -0.661348 -1.223474
0.003833 -0.019556 -0.101659 0.295140 -0.237649
-0.001731 -0.004907 -0.176574 0.438187 0.706159
-0.004023 0.001112 0.060959 -0.128099 -0.719296
-0.006396 0.007276 -0.178839 0.429705 -0.018163
-0.013626 0.024379 -0.182966 0.428839 1.584380
-0.010401 0.017240 0.342481 -0.770436 -1.033045
-0.003734 0.003764 -0.007547 0.082051 -0.299459
-0.006029 0.011668 -0.107025 0.311515 0.897231
-0.004327 0.010246 0.191105 -0.373313 0.670210
0.007690 -0.014202 0.409454 -0.847274 -2.701670
0.005994 -0.005747 -0.491164 1.242440 0.367001
-0.011015 0.036562 -0.360635 0.886428 2.684721
-0.007543 0.030541 0.531182 -1.160113 -2.014071
0.000058 0.017372 -0.148362 0.476260 1.165704
0.001903 0.018336 0.239167 -0.415316 1.380051
0.020537 -0.018447 0.691673 -1.417040 -2.199525
0.033392 -0.039842 -0.045742 0.318291 -0.593854
0.027741 -0.019295 -0.236586 0.707734 1.623446
0.029219 -0.017271 0.308445 -0.587990 0.594977
0.045455 -0.049495 0.503234 -1.023291 -1.695494
0.054263 -0.064180 -0.060452 0.267627 0.368283
0.054470 -0.060924 0.070208 -0.099086 -1.950126
0.044434 -0.036242 -0.570421 1.318767 1.793830
0.033825 -0.013605 0.037303 -0.161911 -0.227795
0.033806 -0.016649 -0.037903 0.006695 -0.074286
0.031833 -0.015605 -0.060699 0.045193 -0.583310
0.025567 -0.005228 -0.252182 0.469746 0.755597
0.020588 0.001234 0.002205 -0.136824 -0.967872
0.014215 0.010874 -0.319910 0.610201 0.914556
0.007570 0.020703 -0.013654 -0.106678 0.836460
0.012524 0.004243 0.260768 -0.711124 -1.434169
0.013296 -0.001086 -0.220293 0.427616 0.247912
0.006200 0.011647 -0.135107 0.214541 -0.336363
-0.001436 0.025413 -0.246561 0.472849 0.384307
-0.008729 0.038421 -0.118805 0.184236 -0.214145
-0.014965 0.049759 -0.192898 0.382128 1.671543
-0.011627 0.040102 0.358127 -0.849778 -0.319747
0.000350 0.013124 0.241745 -0.509123 -0.468516
0.006791 0.000986 0.081158 -0.105850 -0.176211
0.008841 -0.000332 0.021574 0.037682 0.598653
0.013687 -0.008036 0.220136 -0.418010 -0.836785
0.016874 -0.011485 -0.059679 0.235683 0.893673
0.020487 -0.016325 0.239315 -0.468754 -0.656117
0.025655 -0.024708 0.020042 0.040762 0.450754
0.029510 -0.030587 0.172272 -0.330651 -0.796331
0.031119 -0.031817 -0.090903 0.260604 -0.134195
0.026696 -0.020380 -0.130343 0.312742 -0.903079
0.015565 0.005149 -0.425705 0.959729 0.556532
0.002371 0.033864 -0.235306 0.488390 0.499892
-0.003722 0.045902 -0.070151 0.121132 2.710964
0.011409 0.010097 0.824441 -1.891004 -1.986195
0.030861 -0.032229 0.151477 -0.256825 -1.670231
0.025839 -0.017222 -0.400917 0.992763 0.851795
0.015653 0.007718 -0.110002 0.269302 0.764018
0.016354 0.006613 0.144176 -0.316541 0.551779
0.025724 -0.013909 0.324107 -0.708114 -0.663747
0.034192 -0.031376 0.100466 -0.176207 -0.865617
0.032493 -0.025588 -0.184550 0.457840 -1.033851
0.018357 0.007439 -0.521754 1.189847 1.253640
0.005986 0.034399 -0.098879 0.177916 0.830034
0.007497 0.029378 0.173595 -0.421608 -0.089856
0.013710 0.015179 0.137498 -0.292910 1.153609
0.026800 -0.013474 0.516248 -1.133624 -1.849632
0.035000 -0.029168 -0.103661 0.325162 0.525447
0.034457 -0.025301 0.075772 -0.124785 -1.820201
0.025415 -0.002718 -0.526249 1.239432 1.192698
0.012489 0.026858 -0.122141 0.259086 0.059176
0.007972 0.036631 -0.103921 0.231917 1.414459
0.013170 0.024783 0.362416 -0.812123 -0.929725
0.021299 0.008282 0.045551 -0.027158 0.357571
0.025471 0.001976 0.162748 -0.285760 -0.444237
0.028971 -0.002157 0.012914 0.073290 -0.172716
0.028348 0.003326 -0.043976 0.200157 0.934878
0.032824 -0.003175 0.266791 -0.516457 -0.542288
0.039810 -0.014840 0.083435 -0.075335 -0.099760
0.042499 -0.016521 0.051145 -0.009938 -0.204521
0.043214 -0.014103 -0.015249 0.129342 0.559117
0.046368 -0.017976 0.172346 -0.317478 -0.666600
0.048814 -0.020388 -0.049189 0.189287 0.067187
0.047363 -0.014533 -0.023629 0.105752 0.984915
0.053013 -0.025872 0.305134 -0.664065 -1.232726
0.056972 -0.033182 -0.105521 0.283686 0.923314
0.059005 -0.037123 0.206064 -0.470884 -1.502697
0.057264 -0.033095 -0.291444 0.657300 0.595163
0.049736 -0.017554 -0.086066 0.130129 0.069609
0.046814 -0.013968 -0.060213 0.050999 -0.651567
0.040109 -0.002279 -0.274493 0.529056 0.141986
0.030159 0.015974 -0.223585 0.389163 0.315803
0.023339 0.026573 -0.117999 0.146367 1.290117
0.027161 0.013073 0.307899 -0.810722 -0.498267
0.036009 -0.010281 0.135622 -0.367794 -1.386532
0.032176 -0.003405 -0.325752 0.698021 2.784869
0.037783 -0.019248 0.603002 -1.462879 -2.342177
0.046144 -0.040262 -0.181569 0.381692 -0.301293
0.037024 -0.021781 -0.274548 0.543747 -0.131021
0.025301 0.000780 -0.311950 0.588157 0.467410
0.016020 0.016388 -0.153004 0.200792 1.513598
0.019962 0.001313 0.348612 -0.941575 -2.011632
0.020379 -0.004125 -0.325191 0.646299 1.781370
0.019328 -0.006570 0.270521 -0.749449 -1.032482
0.023181 -0.019808 -0.076303 0.073326 -0.778243
0.015008 -0.005449 -0.331771 0.639580 -0.211261
0.000442 0.022429 -0.396883 0.758114 1.952927
-0.002380 0.022307 0.253458 -0.743157 -0.099585
0.006933 -0.004350 0.212952 -0.596945 -1.797627
0.003412 0.000119 -0.386938 0.801629 0.945954
-0.005652 0.016616 -0.067796 0.037269 -0.723201
-0.013207 0.029584 -0.309269 0.605647 0.264980
-0.023790 0.049654 -0.220615 0.404766 1.765227
-0.020933 0.039431 0.361694 -0.899851 -0.475528
-0.009854 0.012891 0.193442 -0.438761 0.101327
-0.001542 -0.005290 0.222441 -0.473394 -0.932445
0.001088 -0.009350 -0.089720 0.259315 1.607743
0.008249 -0.024200 0.446097 -0.987169 -2.657328
0.008320 -0.022088 -0.439438 1.064382 1.040848
-0.002128 0.002603 -0.084771 0.187316 -0.267353
-0.007278 0.014052 -0.172648 0.384633 -0.198775
-0.015483 0.032342 -0.237687 0.531410 2.309670
-0.009627 0.018229 0.528085 -1.215596 -2.062880
-0.002455 0.003384 -0.166642 0.447160 0.837896
-0.003492 0.007922 0.113668 -0.210108 0.827626
0.006505 -0.012690 0.385624 -0.816053 -1.116192
0.014404 -0.027349 0.011003 0.067684 -1.459625
0.005201 -0.002907 -0.469949 1.144272 1.688603
-0.002189 0.015368 0.097974 -0.207836 0.275403
0.003491 0.003500 0.185984 -0.385406 -0.845112
0.005237 0.001707 -0.097607 0.285965 0.877674
0.007205 -0.000638 0.195002 -0.394142 -0.238562
0.013355 -0.012184 0.113000 -0.188348 -0.412277
0.015125 -0.013374 -0.023952 0.124237 0.657555
0.018585 -0.018941 0.196214 -0.396384 -0.183971
0.025186 -0.031841 0.134360 -0.253195 -0.439645
0.027665 -0.035582 -0.009845 0.060951 0.243130
0.028973 -0.037747 0.074941 -0.166455 -0.091489
0.031419 -0.043621 0.047513 -0.128952 0.095684
0.034031 -0.051055 0.083085 -0.242652 -1.442082
0.027845 -0.039478 -0.391042 0.809218 0.226513
0.013920 -0.012554 -0.306116 0.545935 0.220610
0.003255 0.004900 -0.227788 0.333201 -0.011858
-0.005894 0.018105 -0.229918 0.329747 0.339169
-0.012824 0.026094 -0.117122 0.074888 0.252150
-0.015878 0.025754 -0.035827 -0.089668 0.221532
-0.015908 0.019514 0.034211 -0.221707 0.147405
-0.013637 0.009162 0.079434 -0.296850 0.004961
-0.010493 -0.002146 0.078018 -0.271168 -0.752561
-0.012416 -0.001085 -0.173271 0.316174 -0.358699
-0.021684 0.016658 -0.290047 0.570922 1.313035
-0.024504 0.018988 0.147402 -0.439767 -0.635175
-0.022944 0.012217 -0.068432 0.092444 1.073590
-0.018555 -0.000382 0.286850 -0.713593 -1.060739
-0.014247 -0.011649 -0.069915 0.136071 0.595335
-0.013040 -0.015769 0.129639 -0.336259 -2.604380
-0.025196 0.010908 -0.734882 1.647564 2.102063
-0.040386 0.042620 -0.027922 -0.031537 0.505446
-0.038244 0.034674 0.134628 -0.362743 -0.706815
-0.037695 0.032344 -0.106214 0.237380 1.454786
-0.032310 0.019983 0.374052 -0.842825 -0.404291
-0.020214 -0.005888 0.231797 -0.461154 0.138357
-0.010085 -0.025937 0.274916 -0.544091 -2.257516
-0.014133 -0.012867 -0.474939 1.176188 1.996018
-0.019652 0.001687 0.196272 -0.423175 -1.423317
-0.021342 0.007274 -0.279148 0.688019 0.778714
-0.027245 0.022125 -0.017256 0.066264 1.958965
-0.014950 -0.004845 0.630273 -1.399666 -2.761123
-0.008312 -0.016616 -0.294789 0.778080 1.233762
-0.011748 -0.005829 0.121266 -0.222585 1.462852
0.002807 -0.037000 0.605268 -1.326387 -2.891217
0.007671 -0.044751 -0.358403 0.905718 1.183660
0.001437 -0.028898 0.044930 -0.096091 -1.055914
-0.003742 -0.017034 -0.302894 0.680813 0.970392
-0.009264 -0.005979 0.025353 -0.114735 -2.962657
-0.027962 0.034996 -0.957408 2.139390 3.000000
-0.046068 0.072573 0.047367 -0.218186 0.780922
-0.039182 0.053906 0.296536 -0.712157 -0.130698
-0.028421 0.029666 0.242276 -0.507425 -1.305399
-0.027561 0.030825 -0.197659 0.550777 1.604881
-0.024788 0.028252 0.334484 -0.662936 -1.194191
-0.019522 0.021664 -0.069578 0.318543 1.341266
-0.013394 0.013937 0.374598 -0.692269 -0.377107
-0.001063 -0.006660 0.242826 -0.346500 0.797749
0.013908 -0.032414 0.505292 -0.937891 -0.911607
0.027977 -0.055388 0.199772 -0.225631 -0.847977
0.030413 -0.052352 -0.077135 0.369693 0.537137
0.031063 -0.047466 0.108831 -0.117640 -0.623791
0.031351 -0.043506 -0.093828 0.310398 0.340107
0.029999 -0.037694 0.025598 -0.014147 -0.423315
0.028286 -0.032582 -0.110896 0.266832 1.336981
0.032851 -0.043512 0.337693 -0.800395 -2.242911
0.031422 -0.041034 -0.406607 0.900963 -0.087806
0.014798 -0.005768 -0.425239 0.869735 1.351922
0.006927 0.006986 0.029724 -0.214297 -1.010709
0.001344 0.014421 -0.307744 0.576392 0.393544
-0.008292 0.031028 -0.174914 0.261756 -0.131080
-0.016190 0.043914 -0.220048 0.383383 0.963183
-0.018631 0.045022 0.096914 -0.317923 0.218045
-0.013455 0.030466 0.161984 -0.411412 0.213184
-0.005692 0.012033 0.226373 -0.512511 -1.727805
-0.008239 0.019081 -0.351750 0.847192 2.192799
-0.007644 0.018651 0.378878 -0.845042 -2.446060
-0.008934 0.024028 -0.440469 1.087774 1.955284
-0.013445 0.036676 0.212297 -0.431302 -0.399271
-0.007762 0.027027 0.072597 -0.058218 1.606845
0.005753 0.000776 0.601810 -1.243080 -1.561225
0.019241 -0.023235 0.075040 0.019947 0.552022
0.025961 -0.031432 0.260396 -0.425185 -0.652799
0.032033 -0.038534 0.044128 0.061794 0.328474
0.036070 -0.042036 0.157360 -0.233458 -0.475053
0.039259 -0.044708 0.002618 0.094696 -0.697924
0.034832 -0.031335 -0.223497 0.570015 0.516104
0.029476 -0.017910 -0.045222 0.110282 -0.416782
0.024948 -0.007622 -0.180910 0.402048 0.577562
0.021629 -0.001091 0.014090 -0.067616 -1.223093
0.014046 0.015097 -0.392084 0.867083 2.535527
0.015322 0.010068 0.452959 -1.092075 -1.004287
0.026569 -0.016456 0.111181 -0.251194 -0.738649
0.026098 -0.015167 -0.133873 0.308053 -0.678188
0.016309 0.006848 -0.355233 0.790278 0.025484
0.002372 0.037207 -0.342275 0.734447 0.923121
-0.005156 0.052346 -0.035539 0.035534 0.420408
-0.003898 0.048533 0.098065 -0.223321 0.814806
0.005294 0.028570 0.361119 -0.771235 0.497162
0.022859 -0.008178 0.517361 -1.069255 0.174414
0.044560 -0.052337 0.568337 -1.146217 -2.039548
0.053674 -0.066576 -0.109851 0.409146 -0.137758
0.048568 -0.050147 -0.145741 0.415440 0.468416
0.046022 -0.042395 0.017679 -0.020286 -0.615877
0.042723 -0.034678 -0.182140 0.401772 1.307838
0.044271 -0.039994 0.257996 -0.653763 -2.279255
0.039425 -0.031197 -0.497822 1.071354 0.565235
0.023502 0.000853 -0.299702 0.544761 0.739949
0.016518 0.010596 -0.050634 -0.047323 0.311919
0.016537 0.004250 0.051371 -0.268143 0.088504
0.019131 -0.007349 0.078463 -0.313474 -0.206779
0.020863 -0.016434 0.008576 -0.144950 -1.607867
0.010526 0.002309 -0.523912 1.068828 0.697471
-0.005633 0.033003 -0.285537 0.480283 0.755042
-0.012034 0.040783 -0.035564 -0.081760 0.071245
-0.013087 0.037509 -0.017019 -0.082566 -0.064371
-0.014294 0.036211 -0.043142 0.016056 1.543121
-0.005838 0.014023 0.464623 -1.114245 -2.077317
-0.001275 0.003219 -0.233686 0.548630 1.180701
-0.002696 0.006406 0.161119 -0.375636 -0.341936
0.001399 -0.002676 0.044249 -0.084343 -0.106675
0.002448 -0.004320 0.008380 0.000600 1.402764
0.012120 -0.025909 0.473925 -1.069185 -1.540781
0.020721 -0.044159 -0.041573 0.135861 -0.103307
0.018487 -0.038310 -0.070202 0.157422 0.432999
0.018665 -0.039725 0.078558 -0.223142 -0.744694
0.016910 -0.037817 -0.165548 0.311452 0.185486
0.011652 -0.029470 -0.097777 0.110300 -0.931428
0.001629 -0.011558 -0.402692 0.779545 0.331811
-0.012126 0.013244 -0.286016 0.469801 0.301411
-0.021519 0.027114 -0.184255 0.229861 0.971720
-0.022451 0.021741 0.136620 -0.489511 -1.329870
-0.025954 0.023775 -0.310147 0.576644 1.186952
-0.030432 0.028431 0.084738 -0.330123 -0.867574
-0.032927 0.029682 -0.208398 0.382930 0.262848
-0.039524 0.041178 -0.122011 0.196822 1.005463
-0.037785 0.034357 0.208013 -0.529105 -0.252309
-0.031302 0.018610 0.116804 -0.265020 -0.920939
-0.032842 0.022983 -0.192724 0.474127 0.684682
-0.035982 0.031379 0.034745 -0.045289 -0.654055
-0.039024 0.040442 -0.186186 0.492618 1.617251
-0.035742 0.035666 0.348538 -0.715462 -1.348873
-0.030965 0.029588 -0.107926 0.394846 2.196596
-0.020689 0.011869 0.619554 -1.261283 -1.857305
-0.008489 -0.008036 -0.006833 0.241034 1.333282
0.000151 -0.019334 0.437442 -0.793635 -0.992069
0.010964 -0.035182 0.104707 -0.012983 -0.108048
0.014501 -0.034793 0.072222 0.031866 -1.043977
0.010521 -0.018293 -0.270382 0.785957 -1.154268
-0.007820 0.029451 -0.646218 1.599054 1.687379
-0.022276 0.066122 -0.079570 0.261367 1.891159
-0.013010 0.048857 0.541194 -1.109305 -0.918178
0.002249 0.021238 0.223451 -0.288313 0.782332
0.016288 -0.001377 0.478113 -0.839228 -1.241508
0.027018 -0.014727 0.060195 0.155103 -0.090712
0.028867 -0.007622 0.032198 0.200911 0.910230
0.036246 -0.013959 0.335764 -0.509065 -0.373594
0.047135 -0.028172 0.209390 -0.208660 -0.277523
0.053685 -0.032580 0.118520 -0.015316 -0.073189
0.057999 -0.032753 0.097243 0.006291 -0.254145
0.060264 -0.029319 0.016159 0.163891 -0.238523
0.059405 -0.019951 -0.059031 0.304363 0.929271
0.063308 -0.022874 0.253066 -0.440600 0.705578
0.078099 -0.051225 0.486131 -0.974909 -1.477738
0.087681 -0.067420 -0.004856 0.145861 0.589351
0.091569 -0.072328 0.198530 -0.384804 -1.639040
0.088723 -0.063768 -0.339256 0.798162 0.401604
0.078080 -0.040506 -0.193886 0.375268 -1.747955
0.058846 -0.000068 -0.766684 1.637224 1.319967
0.037210 0.042985 -0.317718 0.539678 1.816575
0.036564 0.037018 0.283463 -0.820209 -0.375581
0.045199 0.011961 0.149297 -0.442813 0.130936
0.051946 -0.006860 0.188346 -0.501152 -1.808153
0.047390 0.001417 -0.414159 0.897056 1.446908
0.040579 0.013941 0.071601 -0.252216 -0.272148
0.041562 0.008729 -0.022006 -0.012775 1.500544
0.000872 0.008701 0.006317 -0.009945 0.113592
0.001856 0.006814 0.042758 -0.083743 1.989924
0.016770 -0.026797 0.701234 -1.582265 -2.081444
0.030792 -0.056613 0.003126 0.061747 0.200827
0.032383 -0.058581 0.076157 -0.157503 -2.411690
0.019503 -0.029023 -0.718166 1.617182 0.102929
-0.008232 0.031285 -0.669917 1.412812 2.439628
-0.018663 0.049244 0.144959 -0.484173 -0.635617
-0.017274 0.041450 -0.074516 0.085042 0.434398
-0.017449 0.039074 0.065372 -0.200269 0.224467
-0.013463 0.028834 0.133960 -0.312221 1.250043
0.000094 -0.001725 0.543078 -1.209308 -1.816920
0.009546 -0.020567 -0.067846 0.242962 0.016904
0.007022 -0.011869 -0.058599 0.194368 -0.775540
-0.000430 0.007327 -0.313477 0.761278 0.154257
-0.011848 0.034603 -0.258173 0.610052 2.305689
-0.006833 0.023653 0.506458 -1.135439 -0.765706
0.008102 -0.007895 0.241926 -0.457609 -0.931322
0.011526 -0.011419 -0.069547 0.270488 -0.804150
0.003455 0.011174 -0.333518 0.855397 0.146119
-0.008814 0.042306 -0.280749 0.709434 0.826109
-0.014545 0.058098 -0.007114 0.092147 0.855584
-0.009267 0.049950 0.270269 -0.493004 -0.140769
0.000413 0.034259 0.214322 -0.297336 1.231924
0.017047 0.004698 0.616622 -1.174441 -1.274129
0.033036 -0.020971 0.184954 -0.128808 -0.443431
0.037501 -0.019571 0.038743 0.194514 0.382375
0.041656 -0.018323 0.168493 -0.127376 1.199408
0.056383 -0.042040 0.566844 -1.049972 -2.403965
0.062999 -0.046691 -0.233060 0.790512 1.247265
0.062184 -0.036300 0.190528 -0.254388 -0.140269
0.068907 -0.044779 0.145907 -0.172431 0.418470
0.077591 -0.058859 0.288020 -0.529287 -0.613366
0.085081 -0.071252 0.087395 -0.099034 -1.509545
0.078687 -0.053585 -0.405866 0.971286 0.802515
0.068049 -0.029548 -0.127506 0.245264 0.517369
0.066492 -0.028664 0.048940 -0.194742 -1.828524
0.056322 -0.008749 -0.555726 1.175385 0.434796
0.037184 0.029843 -0.402547 0.767591 2.715283
0.039188 0.018566 0.499828 -1.304806 -1.385287
0.049728 -0.010140 0.029448 -0.152322 -0.212819
0.049488 -0.012964 -0.041104 0.008327 0.735313
0.052765 -0.024208 0.204235 -0.564665 -0.967912
0.054465 -0.031710 -0.117931 0.177584 -0.457315
0.046804 -0.018529 -0.264905 0.479858 1.155422
0.044008 -0.018128 0.123675 -0.446722 -1.582151
0.038405 -0.011492 -0.402061 0.762848 1.000420
0.029120 0.002392 -0.063702 -0.054426 -0.304085
0.024538 0.005041 -0.165106 0.184061 -1.022117
0.011154 0.028002 -0.503316 0.957594 0.521014
-0.005428 0.057707 -0.327027 0.539561 1.780923
-0.006721 0.052659 0.260457 -0.774638 -0.564963
-0.000293 0.032626 0.062127 -0.238317 -0.039963
0.001815 0.024819 0.043554 -0.154712 -0.046409
0.003167 0.020165 0.024220 -0.079950 0.574992
0.007899 0.008750 0.211985 -0.487351 -0.139105
0.015356 -0.007712 0.161370 -0.341088 -0.674558
0.017284 -0.010676 -0.064064 0.184931 0.625867
0.018932 -0.013349 0.145752 -0.312151 -0.983965
0.018196 -0.010574 -0.181470 0.440910 0.759710
0.016077 -0.005405 0.074491 -0.172841 0.132269
0.019919 -0.014207 0.117615 -0.267690 -1.044380
0.017664 -0.008806 -0.229221 0.527670 -0.091029
0.007986 0.012828 -0.255033 0.557868 0.778816
0.003018 0.022771 0.005482 -0.050136 -0.677927
-0.001333 0.031812 -0.222368 0.496234 3.000000
0.009723 0.005723 0.772246 -1.774445 -1.165258
0.032574 -0.044809 0.372802 -0.776351 -0.228232
0.045943 -0.072323 0.296494 -0.607274 -1.885281
0.045346 -0.068603 -0.324295 0.774751 -0.733390
0.027764 -0.028956 -0.554925 1.209581 0.997828
0.012451 0.001845 -0.212631 0.348529 0.027389
0.004177 0.014973 -0.201369 0.310969 1.331415
0.004992 0.006923 0.240717 -0.700883 -1.661112
0.003449 0.005536 -0.315799 0.612835 1.742655
0.002489 0.002619 0.265766 -0.740282 -1.297669
0.004369 -0.005974 -0.170004 0.294390 0.805793
0.002986 -0.007080 0.099908 -0.340952 -0.957775
0.000575 -0.005681 -0.219341 0.400743 -1.416346
-0.017546 0.031471 -0.685734 1.449256 2.589540
-0.027608 0.048544 0.179064 -0.563440 -0.208905
-0.022028 0.031123 0.100613 -0.314455 -1.330765
-0.026973 0.040154 -0.346341 0.752718 1.385861
-0.031592 0.048975 0.113549 -0.295027 -0.429678
-0.030065 0.045337 -0.036510 0.106819 1.589114
-0.021051 0.026188 0.485843 -1.052137 0.016142
-0.001733 -0.014089 0.480884 -0.970721 -2.928693
-0.002102 -0.006915 -0.495940 1.299042 2.059789
-0.008033 0.011554 0.196475 -0.348756 -0.628528
-0.004441 0.008041 -0.016009 0.165230 0.623606
-0.000933 0.005085 0.190691 -0.307020 0.620440
0.010755 -0.016152 0.393462 -0.752742 -0.976682
0.019911 -0.030583 0.065824 0.017422 -0.649379
0.018289 -0.020602 -0.146434 0.477190 -0.486868
0.009304 0.004896 -0.302783 0.798226 1.394091
0.006570 0.014502 0.164164 -0.300534 0.670931
0.017515 -0.007043 0.382759 -0.774333 -1.436514
0.023161 -0.015031 -0.098537 0.357399 0.471863
0.022439 -0.008766 0.061718 -0.037339 0.261193
0.026652 -0.014381 0.148750 -0.241677 -1.422852
0.023127 -0.002157 -0.323578 0.840154 0.503541
0.013660 0.022585 -0.150924 0.407958 0.635260
0.011853 0.029175 0.059712 -0.070426 0.985277
0.020712 0.012047 0.382473 -0.779495 1.029777
0.042708 -0.033585 0.717000 -1.500780 -1.334013
0.062354 -0.071877 0.267842 -0.437041 -2.055630
0.059500 -0.058940 -0.408574 1.065807 1.002829
0.050109 -0.034434 -0.062738 0.176471 -1.499001
0.037729 -0.005354 -0.555124 1.268131 2.256334
0.030735 0.008925 0.202345 -0.526105 0.545762
0.042357 -0.019558 0.378699 -0.898428 -2.356792
0.041734 -0.018519 -0.407032 0.924987 1.243429
0.033903 -0.002252 0.013594 -0.094153 0.262061
0.036178 -0.009937 0.100041 -0.288866 -1.154779
0.032475 -0.003561 -0.283958 0.596485 0.095349
0.021848 0.017988 -0.247980 0.486789 -0.254063
0.010272 0.041162 -0.330967 0.673842 2.093658
0.010960 0.036096 0.363055 -0.906113 0.015612
0.025367 0.001694 0.358032 -0.821885 -0.605008
0.035531 -0.020709 0.151387 -0.309936 -0.056727
0.041204 -0.032263 0.132545 -0.270628 -1.531181
0.036350 -0.019930 -0.373728 0.873782 -0.281536
0.019701 0.017755 -0.459156 1.015858 1.383382
0.010648 0.036240 0.004396 -0.072410 -0.276354
0.008891 0.038563 -0.091889 0.185393 0.663461
0.009565 0.036488 0.124873 -0.282948 0.234449
0.015989 0.022840 0.196434 -0.400525 -0.211964
0.022319 0.011185 0.120597 -0.187494 -0.001503
0.027073 0.004265 0.117255 -0.160253 0.029931
0.031921 -0.002245 0.125274 -0.166450 0.630064
0.041095 -0.018366 0.333024 -0.636188 -1.374898
0.045209 -0.022228 -0.125621 0.427356 0.915037
0.046378 -0.020231 0.182888 -0.316692 -1.258770
0.045312 -0.013568 -0.234846 0.637803 2.315378
0.051440 -0.024750 0.538662 -1.173611 -1.639789
0.061953 -0.045488 -0.010573 0.114218 -0.842861
0.056040 -0.029154 -0.284523 0.697606 0.085401
0.045393 -0.004131 -0.248473 0.560403 -0.400009
0.032885 0.023623 -0.377035 0.828978 1.849354
0.030172 0.027870 0.239103 -0.595722 -0.791481
0.034317 0.017677 -0.030681 0.074754 2.057172
0.046740 -0.010581 0.650018 -1.471674 -2.326087
0.057064 -0.031962 -0.130483 0.372200 0.188654
0.053223 -0.021171 -0.062105 0.172292 -0.623864
0.046658 -0.005379 -0.265732 0.614231 0.373045
0.038612 0.012551 -0.137408 0.290406 1.256371
0.041486 0.004810 0.279743 -0.665614 -1.057336
0.045527 -0.004531 -0.076199 0.184805 -0.459340
0.039458 0.009606 -0.227004 0.520105 1.046610
0.037393 0.013901 0.122415 -0.293067 0.164539
0.043304 0.000404 0.173280 -0.383154 0.256879
0.051881 -0.018307 0.255629 -0.553719 -1.128781
0.054551 -0.022765 -0.120697 0.317654 -0.382383
0.047274 -0.005099 -0.243079 0.565673 0.808431
0.043022 0.004271 0.029301 -0.086133 0.200901
0.045505 -0.002008 0.094719 -0.227105 -0.187839
0.048010 -0.007912 0.030922 -0.071423 -0.880954
0.043391 0.002716 -0.261086 0.595550 0.790801
0.038288 0.013695 0.004781 -0.035528 -0.410025
0.035713 0.018977 -0.133148 0.296024 1.694223
0.041654 0.004882 0.428519 -0.985688 -1.513851
0.048560 -0.009817 -0.081061 0.230736 -0.006662
0.045326 -0.000981 -0.080856 0.213068 0.377600
0.044633 0.001473 0.045728 -0.085669 0.922190
0.052576 -0.015933 0.350661 -0.778349 -2.358865
0.050826 -0.010125 -0.435478 1.044347 1.540851
0.043833 0.006385 0.083608 -0.198099 -0.907098
0.041095 0.012850 -0.219520 0.512627 0.392285
0.034969 0.026984 -0.087565 0.201291 0.253632
0.033118 0.031542 -0.005305 0.029937 1.031222
0.039693 0.017644 0.333157 -0.717200 1.672611
0.063991 -0.035327 0.880748 -1.924573 -3.000000
0.079054 -0.064509 -0.123107 0.425456 0.385069
0.076891 -0.055415 0.014199 0.036432 -2.109508
0.063559 -0.022901 -0.679151 1.574805 2.165643
0.051085 0.004225 0.052219 -0.188527 0.036817
0.053378 -0.003497 0.062591 -0.198948 0.120418
0.056658 -0.013086 0.101470 -0.281231 -0.188175
0.059450 -0.021338 0.038495 -0.135106 -0.116501
0.060240 -0.025235 0.001214 -0.061567 0.191989
0.061611 -0.031119 0.067199 -0.231382 -1.857118
0.051982 -0.012241 -0.546912 1.159659 1.020097
0.037094 0.016670 -0.199345 0.303676 0.365300
0.031559 0.023219 -0.077961 0.028938 0.177484
0.029574 0.022184 -0.021477 -0.079381 0.159413
0.029712 0.017215 0.028367 -0.168791 0.288696
0.032702 0.006688 0.121016 -0.356999 -0.543470
0.033856 0.001424 -0.062506 0.086572 0.104370
0.032058 0.003237 -0.027562 0.005531 -0.511832
0.027543 0.011425 -0.197769 0.399962 0.968962
0.026110 0.012306 0.124951 -0.345231 -1.075868
0.023869 0.015809 -0.235736 0.509052 1.456980
0.024169 0.013519 0.249057 -0.608348 -0.859861
0.028286 0.003560 -0.041940 0.098528 -1.111107
0.019221 0.024561 -0.410384 0.943734 2.390765
0.018789 0.024959 0.385923 -0.897895 -1.398772
0.024726 0.012347 -0.087074 0.248828 2.667121
0.038989 -0.018676 0.797646 -1.777653 -2.109915
0.056627 -0.055407 0.087729 -0.090652 -0.913103
0.054171 -0.046160 -0.209707 0.545988 0.151910
0.046974 -0.028414 -0.150772 0.347569 0.980298
0.047577 -0.030654 0.179700 -0.448850 -0.590309
0.050837 -0.039626 -0.015794 -0.007763 -1.304401
0.041617 -0.020792 -0.444126 0.940039 1.317330
0.032803 -0.005136 0.001466 -0.139017 -0.592068
0.028914 -0.001504 -0.195290 0.314944 1.107555
0.028521 -0.006349 0.174414 -0.546067 -0.934093
0.029216 -0.013230 -0.138399 0.190274 -0.632981
0.019528 0.003573 -0.345595 0.646805 -0.118452
0.005008 0.030512 -0.380831 0.704641 0.521186
-0.006719 0.050496 -0.206577 0.304291 0.168961
-0.013926 0.060877 -0.154100 0.218063 -0.588096
-0.024100 0.079759 -0.354137 0.722481 1.765022
-0.026620 0.082623 0.226068 -0.560547 -0.288362
-0.019764 0.067316 0.117485 -0.212546 2.488804
0.001287 0.022573 0.933442 -2.009599 -1.760385
0.026553 -0.027512 0.333022 -0.525338 0.076786
0.040355 -0.049588 0.357421 -0.582028 -2.415191
0.038610 -0.036157 -0.442217 1.231182 1.616859
0.031932 -0.014172 0.105910 -0.109035 0.157980
0.037227 -0.021098 0.158780 -0.236835 -0.385695
0.041017 -0.024777 0.031247 0.048158 -0.973165
0.035851 -0.008499 -0.288804 0.759034 0.938789
0.030671 0.006272 0.028381 -0.006828 1.294963
0.040400 -0.013699 0.456908 -0.981946 -1.394367
0.049277 -0.030524 -0.010975 0.121694 -0.597878
0.044943 -0.017305 -0.205356 0.536099 0.271006
0.038646 -0.001101 -0.110169 0.280861 0.752176
0.039284 -0.001784 0.141141 -0.306866 -0.438824
0.041963 -0.006908 -0.006517 0.044710 -0.781546
0.036522 0.006708 -0.264916 0.630562 1.005143
0.032687 0.015844 0.071792 -0.160803 0.215351
0.036927 0.006728 0.140164 -0.294929 0.009109
0.042530 -0.004617 0.140205 -0.274860 -1.330346
0.039252 0.005130 -0.302691 0.749745 2.520812
0.044010 -0.004448 0.537732 -1.203113 -2.811735
0.046638 -0.007831 -0.402834 1.002280 1.180666
0.038543 0.012642 -0.003817 0.039017 0.288279
0.040280 0.010059 0.090419 -0.165831 0.724320
0.048662 -0.007204 0.328184 -0.693351 0.063775
0.062118 -0.035116 0.345123 -0.707519 -1.353663
0.066887 -0.042473 -0.104884 0.323614 -0.381571
0.060294 -0.025050 -0.224795 0.547863 -0.346152
0.049134 0.000907 -0.333339 0.752260 1.308021
0.044611 0.009956 0.105374 -0.283451 -1.390380
0.039509 0.020625 -0.358966 0.803708 2.189610
0.039785 0.018596 0.370217 -0.881931 -0.038059
0.054162 -0.014448 0.349396 -0.778256 -1.889107
0.055483 -0.015818 -0.281082 0.688892 1.080205
0.051560 -0.006106 0.083428 -0.189056 -0.792889
0.049604 -0.001337 -0.180373 0.419896 -0.249888
0.040790 0.018745 -0.260446 0.585828 1.934605
0.043283 0.012159 0.382921 -0.895666 -1.516297
0.048346 0.001147 -0.127651 0.325738 1.175572
0.051103 -0.004253 0.264151 -0.584013 -1.166691
0.053824 -0.008967 -0.126558 0.334454 0.102831
0.049512 0.002217 -0.089423 0.228440 0.034741
0.046192 0.010608 -0.076818 0.193266 0.889087
0.049034 0.004709 0.218006 -0.479909 1.006772
0.064363 -0.029163 0.547905 -1.210015 -2.045597
0.072552 -0.045189 -0.135573 0.382802 0.210514
0.068683 -0.034629 -0.058411 0.150486 0.107902
0.067162 -0.031236 -0.017934 0.021632 -0.720613
0.061723 -0.020026 -0.253445 0.533928 0.751563
0.056708 -0.011360 0.001597 -0.090160 -1.050730
0.049793 0.001065 -0.346342 0.702742 -0.327165
0.033868 0.033317 -0.450199 0.913237 2.206435
0.030594 0.035579 0.283829 -0.775923 -1.858266
0.029391 0.034966 -0.341634 0.724147 1.424590
0.025227 0.041958 0.131577 -0.357848 1.178481
0.038176 0.011047 0.515227 -1.182523 -0.716044
0.053813 -0.023377 0.268256 -0.554287 -1.152430
0.056842 -0.027614 -0.115365 0.329166 -0.466616
0.049231 -0.008321 -0.265100 0.635021 0.937944
0.044977 0.001667 0.051045 -0.123001 -0.458458
0.043943 0.004033 -0.102232 0.236706 -1.073825
0.032734 0.029814 -0.457396 1.045938 3.000000
0.034475 0.024945 0.541002 -1.258127 -2.076316
0.042055 0.008813 -0.159167 0.424866 1.278197
0.044230 0.005852 0.266437 -0.559661 0.404653
0.057475 -0.021824 0.395931 -0.825872 -0.632951
0.069019 -0.044501 0.182533 -0.319674 -0.829209
0.070853 -0.045134 -0.089883 0.279452 0.192079
0.068674 -0.038286 -0.019538 0.067236 -0.166081
0.066880 -0.033991 -0.070081 0.147239 -1.365548
0.055091 -0.008084 -0.518377 1.139472 1.665574
0.045625 0.010230 0.042631 -0.201301 -0.846330
0.041646 0.015719 -0.240646 0.467484 1.029873
0.038904 0.018377 0.102281 -0.322979 -1.529440
0.032731 0.029842 -0.409275 0.881521 1.502120
0.026413 0.041605 0.091317 -0.274649 -0.434626
0.027038 0.038660 -0.059404 0.121323 2.185858
0.039125 0.010741 0.661859 -1.500485 -1.705087
0.054000 -0.020787 0.084681 -0.101859 -0.184404
0.056186 -0.022334 0.024841 0.022472 0.469104
0.060348 -0.029147 0.182780 -0.359126 -0.174876
0.066502 -0.040985 0.125338 -0.236858 0.093743
0.072190 -0.052495 0.159127 -0.339493 -2.349127
0.063001 -0.030781 -0.616383 1.405576 1.487179
0.048516 0.000044 -0.110331 0.159059 0.039469
0.044388 0.005621 -0.096215 0.121432 1.550153
0.050856 -0.013337 0.418133 -1.056530 -1.385191
0.058236 -0.033190 -0.047016 0.044321 -0.239258
0.054844 -0.028543 -0.122433 0.186916 -0.814121
0.044624 -0.009447 -0.388059 0.763675 0.093395
0.029861 0.018455 -0.350829 0.638665 1.255542
0.024235 0.024326 0.067896 -0.330299 -0.190557
0.025579 0.015077 -0.000207 -0.136673 -0.724399
0.020698 0.021302 -0.243084 0.441036 0.117733
0.011776 0.037074 -0.203436 0.351979 1.258650
0.011977 0.032266 0.212114 -0.580297 -0.088527
0.019711 0.011973 0.175176 -0.440287 -0.103662
0.025931 -0.003142 0.136332 -0.320127 -0.584975
0.027448 -0.006566 -0.059708 0.141727 0.455541
0.028123 -0.008200 0.092906 -0.218666 -2.152026
0.017506 0.016256 -0.621663 1.423191 2.216290
0.007556 0.037671 0.120970 -0.323264 0.199961
0.013588 0.023018 0.180762 -0.411080 0.008720
0.020758 0.007566 0.178103 -0.365198 -0.575326
0.023977 0.002504 -0.016317 0.104501 -0.058459
0.022940 0.007545 -0.035565 0.147918 0.740791
0.026445 0.002102 0.210037 -0.413238 1.072084
0.041904 -0.030253 0.562269 -1.199736 -2.337641
0.048729 -0.041423 -0.217918 0.613271 0.598879
0.044174 -0.027824 -0.010884 0.076811 -1.396146
0.034522 -0.004018 -0.470604 1.103898 2.258848
0.030896 0.003905 0.286400 -0.681086 -0.732268
0.037366 -0.011049 0.038285 -0.078063 -0.206705
0.037531 -0.011110 -0.029770 0.072870 -1.504458
0.026365 0.014601 -0.527252 1.201900 2.048264
0.019045 0.029996 0.158395 -0.406272 0.641546
0.029516 0.005171 0.364965 -0.833949 -1.709110
0.032603 -0.000653 -0.208401 0.522525 2.201497
0.038987 -0.014248 0.525223 -1.181010 -3.000000
0.039890 -0.014124 -0.476473 1.154461 0.561644
0.024769 0.021597 -0.281019 0.645773 0.742800
0.018514 0.035703 -0.032907 0.070496 0.011922
0.017203 0.039118 -0.032660 0.100529 0.298015
0.017801 0.039386 0.062218 -0.084443 1.041044
0.027105 0.021105 0.402206 -0.822992 -0.482199
0.039806 -0.002770 0.233998 -0.381658 0.860623
0.054830 -0.030763 0.516729 -1.014529 -1.058325
0.068367 -0.054413 0.161924 -0.184588 -1.266728
0.066510 -0.043347 -0.253608 0.727436 0.988724
0.063141 -0.031359 0.083635 -0.114006 -1.676412
0.055384 -0.010712 -0.469951 1.133101 0.614957
0.040868 0.023442 -0.257326 0.589036 1.316008
0.039360 0.026596 0.180293 -0.416521 0.148936
0.047436 0.008864 0.223716 -0.472832 -0.033733
0.056063 -0.008651 0.208080 -0.407290 -0.353847
0.061984 -0.019121 0.088626 -0.122289 0.132770
0.066431 -0.026290 0.133672 -0.236029 -1.246975
0.063502 -0.016837 -0.278857 0.697544 2.177887
0.066973 -0.023675 0.449877 -1.016690 -2.112375
0.070814 -0.031063 -0.255116 0.622661 1.049364
0.067749 -0.023787 0.100379 -0.245308 -0.869044
0.065997 -0.020443 -0.187017 0.404082 -0.579513
0.054766 0.003643 -0.374370 0.799470 0.642422
0.044176 0.024804 -0.156356 0.270270 0.927844
0.044077 0.021619 0.150355 -0.420468 -0.456535
0.046940 0.012913 -0.006423 -0.022121 1.867959
0.059073 -0.016301 0.611448 -1.424705 -2.180879
0.068842 -0.038239 -0.119821 0.298902 -0.124940
0.063346 -0.025616 -0.155174 0.334243 0.698250
0.061889 -0.023978 0.081402 -0.243916 -0.655709
0.060799 -0.023864 -0.135141 0.242810 0.086959
0.056061 -0.016334 -0.102065 0.136630 -0.819781
0.046582 0.001193 -0.371283 0.734855 2.395114
0.047771 -0.007133 0.428041 -1.126723 -1.135892
0.057182 -0.033385 0.044446 -0.204158 -1.524099
0.048868 -0.018626 -0.458710 0.929258 1.194291
0.038647 -0.001449 -0.054177 -0.053260 -0.357783
0.034096 0.001982 -0.172989 0.221636 -0.097715
0.026557 0.012126 -0.204052 0.286665 0.135176
0.019312 0.021443 -0.158554 0.182515 1.063601
0.020025 0.012693 0.193127 -0.610681 -0.673388
0.023150 -0.000249 -0.035750 -0.046873 -0.826398
0.016216 0.010660 -0.310164 0.585600 0.492070
0.007148 0.026022 -0.144174 0.191145 1.121608
0.008811 0.016827 0.226212 -0.641088 -2.180113
0.003222 0.025953 -0.503119 1.074975 0.054293
-0.016434 0.067312 -0.480565 1.002194 2.666524
-0.017946 0.066874 0.401858 -0.996202 -0.710398
-0.006893 0.040827 0.152220 -0.320393 1.155331
0.006733 0.011698 0.528444 -1.130682 -1.485573
0.017785 -0.008878 0.026382 0.080839 1.007297
0.025565 -0.021387 0.361650 -0.697789 -1.256418
0.031609 -0.029523 -0.057759 0.275611 1.041888
0.036329 -0.035507 0.292551 -0.564140 -1.936785
0.035139 -0.028374 -0.349899 0.901696 2.102393
0.035321 -0.026418 0.356361 -0.779932 -2.256488
0.034505 -0.022502 -0.394574 0.952255 1.834475
0.031115 -0.014348 0.222639 -0.522304 -0.917310
0.033868 -0.020748 -0.083725 0.190961 0.384088
0.033146 -0.019711 0.047111 -0.134320 0.033979
0.035278 -0.025849 0.059532 -0.173284 -1.427408
0.028195 -0.011194 -0.412329 0.894062 0.944759
0.018145 0.008633 -0.091733 0.112188 -0.605134
0.010448 0.022500 -0.292692 0.577376 0.370483
0.001240 0.039693 -0.168469 0.289765 1.304522
0.003128 0.031840 0.261543 -0.670581 0.755305
0.018439 -0.004912 0.503913 -1.167388 -2.158993
0.024064 -0.016957 -0.219764 0.538718 0.056639
0.015765 0.002647 -0.195662 0.446666 1.039487
0.014912 0.004047 0.151698 -0.364985 -1.034778
0.014028 0.005967 -0.194645 0.449884 1.748017
0.017921 -0.003316 0.387383 -0.896970 -0.619550
0.029163 -0.028517 0.175973 -0.375440 -1.603158
0.025542 -0.019041 -0.355307 0.834209 0.667314
0.015934 0.002557 -0.126383 0.258025 1.309389
0.019620 -0.007488 0.309282 -0.748135 -0.709444
0.027172 -0.025653 0.069589 -0.171880 -0.726013
0.025156 -0.021711 -0.169660 0.362309 -0.081792
0.017926 -0.006915 -0.192052 0.380123 -0.318664
0.008196 0.012551 -0.294496 0.594036 2.577287
0.013620 -0.003746 0.562952 -1.384421 -1.757457
0.024244 -0.030330 -0.029006 0.029879 -0.322506
0.021010 -0.024895 -0.132495 0.240019 -0.699412
0.011149 -0.005418 -0.360171 0.730832 0.491468
0.000134 0.015194 -0.191624 0.309769 0.629388
-0.003332 0.017889 0.017528 -0.167777 0.252445
-0.001018 0.007972 0.098117 -0.327772 -1.136740
-0.004724 0.012982 -0.282102 0.566680 0.483073
-0.012739 0.027809 -0.119554 0.183031 0.106505
-0.016849 0.033932 -0.086167 0.125209 -0.397197
-0.022996 0.045695 -0.220882 0.460509 1.683119
-0.020679 0.038791 0.334980 -0.789644 0.391005
-0.004888 0.003196 0.454881 -0.994319 -1.442712
0.003546 -0.012966 -0.031044 0.166703 0.207128
0.003730 -0.009960 0.039923 -0.013305 -0.746118
0.000379 0.000800 -0.206847 0.545613 -0.577082
-0.011658 0.030822 -0.394882 0.955575 1.825754
-0.015242 0.040513 0.213245 -0.449190 -0.229923
-0.008406 0.027660 0.129187 -0.199424 1.185004
0.004544 0.002442 0.517472 -1.054618 -2.529374
0.008244 0.000633 -0.329365 0.935857 1.087493
0.002435 0.020175 0.037191 0.057546 0.638335
0.008124 0.013116 0.246649 -0.405435 -0.617262
0.013784 0.007279 0.037259 0.105283 1.562427
0.025657 -0.012434 0.554964 -1.078188 -1.176272
0.039886 -0.036291 0.158428 -0.132888 -0.469188
0.043155 -0.035021 0.005495 0.192092 1.731212
0.054985 -0.054930 0.584170 -1.171936 -2.789361
0.059752 -0.058740 -0.342404 0.950692 0.659607
0.050707 -0.033414 -0.111215 0.329100 0.903525
0.052387 -0.035298 0.194101 -0.413269 -1.289944
0.051586 -0.032261 -0.232730 0.552215 1.019616
0.049210 -0.027280 0.112574 -0.290410 -0.943980
0.047450 -0.024613 -0.199549 0.414377 -0.129408
0.038723 -0.007142 -0.237037 0.461961 0.919642
0.035444 -0.003544 0.071890 -0.271053 -0.233127
0.036735 -0.010493 -0.006916 -0.080462 0.668518
0.040916 -0.024087 0.215402 -0.594664 -2.000463
0.036190 -0.016888 -0.449467 0.934626 1.609127
0.029094 -0.005835 0.092479 -0.361629 -0.829183
0.027237 -0.007185 -0.184341 0.284785 -1.007105
0.013224 0.019161 -0.515631 1.027228 1.636042
0.003593 0.034233 0.031791 -0.252456 0.368838
0.007203 0.019635 0.148648 -0.477190 -0.830239
0.007510 0.014426 -0.132162 0.206157 -0.097312
0.001574 0.024261 -0.164700 0.286413 1.063890
0.002049 0.019598 0.187312 -0.509356 -0.761247
0.004355 0.012089 -0.070910 0.123559 0.348346
0.003825 0.011833 0.043985 -0.132764 -0.387977
0.002953 0.012974 -0.087077 0.185546 0.342103
0.001741 0.015234 0.026030 -0.068524 1.262826
0.011134 -0.006422 0.442573 -1.005420 -1.415203
0.019281 -0.023665 -0.033146 0.123888 -0.457701
0.014978 -0.012355 -0.181725 0.439423 0.882914
0.013672 -0.009178 0.115295 -0.270002 -1.408088
0.008894 0.001840 -0.352767 0.807978 2.386570
0.010773 -0.003505 0.443979 -1.050211 -2.340157
0.012811 -0.008203 -0.339145 0.788554 1.623865
0.010182 -0.002815 0.205582 -0.500043 -1.329234
0.009490 -0.001755 -0.238567 0.538683 1.251698
0.008356 -0.000162 0.180317 -0.444878 -1.023037
0.008694 -0.001611 -0.162182 0.360812 0.345348
0.004559 0.007034 -0.045168 0.077137 -0.076146
0.002238 0.011388 -0.070841 0.140531 1.782657
0.011255 -0.010262 0.520000 -1.208412 -2.253137
0.016904 -0.022577 -0.234541 0.565218 1.271064
0.016109 -0.020734 0.193192 -0.458376 -0.964547
0.017395 -0.024089 -0.127665 0.279564 -0.209191
0.010991 -0.010591 -0.192628 0.396370 1.467583
0.013130 -0.018025 0.297931 -0.753359 -2.412187
0.008927 -0.010489 -0.505343 1.105622 0.537647
-0.007520 0.023788 -0.318414 0.621846 1.507727
-0.010189 0.025269 0.183126 -0.531301 -0.612406
-0.007076 0.014754 -0.026452 -0.003908 0.601512
-0.004169 0.005742 0.171296 -0.442341 -1.601079
-0.008050 0.013408 -0.363553 0.809554 0.763224
-0.017425 0.033336 -0.106570 0.199493 1.755056
-0.010065 0.014921 0.472987 -1.105792 -1.134987
0.001100 -0.010011 0.087180 -0.158997 -0.321730
0.002441 -0.011408 -0.019741 0.085440 1.291234
0.010274 -0.028166 0.410143 -0.912535 -2.656264
0.008935 -0.023284 -0.474043 1.129013 0.704155
-0.005124 0.009050 -0.230469 0.502830 0.975700
-0.007800 0.013752 0.095412 -0.256147 -0.581961
-0.007927 0.013146 -0.101038 0.219075 0.651413
-0.007636 0.011955 0.114873 -0.271965 -0.223732
-0.004601 0.005195 0.037299 -0.070220 -0.771048
-0.008265 0.014487 -0.219727 0.528263 0.526582
-0.013508 0.027203 -0.043335 0.115878 0.636702
-0.011055 0.022582 0.165347 -0.341404 1.193519
0.003390 -0.008383 0.556161 -1.200991 -2.199366
0.010837 -0.021185 -0.180849 0.533881 0.069868
0.004189 -0.002064 -0.152044 0.427451 -0.079229
-0.002356 0.015676 -0.175486 0.462567 -0.334966
-0.011573 0.039112 -0.285419 0.710347 1.826205
-0.010834 0.039519 0.320197 -0.670518 -0.153150
0.000759 0.016909 0.260197 -0.467284 0.864742
0.016802 -0.014001 0.541599 -1.075785 -2.138896
0.024099 -0.023020 -0.173980 0.599437 0.495081
0.020566 -0.007933 -0.003599 0.163963 0.848180
0.026099 -0.014761 0.279339 -0.497415 -0.708596
0.032509 -0.023405 0.042195 0.055714 0.205481
0.035617 -0.024904 0.112945 -0.128409 -0.072417
0.039683 -0.029291 0.090475 -0.092320 0.311014
0.045415 -0.038273 0.195914 -0.354864 -1.528136
0.043116 -0.029389 -0.309266 0.784953 0.956070
0.037284 -0.014365 0.016155 -0.019585 -0.314470
0.035864 -0.010587 -0.086889 0.206081 -0.244034
0.030817 0.000923 -0.165450 0.369375 -0.791258
0.018986 0.027419 -0.425634 0.952412 1.535162
0.012250 0.041358 0.086636 -0.235778 -0.328163
0.013401 0.038279 -0.028537 0.076869 1.674455
0.023315 0.016484 0.522805 -1.153939 -0.861003
0.038283 -0.014478 0.227288 -0.410706 -0.876315
0.041509 -0.017188 -0.064888 0.265166 0.730050
0.043841 -0.018505 0.180639 -0.323047 -0.524766
0.047563 -0.023323 0.006152 0.075610 -0.786568
0.042635 -0.008817 -0.251940 0.644590 2.151818
0.046984 -0.017118 0.466911 -1.037615 -2.336859
0.049993 -0.021705 -0.313515 0.781767 1.348289
0.046583 -0.012654 0.141167 -0.312147 -1.667872
0.041112 0.000645 -0.412985 0.961868 1.863772
0.037131 0.009256 0.211486 -0.508921 -0.834980
0.039935 0.002661 -0.070130 0.168372 0.076600
0.037655 0.008096 -0.044075 0.105327 0.569566
0.039675 0.003646 0.144468 -0.322685 0.107744
0.046109 -0.010361 0.177409 -0.379640 -0.764368
0.048082 -0.013498 -0.077773 0.213832 -0.605562
0.041001 0.003799 -0.275920 0.648365 1.849473
0.042352 0.000582 0.341334 -0.789682 -0.312758
0.053800 -0.025092 0.231974 -0.503167 -2.321002
0.047618 -0.009447 -0.538689 1.263891 0.996057
0.032905 0.023937 -0.198873 0.423780 0.680836
0.029486 0.030464 0.026964 -0.088883 -0.039236
0.030218 0.028379 0.009783 -0.016803 0.009789
0.030603 0.028281 0.009535 0.011513 0.140473
0.031852 0.027271 0.052789 -0.061172 0.538778
0.037470 0.017312 0.227737 -0.433531 0.182875
0.047685 -0.001810 0.283207 -0.525101 -0.750938
0.053934 -0.010570 0.030385 0.076901 -0.059526
0.054781 -0.006881 0.011949 0.107874 1.144988
0.062900 -0.020414 0.392860 -0.774776 -0.804612
0.073183 -0.038443 0.122665 -0.139272 -0.687966
0.073573 -0.034118 -0.102488 0.349515 -0.220077
0.068133 -0.017974 -0.169650 0.459324 -0.229349
0.059926 0.002933 -0.240889 0.588352 0.956455
0.056731 0.011096 0.079797 -0.167917 0.609679
0.063924 -0.004464 0.279443 -0.607009 0.424124
0.077835 -0.034510 0.416212 -0.897113 -1.570210
0.083978 -0.045863 -0.106898 0.310045 0.580889
0.083710 -0.043816 0.092657 -0.200131 0.036502
0.087723 -0.053096 0.108097 -0.264846 -1.589722
0.081556 -0.040162 -0.414932 0.898038 1.283106
0.073716 -0.026040 0.021050 -0.174257 -1.078845
0.067415 -0.016787 -0.335042 0.627541 -0.439723
0.051222 0.013870 -0.474740 0.907409 0.863429
0.038084 0.036044 -0.183685 0.215524 0.534570
0.034245 0.037040 -0.008908 -0.160205 1.321347
0.042569 0.011452 0.424180 -1.111118 -1.216304
0.051251 -0.012524 0.011915 -0.106554 -0.915479
0.045649 -0.002838 -0.291149 0.583103 -0.071889
0.033619 0.020778 -0.310767 0.602097 1.032466
0.028099 0.028720 0.033370 -0.192191 1.189856
0.037253 0.003717 0.423498 -1.050947 -0.425443
0.051192 -0.030259 0.274727 -0.660098 -1.990834
0.048907 -0.025887 -0.386729 0.858301 0.807108
0.038992 -0.005666 -0.110452 0.166392 0.787909
0.039852 -0.011437 0.152611 -0.447489 -2.169284
0.031484 0.004353 -0.568759 1.216814 1.151268
0.016566 0.033849 -0.179177 0.277222 0.520011
0.012822 0.037408 -0.008663 -0.093366 0.744826
0.017329 0.023270 0.233496 -0.609150 -1.088007
0.019286 0.017006 -0.134193 0.282251 1.585987
0.024469 0.003992 0.391731 -0.918740 -1.125745
0.032497 -0.014103 0.011470 -0.002499 0.027907
0.033169 -0.014918 0.022072 -0.037890 -0.122039
0.033264 -0.014817 -0.017195 0.041836 -0.336148
0.030376 -0.008342 -0.126941 0.279838 -0.661493
0.020956 0.012484 -0.343695 0.758853 2.113404
0.021350 0.009690 0.360905 -0.876165 -1.760916
0.023915 0.003131 -0.230359 0.527210 0.306942
0.016812 0.018911 -0.125499 0.268577 -0.327694
0.009608 0.034806 -0.234614 0.525695 1.395926
0.009503 0.034561 0.227735 -0.523250 0.285685
0.020351 0.010788 0.314912 -0.668110 -1.021070
0.026024 0.000938 -0.029795 0.162027 1.068252
0.031955 -0.009143 0.325230 -0.656590 -0.970711
0.038421 -0.019786 -0.000498 0.111525 -0.382827
0.035910 -0.010009 -0.124853 0.375559 1.732664
0.042515 -0.022297 0.453219 -0.973384 -2.385611
0.044674 -0.023776 -0.342369 0.873176 0.592161
0.035098 0.000378 -0.137690 0.346669 0.899663
0.035622 0.000009 0.162820 -0.355344 0.828061
0.047584 -0.026411 0.434834 -0.962298 -2.037114
0.051338 -0.032918 -0.244527 0.613422 0.156272
0.042759 -0.012325 -0.185131 0.422922 0.902845
0.041447 -0.010093 0.118419 -0.300743 0.040608
0.046428 -0.022544 0.130831 -0.323921 -1.416408
0.042240 -0.013803 -0.338790 0.747718 0.647655
0.033138 0.004872 -0.117482 0.197401 0.586177
0.032355 0.003646 0.077669 -0.252605 0.142586
0.036362 -0.008192 0.122764 -0.340423 -0.566665
0.037468 -0.012805 -0.066695 0.102646 0.059537
0.035239 -0.010015 -0.044926 0.038325 0.361210
0.035871 -0.014282 0.076181 -0.248497 -1.368405
0.029809 -0.003167 -0.377894 0.791861 1.170755
0.022607 0.009422 0.016108 -0.146715 -0.329074
0.021018 0.009057 -0.095130 0.124580 -0.450228
0.014216 0.021034 -0.244683 0.471767 2.241776
0.019362 0.005369 0.499664 -1.234311 -1.639737
0.028239 -0.017003 -0.053284 0.092570 0.745587
0.031117 -0.025237 0.196404 -0.497605 -1.306623
0.030262 -0.024966 -0.237606 0.497249 0.044278
0.021182 -0.006967 -0.216876 0.407500 -0.296774
0.010610 0.013218 -0.311823 0.603007 1.055524
0.005219 0.020660 0.040854 -0.217849 0.082924
0.007324 0.011477 0.064558 -0.242791 -1.405987
0.000491 0.023989 -0.404761 0.855375 0.987215
-0.009060 0.042499 -0.074352 0.084829 1.431717
-0.002599 0.024836 0.396157 -0.957076 -1.025019
0.006226 0.004191 0.046794 -0.091342 0.857685
0.013775 -0.012381 0.329996 -0.731513 -2.089447
0.012989 -0.008815 -0.366874 0.887805 1.718028
0.009892 -0.001049 0.209778 -0.478782 0.036793
0.018454 -0.020111 0.218653 -0.478103 -0.697241
0.022531 -0.028317 -0.013806 0.058591 -0.836510
0.016483 -0.013825 -0.287917 0.660468 0.774282
0.010245 -0.000468 -0.025236 0.018998 -0.766622
0.004137 0.012070 -0.279478 0.602203 1.710006
0.004394 0.009404 0.290322 -0.717491 -1.897127
0.003255 0.011065 -0.345004 0.779845 0.584915
-0.006564 0.032529 -0.147107 0.304349 0.351636
-0.010141 0.039696 -0.032232 0.058896 1.106627
-0.004156 0.025955 0.330517 -0.737584 -0.196183
0.007585 0.001095 0.257342 -0.513436 -0.125839
0.016955 -0.016753 0.211690 -0.384328 -0.794651
0.020110 -0.019752 -0.052944 0.225206 -1.109580
0.010684 0.005586 -0.417596 1.035367 0.811421
-0.000483 0.033327 -0.142338 0.366678 2.398676
0.009750 0.011502 0.651690 -1.437283 -1.259183
0.027192 -0.024413 0.222701 -0.380445 0.268304
0.037873 -0.043764 0.311422 -0.587961 -2.009065
0.036975 -0.036651 -0.354145 0.923938 1.264108
0.031432 -0.021146 0.075107 -0.130984 -0.091584
0.033850 -0.025256 0.045969 -0.076115 -0.974599
0.029248 -0.013779 -0.275203 0.642178 0.773365
0.023509 -0.001114 -0.012971 0.002560 -0.115371
0.022223 0.000769 -0.051247 0.090711 -0.197544
0.018868 0.007366 -0.116393 0.238396 1.655106
0.025238 -0.008636 0.433268 -1.023955 -2.254314
0.027435 -0.013760 -0.320607 0.741898 1.334168
0.023625 -0.005855 0.128331 -0.330058 0.770479
0.033843 -0.030552 0.382139 -0.901592 -1.566313
0.038642 -0.042046 -0.140077 0.307458 -1.096808
0.025883 -0.014264 -0.497241 1.076558 0.766916
0.011289 0.015279 -0.234038 0.415728 -0.525007
-0.001535 0.039802 -0.407000 0.809615 2.609869
-0.000431 0.032029 0.459337 -1.172176 -2.399531
0.001734 0.024333 -0.348011 0.758903 2.950387
0.007493 0.008977 0.632824 -1.498324 -2.665854
0.014822 -0.007752 -0.262754 0.628722 1.071974
0.011552 -0.000053 0.097746 -0.230222 -0.754647
0.010403 0.002677 -0.154317 0.359027 1.267044
0.012703 -0.002806 0.267921 -0.620550 -0.446464
0.020358 -0.019967 0.115747 -0.246149 -0.105259
0.024292 -0.028293 0.081189 -0.172871 -0.523321
0.024092 -0.027562 -0.090572 0.204248 -0.242304
0.018948 -0.016549 -0.166648 0.346613 0.840332
0.017959 -0.016407 0.116163 -0.330002 -0.899899
0.016605 -0.015691 -0.182819 0.356285 -0.742508
0.004441 0.009160 -0.425034 0.883791 2.491867
0.004127 0.005299 0.406431 -1.050484 -2.494327
0.003620 0.003161 -0.428709 0.915576 1.395678
-0.004114 0.017228 0.040003 -0.193795 -1.424417
-0.012057 0.032047 -0.435683 0.921897 0.417315
-0.026641 0.062066 -0.294640 0.589813 1.078447
-0.031314 0.069842 0.059611 -0.188369 1.691992
-0.017874 0.038308 0.611278 -1.378633 -0.092185
0.005666 -0.012654 0.566954 -1.182114 -1.177008
0.020357 -0.040529 0.169601 -0.230759 -1.541924
0.016936 -0.026684 -0.339159 0.909932 -0.053892
0.003202 0.008752 -0.348274 0.869418 2.651173
0.007012 0.001889 0.535755 -1.185160 -1.023787
0.021442 -0.028119 0.187647 -0.333226 -1.257377
0.020592 -0.022307 -0.228802 0.611758 0.530799
0.015108 -0.007284 -0.046404 0.148845 0.802106
0.018621 -0.013981 0.221240 -0.476239 -1.719083
0.015991 -0.006271 -0.350881 0.844745 1.184287
0.009971 0.008090 0.048152 -0.110431 0.027120
0.012039 0.003632 0.055303 -0.113328 -0.339128
0.011965 0.004585 -0.058574 0.157389 -0.442318
0.006689 0.017613 -0.204952 0.491890 0.710850
0.003250 0.026166 0.031952 -0.054816 0.243496
0.006075 0.020959 0.109188 -0.204469 0.882960
0.016232 0.000022 0.398083 -0.837698 -1.081894
0.024825 -0.015700 0.033226 0.036172 -1.068216
0.019083 0.001789 -0.319456 0.830627 1.635417
0.017299 0.008866 0.228129 -0.457249 -0.084492
0.025767 -0.007264 0.195724 -0.353922 -1.323522
0.024748 -0.000738 -0.245216 0.667187 1.652363
0.026027 -0.000301 0.307167 -0.627041 -0.976079
0.031720 -0.009511 -0.021131 0.153734 -0.261117
0.029176 0.000269 -0.105976 0.334644 -0.460422
0.021918 0.020332 -0.256762 0.667789 2.474375
0.028154 0.008671 0.565883 -1.226719 -2.547841
0.033630 0.000632 -0.288852 0.794834 1.903131
0.034847 0.002187 0.347382 -0.695851 -0.632806
0.044415 -0.014898 0.132172 -0.169195 -0.511372
0.046301 -0.013885 -0.037305 0.214690 -0.129626
0.044003 -0.003869 -0.077664 0.287054 1.106923
0.048305 -0.009822 0.291555 -0.573779 -0.552954
0.056218 -0.023696 0.105024 -0.128950 -1.169003
0.052670 -0.011233 -0.281288 0.742359 1.456837
0.051242 -0.005131 0.207934 -0.419715 -0.309076
0.057445 -0.016687 0.102867 -0.163995 0.437971
0.064480 -0.030101 0.248588 -0.504546 -0.483095
0.071196 -0.042852 0.088054 -0.140705 -0.421904
0.071983 -0.042776 -0.048252 0.140526 -0.474461
0.067012 -0.031019 -0.200074 0.445420 0.330371
0.061341 -0.019557 -0.084176 0.134295 0.218743
0.059491 -0.018146 -0.008616 -0.060769 0.041410
0.059453 -0.021522 0.006673 -0.108049 -0.843560
0.054140 -0.013213 -0.271499 0.516425 1.258128
0.051757 -0.012852 0.150785 -0.484265 -1.755566
0.046066 -0.004876 -0.433377 0.865703 1.652350
0.039865 0.003125 0.121149 -0.445647 -1.742036
0.033049 0.012760 -0.460016 0.910244 0.608438
0.018807 0.038935 -0.253420 0.410816 0.996032
0.015268 0.040474 0.075286 -0.323196 0.776640
0.023304 0.017030 0.326181 -0.846438 -2.579704
0.019024 0.024361 -0.537147 1.185838 2.618299
0.015073 0.030623 0.336305 -0.842878 -0.943885
0.022049 0.013277 0.014037 -0.039033 1.382297
0.031766 -0.009120 0.470625 -1.070781 -1.045152
0.043492 -0.034639 0.117510 -0.222288 -1.090258
0.040981 -0.027264 -0.241928 0.581288 0.089037
0.032042 -0.006751 -0.205637 0.450206 -0.060561
0.023494 0.011466 -0.222066 0.464052 1.718800
0.026087 0.003308 0.349805 -0.855091 -1.579489
0.029432 -0.005373 -0.180417 0.401675 -0.086831
0.021708 0.011404 -0.206057 0.439956 0.369403
0.015961 0.023043 -0.081963 0.148427 0.497517
0.015959 0.021716 0.081333 -0.209991 1.158066
0.026831 -0.003648 0.461460 -1.051467 -1.811437
0.033084 -0.016518 -0.146321 0.385150 1.518033
0.037420 -0.025290 0.361394 -0.808675 -0.874436
0.045989 -0.043681 0.068535 -0.124278 -1.107410
0.041443 -0.032472 -0.294851 0.675810 0.118332
0.030608 -0.008878 -0.247594 0.510866 1.833295
0.032995 -0.017465 0.364877 -0.921758 -0.764965
0.042399 -0.041729 0.106789 -0.305071 -1.184457
0.038841 -0.036289 -0.283435 0.565956 -0.018399
0.027548 -0.014937 -0.281725 0.506692 -0.137282
0.015477 0.006444 -0.322138 0.565749 0.632189
0.006869 0.018784 -0.109262 0.060820 0.231377
0.004006 0.018047 -0.034129 -0.095617 -0.128896
0.001729 0.016778 -0.079492 0.030203 -0.265292
-0.003248 0.022442 -0.169127 0.250986 0.027764
-0.009840 0.032273 -0.160717 0.242668 0.801301
-0.010977 0.030140 0.103019 -0.341532 -1.098415
-0.014282 0.034535 -0.266963 0.549605 1.731447
-0.013444 0.030055 0.306927 -0.756232 -1.048795
-0.008327 0.017658 -0.049516 0.121715 0.061362
-0.009925 0.021874 -0.030519 0.090349 -0.787293
-0.016422 0.038007 -0.293638 0.710695 1.551683
-0.017834 0.042610 0.221111 -0.463030 0.461499
-0.006091 0.018659 0.366035 -0.735508 -0.336419
0.006152 -0.004130 0.247037 -0.412938 -0.563578
0.012222 -0.011484 0.057344 0.037434 1.561552
0.024926 -0.034242 0.576346 -1.162810 -1.085103
0.040655 -0.063300 0.212077 -0.308230 -1.161191
0.041510 -0.058857 -0.168150 0.519668 -1.136111
0.027433 -0.022661 -0.535237 1.286933 0.537424
0.009839 0.018357 -0.345983 0.779110 2.146870
0.010352 0.015977 0.369128 -0.875372 -1.324405
0.016136 0.002888 -0.078055 0.203238 0.719156
0.017817 -0.000195 0.161332 -0.350237 -0.199524
0.022886 -0.010636 0.092576 -0.176291 -0.360590
0.024183 -0.012119 -0.027275 0.097967 -0.038423
0.022874 -0.007983 -0.038233 0.109499 0.540187
0.024968 -0.012195 0.142373 -0.314967 -0.755018
0.025617 -0.013019 -0.109039 0.265443 0.981442
0.027849 -0.018098 0.219558 -0.509512 -1.941533
0.023677 -0.008359 -0.426044 0.977581 0.821495
0.012264 0.016661 -0.146160 0.288055 0.534376
0.009976 0.020015 0.031044 -0.113990 -0.450141
0.008158 0.023025 -0.121398 0.259841 1.601808
0.013940 0.009048 0.408910 -0.944701 -1.994729
0.016860 0.003418 -0.260367 0.639901 1.614339
0.017268 0.003479 0.278835 -0.619161 -0.134251
0.027422 -0.018276 0.229487 -0.474916 -1.483402
0.026699 -0.014237 -0.263973 0.661709 0.111867
0.017011 0.009339 -0.221049 0.523689 1.026296
0.015050 0.014080 0.121662 -0.274497 0.120301
0.020639 0.001986 0.157934 -0.331758 -1.527317
0.016737 0.012712 -0.351394 0.853526 1.860842
0.015155 0.017471 0.269917 -0.594296 -0.939614
0.019567 0.009375 -0.047963 0.177139 0.506640
0.021019 0.008703 0.119956 -0.205493 -0.741891
0.020825 0.012403 -0.128791 0.382945 1.896668
0.028313 -0.001593 0.501237 -1.065242 -1.290872
0.039611 -0.022940 0.065691 -0.021090 0.046424
0.042589 -0.024957 0.083147 -0.079341 -0.182507
0.044738 -0.025758 0.024532 0.037457 -0.247814
0.044129 -0.021060 -0.054839 0.196125 0.119334
0.042801 -0.015759 -0.011852 0.071740 0.928141
0.048542 -0.027569 0.297991 -0.654329 -0.438007
0.057506 -0.046745 0.151141 -0.313172 0.092976
0.064223 -0.061328 0.184806 -0.417404 -1.729735
0.060192 -0.052359 -0.384602 0.850084 1.598479
0.055679 -0.045196 0.156812 -0.472132 -3.000000
0.042034 -0.018443 -0.836191 1.784066 2.188341
0.023456 0.016517 -0.096150 -0.004011 0.261975
0.021317 0.012748 -0.011000 -0.182694 -0.661878
0.016420 0.016174 -0.233097 0.347280 1.872868
0.019571 0.001237 0.388757 -1.077187 -2.939263
0.015405 0.004804 -0.593602 1.223899 1.101340
-0.000837 0.035348 -0.220507 0.322222 0.666605
-0.005255 0.038429 -0.001183 -0.160742 0.202987
-0.004063 0.030024 0.060782 -0.259788 -0.668662
-0.006186 0.030977 -0.166106 0.299821 0.099318
-0.012196 0.041802 -0.134674 0.244346 0.197750
-0.016327 0.049226 -0.072235 0.129991 -0.395067
-0.021937 0.061493 -0.207906 0.480790 3.000000
-0.010387 0.035599 0.782657 -1.750400 -2.705830
0.002574 0.010342 -0.130831 0.452124 0.637795
0.001621 0.018316 0.082219 -0.044827 1.078707
0.012028 0.000489 0.437278 -0.838959 -1.504437
0.019375 -0.008772 -0.067934 0.357219 0.575723
0.020552 -0.003959 0.125972 -0.109051 -0.370617
0.023108 -0.002523 0.002290 0.177140 -0.301967
0.021215 0.008958 -0.096841 0.396089 1.491184
0.027292 0.001624 0.399040 -0.748220 -1.847855
0.030835 0.001174 -0.219609 0.705223 1.555593
0.032493 0.004621 0.300572 -0.515050 0.778469
0.049597 -0.027094 0.554304 -1.069111 -2.176919
0.057181 -0.035592 -0.172285 0.618672 1.657889
0.061479 -0.037902 0.385169 -0.715883 -0.056496
0.076476 -0.065545 0.365293 -0.672343 -0.056876
0.090744 -0.092142 0.348641 -0.662931 -1.415811
0.095395 -0.098273 -0.114396 0.340857 0.083158
0.091637 -0.088604 -0.073951 0.147125 -1.174242
0.081100 -0.066993 -0.452166 0.927204 1.239431
0.071540 -0.051663 -0.027690 -0.143043 -1.116670
0.063107 -0.041250 -0.392961 0.654691 -0.567099
0.043812 -0.008168 -0.571878 1.001190 0.866354
0.026876 0.017059 -0.276525 0.275365 0.195423
0.017124 0.025118 -0.211422 0.131205 0.502592
0.011980 0.023075 -0.046342 -0.228682 -1.791626
-0.001870 0.042299 -0.644271 1.173707 0.515177
-0.024124 0.080779 -0.469836 0.763939 2.416782
-0.026935 0.075300 0.326702 -1.014323 -0.343765
-0.016466 0.043110 0.197896 -0.606933 -0.670938
-0.013199 0.030973 -0.033470 -0.010565 0.125850
-0.013774 0.029389 0.004656 -0.068126 0.230026
-0.012137 0.023945 0.077080 -0.203266 -0.364600
-0.011567 0.022281 -0.048059 0.115317 -0.075553
-0.014029 0.028460 -0.075027 0.193742 1.208857
-0.009030 0.018095 0.323797 -0.701542 0.213266
0.005188 -0.011842 0.387514 -0.799858 -0.062315
0.020172 -0.042040 0.362367 -0.717172 -0.745756
0.029687 -0.059264 0.114624 -0.155511 -0.883846
0.028501 -0.053069 -0.173066 0.457934 -0.662195
0.017359 -0.026397 -0.383930 0.875220 -0.105575
0.001488 0.008488 -0.410256 0.875908 0.687864
-0.010234 0.032020 -0.177189 0.313359 0.288569
-0.015429 0.040487 -0.083019 0.114502 0.311856
-0.016752 0.041109 0.016533 -0.080529 0.138818
-0.015276 0.036862 0.057280 -0.131959 0.816222
-0.007664 0.020130 0.322765 -0.700070 -0.710728
0.000363 0.004491 0.079775 -0.093423 1.659994
0.014565 -0.024475 0.628917 -1.342956 -1.535649
0.029352 -0.053350 0.112980 -0.124115 -2.035423
0.020434 -0.028129 -0.557166 1.369755 1.417606
0.007841 0.002446 -0.074860 0.181576 0.244967
0.006494 0.005800 0.007154 -0.010533 -0.000172
0.006760 0.005570 0.006178 -0.001128 0.922445
0.013126 -0.008476 0.311326 -0.694234 -0.733192
0.020611 -0.024212 0.064151 -0.104015 0.660543
0.027604 -0.038900 0.284952 -0.625917 -2.183131
0.024475 -0.030467 -0.439071 1.026224 1.414961
0.016543 -0.013191 0.040389 -0.142759 -1.611417
0.007446 0.005773 -0.493736 1.077628 3.000000
0.007800 0.001522 0.507935 -1.258264 -3.000000
0.007966 -0.000968 -0.495964 1.100179 0.335023
-0.009476 0.036434 -0.377331 0.781828 1.631303
-0.013688 0.042520 0.164659 -0.458780 -0.347770
-0.009581 0.031144 0.041413 -0.117024 0.679713
-0.003496 0.016947 0.262409 -0.589034 -0.097913
0.006217 -0.003888 0.223838 -0.458667 -0.769452
0.009986 -0.009848 -0.034340 0.150904 1.795447
0.020594 -0.031782 0.562985 -1.232335 -3.000000
0.023044 -0.034087 -0.436866 1.084060 1.141637
0.013397 -0.010455 -0.047379 0.115643 0.533474
0.015088 -0.014384 0.131339 -0.306972 -0.090740
0.019720 -0.025156 0.100590 -0.234797 -1.307051
0.015068 -0.014710 -0.331884 0.745493 1.287299
0.010499 -0.005969 0.101669 -0.292191 -1.562023
0.004142 0.006628 -0.417887 0.907709 1.357493
-0.003423 0.021061 0.037680 -0.168004 0.007068
-0.001944 0.014982 0.036453 -0.137561 0.893316
0.005400 -0.003675 0.330053 -0.789856 -1.974486
0.005353 -0.003927 -0.329996 0.755486 0.513378
-0.004312 0.017342 -0.154316 0.318363 -0.651015
-0.014807 0.040089 -0.370084 0.816368 1.895651
-0.016977 0.043551 0.259252 -0.622300 -1.514053
-0.016869 0.043774 -0.251960 0.616142 0.749646
-0.021974 0.057164 -0.004437 0.063948 1.858679
-0.009923 0.032522 0.605530 -1.282622 -1.505085
0.004015 0.006847 0.093693 -0.023638 1.567704
0.018162 -0.017942 0.612309 -1.204070 -1.627920
0.031674 -0.039863 0.065781 0.085249 0.485957
0.037629 -0.044901 0.231424 -0.332263 -1.402224
0.037605 -0.037232 -0.231186 0.702801 2.049917
0.042172 -0.042347 0.457059 -0.936467 -1.297033
0.051777 -0.059604 0.025146 0.055935 -0.478667
0.049738 -0.051449 -0.126807 0.349330 -1.001396
0.038171 -0.023735 -0.451064 1.032539 0.694368
0.024953 0.005007 -0.211278 0.418761 -0.908276
0.010512 0.035300 -0.510270 1.092257 2.650230
0.007807 0.037731 0.371785 -0.941600 -1.176424
0.014626 0.020297 -0.029002 0.052710 -0.082571
0.012875 0.024115 -0.058475 0.137777 2.144330
0.024761 -0.002889 0.650824 -1.470966 -2.391189
0.034667 -0.023056 -0.152191 0.431727 0.561794
0.032427 -0.015488 0.039358 -0.045120 -0.562312
0.030285 -0.008913 -0.145984 0.369313 0.350620
0.026849 -0.000188 -0.026409 0.072833 -0.180118
0.024602 0.005430 -0.085847 0.207332 0.731191
0.026047 0.002379 0.157293 -0.352626 -1.711464
0.020891 0.015136 -0.413265 0.974285 2.129691
0.018635 0.020492 0.297770 -0.682066 -1.209957
0.022344 0.013224 -0.110671 0.303435 0.238424
0.019514 0.021645 -0.031273 0.121841 1.459506
0.027935 0.004487 0.450974 -0.967939 -1.664463
0.034739 -0.007216 -0.108503 0.361785 1.522030
0.040588 -0.016735 0.399278 -0.822936 -0.510766
0.053067 -0.041053 0.225818 -0.403754 -0.045705
0.061819 -0.056873 0.212145 -0.390597 -1.355195
0.061361 -0.052488 -0.233613 0.596917 -0.084099
0.051660 -0.029297 -0.251907 0.567593 2.410781
0.057766 -0.045016 0.554471 -1.329652 -2.042382
0.066265 -0.066131 -0.126524 0.246903 -1.881636
0.048881 -0.029249 -0.741474 1.586522 1.362626
0.028591 0.010513 -0.275524 0.425577 0.056048
0.017986 0.026377 -0.255102 0.371523 0.013742
0.007873 0.041170 -0.250841 0.371099 0.961469
0.004197 0.041756 0.065922 -0.331792 -1.405181
-0.002652 0.051487 -0.406750 0.804157 1.970904
-0.005818 0.053610 0.246107 -0.676743 -0.473417
0.000656 0.035984 0.078589 -0.214379 -0.047642
0.003366 0.029303 0.057167 -0.122253 0.594939
0.009520 0.016164 0.250176 -0.531566 -0.289219
0.017481 0.000474 0.148579 -0.259857 0.377926
0.025892 -0.015324 0.271817 -0.529386 -1.338841
0.027807 -0.015539 -0.174461 0.504077 0.815484
0.026358 -0.008895 0.100867 -0.161232 -0.854349
0.024699 -0.002167 -0.182916 0.489831 0.946191
0.023750 0.002227 0.134227 -0.258732 0.574838
0.032893 -0.016514 0.322637 -0.676161 -0.850449
0.040071 -0.029937 0.037550 -0.007125 0.062504
0.042049 -0.031827 0.061289 -0.086661 0.708463
0.049265 -0.046753 0.298897 -0.654542 -2.246237
0.046290 -0.038661 -0.445234 1.037244 1.297475
0.037349 -0.019339 -0.003798 -0.052254 -2.255874
0.022226 0.012879 -0.750352 1.645728 1.522491
0.002560 0.053464 -0.235745 0.409485 0.749603
-0.001947 0.059088 0.009459 -0.119675 1.093956
0.005550 0.039104 0.364642 -0.873155 0.493186
0.023194 -0.001284 0.517869 -1.150373 -1.613264
0.033000 -0.020966 -0.025157 0.144116 -0.111778
0.031314 -0.014122 -0.059215 0.198672 0.095969
0.029640 -0.008202 -0.024727 0.099897 0.228076
0.030197 -0.007993 0.052278 -0.086816 -0.221742
0.030813 -0.008089 -0.021202 0.079683 0.498021
0.033304 -0.012807 0.145213 -0.311063 0.712940
0.043831 -0.036043 0.380740 -0.847693 -1.602925
0.048351 -0.045023 -0.152655 0.379515 0.085475
0.042967 -0.032670 -0.116937 0.242445 0.772907
0.043538 -0.035889 0.144535 -0.395062 -0.512019
0.045934 -0.044109 -0.023990 -0.022846 -1.286477
0.036515 -0.026246 -0.445893 0.906675 1.027663
0.025711 -0.007557 -0.095964 0.043516 -0.875853
0.016071 0.007433 -0.385282 0.699729 1.050971
0.007742 0.018543 -0.032691 -0.130330 -0.704722
0.007148 -0.009328 0.004593 -0.006487 0.190902
0.008618 -0.012691 0.068728 -0.160151 -1.426642
0.001878 0.002777 -0.404351 0.921461 1.703331
-0.002835 0.012340 0.166409 -0.422501 -1.991324
-0.009519 0.026919 -0.498436 1.132368 1.507268
-0.019325 0.048235 0.005834 -0.045472 1.747401
-0.007593 0.020832 0.579437 -1.312746 -0.441285
0.012399 -0.022620 0.421621 -0.874548 -0.978486
0.022668 -0.041892 0.093395 -0.103844 -1.852272
0.014159 -0.018409 -0.517249 1.263762 -0.043844
-0.006595 0.030740 -0.521394 1.204167 2.682335
-0.009505 0.036896 0.372506 -0.865934 -1.593993
-0.005423 0.028784 -0.166260 0.440551 1.354154
-0.003072 0.025744 0.282298 -0.578852 -1.470219
-0.001710 0.026587 -0.212405 0.604535 0.690032
-0.005593 0.040035 0.017182 0.078044 0.861070
0.000734 0.030822 0.298384 -0.532055 0.889615
0.018428 -0.002645 0.586024 -1.139475 -0.783197
0.036481 -0.034678 0.318294 -0.477900 -0.996507
0.042581 -0.038615 -0.012041 0.269730 0.443013
0.045163 -0.035833 0.140486 -0.124564 -0.899116
0.044856 -0.027631 -0.154984 0.527157 1.387187
0.048017 -0.029149 0.311327 -0.587662 -2.938461
0.040896 -0.007382 -0.664372 1.649216 1.248589
0.022888 0.037075 -0.238528 0.597424 3.000000
0.033297 0.015043 0.755980 -1.672102 -0.445881
0.060276 -0.042362 0.594679 -1.215811 -2.964793
0.064256 -0.044841 -0.392086 1.059334 0.059346
0.049218 -0.005785 -0.360721 0.903307 2.243065
0.049855 -0.005413 0.389817 -0.859917 -1.046632
0.058362 -0.022667 0.037184 -0.018073 0.448017
0.062872 -0.030733 0.187906 -0.381685 -0.345002
0.068100 -0.040869 0.074094 -0.130715 -1.331679
0.062277 -0.026398 -0.364063 0.843631 0.440644
0.050829 -0.001124 -0.209442 0.430809 0.096575
0.043159 0.014059 -0.174469 0.332693 0.015127
0.036298 0.027052 -0.168852 0.319741 1.306881
0.038221 0.020015 0.263617 -0.659299 -0.998166
0.041979 0.010359 -0.074289 0.163102 0.605667
0.043033 0.007641 0.126379 -0.293131 -1.293448
0.039419 0.016396 -0.305685 0.718398 1.706478
0.038610 0.018387 0.263127 -0.599932 -0.516319
0.045564 0.003591 0.085546 -0.149094 0.397664
0.051595 -0.008157 0.215787 -0.436616 -0.675231
0.055681 -0.014813 -0.010509 0.095049 0.253953
0.056993 -0.015341 0.075746 -0.118601 -0.389805
0.057441 -0.014255 -0.052900 0.169111 0.092571
0.055994 -0.009429 -0.019703 0.074440 -0.492859
0.051955 0.000842 -0.181858 0.436074 1.222110
0.052870 -0.001015 0.226184 -0.515900 -0.921923
0.055705 -0.006781 -0.083209 0.216141 0.426454
0.055257 -0.005094 0.060257 -0.126652 -0.638999
0.053405 -0.000253 -0.152200 0.362820 -0.446737
0.044397 0.020672 -0.298083 0.683049 1.222132
0.040655 0.028837 0.109355 -0.259863 1.005465
0.051609 0.004060 0.437700 -0.973996 -1.838083
0.056728 -0.005223 -0.179311 0.487524 1.248376
0.057940 -0.005631 0.238391 -0.494267 -0.897796
0.061436 -0.011037 -0.062401 0.212954 -0.290155
0.057061 0.001440 -0.156254 0.410613 1.767734
0.062624 -0.009768 0.432487 -0.954060 -1.492400
0.069868 -0.023917 -0.068144 0.227118 -0.549538
0.063570 -0.007209 -0.246497 0.606284 1.534221
0.064019 -0.007467 0.267103 -0.602253 -0.854160
0.068943 -0.017765 -0.019675 0.075769 0.127425
0.069051 -0.017167 0.024868 -0.044076 -1.324451
0.061264 0.001115 -0.413042 0.947887 1.777306
0.056702 0.010524 0.182618 -0.455814 -1.017434
0.057143 0.008814 -0.159280 0.358549 -0.018570
0.050680 0.023206 -0.164163 0.363845 2.583915
0.061299 -0.001830 0.692591 -1.593378 -1.300439
0.080109 -0.043462 0.250423 -0.511935 -1.290954
0.081558 -0.044424 -0.176443 0.450111 1.142231
0.082259 -0.045543 0.210043 -0.493053 -1.610809
0.079976 -0.040924 -0.322404 0.708144 1.033650
0.074151 -0.030329 0.029608 -0.164185 -1.714269
0.063976 -0.011028 -0.536738 1.115251 2.005839
0.056044 0.001048 0.137407 -0.486583 -1.315148
0.052716 0.002493 -0.302206 0.544651 0.224895
0.042202 0.020183 -0.224155 0.346164 0.813320
0.038653 0.021576 0.045731 -0.267614 -0.064085
0.039968 0.012745 0.020290 -0.176938 -0.294941
0.038762 0.010763 -0.080172 0.073924 1.056500
0.042569 -0.002327 0.269546 -0.719887 -1.304011
0.044571 -0.010148 -0.167672 0.312758 0.381757
0.040472 -0.004124 -0.037861 -0.005886 -0.121063
0.038160 -0.002555 -0.077649 0.083384 0.468222
0.038186 -0.006552 0.078470 -0.278945 -1.913630
0.028567 0.011943 -0.557496 1.186764 1.502746
0.016415 0.035060 -0.052435 -0.009264 -0.018387
0.014115 0.035833 -0.062528 0.047296 1.091111
0.018794 0.021783 0.295574 -0.741629 0.259678
0.032181 -0.010339 0.374161 -0.869002 -2.383205
0.031183 -0.007530 -0.421264 0.984006 1.725669
0.025974 0.003867 0.158470 -0.392590 -0.306582
0.030202 -0.006474 0.053530 -0.130210 0.352592
0.034680 -0.017039 0.170151 -0.396357 -1.199156
0.033484 -0.014303 -0.228554 0.520817 0.005519
0.024487 0.005454 -0.221770 0.471626 0.024291
0.015835 0.023479 -0.211244 0.433737 1.622379
0.018185 0.015920 0.327034 -0.795999 -1.186297
0.023216 0.003775 -0.073769 0.172819 -0.009401
0.020217 0.010729 -0.076330 0.176200 1.644394
0.028101 -0.007432 0.468933 -1.070362 -0.691667
0.042106 -0.038324 0.232857 -0.488653 -1.207109
0.043402 -0.039547 -0.166654 0.414561 0.460701
0.039947 -0.031472 -0.006873 -0.003408 -1.578540
0.029241 -0.008060 -0.527106 1.162452 0.772731
0.013490 0.024860 -0.262098 0.499437 0.976280
0.009517 0.029794 0.062223 -0.241319 -0.649037
0.007585 0.031157 -0.158038 0.302103 -0.050749
0.000899 0.044378 -0.176390 0.360758 1.147788
0.001426 0.041795 0.201464 -0.478656 -0.689643
0.004729 0.034884 -0.035290 0.123366 0.622781
0.007393 0.030952 0.167898 -0.314618 -0.156605
0.012944 0.021958 0.110072 -0.139283 -0.217599
0.015821 0.020474 0.034141 0.061987 1.010126
0.023861 0.007882 0.366924 -0.683652 -0.535065
0.034848 -0.010096 0.183500 -0.225263 0.185840
0.043403 -0.021844 0.244272 -0.362547 -1.654332
0.042156 -0.010911 -0.304933 0.893840 2.038053
0.043667 -0.007867 0.377936 -0.718430 0.169254
0.059809 -0.038377 0.429618 -0.811761 -0.757612
0.071911 -0.058984 0.176779 -0.231040 -0.414827
0.076314 -0.062887 0.043913 0.031397 -1.171837
0.070422 -0.045134 -0.337650 0.848552 1.968526
0.070230 -0.043544 0.325558 -0.746433 -2.042796
0.069653 -0.042048 -0.352061 0.799861 -0.103972
0.055090 -0.010465 -0.376653 0.785702 0.611889
0.044236 0.010302 -0.167251 0.264068 0.455044
0.040590 0.013793 -0.015694 -0.083921 0.357131
0.042293 0.005415 0.100638 -0.333141 -0.973639
0.039778 0.007652 -0.225237 0.434660 0.950323
0.037137 0.010070 0.092009 -0.302890 -0.922331
0.034612 0.012797 -0.217171 0.429497 1.066818
0.033056 0.013349 0.138072 -0.390265 -0.770508
0.033363 0.010443 -0.121734 0.235600 0.736414
0.033401 0.008519 0.122838 -0.324308 -2.019863
0.024808 0.027245 -0.550376 1.242144 2.377768
0.018729 0.039454 0.243253 -0.603106 -0.605934
0.024247 0.026391 0.033703 -0.060113 -0.298756
0.023535 0.029311 -0.068956 0.202990 2.141708
0.034980 0.005000 0.639236 -1.401119 -0.006360
0.060275 -0.048910 0.626602 -1.306251 -2.405221
0.069256 -0.063648 -0.174257 0.539992 -0.136454
0.061596 -0.042111 -0.209162 0.541087 0.097725
0.054050 -0.023629 -0.168670 0.388770 0.683326
0.051957 -0.019606 0.063076 -0.178895 -0.708815
0.049780 -0.016057 -0.171180 0.349652 -0.311291
0.040949 0.001906 -0.270393 0.549236 1.286800
0.038771 0.003450 0.159882 -0.457578 0.777058
0.050256 -0.026066 0.414056 -1.016167 -1.722590
0.055265 -0.039484 -0.161240 0.323577 0.057946
0.049337 -0.028748 -0.135531 0.216806 -1.081119
0.036822 -0.004399 -0.489500 0.994643 1.775512
0.029213 0.006706 0.106697 -0.417311 -0.946458
0.027108 0.005297 -0.210776 0.335989 -0.982534
0.012182 0.033532 -0.534888 1.070887 2.405006
0.006865 0.038849 0.266043 -0.777904 -1.100649
0.009983 0.026600 -0.108505 0.150181 1.151909
0.013266 0.015372 0.271532 -0.701912 -0.869516
0.018200 0.001984 -0.023445 0.019756 -0.647884
0.012948 0.012785 -0.238578 0.515458 0.460219
0.006513 0.025981 -0.084007 0.152097 -0.380862
0.000582 0.038351 -0.212301 0.464469 1.653539
0.003065 0.031872 0.334662 -0.772475 0.411452
0.018996 -0.003535 0.462195 -1.001639 -2.072126
0.023550 -0.010467 -0.231816 0.630701 1.181810
0.022252 -0.004438 0.165330 -0.314793 -2.000221
0.015516 0.014062 -0.500071 1.221842 2.149230
0.009956 0.028671 0.219143 -0.464635 -0.007763
0.018530 0.011535 0.209977 -0.396463 -0.288672
0.024916 0.000955 0.109929 -0.138242 0.378934
0.031804 -0.010143 0.234229 -0.414978 0.168018
0.042243 -0.028958 0.287899 -0.527900 -1.120183
0.046287 -0.032799 -0.084293 0.323079 1.543005
0.053292 -0.044715 0.432842 -0.903820 -2.167393
0.056155 -0.047420 -0.287085 0.744767 -0.377504
0.042373 -0.013888 -0.402316 0.935851 1.903926
0.039115 -0.007240 0.236938 -0.580883 -2.499983
0.031888 0.008577 -0.595592 1.347798 2.228903
0.023073 0.026693 0.151688 -0.413472 -0.283945
0.027127 0.015724 0.051628 -0.140910 -0.543582
0.025516 0.019031 -0.131545 0.300694 1.221851
0.028380 0.012374 0.273440 -0.621934 -0.142337
0.038244 -0.009158 0.220427 -0.461161 -0.056486
0.046631 -0.026292 0.199326 -0.399809 -1.494090
0.044660 -0.019378 -0.296244 0.731067 1.170393
0.040745 -0.009502 0.098848 -0.221985 0.471120
0.047816 -0.025505 0.254469 -0.576325 -2.132349
0.043779 -0.015599 -0.454014 1.050861 1.350443
0.034793 0.003960 0.002615 -0.053589 -0.381034
0.032343 0.007870 -0.124705 0.245690 -0.229947
0.025843 0.021122 -0.200314 0.417107 2.291760
0.033086 0.002581 0.560173 -1.323587 -2.188320
0.040726 -0.014878 -0.175107 0.422627 1.165944
0.041571 -0.016757 0.215957 -0.503945 -0.835118
0.044613 -0.023767 -0.062747 0.142927 -0.992832
0.035571 -0.003506 -0.388626 0.864051 0.878492
0.026006 0.016359 -0.091111 0.143333 -0.448218
0.019363 0.029202 -0.240712 0.496345 1.426916
0.019231 0.027205 0.232465 -0.581446 -0.408327
0.025662 0.011665 0.089935 -0.203871 -0.831995
0.023664 0.016876 -0.188916 0.456156 0.051549
0.016477 0.034155 -0.170817 0.411850 2.565692
0.026687 0.011533 0.678835 -1.520722 -2.550746
0.036611 -0.007766 -0.179115 0.523312 0.751151
0.034533 0.000792 0.074125 -0.085202 0.225246
0.038976 -0.005900 0.147866 -0.248428 0.347799
0.047173 -0.020941 0.261883 -0.503026 -1.249880
0.049299 -0.021638 -0.154058 0.454601 0.109412
0.043976 -0.006201 -0.112595 0.322134 0.922988
0.045670 -0.008029 0.196176 -0.403695 -1.408612
0.044098 -0.002141 -0.273170 0.683974 1.357038
0.042302 0.003447 0.181589 -0.388391 0.371596
0.051966 -0.017158 0.301594 -0.642338 -0.098872
0.063307 -0.040831 0.266069 -0.547388 -2.129459
0.059795 -0.030231 -0.439451 1.057220 1.355479
0.051455 -0.010836 0.020422 -0.067985 -0.419138
0.049495 -0.007240 -0.118012 0.244076 0.005336
0.044861 0.001983 -0.113922 0.219248 -0.563871
0.036580 0.019205 -0.299808 0.639346 0.763256
0.029715 0.032688 -0.044608 0.045899 -0.006730
0.027817 0.035364 -0.050301 0.087884 -0.276293
0.023898 0.043865 -0.145416 0.335347 2.680184
0.035849 0.016773 0.740528 -1.667835 -1.648539
0.054209 -0.021955 0.180292 -0.295475 -0.456669
0.058381 -0.026831 0.028933 0.045858 0.363091
0.062014 -0.031214 0.152323 -0.261565 -2.553365
0.051149 -0.002802 -0.693172 1.661142 2.657751
0.041355 0.020574 0.199677 -0.457734 0.611811
0.053292 -0.006003 0.397030 -0.870628 -1.314820
0.060303 -0.019564 -0.044575 0.175132 -0.898533
0.052608 0.000597 -0.339538 0.827818 1.392678
0.048410 0.011264 0.127714 -0.276825 0.247869
0.055096 -0.002944 0.206585 -0.434194 -1.255870
0.054941 -0.000464 -0.212866 0.544973 0.791349
0.051769 0.008481 0.053114 -0.087090 0.399701
0.056515 -0.000788 0.183921 -0.374155 -0.634110
0.059593 -0.005488 -0.029129 0.131132 0.878159
0.064296 -0.013995 0.263390 -0.548616 0.230382
0.076306 -0.039028 0.337331 -0.705735 -0.668299
0.085331 -0.056928 0.115052 -0.200093 -1.204916
0.082017 -0.047481 -0.279597 0.662363 0.493994
0.074321 -0.030518 -0.106231 0.195579 0.105279
0.070868 -0.025249 -0.066683 0.070611 -0.433777
0.065382 -0.016413 -0.207316 0.368767 0.393528
0.059800 -0.008553 -0.072471 0.030561 -0.886510
0.051028 0.006079 -0.365361 0.694619 0.236019
0.038077 0.029481 -0.282999 0.483085 1.258595
0.035134 0.029555 0.134388 -0.466013 -0.330178
0.038177 0.017325 0.018458 -0.152260 -0.579042
0.035001 0.020769 -0.176604 0.318511 1.254886
0.036283 0.014330 0.239378 -0.628488 0.559580
0.049451 -0.018199 0.419046 -0.999166 -1.623216
0.055303 -0.032291 -0.124172 0.273729 -0.556405
0.046746 -0.013879 -0.303425 0.645372 -0.216153
0.033299 0.014106 -0.369297 0.757826 1.291584
0.027200 0.023932 0.062582 -0.250348 -0.209071
0.028220 0.018054 -0.011176 -0.047536 1.145172
0.035340 -0.000919 0.366256 -0.893087 -1.423885
0.040383 -0.013559 -0.112126 0.242593 -0.598763
0.031979 0.004741 -0.307743 0.670040 2.538684
0.036645 -0.008209 0.538244 -1.292540 -1.889943
0.045423 -0.029309 -0.096568 0.212007 0.817531
0.047092 -0.034312 0.179107 -0.453771 -1.324942
0.045452 -0.032284 -0.259610 0.541582 -0.806358
0.029857 0.000323 -0.519920 1.087644 0.856340
0.014921 0.029259 -0.228548 0.374987 1.697208
0.017057 0.018413 0.333613 -0.901626 -1.502392
0.020230 0.007092 -0.172896 0.316294 0.104307
0.014039 0.017918 -0.137015 0.228389 0.312997
0.010633 0.022393 -0.033728 -0.000522 1.400724
0.018548 0.001415 0.428300 -1.038066 -1.956153
0.022504 -0.008599 -0.227887 0.513609 0.644706
0.017772 0.001192 -0.009754 -0.014743 0.357080
0.019749 -0.004800 0.108328 -0.282291 -1.115686
0.016626 0.001351 -0.263276 0.579005 0.850819
0.011837 0.010735 0.022574 -0.098424 0.273051
0.014514 0.003021 0.111155 -0.286158 0.633064
0.023118 -0.017662 0.318718 -0.745613 -0.908466
0.029747 -0.032912 0.014165 -0.030059 -1.337398
0.021485 -0.014268 -0.426118 0.952307 2.415544
0.020683 -0.014855 0.383043 -0.955020 -1.831897
0.023706 -0.023956 -0.229443 0.477950 0.349744
0.016979 -0.011372 -0.107629 0.158187 -0.104812
0.012026 -0.003879 -0.140106 0.217157 0.134763
0.007359 0.002388 -0.093531 0.099090 0.167225
0.004739 0.003737 -0.037676 -0.029565 -0.739528
-0.001700 0.014075 -0.283618 0.540458 2.017332
0.000423 0.004343 0.387585 -1.007280 -1.364717
0.006685 -0.013502 -0.072443 0.095952 0.298175
0.005814 -0.014654 0.028544 -0.150337 -0.099008
0.006306 -0.019255 -0.003736 -0.081589 -1.224478
-0.001958 -0.004017 -0.408350 0.833728 0.836349
-0.012593 0.015307 -0.124854 0.145980 -0.344759
-0.019893 0.026634 -0.239903 0.418742 1.119221
-0.022042 0.026293 0.131120 -0.424015 -0.671488
-0.021387 0.020855 -0.097419 0.143142 1.129059
-0.017802 0.009569 0.275635 -0.697921 -2.944095
-0.026489 0.028072 -0.706747 1.594287 3.000000
-0.034635 0.044375 0.295424 -0.742560 -1.265546
-0.031447 0.036153 -0.134276 0.315134 1.778728
-0.025028 0.021922 0.453469 -1.011117 -1.665226
-0.018173 0.008959 -0.108412 0.341560 -0.506482
-0.025853 0.030199 -0.275378 0.719268 0.197218
-0.035520 0.055729 -0.208733 0.564522 2.771950
-0.025494 0.036422 0.707382 -1.505390 -1.082114
-0.004711 -0.004275 0.333922 -0.550601 -0.385203
0.006000 -0.019692 0.202389 -0.227837 -0.575555
0.010266 -0.020066 0.011624 0.203006 1.325170
0.019611 -0.032985 0.454231 -0.836837 -1.236808
0.029494 -0.047077 0.041675 0.115897 -0.784038
0.026062 -0.031611 -0.212745 0.652995 2.161600
0.032090 -0.040243 0.511626 -1.062080 -1.409509
0.043106 -0.060581 0.041326 0.025489 -0.928707
0.038720 -0.046728 -0.259923 0.661136 0.386836
0.031095 -0.028148 -0.122247 0.276845 0.479021
0.029493 -0.025419 0.041480 -0.134119 -0.717192
0.026417 -0.020148 -0.194579 0.391365 -0.342157
0.016460 -0.000195 -0.303275 0.607218 0.156572
0.005463 0.020905 -0.247243 0.454119 0.832686
0.001132 0.026196 0.029629 -0.179591 -0.386981
-0.000343 0.025838 -0.102896 0.156913 1.079392
0.002683 0.015967 0.253193 -0.641265 -1.084408
0.005462 0.008240 -0.112747 0.241028 0.004454
0.000997 0.017721 -0.110718 0.234984 0.362045
-0.001032 0.021697 0.008807 -0.031610 0.807399
0.004634 0.008619 0.273796 -0.616721 -1.946167
0.002522 0.014915 -0.377108 0.911298 2.299751
0.002834 0.015219 0.389921 -0.871006 -0.513410
0.014845 -0.010174 0.211791 -0.410151 -0.859015
0.017557 -0.013029 -0.075085 0.257458 0.565689
0.018379 -0.012025 0.115457 -0.200648 -1.352110
0.013994 0.000752 -0.333344 0.827632 -0.217748
-0.000668 0.036155 -0.400234 0.947754 1.478905
-0.006787 0.050997 0.092194 -0.186471 -0.697789
-0.007885 0.055716 -0.146275 0.414879 1.616742
-0.003061 0.048328 0.385824 -0.769281 0.820980
0.017600 0.007153 0.647229 -1.290462 -0.882346
0.037398 -0.028966 0.344507 -0.533331 0.633476
0.055362 -0.059926 0.553474 -1.013790 -2.307640
0.062138 -0.065127 -0.211829 0.728036 0.415614
0.056672 -0.044808 -0.062455 0.297797 0.521853
0.057782 -0.042298 0.117201 -0.165339 -1.034806
0.055653 -0.033753 -0.222642 0.583818 0.180945
0.048110 -0.014702 -0.155199 0.375389 0.909090
0.048035 -0.014458 0.150331 -0.352901 -0.896303
0.048062 -0.014633 -0.147916 0.334451 -0.849107
0.036577 0.011041 -0.425838 0.945715 2.661420
0.037362 0.007020 0.461975 -1.118624 -0.973815
0.049175 -0.021071 0.130471 -0.302927 -0.838162
0.048817 -0.020363 -0.147400 0.329553 0.310986
0.045083 -0.012836 -0.039902 0.052186 0.157947
0.044572 -0.013508 0.014155 -0.084034 -0.301314
0.043149 -0.012408 -0.084958 0.136143 0.177245
0.040977 -0.010123 -0.023949 -0.019223 -0.255568
0.038337 -0.007142 -0.107797 0.166241 -0.214965
0.032635 0.002455 -0.177245 0.313443 0.367647
0.028032 0.009015 -0.053494 0.020013 0.304007
0.027896 0.005361 0.046432 -0.200343 0.191170
0.030982 -0.005164 0.107834 -0.326241 0.210169
0.036654 -0.021093 0.175832 -0.471342 -0.374515
0.041170 -0.034023 0.050695 -0.181845 -0.831052
0.037719 -0.029057 -0.222412 0.422711 -0.774550
0.023799 -0.001461 -0.473282 0.955131 1.317029
0.013777 0.015231 -0.029770 -0.102360 1.460698
0.022254 -0.010784 0.452410 -1.188308 -2.298290
0.024907 -0.021649 -0.316719 0.617438 -0.418447
0.009597 0.008179 -0.448942 0.876221 1.899977
0.004393 0.013091 0.186330 -0.608776 -0.482590
0.008515 -0.002701 0.020731 -0.189779 -0.948333
0.003014 0.004499 -0.294810 0.540908 1.343689
0.000232 0.004904 0.154077 -0.505873 -2.841748
-0.012595 0.029146 -0.792398 1.691621 3.000000
-0.024152 0.049237 0.210394 -0.649509 -0.310330
-0.018007 0.030059 0.097683 -0.317725 0.281561
-0.012345 0.014185 0.185503 -0.476901 -0.371829
-0.007505 0.001825 0.057229 -0.148142 -1.326287
-0.014068 0.016554 -0.384072 0.873153 2.132994
-0.015152 0.017981 0.327266 -0.778319 -0.550353
-0.005884 -0.003201 0.137279 -0.291764 -0.864612
-0.006186 -0.001232 -0.151367 0.381164 0.658042
-0.007807 0.003408 0.069403 -0.140939 1.005014
0.001620 -0.017363 0.401215 -0.891142 -2.058848
0.003874 -0.020561 -0.285982 0.708102 -0.068021
-0.007869 0.007425 -0.301708 0.696884 0.422800
-0.017039 0.028087 -0.157754 0.345271 0.505409
-0.020003 0.034371 0.008874 -0.024564 0.784174
-0.014518 0.022225 0.264734 -0.577456 -0.085663
-0.004641 0.001773 0.229696 -0.450941 -0.766268
-0.000629 -0.003803 -0.028042 0.162400 -0.548688
-0.005374 0.010862 -0.208845 0.568090 1.077418
-0.006506 0.016575 0.150841 -0.269513 -0.421998
-0.003364 0.013069 0.006881 0.088470 0.523540
0.000371 0.008798 0.179334 -0.297435 0.131789
0.008349 -0.004475 0.219695 -0.367844 -1.219868
0.008969 -0.000011 -0.187331 0.578618 1.278135
0.010057 0.002772 0.240168 -0.424822 1.505471
0.029599 -0.036669 0.735858 -1.539076 -2.638067
0.041334 -0.056519 -0.145398 0.513124 -0.286008
0.033812 -0.033558 -0.230923 0.637755 0.579273
0.028594 -0.018532 -0.031070 0.123675 0.354899
0.029767 -0.019592 0.089303 -0.172754 -1.308486
0.024649 -0.006588 -0.343929 0.811749 1.416515
0.020449 0.002920 0.131975 -0.318573 0.167631
0.026784 -0.011867 0.184926 -0.422235 -1.108819
0.026765 -0.011396 -0.184595 0.433845 1.138273
0.027040 -0.012337 0.197001 -0.468396 -0.564439
0.031119 -0.022026 0.007823 -0.024268 -0.909096
0.025428 -0.009476 -0.291593 0.644887 1.257136
0.022243 -0.004041 0.130703 -0.357991 -1.321164
0.018636 0.002357 -0.309625 0.664800 0.956670
0.012708 0.013454 0.011833 -0.097014 0.725306
0.017959 -0.001091 0.250171 -0.625719 0.283404
0.029755 -0.029627 0.339904 -0.804173 -2.555564
0.026298 -0.022140 -0.509911 1.152665 1.524514
0.016264 -0.001472 0.005903 -0.097704 0.355790
0.018854 -0.010717 0.123359 -0.362665 -0.406762
0.021050 -0.018707 -0.012893 -0.042921 -0.376889
0.018061 -0.014980 -0.136178 0.226226 -1.184310
0.004804 0.011645 -0.525865 1.098059 1.978262
-0.002933 0.024020 0.136376 -0.454886 -0.693388
-0.002213 0.017672 -0.099362 0.128081 0.215037
-0.004778 0.019767 -0.029198 -0.020841 -0.032480
-0.006212 0.019954 -0.042392 0.029578 -0.150889
-0.008953 0.023916 -0.094564 0.167360 0.434918
-0.009875 0.024303 0.048011 -0.143574 1.124016
-0.000558 0.002092 0.417010 -0.960003 0.029144
0.016161 -0.035384 0.419684 -0.921704 -2.011373
0.019509 -0.040941 -0.249754 0.620992 0.398803
0.012352 -0.023965 -0.108981 0.236474 0.013264
0.008168 -0.015547 -0.100459 0.186764 0.452028
0.007218 -0.015598 0.052368 -0.184098 -1.090014
0.002068 -0.006300 -0.308789 0.639272 -0.130866
-0.011044 0.020314 -0.347222 0.695889 1.771302
-0.013094 0.020526 0.242644 -0.666110 -1.987486
-0.016756 0.025810 -0.423390 0.909183 1.032381
-0.026747 0.045752 -0.077871 0.103437 0.432835
-0.027074 0.044215 0.061111 -0.176647 -0.190029
-0.026023 0.041369 -0.008178 0.030894 1.843304
-0.014186 0.015280 0.598501 -1.321902 -1.205998
0.001492 -0.016904 0.187532 -0.307872 -0.899894
0.002991 -0.015332 -0.111511 0.377161 0.717438
0.003388 -0.012082 0.130384 -0.205871 -0.863284
0.002851 -0.007016 -0.156336 0.450947 0.227213
-0.001813 0.006809 -0.077440 0.245954 1.097615
0.002407 -0.000342 0.287271 -0.593153 -2.647557
-0.003809 0.017437 -0.595195 1.456750 1.956482
-0.014428 0.044175 0.061221 -0.092325 0.213334
-0.010681 0.038406 0.126118 -0.195808 0.235069
-0.004196 0.028169 0.198120 -0.316377 0.536490
0.007178 0.008403 0.370387 -0.670907 -0.995372
0.015242 -0.001997 0.034270 0.137514 1.244411
0.024906 -0.015793 0.447707 -0.816616 -0.528286
0.039201 -0.039567 0.268205 -0.382995 -1.775169
0.038147 -0.028002 -0.319136 0.945096 1.437389
0.035138 -0.014138 0.166669 -0.232765 0.115709
0.042563 -0.025197 0.204647 -0.321099 -0.593676
0.046801 -0.029035 0.008003 0.122183 0.267974
0.048980 -0.029055 0.100573 -0.119842 0.152845
0.054060 -0.036668 0.153356 -0.260325 -0.248422
0.058579 -0.043732 0.073010 -0.096594 -0.146108
0.060607 -0.046202 0.028529 -0.028406 -0.709623
0.057125 -0.037451 -0.202012 0.460894 -0.061513
0.048786 -0.019521 -0.215294 0.439440 0.020858
0.040422 -0.003271 -0.203319 0.377132 1.178941
0.040195 -0.006847 0.190622 -0.543701 -1.668043
0.036657 -0.002369 -0.365642 0.750305 1.212820
0.030217 0.007984 0.041961 -0.216967 -0.580746
0.027981 0.008735 -0.153059 0.248137 0.502533
0.025218 0.010845 0.014297 -0.136810 1.066063
0.032835 -0.010538 0.365738 -0.925502 -1.543459
0.037080 -0.022825 -0.151368 0.291533 -0.515601
0.027690 -0.004130 -0.317970 0.641998 -0.658343
0.010698 0.030741 -0.531515 1.101898 2.139304
0.003760 0.041267 0.181805 -0.550094 -0.080801
0.010319 0.022229 0.146695 -0.407494 0.019893
0.016205 0.006721 0.147961 -0.371475 -0.629248
0.017863 0.002220 -0.064184 0.138377 -0.559560
0.011586 0.016258 -0.249271 0.560321 0.841528
0.007258 0.025415 0.031641 -0.091415 0.877241
0.014283 0.009039 0.318982 -0.721835 -1.536370
0.016688 0.004986 -0.196762 0.501193 0.456187
0.011912 0.017514 -0.042860 0.132906 1.270107
0.018622 0.003593 0.377133 -0.818400 -0.706802
0.028868 -0.017064 0.136467 -0.226877 -1.377453
0.025162 -0.005030 -0.320376 0.816371 1.409580
0.021853 0.004804 0.152999 -0.306937 -1.734613
0.016372 0.019741 -0.425233 1.037760 1.647876
0.010430 0.035068 0.125798 -0.250092 0.149107
0.016331 0.023969 0.169384 -0.306241 0.479416
0.026188 0.005369 0.323342 -0.623036 0.314475
0.041099 -0.023379 0.422447 -0.817293 -1.341407
0.048996 -0.034879 -0.025743 0.225271 -0.195992
0.046768 -0.023924 -0.085737 0.323268 1.213128
0.051503 -0.030569 0.321115 -0.643211 -1.339713
0.055403 -0.035541 -0.124404 0.379200 0.393642
0.053176 -0.027707 0.012372 0.019028 -0.218392
0.052279 -0.024223 -0.057076 0.153977 -0.752387
0.045065 -0.007238 -0.303105 0.691143 1.625997
0.043875 -0.005628 0.241583 -0.592331 -0.261412
0.051719 -0.024609 0.151342 -0.363682 -0.344784
0.055477 -0.033912 0.037124 -0.106988 -0.652501
0.052680 -0.028786 -0.176341 0.357793 0.525945
0.049242 -0.023666 0.003632 -0.094452 -0.188563
0.048171 -0.024942 -0.056954 0.028675 -0.391598
0.043348 -0.018369 -0.183885 0.297485 -0.015018
0.035980 -0.007035 -0.184798 0.271831 -0.978403
0.022138 0.018372 -0.506656 0.993337 0.861249
0.007711 0.044009 -0.216272 0.303503 0.527276
0.002514 0.048710 -0.044267 -0.062307 0.505057
0.003982 0.039720 0.117344 -0.384482 -0.026368
0.008352 0.026217 0.101537 -0.294590 -0.373939
0.009820 0.021217 -0.027520 0.038917 0.074263
0.009168 0.022114 -0.005160 0.006585 0.738691
0.013822 0.011578 0.237237 -0.527977 -0.228492
0.021681 -0.005015 0.156356 -0.308039 0.012111
0.027975 -0.017186 0.158583 -0.302987 -0.094570
0.033676 -0.027806 0.126809 -0.231158 -1.555446
0.028426 -0.013463 -0.387819 0.934881 1.057228
0.020113 0.006168 -0.029527 0.062785 -0.958301
0.012550 0.023500 -0.347817 0.796873 1.074660
0.005849 0.038399 0.011145 -0.037099 0.037487
0.006448 0.037324 0.018846 -0.017117 0.562172
0.010848 0.028946 0.200740 -0.398103 0.771541
0.023878 0.002423 0.450451 -0.925984 -1.093839
0.034466 -0.016471 0.080717 -0.034994 -0.677286
0.033214 -0.007755 -0.142736 0.465497 0.794016
0.032867 -0.002090 0.124293 -0.172152 -1.951751
0.024827 0.021238 -0.524366 1.322069 3.000000
0.023950 0.026841 0.476747 -1.007996 -0.642099
0.038530 -0.001601 0.253647 -0.427760 -0.812193
0.043203 -0.005649 -0.018902 0.215509 0.506181
0.045851 -0.005176 0.150667 -0.186091 -0.246002
0.050216 -0.008662 0.067966 0.008330 0.283677
0.054834 -0.012851 0.162668 -0.215456 0.051528
0.061672 -0.022224 0.179322 -0.254488 0.162032
0.069925 -0.035021 0.233401 -0.386055 -1.772210
0.067489 -0.023511 -0.353417 0.945263 2.276433
0.068683 -0.022433 0.410307 -0.865733 -1.066781
0.077913 -0.040005 0.052864 -0.028261 1.069082
0.087215 -0.058388 0.411197 -0.882317 -1.947630
0.090713 -0.063990 -0.233869 0.580408 1.058138
0.088617 -0.059213 0.127628 -0.327990 -2.015445
0.080409 -0.042351 -0.536174 1.154078 1.538091
0.069458 -0.022294 -0.013634 -0.129564 -1.302366
0.060282 -0.007792 -0.443956 0.843958 1.370822
0.051790 0.003622 0.017429 -0.255533 -0.803073
0.047100 0.006190 -0.250976 0.375572 0.501334
0.040441 0.013180 -0.082727 -0.019164 0.290937
0.039037 0.008302 0.012283 -0.222816 -0.579211
0.035625 0.008806 -0.182196 0.241583 0.546232
0.031988 0.009988 -0.000291 -0.176380 -1.441595
0.022340 0.025574 -0.480678 0.942973 2.093458
0.017121 0.030522 0.217113 -0.671811 -1.045206
0.018684 0.021337 -0.137439 0.198575 -0.475046
0.010009 0.036838 -0.296021 0.574227 1.043815
0.005112 0.043917 0.049774 -0.207772 1.102685
0.014303 0.020019 0.409088 -0.981199 -2.827874
0.011660 0.026024 -0.537862 1.251177 1.814245
0.002338 0.047203 0.069056 -0.167693 0.431053
0.007830 0.035246 0.205382 -0.428849 0.590739
0.019825 0.010459 0.394234 -0.810170 -0.850352
0.029784 -0.007512 0.105173 -0.101843 -0.121008
0.033180 -0.009718 0.064797 -0.010174 0.799654
0.041104 -0.022575 0.330667 -0.626544 -0.495842
0.050980 -0.039664 0.164115 -0.236863 0.145509
0.058558 -0.051932 0.214789 -0.376990 -1.362545
0.058146 -0.046783 -0.233965 0.621530 -0.407716
0.046269 -0.017538 -0.360097 0.843430 0.737734
0.036936 0.003369 -0.107914 0.214873 1.227834
0.040809 -0.007072 0.300315 -0.725803 -1.337556
0.043827 -0.014715 -0.147621 0.327350 0.612610
0.042077 -0.011775 0.059287 -0.172781 -0.080465
0.043911 -0.017458 0.032612 -0.113332 0.275467
0.047067 -0.026442 0.125034 -0.334566 -0.620868
0.047946 -0.030426 -0.080293 0.128055 -1.709546
0.033450 0.000105 -0.643173 1.387081 1.882715
0.020456 0.024849 -0.009352 -0.123604 0.582557
0.023882 0.011732 0.180271 -0.529152 -0.855127
0.025297 0.004716 -0.108307 0.167189 2.112503
0.035031 -0.021132 0.592938 -1.442049 -2.606485
0.041240 -0.037330 -0.278918 0.599956 -0.952566
0.023920 -0.000338 -0.586794 1.247979 0.661338
0.005038 0.037777 -0.358914 0.673474 1.336396
-0.000416 0.044226 0.084502 -0.335473 -0.314526
0.000723 0.037142 -0.026988 -0.024433 1.141829
0.007147 0.019571 0.347297 -0.846204 -0.729709
0.016010 -0.001445 0.097214 -0.217534 -0.429482
0.017008 -0.003251 -0.046761 0.122085 0.563121
0.018905 -0.007219 0.141020 -0.315121 -0.685836
0.019948 -0.008995 -0.088006 0.218470 -0.189408
0.015218 0.002192 -0.148555 0.341368 0.471047
0.012452 0.008244 0.009579 -0.032326 -0.660728
0.008413 0.017375 -0.210897 0.483458 1.711339
0.011390 0.010227 0.357873 -0.823952 -1.568677
0.015118 0.002749 -0.169394 0.430933 1.145021
0.016013 0.001924 0.212791 -0.459808 -0.383394
0.021896 -0.009877 0.082049 -0.137146 -0.777154
0.020004 -0.003429 -0.175825 0.452596 2.429395
0.029203 -0.023293 0.633191 -1.423263 -3.000000
0.034411 -0.032767 -0.368957 0.914590 1.907040
0.032543 -0.027412 0.273107 -0.624276 -0.802447
0.038093 -0.039830 0.005645 -0.007842 -1.947614
0.025452 -0.011126 -0.636095 1.428958 2.317669
0.015665 0.008293 0.143493 -0.428088 -1.006947
0.014622 0.007438 -0.194401 0.373913 0.519238
0.010338 0.014126 -0.020551 -0.032464 -0.591145
0.005546 0.022315 -0.218497 0.436925 0.218571
-0.001726 0.036407 -0.145632 0.272830 1.975138
0.005539 0.017526 0.507057 -1.200273 -1.756745
0.013912 -0.001448 -0.085895 0.227853 0.869036
0.016290 -0.005984 0.203855 -0.446059 -0.461390
0.021316 -0.016241 0.048235 -0.074073 -0.774950
0.018112 -0.007538 -0.207740 0.502860 0.483188
0.013105 0.004345 -0.043427 0.099328 0.420057
0.014164 0.001872 0.095911 -0.218992 0.052189
0.018306 -0.007314 0.111338 -0.241818 -0.317635
0.020622 -0.011914 0.004949 0.007369 0.634845
0.025067 -0.021621 0.216694 -0.487630 -1.563042
0.023310 -0.016934 -0.302816 0.706170 0.844235
0.016954 -0.002956 -0.016293 0.005291 -0.289436
0.014382 0.001663 -0.112076 0.223527 0.287322
0.011837 0.005967 -0.015577 -0.004293 -1.023470
0.004390 0.021700 -0.355872 0.782947 0.458658
-0.006727 0.045471 -0.200992 0.415611 2.249337
0.000145 0.028137 0.542405 -1.262620 -1.232799
0.013384 -0.001054 0.121662 -0.217200 -0.308723
0.016161 -0.004690 0.017622 0.031190 0.508425
0.020257 -0.011361 0.186720 -0.360583 -1.226262
0.019534 -0.006686 -0.221497 0.582058 0.328958
0.012961 0.010652 -0.107970 0.292357 1.817393
0.020746 -0.005673 0.495411 -1.092480 -2.212836
0.025684 -0.014009 -0.245617 0.649547 1.226012
0.024139 -0.008013 0.166730 -0.334780 0.218334
0.032223 -0.024456 0.237511 -0.488452 -2.146979
0.027419 -0.010897 -0.475442 1.146265 1.636588
0.019482 0.008066 0.076162 -0.175783 -0.941575
0.016216 0.015962 -0.238440 0.561792 1.125165
0.014207 0.020815 0.136556 -0.305967 -0.887090
0.013672 0.023136 -0.162273 0.412370 2.122670
0.021304 0.007063 0.541731 -1.196743 -1.978065
0.029612 -0.008610 -0.123579 0.387731 -0.041700
0.024463 0.006867 -0.134152 0.389149 1.537373
0.029361 -0.001501 0.377376 -0.792648 -0.455164
0.041305 -0.025146 0.220882 -0.399822 -1.657187
0.039108 -0.015696 -0.328998 0.856630 0.130638
0.026976 0.015097 -0.278423 0.691424 0.413266
0.018654 0.035877 -0.138603 0.356482 1.540327
0.023320 0.026900 0.370324 -0.791108 -1.005818
0.031257 0.012431 0.028077 0.053016 0.671706
0.036821 0.004499 0.249493 -0.444216 -0.506392
0.043347 -0.004743 0.077624 -0.025601 -0.322074
0.044308 -0.000846 -0.029262 0.217803 0.463468
0.046247 0.000483 0.125646 -0.145956 0.100609
0.051911 -0.006646 0.157582 -0.211008 0.443719
0.061141 -0.021728 0.303665 -0.541396 0.139223
0.074171 -0.045254 0.348135 -0.638206 -1.725740
0.076621 -0.044468 -0.223652 0.659448 0.390949
0.070466 -0.025959 -0.084985 0.274969 -0.077124
0.066648 -0.014705 -0.106096 0.289754 0.480358
0.065672 -0.011183 0.056604 -0.107401 -0.144440
0.066980 -0.013337 0.009000 -0.002227 0.055601
0.067735 -0.014549 0.028712 -0.057827 -0.606654
0.064869 -0.007766 -0.171477 0.392040 0.709408
0.062802 -0.003650 0.067191 -0.177448 -0.894712
0.059516 0.003188 -0.230547 0.511035 2.121513
0.064474 -0.009536 0.476132 -1.126761 -1.454175
0.073694 -0.030950 -0.012906 0.035342 -0.491497
0.069980 -0.022720 -0.172399 0.373062 1.065946
0.070279 -0.025162 0.186074 -0.483617 -1.699246
0.066402 -0.018318 -0.378074 0.809070 0.543854
0.055059 0.004216 -0.190241 0.328826 -0.836205
0.041928 0.029905 -0.465827 0.951844 2.295428
0.038635 0.032208 0.298403 -0.811441 -0.293907
0.048421 0.006128 0.191846 -0.502002 -0.448102
0.053022 -0.006219 0.039014 -0.123100 0.161191
0.055647 -0.013564 0.092206 -0.243894 -1.477642
0.049497 -0.000573 -0.398214 0.880259 0.935375
0.039923 0.019114 -0.082045 0.118743 0.664627
0.041035 0.013978 0.136973 -0.369726 0.855456
0.052114 -0.013098 0.416552 -0.980864 -1.535830
0.058438 -0.027701 -0.098183 0.230704 -1.298333
0.045969 0.000554 -0.524373 1.174485 0.251358
0.026842 0.042149 -0.433134 0.917139 1.786281
0.021434 0.051237 0.160391 -0.441652 0.072157
0.028145 0.034282 0.175536 -0.409876 0.940785
0.041281 0.004826 0.480806 -1.059751 -2.652702
0.042690 0.004763 -0.407111 1.027291 2.665142
0.044273 0.003695 0.483044 -1.051699 -2.132282
0.049237 -0.004078 -0.232082 0.637775 1.159827
0.047768 0.002712 0.157095 -0.283996 -0.790671
0.048737 0.003987 -0.107711 0.339257 1.144596
0.052078 -0.000343 0.273500 -0.544221 -0.414395
0.060173 -0.014982 0.132077 -0.195505 -0.319282
0.063330 -0.017940 0.026187 0.043641 0.522270
0.067892 -0.024648 0.201385 -0.374511 0.047626
0.076256 -0.040390 0.217069 -0.415116 -1.181522
0.077105 -0.039209 -0.173275 0.462066 -1.352642
0.061331 -0.001444 -0.614714 1.420414 1.446026
0.046577 0.031266 -0.125469 0.238384 2.207366
0.056201 0.007358 0.604639 -1.415616 -1.940697
0.067242 -0.017351 -0.049675 0.153204 -0.003240
0.065292 -0.011741 -0.048007 0.128719 0.041669
0.063690 -0.007639 -0.032208 0.077926 1.335020
0.071308 -0.025275 0.411791 -0.948741 -1.596618
0.077070 -0.037996 -0.121464 0.292563 0.042243
0.072619 -0.028180 -0.101425 0.201446 0.580288
0.072513 -0.029924 0.095414 -0.282202 -0.420772
0.073554 -0.035039 -0.042776 0.021140 -0.818497
0.066481 -0.022440 -0.310235 0.603210 -0.438568
0.051296 0.007129 -0.449143 0.877214 1.989728
0.046683 0.010675 0.216031 -0.677360 -0.765704
0.050105 -0.003475 -0.043676 -0.041820 -0.528691
0.044843 0.002980 -0.218927 0.360173 0.809698
0.041520 0.004564 0.051787 -0.271747 -1.332958
0.034674 0.014672 -0.392682 0.764562 2.290315
0.034284 0.009428 0.370538 -1.003067 -1.290568
0.040347 -0.009278 -0.065384 0.049307 -0.494316
0.034472 0.000038 -0.228021 0.413257 0.213110
0.026831 0.012775 -0.154557 0.228684 0.827130
0.026156 0.009239 0.119913 -0.397362 0.657748
0.035246 -0.015983 0.334345 -0.862220 -1.170137
0.040741 -0.031689 -0.057860 0.060753 -1.184556
0.030627 -0.011855 -0.446875 0.922870 2.061443
0.026631 -0.008090 0.244483 -0.710953 -2.022627
0.022867 -0.004664 -0.430327 0.860853 -0.590743
0.001867 0.037613 -0.619795 1.255683 1.657074
-0.011800 0.061656 -0.066147 -0.030146 0.913594
-0.008517 0.047959 0.229619 -0.648912 0.484327
0.003682 0.016583 0.380533 -0.922334 -0.686423
0.014158 -0.008111 0.144620 -0.325575 0.662025
0.024311 -0.031018 0.362679 -0.817361 -0.058572
0.038368 -0.062401 0.340856 -0.758822 -2.873922
0.032927 -0.049137 -0.609950 1.395000 2.449064
0.025130 -0.033892 0.216877 -0.602109 -2.509660
0.017101 -0.019405 -0.615748 1.302812 0.081172
-0.006748 0.029298 -0.577792 1.144129 0.890005
-0.023830 0.060585 -0.278086 0.436714 1.757090
-0.023347 0.051998 0.300455 -0.849949 -0.098498
-0.012227 0.021882 0.256361 -0.664309 -0.480818
-0.005323 0.004127 0.089852 -0.232968 -0.513334
-0.005191 0.003140 -0.082621 0.177665 0.401984
-0.005805 0.003945 0.051405 -0.132908 1.185397
0.004103 -0.019276 0.443088 -1.020242 -2.089168
0.007816 -0.027051 -0.254742 0.607001 -0.253597
-0.003911 -0.000277 -0.331950 0.735223 1.563065
-0.006682 0.004166 0.191407 -0.494927 -0.531907
-0.002651 -0.006665 0.011034 -0.054945 -1.572926
-0.012669 0.015258 -0.510476 1.138649 1.861088
-0.020574 0.031097 0.112624 -0.322861 -0.829650
-0.021708 0.032112 -0.168276 0.364181 1.564081
-0.018058 0.022971 0.349126 -0.806699 -1.372019
-0.013397 0.013430 -0.114174 0.312115 -0.110862
-0.018689 0.027556 -0.150581 0.395809 0.677832
-0.020212 0.033139 0.073531 -0.108401 1.122080
-0.009906 0.012537 0.440969 -0.914627 -1.516544
-0.002529 0.000811 -0.070020 0.308883 1.270034
0.003156 -0.006692 0.352872 -0.671738 -0.080013
0.016643 -0.031542 0.322110 -0.577017 -1.064063
0.022427 -0.038205 -0.031533 0.231124 0.366024
0.023713 -0.035729 0.095277 -0.102220 -1.922040
0.014799 -0.010959 -0.539249 1.325866 2.306995
0.008796 0.004649 0.235914 -0.516505 -0.260547
0.016405 -0.011169 0.145237 -0.280831 -1.163267
0.014454 -0.004374 -0.241544 0.609439 -0.102670
0.004207 0.020707 -0.271223 0.648993 -0.068818
-0.007051 0.047377 -0.292114 0.689235 1.825554
-0.006608 0.047185 0.312141 -0.679639 -0.008238
0.005610 0.022173 0.299342 -0.577308 -1.061646
0.010377 0.016722 -0.059532 0.291547 2.276238
0.023134 -0.006531 0.695191 -1.434698 -2.533868
0.033876 -0.023182 -0.154679 0.570513 1.281280
0.036340 -0.021293 0.276272 -0.461217 -0.296939
0.045385 -0.035011 0.176604 -0.230714 0.100493
0.053152 -0.046241 0.211835 -0.331561 -1.393640
0.052407 -0.038712 -0.247696 0.695149 -0.022604
0.042533 -0.012342 -0.246557 0.629488 0.604378
0.036809 0.002466 -0.040703 0.120972 0.839314
0.040773 -0.005654 0.238027 -0.519578 -0.641872
0.045953 -0.015973 0.021997 -0.005647 -0.648762
0.042548 -0.006555 -0.191700 0.471676 1.953786
0.047958 -0.018449 0.460082 -1.047319 -1.216061
0.058151 -0.040659 0.051534 -0.081353 -1.495588
0.050342 -0.021756 -0.440691 1.015035 1.421537
0.042370 -0.004817 0.039961 -0.148477 -0.163283
0.042868 -0.008127 -0.014774 -0.019465 -0.031536
0.042081 -0.008549 -0.024564 -0.001997 -0.192292
0.039836 -0.005837 -0.087506 0.136212 -0.148911
0.035377 0.001616 -0.135417 0.236491 -0.568869
0.026207 0.019571 -0.322755 0.658850 0.593774
0.017301 0.036417 -0.123618 0.193413 1.274925
0.020780 0.025211 0.296333 -0.742892 -0.005056
0.032428 -0.002813 0.286723 -0.664915 -1.821094
0.031685 -0.000569 -0.321732 0.757589 1.063429
0.026002 0.012411 0.036004 -0.094017 1.044201
0.034342 -0.006938 0.380176 -0.866452 -0.536514
0.045859 -0.032319 0.196901 -0.414010 -2.132467
0.039559 -0.016299 -0.509772 1.195791 1.315869
0.028135 0.009380 -0.063578 0.108456 1.862054
0.037971 -0.014779 0.553624 -1.301378 -0.922266
0.053812 -0.051238 0.240372 -0.539728 -1.887050
0.050914 -0.044329 -0.383294 0.866921 0.785640
0.041034 -0.023864 -0.112123 0.169999 -1.011481
0.029899 -0.002278 -0.443870 0.903336 0.702469
0.016960 0.021834 -0.204485 0.315340 -0.002828
0.008761 0.034608 -0.205685 0.325750 1.393706
0.009773 0.026649 0.254830 -0.710787 -1.639834
0.008891 0.025003 -0.296844 0.609672 0.820216
0.002507 0.036601 -0.023598 -0.018552 -0.185657
0.000241 0.039622 -0.089468 0.167582 1.221188
0.004715 0.028324 0.312030 -0.722349 -1.103024
0.009683 0.018034 -0.062049 0.193036 1.199940
0.015165 0.007530 0.334988 -0.707717 -0.913922
0.022355 -0.005573 0.025908 0.039500 -0.199171
0.022079 -0.001070 -0.039597 0.184491 0.740408
0.025444 -0.005293 0.207058 -0.388414 -0.811609
0.028274 -0.007920 -0.064516 0.247606 0.241864
0.027351 -0.002202 0.017952 0.042304 0.625716
0.032237 -0.010187 0.225736 -0.436412 -0.970028
0.034764 -0.012352 -0.098148 0.317159 0.881299
0.036771 -0.013872 0.197403 -0.383654 -0.244717
0.043006 -0.025227 0.114896 -0.189086 -0.436569
0.044721 -0.026379 -0.028641 0.126813 -0.250905
0.041980 -0.018195 -0.108317 0.281808 0.823032
0.043201 -0.020327 0.168394 -0.379507 0.373890
0.052407 -0.041176 0.291860 -0.663045 -2.602817
0.046764 -0.027796 -0.571292 1.307332 0.234160
0.025727 0.018546 -0.481842 1.022845 1.648284
0.017528 0.033251 0.069580 -0.266401 0.236215
0.021766 0.020132 0.142361 -0.390410 -0.025448
0.027184 0.005932 0.128926 -0.323305 0.276986
0.034118 -0.010648 0.217799 -0.506419 -0.389092
0.040185 -0.024461 0.086317 -0.191417 -1.691682
0.032408 -0.006411 -0.473554 1.079761 1.586530
0.024195 0.010850 0.060580 -0.195329 0.322956
0.028710 -0.001375 0.165061 -0.415274 -1.022156
0.028450 -0.001722 -0.176801 0.386596 0.496433
0.024740 0.005596 -0.009471 -0.013648 -0.033493
0.024121 0.005750 -0.021438 0.020908 -0.775936
0.018089 0.018650 -0.279458 0.618255 1.311638
0.015683 0.022885 0.157506 -0.391481 -0.643641
0.017588 0.018205 -0.061338 0.149029 1.819867
0.027217 -0.003523 0.541085 -1.220605 -1.480075
0.038833 -0.028021 0.042046 -0.026060 0.102158
0.041248 -0.031208 0.078605 -0.132448 -0.726005
0.039609 -0.025868 -0.159823 0.393107 0.249999
0.034993 -0.015072 -0.071564 0.152190 0.034359
0.032413 -0.010030 -0.057613 0.101635 -0.571835
0.026340 0.002488 -0.245627 0.520855 1.932074
0.029438 -0.006964 0.398397 -0.974333 -2.808216
0.026559 -0.001621 -0.539043 1.211891 0.962213
0.011584 0.030452 -0.211605 0.409501 0.990702
0.009699 0.031823 0.116200 -0.330270 1.136763
0.021784 0.002374 0.487367 -1.136846 -1.523795
0.030961 -0.018077 -0.026225 0.092925 -1.800634
0.017985 0.012798 -0.621072 1.438035 2.020561
0.006767 0.037708 0.057149 -0.164672 0.207309
0.010318 0.029076 0.120415 -0.267183 0.394793
0.017650 0.013402 0.246094 -0.516188 -0.641663
0.023112 0.003657 0.027990 0.019511 0.240961
0.025823 0.000839 0.107334 -0.158459 -1.256733
0.021724 0.014085 -0.311013 0.809772 1.670663
0.020480 0.020109 0.246688 -0.489084 0.287295
0.032133 -0.002701 0.336126 -0.653639 -0.164401
0.044384 -0.025463 0.277089 -0.491271 -1.383928
0.046238 -0.023753 -0.182771 0.562367 0.345871
0.041359 -0.007828 -0.061971 0.241496 1.715869
0.050342 -0.024989 0.509349 -1.084261 -0.490713
0.067335 -0.059912 0.341653 -0.674727 -1.752646
0.069381 -0.060506 -0.237318 0.626649 -0.232694
0.058566 -0.034071 -0.303837 0.699290 -0.103581
0.045902 -0.006197 -0.329860 0.699895 1.052431
0.039827 0.004584 0.024585 -0.146802 1.094339
0.048056 -0.017766 0.386011 -0.963595 -2.275483
0.048253 -0.020455 -0.373326 0.803720 0.061054
0.033892 0.009240 -0.345448 0.688533 1.126396
0.027650 0.018807 0.031763 -0.195842 -0.536023
0.025283 0.019938 -0.149473 0.246427 -0.105280
0.018595 0.031580 -0.184992 0.336738 2.157218
0.025520 0.012253 0.529141 -1.284472 -1.532475
0.036267 -0.013546 0.010641 -0.028203 0.006117
0.036756 -0.015008 0.013818 -0.044970 -0.016138
0.037225 -0.016812 0.009677 -0.045559 -0.336287
0.035404 -0.013763 -0.100443 0.195232 -0.300076
0.029448 -0.001889 -0.197250 0.397966 0.637512
0.025861 0.003694 0.017025 -0.110557 -0.892505
0.020579 0.013252 -0.280271 0.580640 0.777304
0.014594 0.024107 -0.020102 -0.027152 0.362256
0.016139 0.018091 0.097077 -0.271407 1.123941
0.027414 -0.009210 0.465912 -1.087671 -1.759808
0.034197 -0.024409 -0.124299 0.305058 0.761640
0.034388 -0.024842 0.132908 -0.318067 -0.822239
0.034240 -0.025055 -0.139332 0.298700 -1.258972
0.020391 0.005286 -0.552265 1.211605 1.343195
0.007406 0.031657 -0.099223 0.127606 -0.122434
0.002570 0.039241 -0.142543 0.251386 0.447518
-0.000209 0.043045 0.003053 -0.056084 -0.017674
-0.000312 0.042189 -0.008129 0.012144 1.263329
0.007665 0.024296 0.405980 -0.897742 -1.095939
0.016419 0.007027 0.033434 0.018112 0.507129
0.021110 0.000145 0.200665 -0.358276 -0.219171
0.027617 -0.010290 0.125181 -0.168252 -0.756834
0.027581 -0.005362 -0.126214 0.407587 0.856451
0.028296 -0.002840 0.160893 -0.271473 -0.117564
0.033908 -0.011551 0.120044 -0.167260 0.422771
0.041516 -0.024736 0.260083 -0.490058 -1.182891
0.044027 -0.026051 -0.133116 0.411386 -0.173440
0.037663 -0.008043 -0.185285 0.491461 1.042365
0.037273 -0.005200 0.164436 -0.337162 -0.611470
0.039738 -0.008922 -0.040344 0.143604 1.120262
0.045613 -0.020746 0.332957 -0.724955 0.034680
0.059092 -0.049748 0.341540 -0.730787 -2.537614
0.055882 -0.040213 -0.499349 1.182898 0.826032
0.041665 -0.008053 -0.213169 0.441620 0.258981
0.034944 0.004890 -0.123480 0.211346 0.832420
0.035562 0.000421 0.153446 -0.426741 -1.308123
0.032930 0.004064 -0.283500 0.595253 1.268530
0.030108 0.007720 0.140756 -0.397757 -1.638232
0.024761 0.017724 -0.406285 0.881931 1.930907
0.021444 0.022620 0.237995 -0.615063 0.322106
0.032960 -0.005547 0.338062 -0.796338 -2.107442
0.032352 -0.004051 -0.365938 0.848352 1.623518
0.028648 0.003751 0.178615 -0.438642 -1.607563
0.025021 0.011615 -0.358170 0.815757 1.481546
0.020643 0.020708 0.137280 -0.342914 0.003088
0.026053 0.007923 0.133515 -0.299490 0.442474
0.034269 -0.010230 0.277171 -0.607442 -0.461071
0.042215 -0.026831 0.121028 -0.231219 -1.389461
0.037836 -0.015018 -0.338636 0.809712 1.136529
0.032003 -0.001481 0.045304 -0.117241 1.238293
0.042034 -0.025036 0.455226 -1.051915 -2.093508
0.046213 -0.034112 -0.243538 0.573332 1.005781
0.043321 -0.028144 0.097524 -0.262112 -0.242224
0.045632 -0.035180 0.018442 -0.093481 0.142753
0.047382 -0.041772 0.068973 -0.235416 -1.042140
0.043269 -0.035824 -0.273565 0.523361 -0.454369
0.029464 -0.009414 -0.416774 0.798532 0.419950
0.015730 0.014816 -0.270953 0.423079 0.173478
0.006079 0.028881 -0.212097 0.284910 0.579048
0.001425 0.031708 -0.021281 -0.137070 0.887452
0.006385 0.013548 0.268661 -0.765754 -1.024454
0.010171 0.000025 -0.077842 0.075151 1.152553
0.014734 -0.014745 0.304939 -0.804205 -2.623729
0.009390 -0.005847 -0.569188 1.222442 0.921066
-0.007052 0.027163 -0.254766 0.445591 0.572980
-0.013426 0.036259 -0.064768 0.017093 0.303840
-0.014076 0.033133 0.032034 -0.171329 -0.950614
-0.019217 0.041906 -0.288083 0.600802 -0.215597
-0.032177 0.069449 -0.360121 0.779191 3.000000
-0.026696 0.055332 0.631131 -1.457203 -1.104193
-0.009137 0.017248 0.248935 -0.467862 0.260936
0.002439 -0.004402 0.330054 -0.616827 0.335100
0.017778 -0.033452 0.437074 -0.838259 -3.000000
0.015251 -0.020543 -0.560185 1.454330 2.121057
0.007211 0.002673 0.155107 -0.264879 -0.871843
0.007563 0.005934 -0.136511 0.418996 -0.055512
0.001777 0.023171 -0.153074 0.445892 1.857467
0.008016 0.012474 0.463095 -0.963218 -0.796898
0.021058 -0.012189 0.190497 -0.284291 0.168361
0.029774 -0.026002 0.245362 -0.407385 -0.689301
0.034993 -0.031727 0.016504 0.112670 0.091431
0.036342 -0.029467 0.050746 0.002328 1.153197
0.046100 -0.047721 0.436061 -0.905744 -2.722144
0.045411 -0.042070 -0.467463 1.160641 2.080288
0.040810 -0.030066 0.234656 -0.534540 -2.169668
0.035750 -0.018084 -0.485373 1.113064 1.403945
0.025880 0.003000 -0.010288 -0.038593 -0.242934
0.023838 0.005345 -0.091569 0.153621 0.891340
0.026114 -0.002250 0.204438 -0.525340 -1.390006
0.024968 -0.001222 -0.260066 0.561647 0.293071
0.016600 0.015998 -0.159035 0.306395 -0.016533
0.010138 0.028507 -0.164328 0.321320 0.112277
0.004293 0.039907 -0.128210 0.251964 0.404235
0.001798 0.044416 0.002915 -0.021771 1.739580
0.013374 0.017956 0.574517 -1.289079 -0.980652
0.029591 -0.016361 0.238258 -0.445340 -0.983676
0.032541 -0.018806 -0.089532 0.311942 1.253776
0.037383 -0.026398 0.330202 -0.679071 -0.585046
0.046650 -0.044243 0.134227 -0.223216 -0.588859
0.048164 -0.044828 -0.057862 0.188043 -0.013138
0.045887 -0.038359 -0.056188 0.137344 0.079923
0.044274 -0.035132 -0.024651 0.026195 -0.524870
0.039879 -0.026845 -0.194743 0.384791 1.041617
0.039134 -0.028557 0.156244 -0.458871 -2.441798
0.029138 -0.009437 -0.653594 1.392886 1.688407
0.014458 0.018289 -0.083066 0.018302 0.032991
0.011317 0.018945 -0.073992 0.014670 0.903889
0.014330 0.006099 0.223837 -0.650209 -0.823138
0.017695 -0.006222 -0.054293 0.022298 -0.522783
0.012063 0.002559 -0.226898 0.413010 -0.756337
-0.001987 0.030237 -0.475232 0.968465 0.832929
-0.015378 0.055636 -0.195860 0.315896 0.412211
-0.020551 0.062862 -0.063344 0.050647 0.876975
-0.017393 0.052887 0.220532 -0.543161 0.866225
-0.003016 0.019864 0.498119 -1.106814 -1.112170
0.009294 -0.005340 0.119252 -0.171455 0.547189
0.017683 -0.020455 0.299850 -0.581500 -0.927356
0.023460 -0.029128 -0.009709 0.136012 -0.237866
0.007264 0.000829 -0.004006 -0.001546 1.409110
0.016471 -0.020823 0.463115 -1.070261 -1.928457
0.022050 -0.033039 -0.181545 0.435713 0.242006
0.016535 -0.020639 -0.094846 0.190128 -0.754204
0.007797 -0.002147 -0.341566 0.730590 0.453249
-0.002737 0.019122 -0.186124 0.342540 0.320188
-0.008045 0.027929 -0.079816 0.102926 1.675383
-0.000144 0.006867 0.473370 -1.142885 -1.824123
0.006465 -0.009101 -0.140339 0.320798 -0.361108
-0.001484 0.008677 -0.257109 0.568132 0.350564
-0.009373 0.025498 -0.138096 0.280319 0.254158
-0.013225 0.033066 -0.054902 0.102110 2.097532
-0.001533 0.005619 0.637624 -1.458306 -1.169655
0.015952 -0.032624 0.238910 -0.475354 -0.548400
0.021857 -0.043304 0.057202 -0.066537 -0.396335
0.021592 -0.040763 -0.070081 0.190456 -1.155728
0.011220 -0.016568 -0.447770 1.012743 2.509512
0.010190 -0.016314 0.393204 -0.972156 -1.555103
0.015462 -0.030364 -0.127420 0.249560 -0.514295
0.007049 -0.013490 -0.293038 0.592729 0.018895
-0.004428 0.008856 -0.281309 0.529855 1.127478
-0.008121 0.012260 0.095253 -0.346649 -0.936362
-0.010620 0.013559 -0.219068 0.401355 0.236650
-0.017779 0.025791 -0.139410 0.215291 0.921456
-0.017253 0.020600 0.164723 -0.466302 -1.286972
-0.019343 0.022852 -0.267662 0.564885 0.946262
-0.023724 0.030733 0.047302 -0.159045 0.329928
-0.019734 0.020271 0.152088 -0.363266 -0.257385
-0.015467 0.010691 0.061815 -0.121038 0.196891
-0.011732 0.003276 0.124887 -0.249358 -0.292632
-0.008733 -0.001751 0.025517 -0.006403 0.308188
-0.005665 -0.006732 0.127638 -0.240358 -0.085380
-0.001154 -0.014828 0.098178 -0.167093 0.624486
0.006929 -0.031184 0.305545 -0.647165 -1.444357
0.009513 -0.034720 -0.174574 0.454142 -0.536221
-0.000894 -0.009694 -0.345747 0.797370 -0.054362
-0.014946 0.021783 -0.357452 0.782892 1.486030
-0.019294 0.029781 0.138100 -0.365174 0.256301
-0.012191 0.012457 0.217190 -0.502563 -0.117551
-0.004393 -0.004839 0.173213 -0.367538 -1.824988
-0.009654 0.008918 -0.434336 1.038356 1.035553
-0.020006 0.033408 -0.085059 0.202911 1.473558
-0.013658 0.019453 0.401059 -0.888262 -1.503362
-0.007799 0.008699 -0.106037 0.331351 1.470835
-0.002233 -0.000838 0.382810 -0.794313 -2.388378
-0.002933 0.005171 -0.415051 1.069789 2.297843
-0.004106 0.011401 0.353459 -0.731677 -0.325728
0.007722 -0.011573 0.238870 -0.425902 -0.301859
0.015223 -0.023626 0.136787 -0.182575 -0.979071
0.014201 -0.016153 -0.186916 0.547534 1.994428
0.020103 -0.025952 0.479773 -1.017393 -1.291140
0.030605 -0.046028 0.047314 -0.004878 -0.926200
0.026436 -0.033035 -0.255013 0.648074 -0.080494
0.015867 -0.007468 -0.273923 0.635496 0.633596
0.009234 0.007233 -0.058798 0.109855 -0.236823
0.005304 0.015325 -0.137569 0.293763 0.605767
0.003838 0.017774 0.063469 -0.164379 -0.472878
0.003163 0.019135 -0.096645 0.227202 1.560413
0.009663 0.004438 0.420134 -0.948530 -1.608994
0.015607 -0.007371 -0.120732 0.337648 0.607222
0.014879 -0.003775 0.083536 -0.150285 0.512298
0.021609 -0.017503 0.252621 -0.533439 -0.655973
0.027304 -0.028419 0.033142 -0.021772 -0.911426
0.022624 -0.015885 -0.266383 0.641692 1.015952
0.018855 -0.007013 0.076520 -0.184755 -1.424554
0.012424 0.007605 -0.396661 0.903277 1.853296
0.009002 0.014276 0.223162 -0.547968 -2.016113
0.004400 0.024430 -0.450993 1.035368 2.778575
0.004937 0.022414 0.474573 -1.106537 -1.041352
0.016771 -0.003813 0.119000 -0.222319 -0.687334
0.016929 -0.001895 -0.110340 0.311107 1.663224
0.023625 -0.015422 0.443418 -0.972092 -1.198178
0.033274 -0.034922 0.040902 -0.020321 -0.406915
0.032274 -0.030233 -0.090555 0.251895 0.253303
0.030438 -0.025047 -0.001697 0.011748 -0.649527
0.026105 -0.015163 -0.214444 0.477920 -0.602292
0.013624 0.012253 -0.409449 0.892457 1.559122
0.007722 0.023134 0.112230 -0.328996 -0.764990
0.007019 0.022737 -0.146402 0.300248 0.740559
0.006080 0.023541 0.098555 -0.252097 -0.852671
0.004256 0.027476 -0.188736 0.439884 1.083962
0.003916 0.028524 0.170435 -0.375816 0.050358
0.010943 0.013925 0.181192 -0.357247 -0.101921
0.017421 0.002046 0.143130 -0.240675 0.084785
0.023663 -0.008469 0.169077 -0.286540 0.219967
0.031858 -0.023079 0.240704 -0.444626 -1.519405
0.031358 -0.017428 -0.264013 0.712093 2.230154
0.035773 -0.024517 0.482146 -1.043234 -1.737362
0.043395 -0.038708 -0.098605 0.311611 -0.850767
0.033921 -0.014456 -0.374655 0.897678 0.736938
0.024002 0.008633 -0.122739 0.270186 1.461556
0.028832 -0.003134 0.362768 -0.845273 -1.796740
0.031266 -0.008247 -0.238781 0.568779 1.442212
0.031409 -0.008566 0.244188 -0.568851 -1.022259
0.034306 -0.015017 -0.097971 0.233731 0.354792
0.032813 -0.011742 0.022787 -0.065143 -0.970963
0.027279 0.000420 -0.298586 0.665434 1.241742
0.023693 0.007118 0.117621 -0.315422 0.670391
0.032790 -0.015175 0.336932 -0.796879 -1.612711
0.035451 -0.021531 -0.201830 0.460091 -1.256333
0.019136 0.015094 -0.613200 1.365714 1.565462
0.005192 0.044248 -0.086579 0.115721 1.419182
0.011080 0.028017 0.379755 -0.916267 -1.076270
0.018907 0.009808 0.013322 -0.010333 0.010350
0.019481 0.009519 0.015367 -0.004256 1.763360
0.031798 -0.017473 0.598946 -1.332050 -2.675717
0.037792 -0.028252 -0.295794 0.761391 -0.040221
0.025865 0.001191 -0.301138 0.717172 1.943593
0.026850 -0.000873 0.348084 -0.799480 -0.336822
0.038409 -0.026590 0.230829 -0.495760 -0.650630
0.043295 -0.036348 0.014442 -0.001079 -0.768757
0.038838 -0.025396 -0.236672 0.543269 -0.779964
0.024319 0.007038 -0.489057 1.077336 1.238969
0.013144 0.029860 -0.071712 0.082461 0.768694
0.015331 0.021978 0.180361 -0.470429 -0.309605
0.020363 0.009093 0.071914 -0.180420 -0.874476
0.017371 0.015802 -0.220558 0.507533 1.550644
0.018900 0.012016 0.295249 -0.680915 -0.938664
0.024332 0.000429 -0.022262 0.088515 -0.345655
0.021150 0.009214 -0.136608 0.348795 1.122933
0.023182 0.005705 0.236968 -0.512839 -1.531521
0.022378 0.009581 -0.275404 0.690519 2.291463
0.026682 0.001345 0.488021 -1.079181 -1.962945
0.032973 -0.010149 -0.170826 0.480277 0.103329
0.026917 0.006640 -0.132469 0.364162 1.160798
0.029374 0.003085 0.254030 -0.530095 -1.347683
0.030478 0.003410 -0.197222 0.531518 1.522640
0.032785 0.000691 0.310778 -0.651396 -1.186176
0.037219 -0.006211 -0.087467 0.291699 0.922230
0.039907 -0.009202 0.220807 -0.431697 -0.906355
0.042659 -0.012140 -0.082027 0.274303 -1.133704
0.031900 0.015645 -0.455161 1.108682 1.591431
0.024406 0.034481 0.078117 -0.145292 1.581460
0.037944 0.005428 0.597574 -1.297198 -2.026798
0.048149 -0.013417 -0.084434 0.328346 0.443774
0.047796 -0.007805 0.066121 -0.041462 0.775986
0.055607 -0.021466 0.323757 -0.635904 -0.748268
0.063526 -0.035016 0.073342 -0.052590 -0.764910
0.061437 -0.026078 -0.177114 0.493656 0.191079
0.055751 -0.010490 -0.107785 0.291645 0.383931
0.054056 -0.005315 0.022475 -0.027430 -1.023720
0.048149 0.009269 -0.316915 0.748638 1.070945
0.042685 0.022021 0.042123 -0.096595 0.043746
0.044592 0.018167 0.053319 -0.096819 0.598021
0.050642 0.005703 0.248765 -0.522920 -0.186073
0.059257 -0.011481 0.182597 -0.342220 -1.075795
0.059373 -0.008410 -0.175582 0.484799 0.442099
0.055377 0.003390 -0.025004 0.112747 0.249362
0.056040 0.004040 0.057829 -0.077449 -1.015687
0.051571 0.016787 -0.280317 0.706292 2.102662
0.054407 0.012236 0.419724 -0.912047 -0.866885
0.065258 -0.009381 0.124354 -0.183304 -0.769210
0.065102 -0.004824 -0.131327 0.403827 1.305326
0.068598 -0.009333 0.304614 -0.615844 -0.949538
0.074387 -0.018730 -0.013785 0.133561 1.043602
0.080833 -0.029987 0.335013 -0.687095 -1.546706
0.083905 -0.033465 -0.179501 0.495851 1.162812
0.084603 -0.032885 0.212933 -0.453405 -1.218819
0.085016 -0.032432 -0.190868 0.463236 -0.123493
0.076699 -0.013341 -0.225292 0.494664 0.771436
0.072921 -0.006341 0.035299 -0.134486 -0.495727
0.071028 -0.004038 -0.129451 0.244808 -0.383786
0.063341 0.011265 -0.254751 0.519504 1.010546
0.059924 0.016126 0.082603 -0.264465 0.002553
0.063167 0.006272 0.079770 -0.230654 0.077193
0.066819 -0.003650 0.102989 -0.266890 -0.658116
0.066526 -0.003906 -0.116861 0.246828 0.961379
0.068290 -0.009187 0.203998 -0.501435 -0.190611
0.075123 -0.025824 0.138254 -0.336039 -0.955050
0.074306 -0.024716 -0.178036 0.381571 -0.156375
0.066255 -0.008101 -0.224702 0.451507 0.440898
0.060285 0.002428 -0.074572 0.082183 0.337847
0.059555 0.000504 0.037723 -0.175126 0.000307
0.061037 -0.006227 0.036521 -0.162929 -0.875527
0.056662 0.000814 -0.254383 0.506944 0.739072
0.051477 0.009112 -0.005954 -0.082100 1.352348
0.060200 -0.014594 0.440999 -1.093682 -0.989118
0.071125 -0.041995 0.107070 -0.293239 -2.844422
0.056542 -0.010620 -0.833676 1.838877 1.683492
0.034696 0.034401 -0.261664 0.440968 1.839998
0.036454 0.024042 0.347679 -0.941717 -1.951825
0.037183 0.018201 -0.308756 0.626578 1.719150
0.036319 0.016483 0.263576 -0.694275 -0.210402
0.045319 -0.006711 0.187178 -0.473096 -1.307156
0.044051 -0.005040 -0.249002 0.542679 1.448787
0.043820 -0.006399 0.235685 -0.594894 -1.167694
0.045402 -0.011574 -0.155075 0.322205 -0.119046
0.038479 0.002479 -0.191219 0.382389 0.774292
0.036031 0.005461 0.067833 -0.224191 -1.010497
0.031975 0.012480 -0.269577 0.565427 1.666030
0.032329 0.009076 0.285361 -0.718257 -1.237058
0.035383 0.000558 -0.130972 0.276720 1.348754
0.039153 -0.009415 0.318090 -0.762758 -1.738023
0.040219 -0.012389 -0.262673 0.594384 0.988984
0.036405 -0.004853 0.070632 -0.204902 -0.744955
0.034252 -0.001407 -0.177452 0.369819 0.352469
0.029556 0.007479 -0.057999 0.080353 0.821927
0.032696 -0.001831 0.214239 -0.539054 -0.693181
0.036574 -0.012030 -0.019267 0.019236 -0.196357
0.034525 -0.008514 -0.083070 0.155377 -0.032496
0.031026 -0.002169 -0.091976 0.162994 0.736778
0.032275 -0.007202 0.153656 -0.407637 -0.373554
0.035889 -0.017357 0.027680 -0.106360 -0.190501
0.035749 -0.018913 -0.034404 0.026404 -0.709297
0.029700 -0.007402 -0.267491 0.544155 0.657434
0.023471 0.003397 -0.044975 0.005526 -0.631544
0.017464 0.013426 -0.254850 0.491048 1.471885
0.017103 0.010149 0.235136 -0.639688 -0.653231
0.022042 -0.004279 0.012934 -0.092226 0.140266
0.023486 -0.010065 0.059220 -0.196761 -1.653636
0.014846 0.007533 -0.489612 1.062484 1.234960
0.003619 0.029854 -0.073732 0.072051 0.587003
0.004516 0.024357 0.118032 -0.342168 -0.092752
0.008511 0.013155 0.082137 -0.221840 -0.546368
0.008096 0.013315 -0.102213 0.223638 0.057124
0.004388 0.021434 -0.083412 0.184456 0.116322
0.001801 0.027318 -0.046164 0.111974 0.026778
0.000084 0.031914 -0.039784 0.118641 0.161721
-0.000491 0.034805 0.010840 0.027772 1.340672
0.008778 0.016153 0.451498 -0.950511 -1.022660
0.019849 -0.004466 0.103714 -0.096429 0.916385
0.030080 -0.022329 0.407124 -0.790472 0.229317
0.047810 -0.056880 0.479769 -0.941697 -1.669792
0.055882 -0.068990 -0.073939 0.315792 -0.340324
0.050858 -0.053126 -0.177298 0.478316 0.278461
0.045804 -0.040098 -0.076098 0.179763 -0.613946
0.038791 -0.024620 -0.274194 0.591482 0.884646
0.033850 -0.015877 0.025870 -0.142383 -1.253106
0.026563 -0.002469 -0.389046 0.802219 1.357170
0.020155 0.007671 0.066806 -0.277985 0.131886
0.023645 -0.004893 0.107801 -0.351697 -1.953305
0.014921 0.011437 -0.541999 1.150343 1.779232
0.005223 0.028888 0.054577 -0.254436 0.574265
0.011122 0.010936 0.240093 -0.641324 -1.956717
0.007586 0.016490 -0.414581 0.898451 1.496643
0.001054 0.028664 0.085919 -0.270760 -0.183677
0.003162 0.021719 0.019872 -0.080511 0.135154
0.004791 0.017074 0.061579 -0.151638 -1.731175
-0.004324 0.038236 -0.515621 1.194727 2.594148
-0.007612 0.045576 0.347962 -0.798066 -0.501514
0.002745 0.023515 0.171012 -0.315966 0.532041
0.013017 0.003719 0.342421 -0.672767 -0.603066
0.022585 -0.012894 0.137044 -0.168259 0.557894
0.031773 -0.028222 0.321981 -0.595141 -0.247269
0.042972 -0.048046 0.238685 -0.402726 -1.772253
0.040777 -0.037507 -0.346632 0.913459 0.973412
0.033601 -0.017963 -0.013783 0.079188 -0.253969
0.031408 -0.011377 -0.095728 0.249014 -0.405123
0.024943 0.004250 -0.227377 0.531484 1.308500
0.024620 0.004836 0.209592 -0.487794 0.122632
0.033730 -0.015757 0.246237 -0.545109 -1.384765
0.034317 -0.015890 -0.215222 0.523431 -0.522603
0.022343 0.012047 -0.383468 0.874013 2.017023
0.020523 0.015179 0.289944 -0.694753 -1.003382
0.025303 0.004123 -0.049439 0.128247 0.390446
0.025929 0.003219 0.080275 -0.169444 0.189410
0.030362 -0.006128 0.141386 -0.297925 0.504858
0.039340 -0.025505 0.307270 -0.669519 -1.897184
0.038964 -0.022814 -0.323858 0.784231 0.444139
0.029130 0.000195 -0.168919 0.376435 0.993534
0.029035 -0.000473 0.163012 -0.399063 -0.924746
0.029342 -0.001668 -0.146546 0.328857 0.521381
0.026998 0.003036 0.028646 -0.086898 -0.044616
0.027824 0.000470 0.012759 -0.042525 0.673464
0.032803 -0.011473 0.235645 -0.549836 -1.276873
0.033675 -0.013345 -0.190510 0.441883 1.319869
0.034927 -0.016810 0.251596 -0.601170 -1.747138
0.033314 -0.013573 -0.330258 0.744821 1.464441
0.029985 -0.007553 0.161920 -0.426232 -1.006744
0.029715 -0.008707 -0.174179 0.357303 1.062295
0.029886 -0.011381 0.181472 -0.479767 -0.783018
0.031887 -0.018133 -0.080325 0.132211 -1.542888
0.018470 0.010294 -0.589288 1.278683 -0.154148
-0.005952 0.062363 -0.632644 1.334086 2.277056
-0.016070 0.080594 0.123541 -0.393836 -1.000238
-0.018011 0.082564 -0.219302 0.480505 1.154926
-0.019233 0.085466 0.156863 -0.323497 2.122530
0.000895 0.042523 0.848341 -1.812769 -3.000000
0.014502 0.019525 -0.163926 0.624752 1.914682
0.020719 0.014788 0.472620 -0.842015 -0.957085
0.033086 -0.002664 0.147246 -0.045179 -0.933056
0.032756 0.009921 -0.162875 0.666924 1.379288
0.035482 0.014810 0.297422 -0.406415 0.995934
0.053897 -0.015802 0.622773 -1.120177 -0.573231
0.074846 -0.050615 0.426119 -0.634360 -1.320412
0.083118 -0.056020 -0.010839 0.349132 0.008289
0.082906 -0.043893 -0.000126 0.260781 -0.433675
0.080145 -0.028122 -0.137829 0.527189 0.039973
0.075031 -0.008956 -0.118350 0.436189 1.418169
0.079809 -0.014039 0.355609 -0.675736 -0.190255
0.092688 -0.037522 0.289074 -0.505467 -1.075289
0.097101 -0.041391 -0.067093 0.299879 0.285625
0.096448 -0.035098 0.033892 0.019923 0.307590
0.099925 -0.039823 0.139630 -0.253302 -0.160327
0.104490 -0.048043 0.088932 -0.160651 -1.622318
0.097340 -0.030446 -0.444954 1.027581 0.906930
0.085795 -0.005315 -0.133981 0.244808 -0.030274
0.080281 0.004526 -0.141862 0.249129 -0.058768
0.074242 0.015200 -0.160247 0.286201 0.889583
0.073757 0.012990 0.134983 -0.387683 -0.386186
0.076497 0.004271 0.002722 -0.054672 -0.693811
0.071971 0.012952 -0.228385 0.482893 1.711546
0.074261 0.005670 0.341026 -0.830046 -0.787879
0.082520 -0.014150 0.073292 -0.174086 -0.875544
0.079630 -0.007722 -0.216902 0.487468 1.856979
0.083394 -0.017547 0.403069 -0.960315 -0.615234
0.095315 -0.045600 0.194299 -0.455109 -1.929747
0.090288 -0.034620 -0.443677 0.986273 1.071172
0.079889 -0.013706 -0.078002 0.076174 -1.264273
0.068401 0.008375 -0.495356 1.019007 1.154788
0.056404 0.030262 -0.106375 0.092858 0.163084
0.053180 0.032084 -0.055029 -0.000056 0.438595
0.053823 0.026129 0.086817 -0.294766 0.892624
0.063128 0.001665 0.377931 -0.924532 -0.640170
0.073840 -0.024172 0.159008 -0.380087 -0.200426
0.078860 -0.036316 0.092498 -0.231646 -1.390550
0.073357 -0.024737 -0.366309 0.798533 1.115200
0.066297 -0.011534 0.011652 -0.122908 0.082083
0.067316 -0.017784 0.039292 -0.189900 -1.322138
0.060103 -0.005200 -0.398602 0.807670 0.757011
0.049329 0.014308 -0.141460 0.180391 0.747461
0.048638 0.010164 0.106107 -0.380526 -0.384692
0.050242 0.001629 -0.025209 -0.052524 -0.935286
0.043000 0.014037 -0.336013 0.665305 0.637112
0.033867 0.030335 -0.121791 0.159966 1.246088
0.037237 0.018128 0.289141 -0.759913 -1.210364
0.040594 0.007795 -0.119567 0.227449 1.722367
0.047283 -0.009654 0.452309 -1.084979 -1.572253
0.054772 -0.027642 -0.075580 0.164327 -0.342365
0.049555 -0.016638 -0.185097 0.384986 0.914483
0.048328 -0.016154 0.122586 -0.350376 -0.773284
0.048069 -0.018165 -0.134555 0.241078 -1.506609
0.032742 0.013912 -0.630712 1.353504 2.178555
0.022177 0.033147 0.099364 -0.363505 0.367401
0.028465 0.014254 0.215064 -0.581839 -0.259516
0.035219 -0.003890 0.123381 -0.332425 -1.463765
0.030373 0.005692 -0.364104 0.797536 1.155626
0.023602 0.018944 0.023851 -0.119347 1.276231
0.032982 -0.004798 0.444158 -1.059332 -3.000000
0.030640 0.000259 -0.557752 1.280318 1.199785
0.016501 0.031374 -0.151307 0.295613 0.474255
0.013574 0.036292 0.004326 -0.043916 1.132921
0.021190 0.018088 0.375551 -0.858640 -0.824562
0.030552 -0.001983 0.094007 -0.158632 -0.553194
0.030607 0.000380 -0.090619 0.271196 0.749683
0.032004 -0.000601 0.159581 -0.312238 -0.036193
0.038095 -0.012089 0.145258 -0.265089 -0.165114
0.042788 -0.020041 0.089762 -0.135900 -0.453575
0.043381 -0.018753 -0.059642 0.195886 0.417786
0.043841 -0.017992 0.082096 -0.152814 -0.961957
0.040739 -0.009502 -0.236241 0.568868 1.047322
0.038360 -0.003780 0.115871 -0.269857 -1.102641
0.035624 0.002678 -0.251479 0.582074 0.497380
0.028952 0.017643 -0.083039 0.174916 0.535260
0.029174 0.016635 0.093537 -0.219978 0.877249
0.038676 -0.004920 0.380994 -0.853174 -0.244320
0.052166 -0.034227 0.294462 -0.621255 -0.987090
0.057359 -0.043854 -0.033478 0.127351 -1.370586
0.047019 -0.018875 -0.482516 1.112972 2.561599
0.044965 -0.015598 0.376639 -0.919962 -1.842578
0.047668 -0.023195 -0.239097 0.518293 1.390142
0.047479 -0.025014 0.227955 -0.593950 -2.198396
0.041940 -0.014768 -0.502501 1.084814 0.953800
0.028382 0.012211 -0.177193 0.280774 0.405348
0.024005 0.017156 -0.042215 -0.028189 0.776487
0.027438 0.004570 0.213226 -0.595684 -0.275831
0.034030 -0.014085 0.117140 -0.344294 -1.160987
0.030971 -0.009857 -0.268795 0.544084 0.292683
0.022270 0.006487 -0.166993 0.280035 0.257401
0.017330 0.013543 -0.080479 0.077044 0.411839
0.016830 0.010543 0.055097 -0.223395 -0.854914
0.013288 0.015319 -0.231222 0.453593 0.973147
0.010545 0.018301 0.092831 -0.293376 -1.117567
0.006737 0.024585 -0.281946 0.596281 0.224836
-0.003012 0.044796 -0.206179 0.420794 0.547433
-0.007659 0.053752 -0.026994 0.034295 0.725637
-0.004035 0.045246 0.207599 -0.454481 -0.534298
0.000541 0.036967 0.022091 0.032140 1.690395
0.012580 0.013169 0.578484 -1.209597 -1.208294
0.027462 -0.014682 0.167650 -0.202568 0.693181
0.038771 -0.033453 0.397356 -0.732187 0.159095
0.055676 -0.064928 0.448291 -0.846117 -1.766963
0.061878 -0.072059 -0.135961 0.469422 -1.197260
0.048707 -0.037193 -0.522122 1.270070 1.670851
0.039204 -0.014566 0.044492 -0.115106 -0.836526
0.035432 -0.006468 -0.232304 0.512835 1.130082
0.033746 -0.004116 0.146609 -0.382220 0.001563
0.039570 -0.018978 0.144870 -0.364095 -1.553228
0.035018 -0.009604 -0.370810 0.818131 1.255489
0.028681 0.002551 0.052140 -0.193763 0.411435
0.033466 -0.011168 0.186937 -0.490756 -1.271577
0.032434 -0.010834 -0.237023 0.493697 -0.533778
0.019500 0.016237 -0.409619 0.860072 1.311661
0.011932 0.029761 0.029340 -0.166676 -0.769666
0.007893 0.035860 -0.230398 0.463960 0.748042
0.003639 0.043192 0.016649 -0.088051 0.405812
0.006889 0.034606 0.145652 -0.339473 0.966110
0.019008 0.007492 0.459750 -1.012279 -1.234880
0.029007 -0.012458 0.042172 -0.003320 -0.643631
0.026434 -0.002944 -0.170275 0.474216 1.084251
0.026908 -0.001292 0.192628 -0.379305 -0.313421
0.032468 -0.011129 0.085956 -0.118166 0.303179
0.037924 -0.020571 0.186663 -0.352516 -0.718382
0.040599 -0.023603 -0.051983 0.192604 -1.100756
0.031275 0.000245 -0.413453 0.993361 2.580106
0.032045 -0.000940 0.448859 -1.024508 -1.097636
0.042540 -0.023670 0.077725 -0.129178 -0.410305
0.042949 -0.022874 -0.056837 0.165008 0.425951
0.043581 -0.023530 0.087891 -0.192904 -1.835369
0.034909 -0.003307 -0.519765 1.188755 3.000000
0.034259 -0.003476 0.483628 -1.164162 -1.173027
0.045629 -0.030512 0.086915 -0.206577 -0.552131
0.045468 -0.030696 -0.094343 0.191722 0.933065
0.047995 -0.038289 0.219668 -0.562252 -2.198441
0.042163 -0.027148 -0.508975 1.098420 0.329372
0.024220 0.009665 -0.389345 0.754251 -0.434878
0.005849 0.045757 -0.529396 1.053168 2.078186
-0.001456 0.055719 0.161438 -0.530581 -0.012375
0.004715 0.036719 0.147596 -0.424580 -0.058538
0.010081 0.022091 0.121143 -0.311269 -0.285164
0.012930 0.014989 0.021833 -0.048920 0.394964
0.016385 0.007419 0.150640 -0.327158 -0.730583
0.017480 0.006208 -0.094969 0.258149 1.935913
0.026579 -0.013367 0.547998 -1.220027 -1.893742
0.035742 -0.031723 -0.087112 0.277338 -1.484247
0.022494 0.001099 -0.574305 1.355309 2.717788
0.017798 0.011817 0.336014 -0.787148 -1.135852
0.023534 -0.000853 -0.047587 0.138182 0.091110
0.022255 0.003111 -0.016560 0.061865 -0.429449
0.018734 0.012214 -0.159161 0.390476 2.121842
0.026508 -0.004959 0.545722 -1.229838 -0.485663
0.044925 -0.045121 0.376541 -0.792447 -1.733529
0.048438 -0.050185 -0.198719 0.519691 -0.128628
0.039820 -0.029244 -0.232550 0.531339 0.344823
0.032954 -0.014640 -0.111491 0.206288 -0.089836
0.027959 -0.005590 -0.138364 0.247412 -0.748154
0.017497 0.015374 -0.384303 0.797200 1.761709
0.013927 0.019532 0.203622 -0.569225 -0.035735
0.021703 -0.001440 0.185690 -0.484702 0.291783
0.030999 -0.024661 0.279227 -0.678227 -1.378385
0.032951 -0.030259 -0.179871 0.382293 -0.987969
0.019308 -0.000972 -0.501752 1.078145 1.054123
0.006415 0.024530 -0.144750 0.214235 0.253247
0.002286 0.029529 -0.062079 0.039169 0.551115
0.003406 0.023303 0.117608 -0.346269 -0.471632
0.004866 0.017737 -0.043858 0.061146 0.695652
0.007705 0.009866 0.185178 -0.449091 0.372493
0.017497 -0.012953 0.304432 -0.692944 -1.111881
0.022198 -0.022928 -0.067807 0.179873 0.608785
0.023610 -0.025819 0.137680 -0.318004 -1.644492
0.018186 -0.013424 -0.407207 0.922922 1.737107
0.013620 -0.004704 0.176607 -0.465730 -0.565001
0.016864 -0.014105 -0.013541 -0.012581 -0.476918
0.013177 -0.007558 -0.170364 0.336326 -1.249679
-0.001884 0.024503 -0.581820 1.260006 2.228494
-0.010202 0.039621 0.162849 -0.476419 0.610529
0.000210 0.012783 0.357666 -0.865401 -1.183091
0.006484 -0.002166 -0.042200 0.101436 0.289175
0.006736 -0.002699 0.054461 -0.124985 -0.264731
0.007137 -0.003488 -0.034086 0.082459 0.299910
0.007785 -0.004950 0.066157 -0.152552 -1.450654
0.000766 0.011363 -0.415702 0.955856 1.561124
-0.005363 0.024647 0.107100 -0.271670 0.457691
0.001865 0.007726 0.254164 -0.573520 -1.563190
0.001525 0.009788 -0.269319 0.659719 1.516583
0.000913 0.012269 0.236852 -0.518618 -0.958072
0.003903 0.007263 -0.086064 0.256478 1.241523
0.008736 -0.001682 0.326416 -0.692197 -1.673454
0.010554 -0.002730 -0.233470 0.621127 1.038876
0.008220 0.005305 0.115349 -0.206177 -1.254219
0.004442 0.016769 -0.302940 0.767954 1.760909
0.004110 0.019853 0.284131 -0.593980 -0.991932
0.008736 0.012631 -0.051408 0.220044 0.394232
0.009300 0.015423 0.079095 -0.075689 0.633460
0.016624 0.003172 0.286634 -0.532904 0.414218
0.030749 -0.023674 0.419673 -0.810792 -2.307735
0.032110 -0.020089 -0.348967 0.965879 2.971453
0.038100 -0.028810 0.644975 -1.370714 -1.890287
0.051177 -0.053423 0.011795 0.113821 -0.143756
0.050824 -0.048016 -0.029495 0.156964 -0.892303
0.043837 -0.029331 -0.319266 0.772463 0.305775
0.033279 -0.004803 -0.209587 0.463095 1.519289
0.035080 -0.010315 0.297901 -0.723140 -1.114372
0.039494 -0.021361 -0.075607 0.156283 -0.490290
0.033277 -0.008248 -0.234945 0.497188 0.801507
0.029303 -0.001496 0.035099 -0.149172 -1.454713
0.021009 0.015087 -0.448365 0.965867 0.747939
0.008161 0.041330 -0.195515 0.360194 1.161333
0.008021 0.038440 0.187262 -0.493337 -0.188393
0.014095 0.023188 0.117059 -0.275279 0.100890
0.019351 0.011575 0.145883 -0.307224 -0.586375
0.021208 0.009016 -0.052231 0.172055 -0.109959
0.018388 0.017611 -0.088809 0.258171 1.377312
0.023991 0.006891 0.367546 -0.781736 -0.983032
0.032013 -0.008027 0.035110 0.021620 1.257544
0.041797 -0.026652 0.452923 -0.942940 -0.456931
0.056784 -0.056669 0.297591 -0.569251 -2.159124
0.054373 -0.046865 -0.415921 1.039115 0.139079
0.038916 -0.009866 -0.357919 0.821085 0.852648
0.030414 0.008589 -0.068596 0.115227 1.061409
0.034726 -0.003026 0.283178 -0.687030 -1.067431
0.038852 -0.013224 -0.075353 0.163157 0.590630
0.039818 -0.016260 0.122978 -0.308941 -0.542040
0.041119 -0.020222 -0.057228 0.104266 -0.437433
0.035979 -0.009906 -0.199497 0.409289 0.490101
0.031341 -0.001807 -0.033153 0.002968 0.265280
0.031783 -0.005776 0.054986 -0.199379 -0.389683
0.031371 -0.007599 -0.075062 0.103630 -1.347590
0.019436 0.016969 -0.520584 1.115367 2.883312
0.017919 0.016245 0.441304 -1.120321 -2.943973
0.015781 0.018567 -0.544641 1.204200 1.584322
0.004672 0.041270 -0.013271 -0.046652 0.416266
0.006807 0.034076 0.119734 -0.310757 1.242545
0.019733 0.003813 0.525823 -1.196144 -1.661748
0.029518 -0.016775 -0.034135 0.143773 0.462561
0.031283 -0.018671 0.121871 -0.233634 0.146131
0.037131 -0.030342 0.170586 -0.350614 -1.775026
0.032160 -0.017311 -0.417342 0.986151 0.703524
0.020331 0.009647 -0.175581 0.375596 -0.325142
0.011178 0.029425 -0.282078 0.613849 0.844160
0.005532 0.040925 -0.001438 -0.027416 0.447604
0.008351 0.033990 0.142060 -0.316694 -0.898336
0.007930 0.036368 -0.161985 0.425652 2.572075
0.018531 0.014240 0.689549 -1.509679 -0.417688
0.043067 -0.037336 0.538808 -1.085246 -2.385875
0.048667 -0.043514 -0.255801 0.749184 0.887739
0.044541 -0.029138 0.048096 -0.016935 0.948151
0.052827 -0.044985 0.365310 -0.767858 -2.448590
0.051140 -0.038124 -0.446946 1.086446 -0.326772
0.031333 0.008060 -0.544043 1.229788 1.750074
0.021378 0.028954 0.043689 -0.161205 -0.834517
0.017483 0.036244 -0.237482 0.517596 1.443497
0.017576 0.034990 0.240435 -0.565331 -0.261735
0.025284 0.018004 0.145731 -0.291120 0.676318
0.035522 -0.003179 0.365833 -0.765608 -1.357901
0.041008 -0.011948 -0.089727 0.310264 1.038612
0.044395 -0.016142 0.257894 -0.509272 -1.383713
0.045460 -0.014911 -0.203022 0.556149 0.508796
0.040835 -0.001528 -0.029123 0.121732 0.103731
0.040377 0.001592 0.006017 0.036080 0.869339
0.046397 -0.010290 0.294194 -0.623289 -0.017820
0.057969 -0.034312 0.284914 -0.583124 -0.338896
0.067094 -0.052413 0.172121 -0.329168 -1.840081
0.061810 -0.038104 -0.434554 1.028689 1.589504
0.055236 -0.023584 0.103593 -0.281600 -1.039968
0.052471 -0.019015 -0.240724 0.500011 0.343769
0.045246 -0.005372 -0.121285 0.189178 -0.065581
0.039998 0.002858 -0.141211 0.223444 0.433616
0.037260 0.004934 0.003777 -0.114475 -0.211189
0.035977 0.003900 -0.067642 0.060112 -1.976076
0.020128 0.036703 -0.723038 1.565012 2.475294
0.007817 0.060145 0.103885 -0.360365 -0.676452
0.007286 0.058010 -0.129458 0.244737 2.247360
0.016948 0.034419 0.610589 -1.406462 -0.997617
0.034444 -0.003803 0.266208 -0.524353 0.224064
0.046505 -0.027563 0.337062 -0.666300 -1.385726
0.050726 -0.032647 -0.124253 0.396097 -0.174996
0.044719 -0.015360 -0.176310 0.470621 0.821833
0.043234 -0.010105 0.100931 -0.197481 0.561096
0.050991 -0.026555 0.286585 -0.622262 -1.470051
0.052638 -0.028621 -0.202423 0.502704 1.256852
0.053037 -0.029114 0.220797 -0.513163 -2.627975
0.044375 -0.009242 -0.651227 1.482924 1.773344
0.030366 0.020672 -0.052078 0.039076 0.987564
0.034809 0.007530 0.273365 -0.688577 -0.965219
0.039199 -0.004052 -0.052425 0.096136 0.316773
0.039230 -0.005260 0.053609 -0.153245 -0.810781
0.035967 0.001186 -0.215932 0.468102 0.919086
0.033509 0.005229 0.091835 -0.255003 -0.026092
0.036955 -0.004071 0.080740 -0.212458 -1.070245
0.033040 0.004100 -0.275408 0.611071 0.771821
0.027238 0.016002 -0.015864 -0.004915 0.501290
0.029898 0.008522 0.148456 -0.365534 -0.275779
0.033924 -0.001138 0.053391 -0.122767 -1.298111
0.027405 0.014072 -0.378090 0.872277 2.374992
0.028175 0.011687 0.413802 -0.966189 -1.639488
0.033645 -0.000170 -0.138060 0.352483 1.048191
0.035144 -0.002609 0.211813 -0.463460 -0.819529
0.038096 -0.007958 -0.063107 0.185859 0.326018
0.037782 -0.005925 0.046946 -0.080086 -0.013816
0.039564 -0.008907 0.042258 -0.069744 -0.997605
0.034624 0.003557 -0.288361 0.684790 1.530153
0.033359 0.006649 0.223229 -0.512741 -0.215291
0.040760 -0.009674 0.147404 -0.309480 -1.026856
0.039795 -0.006049 -0.194457 0.480369 -0.539903
0.028508 0.020719 -0.369822 0.857958 0.859871
0.019514 0.041211 -0.081355 0.180401 0.456975
0.019228 0.042176 0.066571 -0.127592 1.234505
0.029981 0.019323 0.470165 -1.007502 -0.320265
0.046455 -0.014218 0.354656 -0.680706 -1.054744
0.053546 -0.024620 0.001414 0.146879 0.734834
0.058560 -0.030752 0.248479 -0.446381 -1.187603
0.060596 -0.030450 -0.145304 0.448984 1.061199
0.061972 -0.030051 0.212746 -0.416810 -0.290806
0.068546 -0.042360 0.116556 -0.204105 -0.634700
0.069048 -0.041459 -0.090794 0.243038 -0.195100
0.064245 -0.029994 -0.149442 0.331245 1.068004
0.065485 -0.034248 0.210187 -0.532679 0.207319
0.075264 -0.058786 0.278950 -0.696712 -3.000000
0.066509 -0.041090 -0.713691 1.554164 1.966796
0.051367 -0.012121 -0.046376 -0.077493 -0.971079
0.043069 -0.000455 -0.367582 0.652883 0.083071
0.029021 0.023527 -0.335437 0.552365 1.544831
0.025911 0.021737 0.178137 -0.625692 -0.904528
0.026878 0.011971 -0.128434 0.124961 -0.077228
0.021220 0.018296 -0.154487 0.191615 -0.085273
0.014462 0.027469 -0.183469 0.267814 0.645462
0.011395 0.028585 0.029352 -0.205163 1.214411
0.020551 0.002699 0.427586 -1.082076 -1.212639
0.029416 -0.020413 0.017658 -0.092036 -1.797296
0.018198 0.003197 -0.576960 1.258310 2.845955
0.014232 0.008237 0.375133 -0.973906 -1.322112
0.020276 -0.008881 -0.070980 0.099519 -0.272057
0.015660 -0.001026 -0.159649 0.292080 -0.106445
0.008611 0.011912 -0.192937 0.356494 -0.138036
0.000002 0.028126 -0.237685 0.456044 0.975345
-0.003015 0.031476 0.085632 -0.277560 1.134763
0.007843 0.004087 0.456552 -1.086125 -2.074166
0.012131 -0.005908 -0.239434 0.561282 1.759655
0.014353 -0.011341 0.348533 -0.814670 -0.547337
0.024552 -0.034658 0.162550 -0.362223 -0.403569
0.028389 -0.043238 0.029956 -0.072613 -1.606841
0.018986 -0.022356 -0.498745 1.104591 1.348906
0.008224 -0.000855 -0.041451 -0.009737 -0.515899
0.003134 0.006706 -0.212587 0.383804 0.363757
-0.002907 0.016146 -0.090113 0.094137 1.435297
0.003013 -0.001854 0.384785 -0.982657 -1.635029
0.007382 -0.014739 -0.164067 0.317562 -0.323244
-0.001252 0.002196 -0.267587 0.529579 0.060289
-0.011480 0.021830 -0.244293 0.457009 0.273875
-0.019410 0.035836 -0.152841 0.249019 1.553375
-0.015239 0.022491 0.359920 -0.902887 -1.883868
-0.013562 0.017077 -0.273646 0.609950 1.081080
-0.017266 0.024494 0.086968 -0.225850 0.310895
-0.011813 0.011596 0.185664 -0.418909 -0.585972
-0.008378 0.004712 -0.013048 0.066543 1.632555
0.001955 -0.017646 0.528158 -1.171463 -1.665288
0.011861 -0.037737 -0.030348 0.144225 -0.228532
0.009229 -0.029490 -0.101222 0.268033 0.146730
0.006259 -0.022027 -0.047672 0.108791 -0.443100
0.001467 -0.011490 -0.191625 0.415847 1.780518
0.005732 -0.022997 0.402919 -0.973906 -3.000000
0.001798 -0.015085 -0.596233 1.338755 1.472724
-0.012020 0.013736 -0.097096 0.125031 -0.406797
-0.018623 0.025172 -0.232752 0.444523 1.247250
-0.019629 0.023829 0.181020 -0.498669 -0.970135
-0.018972 0.020038 -0.146866 0.297234 1.419378
-0.015409 0.010235 0.323557 -0.774350 -1.555689
-0.012958 0.004473 -0.199024 0.467672 0.545158
-0.017236 0.014323 -0.015724 0.032948 -0.057602
-0.018279 0.016856 -0.036398 0.093321 2.762258
-0.001390 -0.021537 0.878353 -1.991250 -2.645403
0.015891 -0.058384 -0.010130 0.110991 -0.942623
0.009363 -0.040958 -0.315658 0.754894 0.935097
0.003157 -0.027040 0.003903 -0.045124 -0.624944
-0.000792 -0.019782 -0.200779 0.403167 0.482802
-0.005508 -0.012038 -0.035785 -0.008652 -0.872830
-0.012720 0.000789 -0.324078 0.643397 0.191934
-0.024311 0.022767 -0.256163 0.462393 0.559848
-0.030815 0.032611 -0.069918 0.037769 0.447638
-0.030704 0.027992 0.075114 -0.265375 -0.050312
-0.028139 0.019190 0.053440 -0.177665 0.802839
-0.020733 0.000472 0.316283 -0.753916 -1.338301
-0.017103 -0.008068 -0.132963 0.310296 0.189740
-0.021098 0.000865 -0.067207 0.140500 -0.310791
-0.025838 0.011130 -0.169609 0.371561 -0.770661
-0.037719 0.037629 -0.424030 0.950360 2.383052
-0.038780 0.038734 0.368113 -0.869313 -1.557615
-0.034636 0.029973 -0.158781 0.411702 0.036286
-0.040756 0.046075 -0.147546 0.396816 1.195720
-0.038759 0.044200 0.246082 -0.478647 0.140923
-0.028156 0.024606 0.284340 -0.504585 0.323745
-0.014770 0.000746 0.385162 -0.690519 -1.092157
-0.006744 -0.009102 0.017645 0.183839 1.391729
0.003257 -0.023535 0.481026 -0.893120 -2.226454
0.007598 -0.024375 -0.261294 0.826782 1.203946
0.005325 -0.011417 0.145867 -0.162492 -0.821849
0.005685 -0.005289 -0.127006 0.461328 0.935180
0.006899 -0.001894 0.186499 -0.280489 0.772934
0.019454 -0.024609 0.440771 -0.851681 -1.184220
0.029126 -0.039881 0.044615 0.071916 0.124441
0.031831 -0.039891 0.090399 -0.070439 -0.690084
0.030930 -0.032907 -0.134822 0.414256 0.965200
0.032087 -0.032433 0.191433 -0.379329 -0.666841
0.035320 -0.037577 -0.028903 0.114113 -0.030174
0.034061 -0.033537 -0.034176 0.089015 0.361739
0.035185 -0.036393 0.089945 -0.227912 -2.346480
0.023222 -0.009993 -0.685922 1.528858 1.671449
0.007157 0.023243 -0.120127 0.158861 0.101981
0.003001 0.028393 -0.087853 0.100508 0.150844
0.000440 0.030659 -0.040376 0.014445 0.916929
0.004854 0.017889 0.260314 -0.646268 -0.539568
0.011537 0.001643 0.074840 -0.175793 -1.145322
0.006877 0.012521 -0.306630 0.709352 2.532006
0.011530 0.001384 0.536448 -1.241063 -1.949623
0.019823 -0.016577 -0.119000 0.317499 -0.256350
0.013439 -0.000708 -0.200275 0.476859 -0.068876
0.005040 0.018811 -0.220007 0.502575 0.135060
-0.002832 0.036646 -0.174077 0.394243 0.261997
-0.008079 0.048763 -0.088815 0.216548 2.306812
0.003623 0.022932 0.671880 -1.489878 -0.872226
0.024414 -0.020699 0.369652 -0.711122 -0.448818
0.036145 -0.041736 0.217890 -0.350036 -0.686665
0.040328 -0.045660 -0.007865 0.146029 0.000019
0.040132 -0.041033 -0.002123 0.087059 -0.335513
0.037916 -0.033431 -0.108495 0.291666 -0.130626
0.032823 -0.020887 -0.146349 0.337385 -0.725305
0.022239 0.002851 -0.382502 0.847108 1.659363
0.018096 0.010215 0.173200 -0.459106 -0.618888
0.020812 0.002246 -0.036450 0.051908 -0.570364
0.015560 0.013105 -0.225682 0.487084 0.654722
0.010929 0.022224 -0.006832 -0.022139 1.454545
0.020275 -0.000418 0.472865 -1.099431 -1.303344
0.030350 -0.022875 0.032961 -0.042762 -0.431835
0.028836 -0.018389 -0.108227 0.263652 0.343079
0.026867 -0.013855 0.009215 -0.031922 -0.266039
0.025489 -0.011287 -0.077864 0.158126 -0.236409
0.020848 -0.001768 -0.154102 0.317514 -0.703385
0.010055 0.021310 -0.385178 0.833643 1.495540
0.004671 0.031113 0.113942 -0.325177 -0.065838
0.008669 0.020312 0.086325 -0.218485 0.504997
0.015398 0.004619 0.249919 -0.564428 1.026533
0.032123 -0.032827 0.585801 -1.304698 -2.972856
0.035658 -0.038377 -0.405340 0.993656 1.371950
0.028800 -0.021874 0.060401 -0.149415 -0.871584
0.025442 -0.014737 -0.227422 0.498625 0.499786
0.019776 -0.003443 -0.056757 0.074239 -0.160760
0.016453 0.001852 -0.109300 0.189942 -0.124105
0.011278 0.011181 -0.149484 0.277121 1.681740
0.016500 -0.003645 0.408897 -1.003405 -0.582536
0.028834 -0.033541 0.209151 -0.504384 -1.553053
0.026869 -0.029949 -0.305678 0.668276 0.045105
0.015108 -0.005464 -0.282992 0.562251 0.030280
0.004086 0.015715 -0.268573 0.501736 0.805943
-0.001256 0.023134 0.000353 -0.120531 -0.492146
-0.004586 0.026603 -0.166296 0.288922 0.030753
-0.011051 0.037955 -0.157165 0.281074 0.848961
-0.011737 0.036716 0.121896 -0.334623 1.724044
0.004469 -0.001802 0.687266 -1.581695 -1.730389
0.020208 -0.036378 0.102599 -0.174008 -1.470961
0.014581 -0.021331 -0.382612 0.914208 0.903540
0.005469 -0.000321 -0.074561 0.151127 0.176151
0.003678 0.002846 -0.015226 0.009829 0.669729
0.007516 -0.006960 0.206529 -0.494992 -1.634591
0.004842 -0.001110 -0.338420 0.770890 1.040325
-0.001659 0.012725 0.011841 -0.064630 0.880012
0.004627 -0.002960 0.301752 -0.713623 -1.428187
0.007092 -0.008640 -0.176660 0.412637 1.220113
0.008220 -0.011594 0.231637 -0.547450 -0.626955
0.013255 -0.023363 0.021102 -0.050317 0.182112
0.015352 -0.028612 0.083597 -0.210939 -0.643311
0.014447 -0.027521 -0.128132 0.259123 -0.072631
0.008937 -0.016992 -0.147519 0.269226 0.903457
0.009124 -0.020824 0.155797 -0.451469 -1.850991
0.003022 -0.010304 -0.458935 0.959865 0.364683
-0.012741 0.020998 -0.330336 0.616212 0.271857
-0.024100 0.041167 -0.238307 0.399361 1.007743
-0.026964 0.042140 0.093904 -0.340117 -0.403444
-0.026038 0.036194 -0.046896 0.036418 0.892252
-0.022058 0.024786 0.245098 -0.600199 -0.925357
-0.018559 0.016407 -0.068799 0.168855 -0.271504
-0.023132 0.027529 -0.159738 0.386354 1.167371
-0.021767 0.025228 0.226716 -0.489574 -0.306294
-0.014871 0.011633 0.118752 -0.196945 0.515961
-0.006751 -0.003593 0.286967 -0.562246 -1.196932
-0.003318 -0.006981 -0.113808 0.378973 0.757705
-0.002764 -0.004086 0.140532 -0.225185 0.309599
0.004885 -0.017599 0.241827 -0.449983 -0.503163
0.011176 -0.027634 0.073522 -0.059270 -0.034810
0.013932 -0.029990 0.064332 -0.059032 -0.238271
0.014973 -0.029270 -0.012037 0.093047 -0.774273
0.009417 -0.014422 -0.265219 0.644612 0.814610
0.004352 -0.002309 0.010745 -0.027174 -0.080909
0.004241 -0.002132 -0.016202 0.035197 0.019326
0.003728 -0.001079 -0.009497 0.017901 2.142685
0.017602 -0.033292 0.701206 -1.611743 -2.217612
0.030731 -0.062326 -0.041363 0.128995 -1.400611
0.019922 -0.037282 -0.498098 1.114768 0.811733
0.005646 -0.007475 -0.217334 0.391430 -0.233633
-0.004526 0.011106 -0.291366 0.539216 0.899676
-0.010139 0.018424 0.009456 -0.161978 -1.447037
-0.019451 0.034845 -0.473574 0.970210 0.036873
-0.038076 0.072627 -0.458460 0.926951 1.753875
-0.044791 0.083382 0.120391 -0.368479 0.237469
-0.038643 0.067476 0.187233 -0.429079 0.505369
-0.028015 0.044754 0.344153 -0.707732 0.658963
-0.010080 0.008360 0.552669 -1.113586 -0.994566
0.005214 -0.019171 0.213859 -0.280138 1.315175
0.022505 -0.050591 0.649638 -1.282608 -3.000000
0.028461 -0.055334 -0.348147 1.012065 1.047419
0.021765 -0.033505 0.011625 0.096261 -0.692210
0.017710 -0.019890 -0.213912 0.580450 0.051983
0.009626 0.001335 -0.190826 0.486307 1.873430
0.014521 -0.008572 0.433508 -0.963303 -1.848114
0.019436 -0.017586 -0.185311 0.490360 0.966601
0.018562 -0.013844 0.140331 -0.291541 -0.289087
0.022235 -0.020957 0.043787 -0.068698 -1.266934
0.015591 -0.004600 -0.374806 0.876567 1.196610
0.008699 0.010839 0.028374 -0.087961 0.476529
0.012962 0.000408 0.184478 -0.430864 0.203626
0.021626 -0.019331 0.248868 -0.558210 -0.266344
0.029763 -0.037235 0.158691 -0.343547 -1.926152
0.023330 -0.021781 -0.478457 1.099268 2.403575
0.020392 -0.016672 0.328506 -0.815987 -1.862543
0.021055 -0.019968 -0.293023 0.630171 0.830255
0.014995 -0.008788 -0.011240 -0.059299 -0.194951
0.013259 -0.008258 -0.075387 0.083908 -0.408839
0.007554 0.001108 -0.209568 0.382050 0.026207
-0.000600 0.015535 -0.198446 0.342713 0.675745
-0.004027 0.018801 0.026241 -0.171539 -1.586459
-0.013597 0.037003 -0.503159 1.067653 1.753757
-0.021986 0.052281 0.081247 -0.281456 0.674858
-0.014412 0.032300 0.297214 -0.715574 -0.994345
-0.009320 0.020691 -0.041160 0.121183 0.373820
-0.008514 0.020159 0.081097 -0.144134 -0.576139
-0.009174 0.023948 -0.113476 0.327692 1.386714
-0.004501 0.015926 0.345699 -0.715784 0.230156
0.010707 -0.014870 0.415107 -0.828491 -1.132212
0.019681 -0.029812 0.035262 0.065746 1.037615
0.028061 -0.043848 0.382710 -0.758620 -1.666302
0.032269 -0.048600 -0.170270 0.502295 1.123139
0.033104 -0.047497 0.210583 -0.433835 -1.681254
0.030387 -0.039551 -0.344686 0.815318 -0.501368
0.013472 -0.001207 -0.501310 1.105409 1.434754
0.003132 0.019498 -0.017887 -0.049737 0.876512
0.008194 0.004600 0.270272 -0.689200 -0.736781
0.013987 -0.010586 0.020593 -0.081616 -1.027821
0.007982 0.001839 -0.319851 0.694438 1.593563
0.005887 0.004285 0.213125 -0.554108 -0.368312
0.011866 -0.011345 0.086618 -0.234997 -0.934762
0.009100 -0.006299 -0.223907 0.478310 -0.056074
-0.000145 0.012945 -0.238686 0.487579 0.599945
-0.005659 0.022919 -0.037940 0.019695 0.222628
-0.005746 0.020832 0.033368 -0.122484 -1.245283
-0.012762 0.035742 -0.382882 0.857059 2.278470
-0.012882 0.034793 0.374221 -0.880308 -1.358050
-0.007159 0.022456 -0.086173 0.245389 0.920024
-0.004506 0.018382 0.217855 -0.440298 -0.703959
-0.000588 0.012644 -0.020964 0.144089 0.611216
0.002625 0.009167 0.181007 -0.312251 -0.958093
0.003418 0.012073 -0.140280 0.447491 1.470600
0.007621 0.007114 0.348828 -0.680627 -0.058569
0.021058 -0.018089 0.323618 -0.585824 -0.764265
0.028863 -0.029374 0.067775 0.010897 0.002436
0.031650 -0.029626 0.071526 -0.023093 -0.058544
0.034177 -0.030264 0.054889 -0.009126 -0.921331
0.030305 -0.017129 -0.247715 0.659168 1.062367
0.027596 -0.008318 0.110752 -0.204824 -0.223421
0.030522 -0.012957 0.035928 -0.030495 -0.044064
0.031686 -0.013720 0.022298 -0.008100 -0.758915
0.027554 -0.002652 -0.228207 0.555762 1.835246
0.030720 -0.009383 0.384404 -0.873536 -1.445423
0.036366 -0.021132 -0.100105 0.267625 -0.321846
0.030304 -0.006293 -0.202923 0.474400 1.868649
0.034700 -0.016768 0.420645 -0.979796 -0.588343
0.047497 -0.045967 0.220537 -0.492903 -1.514625
0.046274 -0.042827 -0.279994 0.634754 0.037863
0.035515 -0.019825 -0.258554 0.521448 0.103133
0.025981 -0.001676 -0.218674 0.391381 0.244089
0.018921 0.009698 -0.134889 0.182535 0.206495
0.014905 0.013840 -0.066249 0.027586 -0.591269
0.008295 0.024343 -0.263727 0.493069 0.604608
0.001786 0.034724 -0.062632 0.034545 0.312416
0.001284 0.032107 0.037274 -0.163125 0.604179
0.006694 0.017307 0.232879 -0.574095 -0.008661
0.015823 -0.004317 0.224051 -0.512239 -1.419041
0.015273 -0.002382 -0.249845 0.593857 2.424324
0.021497 -0.016684 0.558400 -1.285372 -1.930353
0.030833 -0.037089 -0.088830 0.239392 0.962666
0.033796 -0.043434 0.235914 -0.546828 -1.454473
0.033575 -0.043241 -0.245310 0.541251 0.383679
0.026490 -0.029173 -0.109737 0.170030 -1.377325
0.013030 -0.002093 -0.562243 1.175377 0.573497
-0.005461 0.034522 -0.363778 0.669793 1.081192
-0.012798 0.044663 -0.004586 -0.149085 0.298085
-0.011123 0.035397 0.088280 -0.313779 -0.274348
-0.009544 0.028334 -0.008817 -0.044506 -0.661972
-0.014372 0.037472 -0.231898 0.495609 0.948866
-0.017351 0.042988 0.081715 -0.208755 0.253762
-0.012527 0.032064 0.159476 -0.337821 0.756943
-0.001242 0.008167 0.404444 -0.854553 -1.615548
0.004035 0.000183 -0.138461 0.435651 0.511942
0.001960 0.009213 0.033934 0.023419 1.978076
0.016452 -0.020011 0.688846 -1.469383 -1.716628
0.032402 -0.050887 0.111490 -0.100273 -1.837604
0.024736 -0.027715 -0.493226 1.245039 0.036843
0.005496 0.019260 -0.469820 1.114709 1.139047
-0.005599 0.045361 -0.086902 0.208508 1.462177
0.000570 0.032093 0.394023 -0.859749 -0.290121
0.014194 0.004095 0.288163 -0.549943 -0.604394
0.021601 -0.007740 0.083139 -0.051150 0.302453
0.026940 -0.014497 0.183597 -0.284760 -2.149115
0.019970 0.007219 -0.529967 1.351920 3.000000
0.018908 0.013625 0.473075 -0.997281 -1.367046
0.028549 -0.003569 0.011011 0.118564 1.195558
0.036960 -0.017388 0.408392 -0.799349 -0.535458
0.049644 -0.040427 0.226917 -0.363393 -0.384024
0.056195 -0.049480 0.101246 -0.094850 -0.444186
0.057382 -0.047442 -0.041485 0.193099 -0.893411
0.049912 -0.027328 -0.331467 0.808084 -0.079385
0.036304 0.004541 -0.349537 0.791875 1.730247
0.033939 0.008721 0.229084 -0.563001 -1.259730
0.034614 0.006548 -0.193713 0.439829 1.686269
0.038131 -0.002162 0.367709 -0.858821 -1.161929
0.044981 -0.017529 -0.023460 0.074296 -1.054526
0.037075 0.001175 -0.371003 0.853686 1.569750
0.032800 0.010132 0.155162 -0.386614 -0.946689
0.032624 0.010002 -0.162764 0.369472 1.355366
0.035159 0.003738 0.288021 -0.669354 -0.839371
0.040983 -0.009120 0.004455 0.014306 -1.071563
0.034051 0.007724 -0.350096 0.819927 1.133610
0.027691 0.022232 0.030394 -0.078928 -0.485566
0.025611 0.027195 -0.133848 0.322421 0.602048
0.024245 0.031094 0.064730 -0.120483 -0.257198
0.025030 0.031151 -0.025095 0.119994 0.358869
0.026355 0.031052 0.090950 -0.121546 0.888517
0.035807 0.013479 0.381029 -0.751805 -0.764054
0.045813 -0.003488 0.120615 -0.108943 0.603735
0.054637 -0.017008 0.320097 -0.563302 -0.587979
0.063474 -0.030103 0.122729 -0.100602 -0.769150
0.063311 -0.022834 -0.130118 0.457662 0.130635
0.059088 -0.007629 -0.081545 0.307690 0.496054
0.059183 -0.003485 0.085585 -0.094043 0.317016
0.064702 -0.012028 0.190161 -0.331436 -0.380185
0.069750 -0.019237 0.062817 -0.034634 0.115234
0.073060 -0.022749 0.102617 -0.140203 1.128455
0.084693 -0.045983 0.478053 -1.013603 -2.256979
0.088756 -0.051596 -0.272108 0.707513 -0.629160
0.073904 -0.015740 -0.470588 1.087168 1.053461
0.062284 0.009782 -0.112208 0.206320 1.149348
0.065448 0.000366 0.269230 -0.666756 -1.034301
0.069233 -0.009478 -0.078542 0.160969 0.737616
0.071040 -0.014771 0.168127 -0.418508 -0.817210
0.072297 -0.018707 -0.104254 0.212046 -0.558850
0.064481 -0.002323 -0.286243 0.604906 1.237090
0.061355 0.002039 0.128370 -0.372200 -0.150379
0.065427 -0.009959 0.075657 -0.232090 -0.306663
0.066398 -0.014419 -0.026623 0.004875 0.638752
0.069613 -0.024345 0.186784 -0.496064 -0.980327
0.070543 -0.029005 -0.139063 0.251596 1.696794
0.076366 -0.045972 0.428439 -1.084315 -1.681078
0.082267 -0.063164 -0.130992 0.202805 -0.965447
0.070783 -0.041966 -0.442659 0.852434 0.955510
0.059655 -0.024625 -0.115282 0.029411 -1.573919
0.044638 0.000136 -0.634240 1.197262 0.987363
0.026023 0.031283 -0.298422 0.377888 -0.205332
0.012713 0.049792 -0.367145 0.548801 1.648966
0.008963 0.046915 0.177795 -0.676051 -1.919256
0.003111 0.051332 -0.468061 0.875884 1.292438
-0.007003 0.066618 -0.039493 -0.094563 0.804634
-0.003400 0.052220 0.219146 -0.620981 0.341678
0.007427 0.024214 0.322448 -0.782622 -0.142869
0.019199 -0.003251 0.266937 -0.598606 -1.287927
0.021221 -0.006644 -0.164189 0.414066 1.063912
0.021804 -0.007095 0.192041 -0.424911 -2.027135
0.015948 0.007496 -0.482678 1.135407 1.603256
0.007457 0.026984 0.055722 -0.139037 0.448433
0.012582 0.015391 0.200317 -0.438762 -1.362753
0.011425 0.019760 -0.256610 0.642901 1.436325
0.010761 0.023065 0.221633 -0.461479 -0.840516
0.013908 0.018712 -0.063116 0.233269 2.209583
0.026067 -0.005727 0.668972 -1.436769 -2.055057
0.038944 -0.029799 -0.022092 0.205130 0.688616
0.042730 -0.033088 0.210603 -0.362287 -0.772368
0.046031 -0.035966 -0.044625 0.209796 0.932952
0.050556 -0.042969 0.269840 -0.550614 -0.658308
0.056981 -0.055119 0.052394 -0.066237 -0.969992
0.052738 -0.044052 -0.263699 0.612378 0.443841
0.045330 -0.028174 -0.107651 0.190461 -0.488701
0.037864 -0.013928 -0.265404 0.520104 0.340287
0.029621 0.000661 -0.147497 0.216491 -1.047353
0.016785 0.025168 -0.493484 1.002564 1.240204
0.005390 0.045512 -0.078253 0.032543 0.631799
0.006362 0.038171 0.126358 -0.395093 -1.552113
0.000949 0.047636 -0.395214 0.852558 2.000141
-0.001545 0.051088 0.268050 -0.657960 -0.672290
0.004490 0.037186 0.034888 -0.048276 -0.188319
0.004537 0.039119 -0.032283 0.142636 1.876080
0.015649 0.016798 0.586183 -1.243996 -1.167529
0.031096 -0.012927 0.188265 -0.261845 -0.957005
0.032242 -0.008600 -0.129937 0.468775 1.547312
0.037419 -0.014399 0.387032 -0.742840 -1.656356
0.041795 -0.017965 -0.166181 0.545700 1.234972
0.043477 -0.016208 0.248750 -0.443621 -0.291265
0.051452 -0.029217 0.150576 -0.212689 0.025564
0.057671 -0.038468 0.160503 -0.251129 -1.509664
0.054094 -0.025858 -0.337880 0.868569 2.112752
0.054815 -0.025285 0.371334 -0.816207 -0.919424
0.063482 -0.043275 0.063484 -0.097129 -0.380331
0.063570 -0.042164 -0.058678 0.149457 0.182326
0.062550 -0.040128 0.007309 -0.044549 -2.801229
0.044294 0.000256 -0.917739 2.042975 1.972309
0.021014 0.048991 -0.249809 0.426788 2.103693
0.024960 0.034408 0.445042 -1.137229 -0.729790
0.037658 0.002476 0.191467 -0.474845 -1.019085
0.038457 -0.000132 -0.150215 0.332625 0.128374
0.033350 0.010791 -0.105529 0.217327 0.972347
0.035602 0.004546 0.217116 -0.520495 -0.897354
0.038225 -0.001648 -0.084746 0.199486 0.818708
0.040312 -0.006513 0.188176 -0.434809 -0.646179
