0.002739 -0.004604 -0.009181 -0.009669 -1.530142
-0.007800 0.018460 -0.516411 1.151087 0.055574
-0.027952 0.062571 -0.492141 1.064371 1.508410
-0.037598 0.082137 0.007590 -0.065749 0.558276
-0.033785 0.073010 0.182732 -0.387903 0.693754
-0.022094 0.049131 0.401677 -0.805150 -0.324494
-0.008423 0.024168 0.282837 -0.452736 -1.977405
-0.010394 0.037646 -0.379158 1.107160 0.692332
-0.020882 0.070763 -0.146782 0.563264 1.273685
-0.018378 0.074765 0.270415 -0.349439 0.939389
-0.001553 0.048672 0.570476 -0.952300 -0.757650
0.015961 0.024671 0.306712 -0.261921 0.345525
0.030416 0.009882 0.415955 -0.477462 -0.568326
0.043161 0.000454 0.222212 -0.002431 1.653386
0.063028 -0.024958 0.769629 -1.255526 -1.228157
0.085490 -0.055157 0.355692 -0.274542 -1.392975
0.090523 -0.045630 -0.102704 0.738718 -0.108663
0.085888 -0.016388 -0.129604 0.729235 0.703187
0.085513 0.000689 0.109619 0.136308 0.613879
0.093985 -0.003392 0.313352 -0.334539 -1.549628
0.096153 0.007468 -0.203311 0.862861 0.903747
0.094132 0.027187 0.100712 0.137267 0.419600
0.100895 0.026750 0.237026 -0.155063 -0.388190
0.107695 0.027405 0.103483 0.183215 2.359753
0.127479 -0.001042 0.883555 -1.586642 -0.681218
0.158032 -0.051874 0.645993 -0.973789 -1.327409
0.174999 -0.070321 0.204380 0.033267 -0.538024
0.179746 -0.062364 0.033294 0.361552 -0.092815
0.180639 -0.048348 0.011113 0.342291 0.079131
0.181757 -0.037392 0.044357 0.209504 -0.313868
0.181547 -0.025286 -0.054764 0.395579 -0.322646
0.177316 -0.005569 -0.156855 0.591472 0.089953
0.171733 0.015842 -0.122893 0.484805 0.922862
0.172984 0.020835 0.184226 -0.224186 0.568108
0.184041 0.003979 0.368341 -0.616459 -0.799187
0.193345 -0.007429 0.098093 0.034623 -0.308669
0.195226 -0.001466 -0.003791 0.261565 0.556353
0.198807 0.000121 0.182147 -0.175771 0.343941
0.208343 -0.011901 0.294492 -0.424240 -1.393493
0.210805 -0.007118 -0.169832 0.649265 1.094918
0.211399 0.001052 0.198010 -0.226819 -0.169954
0.218141 -0.005028 0.139460 -0.080428 -0.588484
0.219794 0.000842 -0.056264 0.368762 0.835993
0.223148 0.002330 0.222921 -0.284879 -0.484502
0.228782 -0.001132 0.059495 0.105616 0.747720
0.236144 -0.008508 0.307830 -0.467826 -0.549244
0.244741 -0.018302 0.122893 -0.029976 0.623635
0.253831 -0.029411 0.331027 -0.520787 -0.570093
0.263257 -0.041427 0.141207 -0.088511 -0.435280
0.266081 -0.039082 0.000399 0.202113 -1.117599
0.258774 -0.014969 -0.365011 0.997314 0.953988
0.250696 0.008635 -0.040541 0.198748 0.246880
0.250720 0.012774 0.041388 0.011680 1.673143
0.263471 -0.012134 0.594685 -1.244422 -1.092105
0.279824 -0.043710 0.224996 -0.353374 -1.157009
0.281169 -0.040594 -0.156525 0.497888 -1.294294
0.266459 -0.002367 -0.578324 1.408416 2.373966
0.259331 0.015606 0.218635 -0.479549 -0.318456
0.265845 0.002362 0.107784 -0.189347 0.265235
0.271881 -0.008936 0.193945 -0.375186 -1.447388
0.269968 -0.001371 -0.288002 0.739337 1.826459
0.270708 -0.000835 0.322730 -0.692329 -1.520707
0.273392 -0.004216 -0.186570 0.505778 1.355728
0.275028 -0.005545 0.266751 -0.557558 -0.983667
0.279077 -0.012076 -0.062966 0.218761 0.676989
0.281117 -0.014257 0.164141 -0.320666 -0.370930
0.285193 -0.021248 0.040263 -0.034287 0.288534
0.288760 -0.027459 0.137840 -0.274118 -0.153840
0.293266 -0.036294 0.087791 -0.170896 -0.168772
0.295707 -0.041118 0.034509 -0.072653 0.811019
0.302557 -0.057290 0.307250 -0.729743 -1.193588
0.306931 -0.068519 -0.086936 0.153410 -1.090334
0.296383 -0.047446 -0.439756 0.894306 0.734307
0.283917 -0.025211 -0.184949 0.230958 -0.135382
0.275712 -0.014765 -0.225369 0.292564 -0.794779
0.261492 0.008437 -0.485226 0.864080 0.687364
0.246771 0.031506 -0.252135 0.301931 0.728502
0.241509 0.032754 -0.011837 -0.231767 -0.003275
0.240908 0.024629 -0.017977 -0.176821 -0.896624
0.234145 0.032160 -0.319160 0.544711 0.962073
0.227788 0.039234 0.000012 -0.179400 -0.011638
0.227596 0.033419 -0.009388 -0.113401 0.486623
0.230364 0.022374 0.147490 -0.436525 0.379094
0.238668 0.000227 0.267734 -0.671909 -2.222726
0.234487 0.008439 -0.474259 1.059825 0.822573
0.221128 0.037015 -0.195306 0.384241 1.689368
0.224521 0.026845 0.363245 -0.877173 -0.674452
0.234369 0.003950 0.130481 -0.280386 -0.172766
0.238383 -0.004104 0.070612 -0.126071 0.221583
0.242667 -0.012437 0.143480 -0.289948 -1.147754
0.240751 -0.006264 -0.238054 0.587526 0.138688
0.232250 0.014217 -0.187601 0.442592 1.296126
0.233398 0.011792 0.243512 -0.550380 -0.352277
0.240680 -0.003761 0.121406 -0.234768 0.460972
0.248571 -0.019966 0.272884 -0.573920 -0.648102
0.255128 -0.032626 0.056014 -0.068762 -0.102701
0.256743 -0.034428 0.024878 -0.022318 -1.347252
0.248848 -0.015367 -0.418490 0.965393 1.106822
0.239649 0.004635 -0.043273 0.051470 0.384944
0.240474 0.000854 0.084129 -0.237177 -0.361673
0.241392 -0.002703 -0.037672 0.054509 -1.200802
0.231909 0.017827 -0.435438 0.963250 1.033659
0.221471 0.039650 -0.088225 0.143930 1.783465
0.229731 0.018805 0.499648 -1.172128 -0.329132
0.247304 -0.020983 0.380270 -0.829891 -1.623344
0.251634 -0.028589 -0.161644 0.430297 -0.472700
0.242149 -0.005315 -0.312602 0.733758 1.417833
0.239196 0.001187 0.163078 -0.391572 -1.298248
0.237017 0.006059 -0.270521 0.621931 1.086611
0.233501 0.013593 0.093258 -0.231728 0.209321
0.238555 0.001773 0.159435 -0.359821 -0.751584
0.239870 -0.000510 -0.092713 0.236809 0.335923
0.238429 0.003513 0.020159 -0.031078 -0.316435
0.237113 0.007295 -0.085620 0.217448 0.563243
0.237447 0.007260 0.101649 -0.213154 0.214880
0.242889 -0.004073 0.170452 -0.353765 -0.582899
0.245780 -0.008849 -0.025087 0.107536 -0.320978
0.242673 0.000076 -0.130096 0.337252 -0.133825
0.236625 0.015215 -0.172445 0.421496 0.104462
0.230448 0.030302 -0.136857 0.337088 1.626633
0.235769 0.019112 0.401270 -0.881857 -0.579109
0.247786 -0.005601 0.200824 -0.365879 -0.378726
0.253250 -0.014014 0.073019 -0.060745 -1.259987
0.247805 0.002713 -0.344113 0.887150 1.271263
0.242619 0.017593 0.082951 -0.125930 0.850680
0.251531 0.000110 0.362021 -0.743040 -1.135270
0.258340 -0.011129 -0.019929 0.166073 0.728882
0.262435 -0.016119 0.223859 -0.408494 -0.148969
0.270366 -0.029955 0.173138 -0.287763 -0.789551
0.272058 -0.029612 -0.087639 0.296758 0.868482
0.274434 -0.032121 0.205396 -0.412728 -1.173557
0.274850 -0.030770 -0.183248 0.468166 1.183177
0.275525 -0.031514 0.215515 -0.492041 -1.462672
0.274411 -0.028781 -0.269538 0.613748 1.062510
0.270851 -0.022003 0.090072 -0.261257 -1.152194
0.266798 -0.014886 -0.291504 0.606363 1.133913
0.262805 -0.009175 0.090311 -0.306894 -0.765124
0.261301 -0.009468 -0.164582 0.283888 -0.349598
0.252456 0.006691 -0.277611 0.523893 -0.005420
0.241380 0.027217 -0.276606 0.506711 0.173553
0.231485 0.044809 -0.218645 0.378226 1.447018
0.232315 0.038317 0.258610 -0.689245 -0.903399
0.236460 0.026461 -0.049973 0.083389 0.500583
0.237740 0.022654 0.113499 -0.269555 -0.503979
0.238832 0.020539 -0.058200 0.157444 0.493878
0.239762 0.019562 0.104144 -0.201450 0.115057
0.244613 0.010504 0.138507 -0.252518 0.046205
0.250393 0.000320 0.150662 -0.258640 -0.193699
0.255084 -0.006652 0.084306 -0.093648 0.147207
0.259430 -0.012644 0.132916 -0.205584 -0.678839
0.260222 -0.010414 -0.092564 0.310297 0.298656
0.258570 -0.003203 0.009449 0.055256 0.124014
0.259783 -0.003003 0.051023 -0.043813 -0.753668
0.256805 0.006856 -0.199232 0.530664 0.499357
0.252216 0.019907 -0.031057 0.130090 0.640687
0.255204 0.015604 0.179821 -0.339477 0.910922
0.268364 -0.011108 0.477637 -0.992255 -1.186286
0.279446 -0.031464 0.078342 -0.043037 0.416368
0.285405 -0.040206 0.219259 -0.390933 -0.922522
0.288066 -0.042059 -0.085101 0.288375 -0.422268
0.281987 -0.025363 -0.218806 0.546113 0.778057
0.278545 -0.016750 0.045559 -0.104627 -0.889775
0.274467 -0.007479 -0.248600 0.560697 0.611726
0.268691 0.004665 -0.041211 0.055979 0.235177
0.268602 0.003362 0.036524 -0.118954 0.526109
0.273534 -0.009206 0.209721 -0.506465 -1.114472
0.274451 -0.011844 -0.162508 0.361830 -0.152790
0.267012 0.004255 -0.209579 0.445131 1.082922
0.265888 0.004964 0.152043 -0.397702 0.088293
0.272483 -0.011618 0.177958 -0.434152 -0.399119
0.276904 -0.022507 0.043779 -0.116928 -1.065864
0.271595 -0.011144 -0.308191 0.676222 0.728017
0.264236 0.003593 -0.061004 0.072014 0.723378
0.266608 -0.004619 0.178948 -0.476515 0.307458
0.275747 -0.027839 0.278099 -0.686114 -2.915842
0.267435 -0.010207 -0.690651 1.540200 1.332481
0.248928 0.028669 -0.237180 0.427080 0.007652
0.239492 0.045764 -0.234947 0.430990 1.106713
0.237412 0.046557 0.129673 -0.379751 0.017248
0.242549 0.032729 0.127554 -0.315282 0.719251
0.252310 0.010296 0.360167 -0.804043 -0.779691
0.261381 -0.008532 0.094709 -0.150244 0.536027
0.268725 -0.022732 0.272154 -0.556825 -1.186860
0.271679 -0.026522 -0.122989 0.353744 -0.275218
0.265036 -0.009193 -0.209203 0.513910 0.467204
0.259870 0.003325 -0.049944 0.120003 -0.100088
0.257213 0.009620 -0.082898 0.194921 0.787026
0.259137 0.005329 0.178212 -0.401919 -0.192115
0.264910 -0.007095 0.110963 -0.224246 -1.232046
0.261130 0.003039 -0.298680 0.719716 1.626753
0.260102 0.005986 0.245233 -0.553887 -0.624488
0.265655 -0.005655 0.033453 -0.037733 -0.921975
0.260863 0.006961 -0.272242 0.661216 1.831130
0.262233 0.004599 0.338618 -0.759825 -1.626169
0.264830 0.000354 -0.206689 0.528629 1.742698
0.268229 -0.005932 0.374670 -0.825139 -1.719538
0.271661 -0.011515 -0.200881 0.525889 0.589327
0.267647 -0.000462 -0.000816 0.035819 -0.911296
0.261554 0.014955 -0.303034 0.728306 1.178816
0.257345 0.025400 0.090967 -0.190998 -1.482206
0.251036 0.041406 -0.404873 0.977858 1.006745
0.241585 0.064784 -0.069410 0.206877 1.626433
0.249495 0.049429 0.463466 -0.961642 -0.613140
0.263694 0.022850 0.247852 -0.380512 0.423759
0.276309 0.002213 0.382822 -0.651619 -0.591831
0.287570 -0.013782 0.181319 -0.158255 -0.170836
0.293682 -0.017542 0.124568 -0.032277 0.897854
0.304660 -0.032935 0.423534 -0.730517 -0.871756
0.315757 -0.048514 0.132674 -0.061072 -0.767030
0.316055 -0.040187 -0.117145 0.471647 0.367716
0.313967 -0.028480 0.012008 0.120842 -0.355367
0.312158 -0.018967 -0.102246 0.353457 0.880577
0.314015 -0.019224 0.194002 -0.356409 -0.621148
0.317627 -0.023868 -0.012593 0.116625 -0.506968
0.313817 -0.012084 -0.177598 0.469944 0.923187
0.312947 -0.008337 0.132901 -0.271449 -0.884300
0.312354 -0.005400 -0.161573 0.409334 0.662932
0.310370 0.000156 0.061472 -0.122945 -0.062041
0.312393 -0.003600 0.039827 -0.066420 0.632793
0.318189 -0.015934 0.249458 -0.545968 0.406442
0.330818 -0.043615 0.382042 -0.839338 -0.681417
0.341534 -0.066592 0.155075 -0.321563 -1.049141
0.340864 -0.064474 -0.187482 0.417536 -0.908691
0.327529 -0.035864 -0.478928 1.010584 1.181808
0.316465 -0.015741 -0.076179 0.013362 -0.154521
0.312428 -0.013190 -0.125530 0.113274 -0.504585
0.304099 -0.001339 -0.290593 0.476527 1.135644
0.300107 -0.000368 0.089588 -0.415263 -1.089713
0.296382 0.000335 -0.274547 0.438584 1.013911
0.292212 0.001749 0.064809 -0.356463 -0.304470
0.292723 -0.007289 -0.038690 -0.100839 -0.699642
0.286525 -0.000583 -0.270550 0.430041 0.668071
0.280215 0.005792 -0.045871 -0.102527 -0.442420
0.275411 0.008786 -0.193858 0.247878 0.104369
0.268371 0.016997 -0.158445 0.165494 -0.708155
0.257312 0.034694 -0.393961 0.715036 1.640047
0.252490 0.038011 0.150859 -0.530935 -0.114383
0.257599 0.020152 0.105173 -0.367835 -0.922705
0.255567 0.020603 -0.205627 0.380018 0.436132
0.250253 0.029113 -0.060770 0.051791 0.114412
0.248524 0.030072 -0.025805 -0.002866 0.937846
0.253658 0.016298 0.281753 -0.679128 -0.075099
0.264286 -0.008389 0.250277 -0.561760 -1.413884
0.264821 -0.008544 -0.221794 0.538561 1.287150
0.264608 -0.007655 0.209554 -0.479685 -1.033051
0.266059 -0.010471 -0.135701 0.327029 0.047168
0.261014 0.001244 -0.116871 0.261953 0.782316
0.261577 -0.000580 0.144094 -0.344991 -0.481266
0.264085 -0.006499 -0.017991 0.042379 -0.489378
0.260127 0.002545 -0.179496 0.406534 1.118550
0.260440 0.001176 0.193835 -0.463050 -0.591287
0.264184 -0.007577 -0.005738 0.016902 -0.953380
0.257628 0.007586 -0.321212 0.734205 1.313010
0.253605 0.016019 0.118251 -0.296358 0.022473
0.258400 0.004627 0.121750 -0.275798 -0.805148
0.257858 0.006481 -0.147910 0.359953 0.988353
0.258551 0.005406 0.181432 -0.403215 -1.288818
0.257158 0.009784 -0.249630 0.608751 0.384126
0.249793 0.027689 -0.119417 0.294532 1.440972
0.254577 0.017639 0.357161 -0.783966 -0.204462
0.267340 -0.009079 0.281817 -0.560330 0.309461
0.280600 -0.035663 0.381318 -0.771132 -2.367027
0.280070 -0.029937 -0.405163 1.033326 0.702683
0.268754 -0.001429 -0.162096 0.406440 0.151963
0.263341 0.011959 -0.109004 0.267548 0.939894
0.265242 0.008184 0.203018 -0.446997 -0.516766
0.269835 -0.000927 0.027436 -0.016434 1.376675
0.280084 -0.022693 0.483805 -1.061429 -1.601794
0.288668 -0.039626 -0.052308 0.193576 0.143387
0.287642 -0.035224 0.000701 0.029683 0.336195
0.289985 -0.040018 0.116101 -0.266211 -1.499919
0.284702 -0.028187 -0.378791 0.844663 0.808409
0.275116 -0.008566 -0.101931 0.149952 -0.976565
0.264584 0.012069 -0.423949 0.875675 0.919863
0.253849 0.032112 -0.114311 0.140879 0.693607
0.253838 0.027692 0.113042 -0.355768 -0.111799
0.257498 0.016332 0.070404 -0.216405 0.591467
0.264177 -0.000704 0.263193 -0.632975 -0.564022
0.270855 -0.016492 0.071739 -0.166082 -0.526219
0.270233 -0.015176 -0.102265 0.226607 0.260728
0.267942 -0.010736 -0.012715 -0.000554 1.006070
0.274146 -0.026427 0.322032 -0.776145 -2.317658
0.271553 -0.021430 -0.449060 1.002090 1.514772
0.263864 -0.006418 0.062442 -0.231306 -0.657766
0.261964 -0.005373 -0.156656 0.276670 1.018372
0.262525 -0.010414 0.183564 -0.518578 -0.910007
0.263758 -0.016695 -0.120680 0.193252 -0.566072
0.255231 -0.000884 -0.305336 0.594847 0.091411
0.243718 0.020722 -0.270900 0.491167 -0.204099
0.231553 0.043358 -0.337520 0.642971 1.564159
0.228450 0.045274 0.180494 -0.530300 -0.551454
0.231821 0.034318 -0.011020 -0.026631 0.818243
0.236737 0.021564 0.256201 -0.605524 -0.332952
0.244627 0.003807 0.139088 -0.290232 0.801381
0.255463 -0.019597 0.402275 -0.876340 -1.638726
0.260561 -0.028729 -0.145222 0.399896 0.798453
0.260183 -0.026157 0.125244 -0.261528 -0.904323
0.259193 -0.022952 -0.173747 0.412960 -0.022000
0.252207 -0.007143 -0.175884 0.381055 1.383907
0.254449 -0.013802 0.286404 -0.700126 -2.058186
0.252137 -0.009541 -0.399621 0.891683 1.043067
0.243245 0.008724 -0.046655 0.037178 -0.007349
0.241314 0.010512 -0.049906 0.052392 -0.189293
0.238040 0.015726 -0.113615 0.207174 0.295074
0.235452 0.019607 -0.016215 -0.009319 -0.366930
0.232315 0.025376 -0.140294 0.294642 1.109756
0.234068 0.020357 0.226762 -0.534936 -1.358318
0.233973 0.021052 -0.229839 0.554504 1.348413
0.233779 0.022317 0.218541 -0.476486 0.826682
0.247893 -0.008244 0.486810 -1.049593 -2.392528
0.251304 -0.012220 -0.313273 0.823663 1.352693
0.247917 -0.001396 0.142052 -0.265054 -0.483364
0.250341 -0.004207 -0.020204 0.118558 0.469816
0.252680 -0.006896 0.136626 -0.248392 0.323693
0.260270 -0.021590 0.242795 -0.485892 -0.619413
0.265831 -0.031325 0.036197 -0.009501 -1.682388
0.256153 -0.006544 -0.518676 1.236168 1.096388
0.242897 0.024296 -0.146123 0.324815 -0.107620
0.236328 0.039112 -0.182484 0.417609 1.238603
0.237235 0.037208 0.226438 -0.500322 -0.120087
0.245329 0.020614 0.178858 -0.334914 -0.178316
0.251194 0.010929 0.114836 -0.153772 0.789093
0.260981 -0.006838 0.373973 -0.730024 -1.697165
0.264548 -0.009102 -0.193548 0.597725 0.995470
0.263531 -0.001449 0.141331 -0.202361 0.148392
0.270137 -0.011540 0.188980 -0.302767 0.276622
0.279508 -0.027717 0.279583 -0.506415 -1.030444
0.283817 -0.032075 -0.062853 0.276598 1.077170
0.288573 -0.038620 0.299447 -0.592903 -0.786869
0.295310 -0.050328 0.038547 -0.003176 -1.401259
0.287642 -0.030085 -0.420786 1.005456 0.429189
0.273881 0.001540 -0.268518 0.587800 0.690244
0.267814 0.013735 -0.035889 0.032197 0.198473
0.267670 0.012287 0.028504 -0.102954 -0.925212
0.262610 0.022843 -0.280578 0.622593 1.607272
0.262116 0.022807 0.253973 -0.607145 -0.404445
0.269438 0.006113 0.113006 -0.235986 0.067600
0.274354 -0.003866 0.132923 -0.264563 0.422904
0.282448 -0.020641 0.271587 -0.573154 -1.316999
0.284506 -0.023015 -0.167052 0.439755 -0.404325
0.275248 -0.000295 -0.295884 0.697122 1.823793
0.275647 -0.001329 0.313643 -0.729007 -0.157180
0.287035 -0.027092 0.256514 -0.566558 -1.217374
0.289170 -0.030899 -0.148232 0.362404 0.702308
0.288032 -0.028352 0.090392 -0.226345 -1.764930
0.279936 -0.010624 -0.493516 1.097818 1.619146
0.271154 0.006734 0.052074 -0.208132 0.514548
0.276612 -0.009029 0.220529 -0.577922 -0.080215
0.284830 -0.030317 0.190910 -0.491936 -0.604836
0.288436 -0.040725 -0.009707 -0.036970 -0.072755
0.287648 -0.041954 -0.029614 -0.024914 -1.306796
0.277864 -0.023807 -0.458506 0.922724 0.946167
0.266011 -0.003190 -0.135748 0.123345 -0.203916
0.259252 0.004664 -0.202110 0.268862 0.218522
0.252654 0.011836 -0.128229 0.093671 -0.694355
0.242896 0.026426 -0.359107 0.631093 0.608016
0.232613 0.042135 -0.156066 0.164161 0.821414
0.231763 0.036891 0.112755 -0.419268 -0.459623
0.233071 0.028624 -0.046588 -0.001497 1.059315
0.238187 0.013000 0.301506 -0.772071 -0.716243
0.245334 -0.005510 0.057160 -0.165615 -0.874728
0.241787 0.001434 -0.233642 0.504785 0.842793
0.238118 0.008073 0.049042 -0.162149 -0.016441
0.239925 0.002280 0.041467 -0.129086 -0.422767
0.238744 0.003875 -0.100041 0.204446 -0.793983
0.229480 0.024104 -0.362576 0.802591 0.660458
0.219435 0.045595 -0.140941 0.283651 0.997687
0.220367 0.042363 0.186482 -0.435852 0.169093
0.228785 0.023941 0.234708 -0.488117 0.100813
0.238711 0.004121 0.261907 -0.506565 -0.670979
0.244631 -0.005014 0.035111 0.040319 0.825033
0.251533 -0.016201 0.309253 -0.592979 -0.373343
0.261359 -0.033725 0.182851 -0.290965 -0.597457
0.264725 -0.036544 -0.013830 0.143333 0.643147
0.268546 -0.041681 0.204150 -0.393658 -1.524491
0.266604 -0.034439 -0.299628 0.741358 -0.075431
0.254302 -0.005376 -0.316066 0.717860 0.644868
0.246067 0.012384 -0.096857 0.181226 0.261726
0.243930 0.015696 -0.010333 -0.012243 1.099185
0.250788 -0.001259 0.352295 -0.827504 -1.413504
0.255351 -0.011529 -0.122211 0.296190 0.451501
0.253533 -0.007243 0.030651 -0.075836 -0.828593
0.249249 0.002425 -0.244086 0.552328 -0.151371
0.238554 0.026199 -0.290968 0.639874 1.319192
0.235723 0.031337 0.147753 -0.367781 0.349785
0.243830 0.012513 0.257630 -0.574227 -0.368376
0.251565 -0.003697 0.129930 -0.244120 -0.287981
0.254812 -0.008755 0.032896 -0.013024 0.315086
0.258236 -0.014261 0.138029 -0.259895 -0.603150
0.259733 -0.015334 -0.062465 0.199549 -0.152747
0.256278 -0.005587 -0.110328 0.288461 -0.567355
0.248143 0.014193 -0.296171 0.698709 1.812076
0.248418 0.013747 0.307797 -0.701445 -0.057415
0.260207 -0.012132 0.282262 -0.599040 -0.752685
0.266422 -0.023972 0.029643 -0.003714 -0.096515
0.267014 -0.023150 0.000018 0.044287 -0.261993
0.265326 -0.017912 -0.084233 0.216208 0.424390
0.264849 -0.016450 0.059793 -0.137855 -0.058525
0.266864 -0.021227 0.041106 -0.102422 0.366089
0.270972 -0.031267 0.164029 -0.397410 -1.337373
0.268646 -0.026793 -0.278835 0.607916 1.019632
0.264425 -0.019538 0.066340 -0.231992 -1.384433
0.257877 -0.007664 -0.392328 0.813395 1.410797
0.251709 0.001963 0.081970 -0.314285 -0.114250
0.254175 -0.008357 0.041714 -0.205280 -0.525495
0.252335 -0.008384 -0.133081 0.198252 -0.484790
0.243836 0.006566 -0.291638 0.547284 2.243217
0.247160 -0.006553 0.455426 -1.181583 -0.731826
0.260343 -0.041117 0.205371 -0.562307 -1.965398
0.255497 -0.033630 -0.445569 0.917551 -0.209362
0.236495 0.004312 -0.505106 0.986058 0.815492
0.221857 0.030037 -0.228329 0.314817 1.328407
0.221540 0.022543 0.211096 -0.677186 -0.937937
0.223594 0.011319 -0.107030 0.102881 -1.062944
0.212233 0.031917 -0.460093 0.919516 1.520449
0.204007 0.044913 0.046687 -0.250452 -0.411941
0.202997 0.042627 -0.096594 0.130360 0.699555
0.203706 0.037963 0.131389 -0.357619 0.185115
0.210050 0.022215 0.186011 -0.431855 -1.351844
0.208380 0.026838 -0.267941 0.648692 2.013031
0.211083 0.021682 0.400808 -0.886032 -0.505335
0.223566 -0.004267 0.224533 -0.422987 -0.187722
0.231237 -0.017791 0.159549 -0.258249 -1.051599
0.230618 -0.011992 -0.189360 0.538195 0.458416
0.226196 0.001539 -0.032639 0.146554 -0.789088
0.219654 0.019408 -0.293837 0.742034 1.518428
0.218063 0.025278 0.212322 -0.430847 -0.471347
0.223293 0.016491 0.049967 -0.016006 0.441005
0.228178 0.009529 0.193958 -0.329100 -0.954298
0.229510 0.011735 -0.126244 0.429199 1.857296
0.236845 0.000120 0.491036 -0.992336 -1.204038
0.248318 -0.019698 0.084520 -0.016280 -0.244973
0.250103 -0.016974 0.004923 0.150676 -0.380407
0.247822 -0.005651 -0.118757 0.414030 0.191866
0.244416 0.007326 -0.052060 0.239816 1.235853
0.250567 -0.002171 0.358331 -0.703302 0.023073
0.264944 -0.029721 0.361066 -0.679956 -0.531563
0.275807 -0.048495 0.183097 -0.268368 -1.114686
0.275782 -0.042858 -0.183235 0.540037 -0.131551
0.267748 -0.020910 -0.218796 0.561390 0.588739
0.263040 -0.008694 -0.017635 0.058864 -0.428287
0.259510 -0.000001 -0.158543 0.373109 0.133492
0.254109 0.012414 -0.111929 0.251779 0.705269
0.254329 0.011643 0.122140 -0.282949 -0.499900
0.255817 0.008694 -0.047089 0.129127 0.483711
0.257146 0.006499 0.113043 -0.234219 -0.974622
0.255130 0.012609 -0.212786 0.530205 1.808369
0.258694 0.005666 0.388981 -0.859242 -0.668904
0.269655 -0.017105 0.160396 -0.291806 -0.457426
0.273017 -0.021716 0.008319 0.055417 0.212770
0.274817 -0.023305 0.081409 -0.132545 -1.180961
0.270246 -0.010793 -0.308855 0.748335 -0.381986
0.255484 0.023798 -0.429484 0.984697 1.918310
0.251154 0.033016 0.210480 -0.500959 0.015793
0.259525 0.014212 0.208482 -0.443759 -0.357778
0.265380 0.002924 0.084966 -0.127303 0.173005
0.269898 -0.004544 0.140878 -0.245930 -0.769090
0.270384 -0.002299 -0.115698 0.350294 0.472248
0.268949 0.003980 0.043278 -0.029766 0.848283
0.276304 -0.010067 0.323728 -0.666450 -0.126949
0.288323 -0.034075 0.277900 -0.540461 -0.710317
0.294704 -0.044819 0.042197 -0.006487 -0.060477
0.296084 -0.045144 0.026812 -0.009778 -0.970529
0.290799 -0.031641 -0.290279 0.678031 0.779813
0.284545 -0.018100 -0.023708 0.010993 -1.189988
0.275721 0.000219 -0.416457 0.896211 2.100061
0.273166 0.002646 0.286111 -0.751261 -2.135547
0.270283 0.006505 -0.427722 0.921479 0.074717
0.253797 0.041169 -0.397431 0.820003 1.607822
0.248618 0.049210 0.136437 -0.399048 -0.358115
0.251522 0.040455 0.009446 -0.045344 0.606396
0.255830 0.030378 0.205528 -0.454780 0.622482
0.268050 0.003983 0.405321 -0.864508 -0.317536
0.282004 -0.024427 0.293382 -0.565819 -1.050937
0.286712 -0.030691 -0.056595 0.240031 0.234033
0.286104 -0.025674 0.025746 0.014919 0.308057
0.289237 -0.030384 0.130602 -0.247662 -0.712291
0.289750 -0.029691 -0.104150 0.275110 0.656034
0.290052 -0.029780 0.118380 -0.271928 -0.979516
0.288295 -0.025911 -0.205160 0.455949 0.099721
0.280876 -0.010381 -0.166260 0.325461 0.211868
0.275706 -0.001259 -0.092714 0.135074 -0.009904
0.271954 0.004120 -0.095016 0.134945 0.147550
0.269144 0.007200 -0.045687 0.021277 -0.497734
0.263992 0.015871 -0.211513 0.408539 0.323924
0.257710 0.027095 -0.103158 0.158476 0.717099
0.258314 0.022879 0.132624 -0.362832 -0.555241
0.259817 0.017947 -0.056665 0.108693 0.837713
0.263095 0.009739 0.219764 -0.512033 0.125229
0.272615 -0.011716 0.256562 -0.564251 -1.186175
0.274924 -0.015543 -0.139624 0.359143 -0.221238
0.267952 0.001420 -0.209078 0.490548 0.683607
0.264204 0.009957 0.020647 -0.054360 0.584896
0.268886 -0.000860 0.213002 -0.482612 -1.216691
0.269237 -0.000807 -0.193968 0.471884 1.094512
0.268828 0.000644 0.172164 -0.387013 0.572920
0.279461 -0.023067 0.359290 -0.797422 -0.972162
0.287293 -0.039469 0.033832 -0.036734 -1.259547
0.280349 -0.022435 -0.379953 0.879094 0.266450
0.267104 0.006978 -0.283304 0.601228 1.815593
0.267922 0.002530 0.322120 -0.804788 -1.325052
0.271862 -0.008135 -0.123253 0.254574 -0.633506
0.262772 0.011288 -0.330895 0.713967 1.051180
0.256609 0.023046 0.021215 -0.112064 0.336790
0.259627 0.014114 0.129482 -0.333229 -0.418189
0.261939 0.008021 -0.013211 0.022375 0.218302
0.262844 0.005758 0.058277 -0.133774 0.815283
0.270561 -0.011767 0.326974 -0.737462 -0.851938
0.277884 -0.027429 0.040506 -0.058319 -0.097141
0.278906 -0.028791 0.010736 -0.010766 -0.547018
0.275757 -0.021440 -0.167740 0.374394 -0.038619
0.268893 -0.006833 -0.175783 0.359038 -0.109811
0.261198 0.008612 -0.209128 0.415493 -0.286541
0.250970 0.029313 -0.302381 0.620750 1.118469
0.246338 0.036865 0.069337 -0.229629 -0.399629
0.246334 0.035015 -0.068952 0.131721 0.860097
0.249233 0.027761 0.213082 -0.487188 -0.764172
0.252534 0.021347 -0.046966 0.156207 0.724283
0.255442 0.016804 0.191664 -0.376785 0.217463
0.264454 -0.000670 0.259086 -0.498639 -0.203657
0.273382 -0.016790 0.187893 -0.313192 -1.323939
0.272075 -0.008907 -0.251855 0.694780 0.971423
0.268581 0.002869 0.075736 -0.092567 1.139549
0.279164 -0.018106 0.452470 -0.948321 -1.241496
0.288896 -0.036084 0.035999 0.031953 -0.485298
0.287188 -0.028194 -0.121029 0.359497 -0.276030
0.280623 -0.010669 -0.207302 0.518039 0.763644
0.277509 -0.002579 0.050472 -0.103255 0.218864
0.280969 -0.009955 0.122456 -0.264711 -0.266209
0.284075 -0.016292 0.033264 -0.056359 -0.276971
0.283587 -0.014557 -0.057375 0.140697 0.635759
0.285571 -0.019185 0.155892 -0.365871 -0.631669
0.287590 -0.024038 -0.054121 0.115437 -0.393774
0.282874 -0.014050 -0.181427 0.382226 1.434100
0.285244 -0.021595 0.298287 -0.745104 -1.576016
0.286627 -0.026670 -0.227141 0.473150 1.444470
0.287278 -0.031148 0.258007 -0.681662 -0.949526
0.291250 -0.043623 -0.058041 0.045097 -0.327148
0.286857 -0.037845 -0.161378 0.242184 -0.309149
0.278469 -0.024588 -0.258030 0.420794 -0.529451
0.264746 -0.000732 -0.427991 0.771847 1.766912
0.259502 0.001972 0.163552 -0.616624 -1.449234
0.256308 0.000467 -0.321424 0.525013 0.966299
0.249960 0.005955 0.002738 -0.238764 -0.099673
0.249360 -0.001583 -0.032464 -0.140984 -1.020744
0.241256 0.008637 -0.371711 0.642972 0.593422
0.230416 0.024607 -0.171365 0.165475 0.110507
0.224268 0.029907 -0.136212 0.101470 0.260705
0.220503 0.030551 -0.052308 -0.066748 0.152750
0.219349 0.026365 -0.005449 -0.142305 0.105438
0.219752 0.019889 0.025635 -0.182252 -1.449861
0.211061 0.035603 -0.458651 0.954971 2.155769
0.207112 0.040317 0.258517 -0.695049 -0.948061
0.210952 0.028967 -0.065118 0.114076 0.893735
0.214239 0.020369 0.228676 -0.536607 -0.742350
0.218318 0.011538 -0.023646 0.084637 -0.680503
0.212828 0.025574 -0.250294 0.612487 1.193509
0.210784 0.031571 0.146540 -0.298589 0.152789
0.217540 0.018458 0.191416 -0.358781 0.343754
0.227380 -0.000219 0.300641 -0.575757 -1.049099
0.232333 -0.006320 -0.051593 0.257791 0.119182
0.231108 0.001717 -0.009990 0.147189 0.561346
0.234454 -0.001130 0.176656 -0.284018 -0.034049
0.241245 -0.011567 0.163198 -0.240535 -0.577928
0.243911 -0.012211 -0.029216 0.201999 -0.416021
0.240026 0.001754 -0.164858 0.494884 0.109486
0.234224 0.019293 -0.125727 0.387087 1.515929
0.239286 0.011473 0.377210 -0.763535 0.495185
0.257520 -0.025342 0.534636 -1.080006 -0.799174
0.273474 -0.055372 0.264685 -0.436693 -1.026894
0.277286 -0.057760 -0.072835 0.306309 -1.535359
0.264334 -0.023666 -0.573845 1.390431 0.909974
0.247691 0.015608 -0.260233 0.592155 0.550276
0.240993 0.030454 -0.075633 0.159258 0.883198
0.243793 0.023802 0.214762 -0.484182 -0.446892
0.249280 0.012541 0.060389 -0.086668 0.188187
0.252900 0.006634 0.120554 -0.208123 0.195858
0.258973 -0.004224 0.183081 -0.335124 -1.027277
0.259415 -0.001452 -0.159791 0.463070 0.895003
0.259044 0.002713 0.140072 -0.244083 0.222102
0.266075 -0.010029 0.211486 -0.393452 -0.237169
0.272913 -0.021787 0.130951 -0.199515 0.108487
0.278885 -0.031630 0.167684 -0.293286 -0.919891
0.279496 -0.029541 -0.136138 0.388592 0.464213
0.277258 -0.022291 0.023475 -0.018979 -1.032437
0.271372 -0.007646 -0.316849 0.743501 -0.057546
0.258442 0.021846 -0.330223 0.736997 2.734545
0.263480 0.008896 0.579145 -1.357823 -1.467986
0.276651 -0.020805 0.081852 -0.150107 -0.906816
0.273913 -0.013124 -0.217856 0.526185 0.371206
0.267773 0.001252 -0.089908 0.200011 0.833728
0.269747 -0.003757 0.187691 -0.442418 -0.606148
0.273160 -0.011600 -0.016125 0.041931 0.462990
0.275623 -0.017323 0.138841 -0.324096 -0.310629
0.279097 -0.025449 0.035377 -0.087143 -0.482244
0.277346 -0.021968 -0.122481 0.257042 -0.182772
0.271317 -0.009697 -0.179054 0.357490 0.680496
0.268755 -0.006522 0.050080 -0.190395 -0.818778
0.265296 -0.001422 -0.222158 0.437586 0.931095
0.262672 0.001192 0.089745 -0.296060 -0.814206
0.260796 0.002316 -0.182539 0.343489 -0.481965
0.250335 0.023088 -0.340392 0.694290 1.150435
0.244422 0.032841 0.043180 -0.192147 0.345879
0.248345 0.020901 0.152857 -0.404258 -0.852875
0.248675 0.018895 -0.135219 0.293739 0.833640
0.248810 0.017927 0.140984 -0.333474 -0.731477
0.249489 0.016727 -0.106083 0.264833 0.749296
0.250227 0.015889 0.142145 -0.298992 0.125557
0.256662 0.002811 0.179759 -0.356654 0.319226
0.265910 -0.015774 0.282642 -0.573271 -1.512088
0.267101 -0.015037 -0.221319 0.593896 -0.306585
0.256327 0.012329 -0.317609 0.777252 1.787372
0.255596 0.015257 0.278866 -0.610764 -1.127976
0.259116 0.009368 -0.101368 0.302360 0.970132
0.261533 0.006417 0.221140 -0.440065 -0.228533
0.268771 -0.006893 0.141343 -0.231012 0.389083
0.276987 -0.021918 0.269278 -0.519156 -1.864443
0.275321 -0.013822 -0.350516 0.905629 1.463427
0.271197 -0.001567 0.142279 -0.273944 -0.108864
0.276121 -0.010481 0.104221 -0.174881 -0.687974
0.275705 -0.006874 -0.124277 0.348568 0.501694
0.274134 -0.001223 0.045000 -0.059155 -0.361188
0.273520 0.002053 -0.075326 0.219671 1.089440
0.277778 -0.006102 0.287062 -0.617290 -0.816804
0.283742 -0.017521 0.012374 0.034892 0.545263
0.287903 -0.024914 0.195150 -0.399882 0.378183
0.298214 -0.046720 0.320334 -0.690566 -2.027326
0.297546 -0.043378 -0.351448 0.836956 0.735357
0.288597 -0.023275 -0.097318 0.181215 -0.819572
0.279331 -0.004186 -0.365463 0.768787 0.879678
0.270689 0.011959 -0.068064 0.051776 0.189605
0.269207 0.011360 -0.006201 -0.080012 -0.132245
0.268041 0.010596 -0.051936 0.039988 0.010631
0.266015 0.012260 -0.049402 0.043501 0.038833
0.264274 0.013666 -0.037689 0.027317 -0.401389
0.260068 0.021242 -0.172270 0.348476 0.976023
0.259671 0.020259 0.151299 -0.387496 0.046135
0.265922 0.005077 0.161580 -0.374774 0.655422
0.276673 -0.019326 0.375684 -0.843585 -0.210661
0.290209 -0.049115 0.301975 -0.654494 -1.119472
0.294853 -0.058362 -0.068252 0.178434 -0.917868
0.286176 -0.038711 -0.365043 0.799504 1.061732
0.278841 -0.024966 -0.003321 -0.097086 -1.061172
0.271691 -0.012973 -0.353191 0.688155 0.767123
0.262800 0.001576 -0.092615 0.051094 -0.167196
0.257989 0.006185 -0.147860 0.178497 1.023293
0.258895 -0.002462 0.192141 -0.601642 -0.920251
0.260374 -0.011615 -0.116876 0.131887 0.002634
0.255763 -0.006797 -0.113794 0.110231 0.714713
0.255998 -0.013646 0.124824 -0.446213 -0.746228
0.255992 -0.019726 -0.124145 0.132864 -0.469651
0.247967 -0.007806 -0.276784 0.460890 0.292789
0.238933 0.005360 -0.175594 0.203645 -0.394527
0.229306 0.019445 -0.305569 0.499250 0.377541
0.219628 0.033430 -0.179039 0.206902 0.685995
0.216986 0.031706 0.046196 -0.286483 -0.441894
0.215781 0.028181 -0.105772 0.104078 0.326068
0.213671 0.027887 -0.000082 -0.115746 1.070210
0.220705 0.007659 0.350963 -0.888913 -2.604180
0.217266 0.013513 -0.519815 1.154042 1.220163
0.204732 0.039746 -0.108948 0.176779 1.508801
0.210342 0.024389 0.388041 -0.932267 0.019244
0.225793 -0.011348 0.385269 -0.862611 -1.637163
0.230204 -0.019776 -0.162558 0.421459 0.085282
0.224372 -0.005210 -0.129455 0.311249 0.556819
0.222953 -0.001813 0.057740 -0.134464 -0.008628
0.225185 -0.006883 0.053984 -0.120237 0.203480
0.228692 -0.014780 0.121244 -0.274003 -0.752389
0.228525 -0.014122 -0.128714 0.298981 0.542562
0.227059 -0.011188 0.054678 -0.145490 -0.660869
0.224850 -0.006884 -0.164427 0.354531 0.054916
0.218705 0.005857 -0.143187 0.285977 0.312023
0.215080 0.012293 -0.038530 0.040568 0.385206
0.216077 0.008267 0.088021 -0.238751 0.195763
0.220843 -0.003743 0.150278 -0.362353 0.072739
0.227288 -0.018920 0.172200 -0.398991 -0.969803
0.227704 -0.019854 -0.150229 0.341692 0.175769
0.222957 -0.009767 -0.087567 0.167053 -0.035235
0.219265 -0.002959 -0.097163 0.174626 0.701184
0.220073 -0.007014 0.136830 -0.370525 0.627642
0.229678 -0.031110 0.343145 -0.832482 -2.513626
0.226630 -0.025401 -0.492725 1.092138 0.863278
0.212883 0.003009 -0.196275 0.344398 0.128460
0.205931 0.014453 -0.151696 0.231673 0.985392
0.206420 0.008643 0.175085 -0.512912 0.098245
0.213979 -0.012464 0.203197 -0.546166 -1.384544
0.212841 -0.012570 -0.258433 0.525832 0.351244
0.204947 0.002106 -0.137035 0.215191 -0.338792
0.197239 0.015712 -0.248229 0.464326 -0.443631
0.184394 0.040875 -0.393939 0.794056 0.327911
0.170846 0.067529 -0.284374 0.547545 2.676148
0.177179 0.049344 0.598485 -1.433434 -0.760890
0.195733 0.006774 0.330983 -0.713174 -1.284799
0.200297 -0.000860 -0.101055 0.315528 0.606074
0.200330 0.002052 0.101918 -0.162629 0.459133
0.207426 -0.011198 0.252594 -0.497811 -1.099260
0.210161 -0.013776 -0.114457 0.356428 -0.303963
0.203639 0.004399 -0.211646 0.553135 1.178740
0.203083 0.007822 0.182324 -0.368336 -0.757913
0.205255 0.005450 -0.072721 0.240730 -0.417989
0.199585 0.021350 -0.210626 0.553010 1.187671
0.199088 0.025037 0.184330 -0.355169 -0.192615
0.205064 0.014891 0.114948 -0.156908 0.087720
0.210181 0.007870 0.140968 -0.194960 0.909897
0.221817 -0.013416 0.440209 -0.864159 -1.120474
0.231864 -0.029882 0.063815 0.025012 -0.697580
0.229839 -0.018850 -0.164465 0.521825 0.782413
0.228579 -0.011085 0.100320 -0.123032 -0.575428
0.228764 -0.007215 -0.090487 0.311238 0.497991
0.228514 -0.002955 0.077289 -0.091752 -0.175639
0.230424 -0.003828 0.018425 0.045980 0.199248
0.232496 -0.005156 0.084946 -0.110456 -0.809086
0.230500 0.002928 -0.183919 0.507606 0.085624
0.223777 0.021352 -0.152702 0.418467 1.752176
0.229333 0.011164 0.428613 -0.911273 -0.927281
0.240139 -0.009519 0.113303 -0.137805 0.076315
0.245172 -0.016194 0.138386 -0.196488 -0.152144
0.249695 -0.021786 0.088044 -0.085748 -0.141952
0.252302 -0.023383 0.042472 0.004287 -0.227142
0.252537 -0.020229 -0.030546 0.151953 0.132899
0.252262 -0.016824 0.016532 0.020826 -0.387508
0.250382 -0.010416 -0.110248 0.296969 1.243890
0.254310 -0.018246 0.305285 -0.676331 -1.709822
0.255083 -0.018519 -0.264591 0.644046 0.985772
0.251191 -0.009153 0.068597 -0.162583 -0.055300
0.253559 -0.014765 0.049998 -0.119725 -0.590541
0.251643 -0.010628 -0.145220 0.321191 1.006415
0.252598 -0.013882 0.191818 -0.473374 -0.846911
0.254594 -0.019462 -0.090887 0.183992 0.066294
0.251469 -0.013784 -0.065617 0.102179 -0.676618
0.244388 0.000275 -0.287937 0.596651 0.895760
0.238917 0.009623 0.013118 -0.117369 -0.512411
0.235992 0.013215 -0.158787 0.291941 0.495316
0.232948 0.017237 0.005917 -0.084739 -0.461249
0.230063 0.021482 -0.149662 0.292548 0.336972
0.226311 0.028156 -0.038445 0.045951 0.227650
0.226228 0.027131 0.034077 -0.095396 1.183412
0.235383 0.005940 0.422753 -0.956391 -2.180196
0.237627 0.002638 -0.307810 0.766441 1.532745
0.235616 0.008828 0.205241 -0.438748 0.463009
0.246814 -0.015002 0.354621 -0.753053 -0.838647
0.255334 -0.031544 0.072758 -0.086762 -0.439946
0.255371 -0.028836 -0.070495 0.218392 -0.131002
0.251773 -0.019011 -0.109502 0.274026 0.496182
0.250774 -0.016442 0.058852 -0.139271 -0.834984
0.247586 -0.009345 -0.217394 0.486738 0.578614
0.242831 0.000404 -0.021279 0.009348 -0.164340
0.240885 0.003336 -0.075905 0.136063 -0.345761
0.235559 0.014023 -0.190176 0.396747 1.298807
0.236617 0.009776 0.241617 -0.596016 0.048343
0.246488 -0.013747 0.252385 -0.584928 -1.548897
0.246219 -0.012851 -0.263984 0.613047 1.194130
0.243721 -0.007756 0.137525 -0.343832 -0.733125
0.244308 -0.009930 -0.107267 0.226652 0.753413
0.245083 -0.012937 0.145140 -0.369201 -0.858308
0.245149 -0.014292 -0.140747 0.291889 -0.205953
0.238223 -0.000139 -0.205625 0.416805 -0.263180
0.228310 0.020052 -0.290171 0.594202 1.502275
0.226737 0.020458 0.209770 -0.557599 -0.743945
0.230047 0.010838 -0.043139 0.065974 0.091689
0.228914 0.012270 -0.013635 0.006761 -0.809797
0.222953 0.025295 -0.283700 0.638133 2.169276
0.226068 0.017290 0.437066 -1.016862 -1.321448
0.234564 -0.001284 -0.010259 0.069306 0.604511
0.238183 -0.007881 0.190627 -0.393924 -0.336837
0.243520 -0.018079 0.076858 -0.121831 -0.444615
0.243654 -0.016339 -0.069680 0.204562 0.179192
0.242122 -0.011523 -0.007271 0.039528 0.377934
0.244373 -0.016029 0.119432 -0.261529 -1.418091
0.239710 -0.004691 -0.351136 0.815608 0.932839
0.232001 0.012442 -0.035845 0.055118 0.598899
0.234528 0.005700 0.161642 -0.387329 -1.234094
0.232709 0.009856 -0.251150 0.582330 1.995093
0.235996 0.001992 0.413280 -0.955541 -2.026509
0.238894 -0.003733 -0.265824 0.645698 0.180888
0.229566 0.018407 -0.201250 0.468181 1.370271
0.230655 0.015933 0.254148 -0.577696 -0.722459
0.235888 0.005107 0.008608 0.025805 0.681866
0.240755 -0.004210 0.234142 -0.486325 -0.661711
0.245649 -0.012903 0.011558 0.042521 -0.149174
0.245149 -0.009225 -0.036474 0.140721 0.013309
0.243816 -0.004161 -0.030339 0.113837 0.412554
0.245368 -0.006154 0.107501 -0.209325 -1.607799
0.238951 0.010353 -0.426791 1.020648 1.511079
0.232057 0.026889 0.079909 -0.173629 1.364150
0.244235 -0.000108 0.528004 -1.167750 -1.812134
0.253119 -0.017378 -0.081250 0.280416 0.851390
0.255607 -0.019976 0.204680 -0.401245 -0.661266
0.259375 -0.025756 -0.015408 0.103945 -0.459385
0.255771 -0.015240 -0.164473 0.419550 1.102935
0.256622 -0.016277 0.205681 -0.459272 -1.111636
0.257418 -0.017299 -0.164530 0.395939 -0.417285
0.248157 0.004057 -0.298539 0.672205 -0.061645
0.235895 0.031125 -0.315007 0.686365 1.371051
0.232443 0.037385 0.140637 -0.357416 0.098799
0.238584 0.022957 0.166666 -0.366656 0.553327
0.248819 0.000857 0.344946 -0.737550 -1.359035
0.253457 -0.006716 -0.111230 0.342203 0.799523
0.254388 -0.005882 0.156746 -0.291412 -0.660311
0.256228 -0.007098 -0.063890 0.223140 0.691660
0.258318 -0.009219 0.167556 -0.321963 -0.382744
0.262440 -0.015959 0.039171 -0.020641 0.294736
0.265995 -0.021614 0.138296 -0.259869 -0.397634
0.268886 -0.026017 0.006807 0.034706 0.262060
0.270960 -0.029265 0.096616 -0.194542 -1.277888
0.266358 -0.017807 -0.325480 0.756462 1.039219
0.260403 -0.004900 0.026161 -0.096654 -0.246300
0.259805 -0.004931 -0.055780 0.092450 -0.617651
0.253487 0.008054 -0.259616 0.552932 0.324906
0.245327 0.024666 -0.149116 0.284721 1.152164
0.247011 0.018593 0.232068 -0.577479 0.161921
0.257238 -0.005753 0.279666 -0.643692 -0.564552
0.264581 -0.022062 0.088492 -0.181552 -0.336591
0.265900 -0.024387 -0.022118 0.061414 0.773636
0.270221 -0.034424 0.237399 -0.556499 -1.819734
0.267606 -0.028774 -0.366137 0.820848 -0.434821
0.250254 0.009011 -0.501760 1.072303 1.789718
0.242230 0.023224 0.098041 -0.338855 0.287471
0.247959 0.006280 0.188477 -0.509304 0.092268
0.256018 -0.014648 0.214844 -0.540835 -2.231833
0.249715 -0.001580 -0.527609 1.172835 1.804876
0.240796 0.016037 0.079074 -0.268140 0.039241
0.244142 0.005475 0.088413 -0.262159 -0.429014
0.244770 0.002093 -0.056392 0.087494 -0.253800
0.240832 0.009460 -0.140347 0.279633 0.729417
0.240089 0.009323 0.102311 -0.278655 0.263960
0.245871 -0.005252 0.186811 -0.450600 -0.429144
0.250429 -0.016166 0.041836 -0.102169 -0.097078
0.251474 -0.018964 0.010580 -0.039188 -0.105413
0.251230 -0.019265 -0.022685 0.023188 0.229482
0.251893 -0.022307 0.055604 -0.173117 -1.621112
0.243356 -0.004585 -0.480909 1.045715 0.904627
0.230305 0.021876 -0.173325 0.293202 0.888156
0.229274 0.020116 0.120739 -0.372205 0.727037
0.238836 -0.004941 0.357080 -0.878555 -0.980923
0.246470 -0.023920 0.026197 -0.085360 -1.380641
0.238373 -0.006536 -0.429803 0.943667 1.722821
0.232796 0.003364 0.148690 -0.427461 -0.671092
0.234206 -0.002741 -0.077262 0.113424 -0.116516
0.230362 0.003405 -0.114929 0.193976 -0.692403
0.221179 0.021656 -0.343734 0.714824 1.367735
0.216584 0.028833 0.112197 -0.339673 -1.056395
0.213928 0.032627 -0.243735 0.518047 2.270859
0.219282 0.018598 0.509080 -1.198426 -0.782347
0.234215 -0.015250 0.239230 -0.510246 -1.525100
0.233592 -0.011865 -0.268634 0.663681 0.639988
0.227226 0.003728 -0.050765 0.126584 0.101005
0.225874 0.007197 -0.017022 0.048659 0.324659
0.227340 0.004298 0.089991 -0.190811 -1.180270
0.223045 0.015194 -0.303493 0.724897 2.373955
0.226767 0.007154 0.486908 -1.102900 -0.935997
0.239829 -0.020901 0.167934 -0.316481 0.145788
0.247509 -0.035820 0.216180 -0.430836 -0.993090
0.249563 -0.038029 -0.112301 0.309501 -0.397817
0.242553 -0.020800 -0.238153 0.552001 0.287081
0.235063 -0.004314 -0.137053 0.279386 0.699085
0.234281 -0.004317 0.097089 -0.271803 -1.008631
0.231421 0.000606 -0.238965 0.507967 0.649004
0.226253 0.010325 -0.020434 -0.012753 -0.716352
0.220643 0.021113 -0.259381 0.546393 1.407114
0.219659 0.021159 0.208518 -0.528947 0.311948
0.229945 -0.003555 0.305933 -0.709138 -1.739826
0.230505 -0.004287 -0.275779 0.653254 2.129772
0.233746 -0.011812 0.435389 -1.007659 -2.529472
0.234207 -0.012154 -0.409312 0.962822 1.744935
0.229611 -0.001980 0.177179 -0.432533 -1.185868
0.228745 -0.000493 -0.219054 0.494195 0.603340
0.224069 0.009372 -0.015686 0.007835 1.217112
0.231515 -0.008768 0.386899 -0.905629 -1.897241
0.234250 -0.014805 -0.247736 0.581682 0.071952
0.224937 0.006274 -0.218471 0.477891 0.558237
0.219967 0.016359 -0.030918 0.034611 0.450726
0.221693 0.011193 0.116849 -0.289418 0.257703
0.228009 -0.003658 0.198959 -0.453739 -0.876511
0.230072 -0.007781 -0.094650 0.237070 -0.838815
0.220756 0.014131 -0.370618 0.854185 0.197890
0.207343 0.044485 -0.300896 0.672092 2.453773
0.211617 0.033915 0.512023 -1.177001 -0.443813
0.228889 -0.003951 0.352926 -0.729936 -0.861819
0.237165 -0.018981 0.062243 -0.034332 0.350716
0.242018 -0.026092 0.180119 -0.318664 -0.896211
0.243267 -0.025215 -0.116671 0.353261 0.093568
0.239327 -0.013538 -0.080727 0.234568 -0.696480
0.231526 0.005958 -0.308906 0.737038 1.568676
0.229698 0.010536 0.215529 -0.489969 -0.505846
0.234852 -0.000351 0.043037 -0.062541 0.455062
0.239587 -0.009728 0.193362 -0.403363 -1.013247
0.240538 -0.009942 -0.144628 0.381563 0.269946
0.236624 0.000473 -0.051639 0.144589 1.085843
0.241797 -0.010568 0.309252 -0.687149 -1.400560
0.244766 -0.015827 -0.159006 0.407763 0.629752
0.242688 -0.010064 0.054179 -0.111201 -0.618196
0.240745 -0.005061 -0.150714 0.355785 1.009259
0.241491 -0.006890 0.186853 -0.436486 -0.883206
0.243036 -0.010320 -0.108478 0.254611 0.774819
0.243909 -0.012582 0.151227 -0.359521 -0.354882
0.247568 -0.021286 0.032318 -0.081360 -1.435777
0.239343 -0.002836 -0.442274 0.992536 2.017963
0.235230 0.004507 0.234005 -0.601533 -2.311074
0.229113 0.016897 -0.537262 1.198122 2.432917
0.223945 0.026293 0.275704 -0.699619 -0.435093
0.231912 0.006573 0.123627 -0.295908 -0.854334
0.231111 0.008450 -0.162679 0.380612 0.935261
0.230860 0.009035 0.148985 -0.341115 -0.187746
0.235494 -0.001020 0.083192 -0.166049 -0.473863
0.235642 -0.000143 -0.075231 0.204881 1.773517
0.244457 -0.019432 0.514219 -1.154023 -1.396774
0.255599 -0.043015 0.045112 -0.045672 -0.404189
0.254801 -0.039541 -0.084659 0.216396 -0.123853
0.250709 -0.030156 -0.120055 0.254186 0.687629
0.250584 -0.031554 0.112943 -0.316352 -0.415149
0.252362 -0.038114 -0.023436 -0.017191 -0.448634
0.248523 -0.032748 -0.168132 0.282331 -1.715938
0.230501 0.003789 -0.731764 1.534390 1.628154
0.212287 0.038223 -0.181723 0.213037 0.172152
0.206110 0.044737 -0.127378 0.115317 0.821551
0.206395 0.037665 0.140835 -0.462243 0.222629
0.213354 0.017282 0.207356 -0.559555 -1.253572
0.213184 0.015342 -0.214244 0.447998 1.654310
0.215649 0.007647 0.335673 -0.816561 -1.206883
0.220904 -0.005168 -0.071183 0.159601 0.130689
0.218958 -0.001087 -0.026350 0.046830 -1.263188
0.209508 0.020143 -0.445062 1.005363 1.047405
0.198776 0.043441 -0.093304 0.176001 0.889778
0.200885 0.037647 0.197885 -0.457964 -0.721752
0.203843 0.031936 -0.048951 0.162617 1.000224
0.208483 0.023657 0.280014 -0.568006 -0.478434
0.216356 0.009640 0.114533 -0.141564 0.692161
0.225491 -0.006196 0.341728 -0.646262 0.178751
0.240256 -0.034024 0.396898 -0.749178 -0.725538
0.251262 -0.052599 0.154628 -0.191284 -1.226390
0.249376 -0.042368 -0.247761 0.692625 0.337580
0.241903 -0.021710 -0.126768 0.349094 0.291146
0.238866 -0.013149 -0.025666 0.084346 -0.117431
0.237096 -0.008350 -0.062795 0.155537 -0.674395
0.230137 0.007870 -0.284710 0.651698 0.246534
0.220466 0.029502 -0.199562 0.437226 1.041730
0.219408 0.031142 0.145383 -0.343882 0.074706
0.225594 0.017464 0.164175 -0.342737 -1.075582
0.224910 0.021183 -0.197094 0.517346 1.553142
0.227381 0.017873 0.318878 -0.666912 -0.165034
0.238891 -0.004917 0.257338 -0.479720 -0.868595
0.243338 -0.010189 -0.033835 0.205470 -0.129157
0.241173 -0.000451 -0.074513 0.282289 0.727282
0.243067 -0.000675 0.168355 -0.285557 0.556149
0.253452 -0.020230 0.350628 -0.690371 -0.882181
0.261543 -0.033800 0.055280 -0.000614 -0.890392
0.257902 -0.020895 -0.236608 0.639512 0.673220
0.253053 -0.006953 -0.006950 0.068320 0.318446
0.254914 -0.009324 0.099664 -0.183810 0.379900
0.261416 -0.022443 0.225216 -0.470693 -0.898130
0.264425 -0.027331 -0.073584 0.215636 0.527404
0.265079 -0.027690 0.105609 -0.227422 0.168529
0.270448 -0.039677 0.162839 -0.372265 -1.730862
0.265482 -0.028395 -0.409389 0.920633 1.017203
0.256073 -0.009047 -0.062745 0.062494 -0.829898
0.248071 0.005942 -0.336662 0.681240 1.080072
0.241878 0.015860 0.025495 -0.171328 0.566078
0.246601 0.000942 0.210304 -0.571952 -1.962673
0.241867 0.009038 -0.444781 0.956883 1.176393
0.232024 0.028211 -0.049211 0.018864 0.463944
0.233079 0.022508 0.101566 -0.300644 -0.581193
0.233177 0.020370 -0.095853 0.186516 1.056845
0.236352 0.011862 0.253524 -0.602552 0.135648
0.247274 -0.013204 0.292946 -0.655004 -1.433628
0.249381 -0.016775 -0.185752 0.460064 1.546023
0.252338 -0.023088 0.331815 -0.759803 -0.828375
0.260034 -0.040245 0.054333 -0.110687 -1.653258
0.251283 -0.020049 -0.490400 1.107678 0.970956
0.238336 0.007432 -0.158740 0.283342 0.770035
0.237134 0.006765 0.097703 -0.308550 -0.794811
0.235691 0.007238 -0.168862 0.323423 -0.621854
0.224832 0.029498 -0.373798 0.787412 1.092548
0.217196 0.043897 -0.009583 -0.052614 -0.183594
0.215483 0.045738 -0.075803 0.142293 1.723020
0.223822 0.025912 0.491222 -1.120135 -1.793891
0.231307 0.010800 -0.114469 0.341182 0.961216
0.233143 0.009522 0.205167 -0.395007 -0.524819
0.237771 0.002579 0.027035 0.040379 0.529561
0.242369 -0.003890 0.202347 -0.359500 -0.070085
0.249944 -0.016758 0.176756 -0.287454 -0.791264
0.251738 -0.016062 -0.086126 0.313936 0.826904
0.253870 -0.016956 0.191734 -0.349494 0.108944
0.262243 -0.032493 0.227066 -0.429296 -1.467001
0.261572 -0.027284 -0.259021 0.675307 0.826170
0.256864 -0.014456 0.022335 -0.021638 -0.093520
0.257160 -0.014152 -0.007439 0.036043 -0.242166
0.255285 -0.009329 -0.086148 0.203731 -0.953594
0.245544 0.013021 -0.400224 0.908256 1.009688
0.236357 0.032972 -0.060811 0.104702 0.882887
0.239734 0.024274 0.228853 -0.532436 -0.488284
0.245501 0.011792 0.060396 -0.100144 0.249358
0.249528 0.004406 0.140865 -0.268250 -0.236781
0.253532 -0.002182 0.059740 -0.065307 0.813124
0.261319 -0.017207 0.328966 -0.680269 -0.318343
0.272289 -0.038976 0.220376 -0.416276 -1.387511
0.271897 -0.034644 -0.238471 0.619268 0.484954
0.265750 -0.018911 -0.069856 0.176617 0.041144
0.263295 -0.013116 -0.053099 0.115134 0.710544
0.265941 -0.019848 0.184661 -0.445204 -1.609256
0.006265 0.008255 0.002133 0.004590 -0.948416
0.000020 0.023235 -0.313530 0.737014 0.793540
-0.007188 0.040130 -0.048187 0.119887 0.422451
-0.006383 0.039260 0.087988 -0.159601 0.125431
-0.002148 0.032123 0.123851 -0.198133 -1.092630
-0.004569 0.042029 -0.243692 0.682926 0.561650
-0.010580 0.060847 -0.057932 0.267728 1.775859
-0.001202 0.045462 0.525253 -1.022344 -1.268101
0.011111 0.026503 0.092329 0.055826 0.474976
0.017900 0.022044 0.246685 -0.275012 0.294258
0.029621 0.007464 0.339349 -0.454359 -0.648663
0.038780 0.000098 0.119603 0.077133 -0.827736
0.038056 0.015862 -0.155137 0.705351 1.319493
0.040684 0.023302 0.284806 -0.317472 -0.386764
0.049390 0.017573 0.151088 0.025101 0.808944
0.060763 0.006592 0.416887 -0.568035 -1.238950
0.069081 0.003883 0.000568 0.418250 0.479681
0.072333 0.012843 0.161290 0.036868 -0.576626
0.074910 0.023492 -0.031927 0.491295 2.091505
0.087549 0.010985 0.661672 -1.096950 -0.733118
0.108932 -0.019840 0.409019 -0.459390 -0.823206
0.119775 -0.025351 0.134218 0.173826 -0.593177
0.121264 -0.010040 -0.059401 0.588962 1.217110
0.127080 -0.006134 0.348612 -0.379279 0.190679
0.142232 -0.023803 0.409168 -0.505918 -0.506297
0.155192 -0.036077 0.239679 -0.115751 0.376173
0.167328 -0.047100 0.366838 -0.433096 -2.641311
0.164466 -0.024358 -0.507437 1.547476 1.265735
0.152862 0.015527 -0.075130 0.469728 1.051011
0.156872 0.017967 0.274294 -0.335901 -0.288059
0.165823 0.009883 0.173843 -0.073575 -0.759725
0.167677 0.019001 -0.080416 0.522891 1.250160
0.172798 0.020524 0.334956 -0.432987 0.455272
0.189099 -0.002670 0.480072 -0.727218 -0.987287
0.201615 -0.015617 0.147218 0.066126 1.204626
0.215546 -0.031863 0.548172 -0.868420 -2.460378
0.221037 -0.028353 -0.270801 1.018226 2.234655
0.225271 -0.023903 0.479694 -0.769824 -1.920236
0.231612 -0.024678 -0.160365 0.710116 1.641723
0.236267 -0.022953 0.391063 -0.605114 -1.598286
0.241227 -0.022282 -0.141169 0.621577 0.345836
0.238013 -0.004023 -0.020367 0.299484 1.026431
0.244070 -0.008253 0.322047 -0.500558 -0.401159
0.254215 -0.021581 0.185977 -0.173123 -0.807094
0.256297 -0.016326 -0.081029 0.428466 0.843447
0.258758 -0.013044 0.202946 -0.254131 0.396745
0.269495 -0.029215 0.333771 -0.553415 -1.513746
0.272751 -0.028001 -0.169210 0.598201 -0.141854
0.265183 -0.003293 -0.209578 0.641480 1.909661
0.269600 -0.007859 0.428187 -0.849733 -0.745781
0.281647 -0.029391 0.175544 -0.239806 -0.722374
0.283887 -0.028209 -0.062774 0.291718 0.243241
0.283094 -0.021275 0.022642 0.059565 -0.262963
0.282300 -0.015383 -0.062137 0.233737 0.042558
0.280162 -0.007314 -0.045028 0.172176 0.923710
0.284542 -0.014976 0.263075 -0.546698 -1.069509
0.287897 -0.019993 -0.093964 0.283214 -0.410711
0.281489 -0.003156 -0.226325 0.558088 1.485226
0.282403 -0.004430 0.270244 -0.605695 -1.706272
0.281776 -0.001697 -0.299569 0.724215 1.127201
0.277401 0.008987 0.079199 -0.175217 0.377410
0.283028 -0.003336 0.201998 -0.439701 0.381058
0.293579 -0.026228 0.325542 -0.705651 -1.634579
0.295677 -0.028985 -0.218639 0.549607 0.792596
0.292347 -0.020542 0.050960 -0.116496 -1.368576
0.285307 -0.004464 -0.401672 0.909227 1.653928
0.280387 0.005213 0.153456 -0.404983 -0.509364
0.283061 -0.002462 -0.018950 0.013831 0.268055
0.284091 -0.006066 0.070194 -0.191874 -0.259788
0.285152 -0.009599 -0.016744 0.011705 -0.089787
0.283906 -0.007954 -0.045518 0.070043 0.030593
0.282315 -0.005865 -0.034139 0.035301 0.226846
0.282474 -0.008086 0.041882 -0.144293 -1.031865
0.277280 0.002035 -0.300591 0.641347 0.658970
0.269730 0.016791 -0.077999 0.106925 0.707675
0.271294 0.010482 0.155488 -0.416326 -1.130702
0.269903 0.012036 -0.223672 0.481737 0.677325
0.265504 0.020576 0.002762 -0.045618 0.168087
0.266677 0.016747 0.055763 -0.145158 0.561867
0.272581 0.002933 0.239114 -0.542751 0.503582
0.285402 -0.025681 0.401919 -0.888678 -0.371720
0.298923 -0.054889 0.275193 -0.581948 -1.693658
0.298705 -0.052672 -0.284198 0.675667 1.005045
0.294236 -0.043151 0.059246 -0.185842 -0.870005
0.290888 -0.037960 -0.225754 0.437718 0.658621
0.286389 -0.031999 -0.000192 -0.130582 -1.966286
0.273356 -0.007571 -0.649667 1.336462 1.156949
0.255287 0.026178 -0.255939 0.371365 -0.315300
0.242953 0.046011 -0.360734 0.620649 1.189745
0.236425 0.052867 0.032778 -0.263974 0.143156
0.238530 0.041724 0.072625 -0.294894 0.434367
0.244184 0.024660 0.210008 -0.558056 -1.131436
0.244917 0.021070 -0.171879 0.364915 1.219494
0.246157 0.016980 0.232555 -0.557295 -0.044343
0.255039 -0.003453 0.212018 -0.469604 0.092880
0.264069 -0.023077 0.239803 -0.514838 -1.356122
0.264611 -0.022654 -0.211115 0.521507 1.042524
0.263226 -0.018992 0.140515 -0.325816 0.300204
0.270833 -0.036604 0.239793 -0.555030 -2.126129
0.266282 -0.026247 -0.465105 1.052528 1.554228
0.258231 -0.010001 0.060325 -0.219244 -0.597027
0.256660 -0.009505 -0.138148 0.237690 -0.340224
0.248928 0.004723 -0.248398 0.473265 0.630288
0.243245 0.013481 -0.036696 -0.026593 -0.940572
0.235486 0.027247 -0.350366 0.707241 1.844241
0.233780 0.026949 0.262918 -0.702393 -0.730757
0.239268 0.011676 0.012726 -0.073061 1.028758
0.246580 -0.006645 0.352048 -0.835934 -1.683955
0.249346 -0.013213 -0.211599 0.487602 0.759362
0.246033 -0.006297 0.044890 -0.131725 0.050818
0.248158 -0.012281 0.061414 -0.168147 -0.559074
0.246895 -0.010443 -0.123943 0.254472 -1.765603
0.230253 0.026314 -0.706780 1.571982 1.686872
0.213378 0.061857 -0.139857 0.231750 1.403543
0.217004 0.050796 0.319852 -0.773121 0.061203
0.229972 0.021181 0.329183 -0.714252 -0.288134
0.241062 -0.001474 0.226159 -0.426953 -0.405972
0.247340 -0.011733 0.088441 -0.092759 0.236691
0.252457 -0.019184 0.167291 -0.278630 0.432785
0.262021 -0.037005 0.310723 -0.611240 -1.228856
0.266263 -0.042599 -0.097053 0.317301 -0.019365
0.262390 -0.030982 -0.096883 0.266523 0.045220
0.258921 -0.022053 -0.076858 0.182852 -1.152541
0.248255 0.002246 -0.455649 1.025149 1.213214
0.238247 0.023334 -0.046682 0.047287 -0.278084
0.234482 0.030013 -0.141302 0.284627 1.316370
0.237557 0.021546 0.293689 -0.695962 -1.037272
0.242248 0.011110 -0.057650 0.160168 0.633762
0.244152 0.007867 0.152182 -0.316268 -1.019306
0.243388 0.011524 -0.189192 0.488537 1.959173
0.248895 0.000628 0.462429 -1.014451 -1.508612
0.257196 -0.015360 -0.045197 0.194852 0.251746
0.257121 -0.012007 0.041035 -0.023509 0.131955
0.259658 -0.015180 0.085705 -0.134224 -0.105239
0.262394 -0.019065 0.051314 -0.061799 -0.022035
0.264329 -0.021519 0.045459 -0.061387 -0.672649
0.261707 -0.014021 -0.175902 0.430857 -0.171741
0.253622 0.004990 -0.228603 0.522156 1.467954
0.254307 0.002781 0.261130 -0.617039 -0.436065
0.261748 -0.014274 0.111821 -0.244314 -0.063970
0.265786 -0.023031 0.090340 -0.195965 -0.387604
0.266840 -0.025153 -0.037162 0.085463 -0.550321
0.261759 -0.013945 -0.216484 0.471770 0.516566
0.256636 -0.003929 -0.040521 0.037094 -0.882566
0.249157 0.011009 -0.332688 0.703374 1.298821
0.244569 0.018545 0.101546 -0.310751 -0.371433
0.246069 0.012703 -0.025917 0.012942 0.482010
0.248209 0.006131 0.132509 -0.337912 0.043368
0.253730 -0.007420 0.143777 -0.342284 -0.709985
0.254720 -0.009882 -0.093390 0.210952 0.227377
0.252548 -0.005411 -0.015608 0.016198 -0.678366
0.247422 0.005549 -0.240073 0.526808 2.309045
0.253243 -0.009391 0.528660 -1.251797 -2.341119
0.258646 -0.022012 -0.255426 0.592215 0.614309
0.252651 -0.009026 -0.045376 0.067005 -0.055367
0.250495 -0.005759 -0.062407 0.096570 0.052740
0.248375 -0.002934 -0.043730 0.045936 0.414675
0.249396 -0.007562 0.094356 -0.273786 -1.527756
0.242981 0.005183 -0.413533 0.897137 2.040237
0.240133 0.008683 0.268611 -0.698986 -0.982189
0.244217 -0.003016 -0.062976 0.100501 0.952854
0.248056 -0.013804 0.253991 -0.631773 -1.413641
0.248745 -0.016803 -0.217755 0.465821 -0.625070
0.235983 0.010455 -0.420189 0.896431 0.832114
0.224822 0.032612 -0.139366 0.225333 0.085751
0.219777 0.040802 -0.113107 0.186369 0.945573
0.221474 0.034487 0.197018 -0.493870 0.160360
0.230266 0.013770 0.242889 -0.545371 -1.954100
0.226865 0.023064 -0.410700 0.990268 2.728156
0.228674 0.020046 0.497953 -1.112307 -1.253909
0.240033 -0.003190 0.072021 -0.068642 -0.122409
0.242090 -0.003993 0.030982 0.027021 0.057154
0.243716 -0.003874 0.050244 -0.020392 -1.252005
0.237396 0.014529 -0.365077 0.930761 1.251642
0.231221 0.031678 0.054405 -0.055900 0.266377
0.235082 0.026210 0.138524 -0.216298 1.461026
0.250242 -0.003935 0.618412 -1.282118 -1.470240
0.265004 -0.030965 0.122099 -0.091605 -0.845000
0.264316 -0.022204 -0.155757 0.522817 0.765976
0.263301 -0.014224 0.103921 -0.113366 0.139628
0.268395 -0.021037 0.150693 -0.227048 -0.095201
0.273795 -0.028798 0.119578 -0.163443 -1.215304
0.270529 -0.017081 -0.281728 0.739014 0.505482
0.262767 0.003373 -0.107452 0.293963 1.884478
0.271036 -0.014094 0.519005 -1.150452 -0.904244
0.285632 -0.044973 0.212594 -0.410224 -1.082998
0.286970 -0.045228 -0.144484 0.386239 -0.841129
0.275752 -0.018395 -0.416055 0.952888 2.566333
0.276363 -0.021369 0.443524 -1.073688 -2.081506
0.280143 -0.031384 -0.251786 0.548034 0.468096
0.273336 -0.018078 -0.089452 0.125741 0.110951
0.270555 -0.015310 -0.049840 0.014781 -0.360585
0.266198 -0.009524 -0.167672 0.272033 -0.928102
0.253380 0.015062 -0.472631 0.952553 1.754443
0.246255 0.025329 0.114024 -0.417784 -0.454829
0.247671 0.016781 -0.042462 -0.016911 -0.098049
0.245279 0.018057 -0.077004 0.079597 0.132568
0.243051 0.019552 -0.034568 -0.003340 -0.446907
0.238650 0.026777 -0.185071 0.360883 0.698759
0.235886 0.030662 0.046001 -0.158512 0.150096
0.238629 0.022981 0.091157 -0.226146 0.648418
0.246498 0.004852 0.301968 -0.677594 -1.441453
0.248870 0.000953 -0.181534 0.465859 0.958721
0.248050 0.004300 0.139281 -0.287280 0.260307
0.255294 -0.010665 0.222962 -0.461499 -0.535839
0.260597 -0.020484 0.043031 -0.037352 0.823009
0.267827 -0.035003 0.317739 -0.682373 -1.772127
0.268723 -0.034964 -0.270843 0.665407 0.871576
0.263861 -0.023394 0.026388 -0.074303 -1.171538
0.257163 -0.008780 -0.360252 0.795713 1.266813
0.251317 0.002353 0.066208 -0.222530 -0.519151
0.250471 0.001815 -0.107862 0.189724 0.627405
0.250353 -0.000412 0.101238 -0.294694 -0.487712
0.251112 -0.004287 -0.062594 0.094683 -0.358649
0.246245 0.004820 -0.180556 0.358751 1.838245
0.251292 -0.009404 0.430998 -1.052955 -1.419753
0.258947 -0.028492 -0.046098 0.078773 -0.815584
0.251752 -0.013549 -0.313034 0.663186 0.755597
0.244386 0.000203 -0.056484 0.035905 -0.271829
0.240323 0.005805 -0.146484 0.242412 1.016403
0.241247 -0.000270 0.191611 -0.536427 -0.804929
0.243475 -0.008617 -0.079052 0.108355 -0.409046
0.237626 0.001690 -0.213118 0.404867 0.165488
0.230259 0.014874 -0.155729 0.258998 1.225288
0.232184 0.006446 0.250740 -0.669071 -1.032913
0.235226 -0.003370 -0.097205 0.164633 0.337534
0.233613 -0.002235 0.016153 -0.103858 -0.744570
0.229294 0.005172 -0.231376 0.467629 1.605494
0.230776 -0.001258 0.303681 -0.773004 -1.251188
0.234484 -0.011918 -0.116531 0.223880 -0.369563
0.227423 0.002174 -0.236389 0.479903 0.464676
0.221125 0.013675 -0.079336 0.102757 -0.179032
0.216744 0.020751 -0.139626 0.250382 0.330417
0.213345 0.025877 -0.030758 0.010304 0.130625
0.212925 0.024909 0.009629 -0.057925 0.442323
0.216184 0.016495 0.153012 -0.360214 -0.571125
0.218410 0.011764 -0.040895 0.116093 0.220039
0.218224 0.013188 0.031338 -0.042392 0.350501
0.221768 0.006513 0.145603 -0.289193 -0.213432
0.226108 -0.001195 0.071860 -0.100385 0.240382
0.230564 -0.008754 0.150771 -0.276602 -0.400534
0.233902 -0.013456 0.016730 0.036172 0.434579
0.237492 -0.019004 0.162339 -0.309818 -0.877416
0.238140 -0.017906 -0.128933 0.355566 -0.002968
0.233052 -0.004488 -0.125773 0.318509 -0.181915
0.226865 0.010557 -0.183680 0.435124 1.698133
0.230851 0.001580 0.381161 -0.867503 -1.723058
0.234497 -0.005411 -0.196662 0.497375 0.600853
0.230710 0.004503 0.006378 0.007196 0.204635
0.232313 0.001783 0.073583 -0.141652 -0.517038
0.231786 0.004333 -0.099314 0.263941 0.465752
0.230937 0.007525 0.056245 -0.098612 0.154292
0.234177 0.001558 0.105680 -0.199476 -0.888465
0.232455 0.007575 -0.190812 0.491776 1.079732
0.232057 0.010221 0.169557 -0.347152 -0.882573
0.232888 0.010638 -0.126947 0.358208 1.908794
0.240531 -0.004544 0.507168 -1.099914 -2.496173
0.244051 -0.008786 -0.328062 0.859481 1.929986
0.243911 -0.005366 0.318617 -0.666436 -1.378740
0.247389 -0.010033 -0.142923 0.416943 0.774189
0.246902 -0.005997 0.117525 -0.205587 -0.435242
0.248684 -0.007355 -0.027851 0.132635 0.482591
0.250812 -0.009770 0.133669 -0.248500 -0.797471
0.250833 -0.007312 -0.131720 0.363320 -0.087976
0.245045 0.007960 -0.157891 0.402716 1.687680
0.249994 -0.002170 0.403523 -0.893048 -1.238490
0.257760 -0.017681 -0.013342 0.100435 -0.330804
0.255076 -0.009085 -0.120694 0.327861 0.197363
0.251626 0.000389 -0.052243 0.150218 1.115783
0.256976 -0.010896 0.318620 -0.704703 -0.616906
0.265530 -0.028880 0.110208 -0.205110 0.077035
0.270480 -0.038625 0.137339 -0.282999 -1.121068
0.268559 -0.033223 -0.232223 0.542643 -0.465875
0.256324 -0.005822 -0.379574 0.828847 0.374243
0.243768 0.020375 -0.249272 0.490924 1.634536
0.244695 0.014763 0.293832 -0.755174 -1.343274
0.247364 0.006580 -0.158586 0.329201 0.919363
0.247168 0.005374 0.147732 -0.379775 -1.115180
0.245587 0.007986 -0.225494 0.498553 0.872663
0.242426 0.014080 0.066292 -0.183037 -0.079352
0.244487 0.008588 0.037007 -0.093901 0.167264
0.247043 0.002627 0.090715 -0.203804 -0.313512
0.248545 -0.000336 -0.015153 0.051515 -0.175193
0.246778 0.004380 -0.073091 0.183356 0.357487
0.246246 0.006119 0.046033 -0.092175 -0.574910
0.244231 0.011571 -0.146187 0.359494 1.362703
0.247472 0.004847 0.306744 -0.682395 -0.624833
0.255466 -0.011783 0.094087 -0.159767 -0.757624
0.254187 -0.006553 -0.157253 0.414234 2.055142
0.261640 -0.022223 0.527713 -1.178365 -1.880837
0.270106 -0.039383 -0.101758 0.295976 -1.110581
0.258778 -0.011764 -0.463983 1.079621 0.318261
0.242522 0.024854 -0.349951 0.762941 1.751851
0.240232 0.028074 0.233266 -0.582365 -0.098797
0.248751 0.007764 0.193303 -0.439096 -0.646120
0.252097 0.000935 -0.025067 0.088857 0.508657
0.254485 -0.003382 0.143928 -0.300089 -0.443957
0.257246 -0.008202 -0.005226 0.053187 0.454861
0.260084 -0.013284 0.146691 -0.303285 -0.694734
0.261310 -0.014606 -0.084553 0.229396 -0.049996
0.257658 -0.005269 -0.098181 0.239193 -0.497624
0.250465 0.011542 -0.261238 0.599591 2.071163
0.253854 0.003217 0.428355 -0.995154 -0.873156
0.265017 -0.021732 0.131435 -0.267459 -0.321346
0.268141 -0.027604 0.025243 -0.030658 -0.562255
0.265465 -0.020759 -0.158575 0.368676 -0.007289
0.259172 -0.006837 -0.156363 0.330664 0.388249
0.255563 -0.000141 -0.024711 0.010010 -0.818698
0.249128 0.012858 -0.296313 0.633695 0.683758
0.241889 0.027192 -0.066787 0.093540 1.110829
0.246556 0.014422 0.299122 -0.723219 -1.215311
0.250291 0.005503 -0.110659 0.261728 -0.490313
0.242627 0.023322 -0.272316 0.627606 1.339485
0.240682 0.027606 0.173354 -0.398145 -0.487217
0.244249 0.020377 0.005784 0.029320 0.024315
0.244595 0.021655 0.011511 0.034771 1.088395
0.252245 0.006831 0.370054 -0.767690 -0.342844
0.264628 -0.017379 0.250046 -0.452064 -0.024836
0.274428 -0.034834 0.240309 -0.424552 -1.008985
0.277338 -0.036529 -0.093608 0.328891 0.709725
0.278439 -0.035514 0.147721 -0.269586 -1.034168
0.277504 -0.030849 -0.193355 0.493091 1.222487
0.278040 -0.031235 0.218621 -0.498543 -1.515785
0.276696 -0.027930 -0.284127 0.648343 0.485278
0.268716 -0.010929 -0.115833 0.211167 -0.037002
0.263891 -0.002416 -0.125556 0.216100 0.228262
0.260424 0.002410 -0.048184 0.028780 0.667110
0.262932 -0.006638 0.172962 -0.475847 -1.266257
0.261369 -0.005703 -0.249626 0.508947 -0.119256
0.250679 0.015709 -0.285177 0.565068 1.212102
0.247383 0.019340 0.118857 -0.369638 0.358320
0.254420 0.000027 0.232998 -0.596627 0.188031
0.264897 -0.025893 0.291197 -0.703026 -1.051776
0.269499 -0.037494 -0.059602 0.109150 -0.545406
0.263587 -0.025740 -0.235685 0.475796 -0.007629
0.254237 -0.007792 -0.232207 0.425820 0.003596
0.245054 0.008466 -0.227282 0.390811 0.128948
0.236861 0.021823 -0.182801 0.281244 0.950431
0.235864 0.018641 0.131895 -0.431001 -0.879254
0.235184 0.015948 -0.164759 0.285802 -0.394038
0.225979 0.033455 -0.295323 0.588697 1.276480
0.222666 0.037442 0.128104 -0.374967 0.657903
0.232023 0.013750 0.339521 -0.808300 -0.352867
0.243100 -0.011723 0.215307 -0.475069 -0.159722
0.250599 -0.027871 0.160196 -0.337465 -0.818518
0.251571 -0.028961 -0.110650 0.274154 -1.101824
0.239919 -0.002073 -0.471243 1.064546 1.543634
0.231501 0.015361 0.048080 -0.171978 0.025259
0.233529 0.008717 0.053470 -0.161665 -0.389424
0.233031 0.008689 -0.077911 0.155820 -0.637221
0.225677 0.024743 -0.289325 0.643152 2.407305
0.230152 0.013261 0.510515 -1.193866 -1.218937
0.242250 -0.013825 0.096451 -0.180015 -0.533548
0.242558 -0.012870 -0.080443 0.222309 -0.593293
0.235452 0.004582 -0.274536 0.647751 1.248989
0.232863 0.010585 0.143426 -0.332588 0.708478
0.243234 -0.012873 0.374808 -0.837867 -0.800404
0.252799 -0.033233 0.104861 -0.193349 -0.637977
0.252792 -0.031649 -0.104542 0.266412 0.014233
0.248813 -0.022265 -0.094695 0.205476 -1.139928
0.237521 0.002709 -0.469099 1.036556 0.568269
0.222687 0.034154 -0.273970 0.548889 0.600075
0.215723 0.046999 -0.075184 0.102281 0.256200
0.214326 0.048157 0.005082 -0.042138 1.711413
0.225790 0.021433 0.566777 -1.282336 -0.690831
0.243619 -0.016996 0.326335 -0.655452 -0.100144
0.255937 -0.041150 0.290217 -0.558435 -0.609333
0.263496 -0.054308 0.088683 -0.108498 -0.419427
0.264355 -0.053296 -0.045312 0.155605 -1.131919
0.255156 -0.031118 -0.413885 0.946812 1.900669
0.251452 -0.024388 0.226222 -0.587536 -2.394656
0.244538 -0.010864 -0.569376 1.240905 0.220945
0.223445 0.033499 -0.486475 0.989522 1.591784
0.214645 0.048149 0.044213 -0.236635 0.534185
0.219821 0.031958 0.214358 -0.571476 -0.711339
0.223504 0.021564 -0.029077 0.041184 0.568912
0.226079 0.014960 0.157328 -0.366987 -0.653096
0.227934 0.011192 -0.063650 0.170300 0.854996
0.231072 0.004943 0.219634 -0.474906 -0.768675
0.234656 -0.001452 -0.039353 0.145173 0.688561
0.237682 -0.006410 0.189935 -0.386574 -0.706081
0.240533 -0.010616 -0.046440 0.167650 -0.184771
0.237490 -0.001500 -0.105679 0.288257 -1.012480
0.226571 0.025207 -0.439609 1.041680 1.240113
0.217331 0.047076 -0.024383 0.070066 1.158763
0.223959 0.033151 0.354804 -0.757658 0.369170
0.240412 -0.000999 0.468183 -0.953851 -2.025108
0.245518 -0.006742 -0.210290 0.643149 2.403262
0.253198 -0.018907 0.591582 -1.227483 -0.756893
0.271673 -0.055135 0.333902 -0.600121 -1.669855
0.273956 -0.053983 -0.217851 0.640513 0.439163
0.268372 -0.037164 -0.062290 0.209707 -0.145398
0.265024 -0.027648 -0.105207 0.267166 1.588781
0.271481 -0.042319 0.426331 -0.985858 -3.000000
0.268531 -0.035367 -0.570446 1.302926 1.085381
0.253205 -0.002443 -0.197883 0.362771 -0.907909
0.239310 0.025506 -0.496316 1.030775 1.293797
0.228161 0.046128 -0.063197 0.018896 0.269567
0.227323 0.043832 0.021120 -0.132040 0.355874
0.230413 0.034323 0.133246 -0.342343 0.569877
0.239401 0.013174 0.315971 -0.714143 -1.097002
0.244600 0.002763 -0.054436 0.179026 0.222668
0.243920 0.006371 0.020064 0.004539 -0.443186
0.241755 0.013546 -0.127886 0.350792 0.950215
0.242977 0.012872 0.187880 -0.374431 -0.525027
0.246909 0.006805 0.009473 0.063708 0.635823
0.251505 -0.000297 0.219741 -0.413508 -0.146460
0.259252 -0.013997 0.168067 -0.276114 -0.342483
0.263679 -0.019692 0.053820 -0.013480 0.706512
0.270566 -0.031478 0.289908 -0.570311 -0.337869
0.279893 -0.049031 0.177187 -0.314488 -1.287386
0.278479 -0.042546 -0.246563 0.626889 -0.042043
0.268522 -0.018611 -0.251809 0.575333 1.674598
0.269715 -0.022487 0.309444 -0.751268 -1.906337
0.269348 -0.022748 -0.325516 0.717531 -0.650628
0.252157 0.014497 -0.534060 1.146026 1.256991
0.239295 0.039875 -0.111092 0.142277 0.690584
0.239374 0.035743 0.114349 -0.342917 -0.586471
0.239914 0.032354 -0.086530 0.165725 0.626297
0.240566 0.029941 0.118510 -0.280616 0.108836
0.245917 0.018157 0.149179 -0.310480 -0.128183
0.250938 0.008587 0.102288 -0.171865 -0.037227
0.254731 0.002757 0.087532 -0.121459 0.408175
0.260916 -0.008101 0.221494 -0.419446 -0.467632
0.266614 -0.017279 0.064126 -0.046501 -0.329495
0.267012 -0.014373 -0.043874 0.189046 0.545982
0.268944 -0.015743 0.139810 -0.251609 -0.416915
0.271755 -0.019391 0.001297 0.064034 -0.149026
0.270864 -0.015035 -0.045806 0.153341 -0.253968
0.267394 -0.005514 -0.127580 0.322248 1.222569
0.270481 -0.011926 0.280536 -0.630752 -1.017593
0.274860 -0.020921 -0.060138 0.167994 -0.330469
0.270325 -0.009797 -0.166500 0.387340 0.477348
0.266917 -0.002344 -0.004625 -0.007696 0.005307
0.266769 -0.002740 -0.002814 -0.012129 -0.839867
0.261070 0.009668 -0.281341 0.626051 1.069838
0.257003 0.017703 0.076516 -0.210910 0.258663
0.261709 0.006025 0.158765 -0.373034 0.447031
0.270960 -0.015087 0.303664 -0.682397 -1.154469
0.275353 -0.024051 -0.082395 0.219702 -0.590747
0.268211 -0.007002 -0.274394 0.630350 0.584934
0.261235 0.008258 -0.075490 0.142539 0.805076
0.263570 0.001630 0.191460 -0.466690 -1.910668
0.258441 0.013017 -0.445819 1.017421 1.951230
0.253708 0.022730 0.206605 -0.508345 -0.260317
0.260110 0.007640 0.114136 -0.252669 -0.851631
0.258950 0.011173 -0.171128 0.420563 0.591470
0.256074 0.018650 0.026427 -0.038765 0.064090
0.257504 0.016643 0.045109 -0.061657 0.528085
0.262769 0.006577 0.217742 -0.438335 0.005045
0.271425 -0.010251 0.215428 -0.406871 -0.767188
0.274894 -0.014391 -0.040973 0.190655 0.176596
0.274485 -0.010023 0.020187 0.030829 0.289322
0.277239 -0.013467 0.117193 -0.200424 -0.098549
0.281265 -0.019973 0.084370 -0.127221 0.264220
0.286417 -0.029373 0.173093 -0.341633 -1.096199
0.286060 -0.026394 -0.189742 0.479643 -0.239832
0.277003 -0.004739 -0.263347 0.605637 0.665846
0.270997 0.008375 -0.038025 0.060350 0.085651
0.270033 0.009626 -0.010294 0.003224 -0.239209
0.268005 0.013688 -0.090856 0.197952 1.321337
0.273156 0.001401 0.347073 -0.800739 -0.321257
0.284773 -0.024551 0.234724 -0.506161 -1.895796
0.281527 -0.015540 -0.394975 0.938334 2.112648
0.279954 -0.012039 0.313680 -0.739100 -0.377850
0.289899 -0.035054 0.184507 -0.420736 -1.058377
0.290253 -0.035856 -0.165559 0.369354 -0.561832
0.280028 -0.013747 -0.345571 0.735425 1.460399
0.276060 -0.008035 0.145285 -0.432352 -0.848789
0.276177 -0.011867 -0.138339 0.230689 -0.005073
0.270670 -0.003114 -0.137188 0.209008 -0.331698
0.263015 0.010023 -0.245480 0.447069 -0.506998
0.249869 0.035359 -0.411692 0.819464 1.848093
0.245733 0.039545 0.202631 -0.589493 -0.913023
0.247589 0.031719 -0.108552 0.185864 1.083967
0.250409 0.023040 0.248532 -0.610396 -0.056153
0.259830 0.000875 0.223072 -0.503698 -0.294021
0.266714 -0.014022 0.121825 -0.247733 0.145080
0.272541 -0.026115 0.169599 -0.357779 -0.932452
0.273124 -0.026199 -0.139379 0.343723 0.275598
0.269489 -0.017713 -0.042923 0.085834 0.084898
0.268387 -0.016075 -0.012360 -0.002343 0.174839
0.269088 -0.019190 0.047279 -0.151936 -0.132252
0.270118 -0.023445 0.004413 -0.062937 -0.167905
0.269219 -0.023812 -0.049181 0.043016 -0.472766
0.264166 -0.015409 -0.203114 0.374142 -0.065968
0.255693 -0.000257 -0.220787 0.386302 0.479570
0.250111 0.007336 -0.059071 0.000264 0.320620
0.249864 0.002621 0.046469 -0.233634 -0.622649
0.247540 0.003246 -0.161956 0.258109 1.601066
0.251743 -0.011266 0.370499 -0.969358 -1.108202
0.259069 -0.031955 -0.002403 -0.081764 -1.495050
0.249088 -0.012872 -0.495305 1.024306 1.546901
0.239751 0.002696 0.026186 -0.225280 0.049250
0.241086 -0.006680 0.040743 -0.245102 -1.073273
0.235555 0.000206 -0.316158 0.579196 0.210708
0.224399 0.019397 -0.242325 0.386840 -0.327612
0.212543 0.039863 -0.350423 0.636988 2.386989
0.214404 0.028830 0.440941 -1.165795 -0.690227
0.227211 -0.004944 0.200946 -0.538291 -1.050839
0.228186 -0.009694 -0.150801 0.288265 0.846150
0.227846 -0.011740 0.132816 -0.381572 -1.116428
0.225700 -0.009582 -0.238855 0.477824 0.172404
0.217385 0.006054 -0.177436 0.309445 0.539733
0.213910 0.009900 0.002970 -0.110466 -0.244296
0.212364 0.009646 -0.079963 0.094810 -1.270801
0.200705 0.033090 -0.501901 1.068180 2.381588
0.196550 0.038654 0.291198 -0.762982 -0.605225
0.203970 0.019378 0.080965 -0.212251 0.212705
0.208544 0.008394 0.147759 -0.337374 -1.137006
0.206817 0.013053 -0.232811 0.558671 1.144141
0.205166 0.017425 0.148783 -0.326755 -0.130984
0.210152 0.007250 0.100960 -0.185963 1.080751
0.221330 -0.016333 0.457119 -0.986608 -1.097367
0.232197 -0.037964 0.088019 -0.111669 -1.491753
0.225860 -0.020223 -0.403532 0.986972 0.426751
0.212747 0.010953 -0.253298 0.583622 0.773116
0.207818 0.021937 0.005673 -0.023647 0.720459
0.212780 0.010508 0.241847 -0.542819 -0.698523
0.217697 0.000537 0.005074 0.034229 0.165779
0.219002 -0.000632 0.059984 -0.091153 -0.303143
0.219367 0.000529 -0.041375 0.146082 1.022763
0.224531 -0.009482 0.298560 -0.637622 -1.158988
0.228683 -0.016510 -0.089393 0.272051 0.233885
0.226736 -0.009927 -0.008399 0.061364 -0.006735
0.226383 -0.007641 -0.009350 0.053489 -0.019764
0.225898 -0.005406 -0.014918 0.058595 0.362958
0.227732 -0.008803 0.106262 -0.225127 0.511865
0.235369 -0.025536 0.275278 -0.609414 -1.003987
0.239663 -0.034239 -0.059168 0.161652 0.191095
0.238665 -0.031682 0.008918 -0.030602 -0.870733
0.233295 -0.020196 -0.276697 0.598361 0.739015
0.227276 -0.008849 -0.025378 -0.020107 -1.154065
0.218600 0.007931 -0.407411 0.850242 1.370907
0.211532 0.019965 0.052116 -0.230920 -1.248027
0.205235 0.030702 -0.365620 0.755964 1.406813
0.200009 0.039091 0.102464 -0.319642 0.629022
0.208153 0.018021 0.304483 -0.732283 0.487878
0.223423 -0.017330 0.459190 -1.037968 -2.230056
0.226835 -0.023578 -0.285757 0.699881 0.848771
0.221205 -0.010064 0.002910 -0.011583 -0.201064
0.220001 -0.007619 -0.062913 0.132280 0.492259
0.220793 -0.010208 0.101959 -0.256759 -1.068733
0.217743 -0.003917 -0.253302 0.561083 0.523812
0.211187 0.009675 -0.075458 0.127302 -0.352100
0.205822 0.020268 -0.192585 0.400588 0.595837
0.202093 0.027116 0.005342 -0.050467 0.541179
0.205835 0.017524 0.181317 -0.425779 -1.009444
0.206265 0.017015 -0.158531 0.388825 0.680845
0.204468 0.022030 0.067789 -0.129783 -0.209577
0.205712 0.020786 -0.005299 0.064625 0.691664
0.210058 0.013190 0.221957 -0.438903 0.601779
0.222836 -0.012674 0.416827 -0.853576 -1.376195
0.230248 -0.024788 -0.044338 0.230186 -0.846039
0.222930 -0.003423 -0.321008 0.833843 0.503399
0.213567 0.021047 -0.148302 0.400653 1.549811
0.217950 0.013272 0.365812 -0.774547 0.285257
0.234327 -0.020705 0.453400 -0.928812 -1.482194
0.242503 -0.034293 -0.042490 0.230286 0.026109
0.241082 -0.026543 -0.028805 0.159724 0.143921
0.240965 -0.023153 0.022668 0.012521 -0.442057
0.238980 -0.016376 -0.121553 0.323278 0.286090
0.236103 -0.008613 -0.022877 0.069979 -0.210144
0.233816 -0.002840 -0.091355 0.217751 -0.295051
0.228234 0.010086 -0.187628 0.428125 0.685453
0.225327 0.016383 0.041320 -0.104487 -0.739458
0.222005 0.024123 -0.206656 0.484689 1.243433
0.222023 0.024374 0.206098 -0.458835 -0.716159
0.225375 0.018241 -0.037483 0.142594 0.823634
0.229329 0.011573 0.234357 -0.468785 -0.504935
0.235241 0.001519 0.062101 -0.041877 -0.483788
0.234490 0.007414 -0.099164 0.332540 0.739285
0.235468 0.009133 0.147144 -0.238229 0.822965
0.246765 -0.012463 0.417157 -0.837426 -1.065398
0.256258 -0.028720 0.059139 0.009360 0.198247
0.260000 -0.032025 0.127775 -0.172692 -0.369415
0.262694 -0.033731 0.007331 0.083405 0.055956
0.263442 -0.032108 0.029906 -0.000744 -1.282853
0.256173 -0.013144 -0.392277 0.939631 0.497147
0.243956 0.015283 -0.219761 0.493586 1.085455
0.242423 0.018090 0.141722 -0.340925 0.163609
0.249084 0.002855 0.191491 -0.422681 -1.329526
0.247824 0.007047 -0.252929 0.618463 1.687813
0.249007 0.005236 0.310090 -0.690988 0.453645
0.264307 -0.028287 0.455035 -0.987548 -1.342374
0.273489 -0.046481 0.006109 0.059265 -0.034450
0.273613 -0.044703 0.000008 0.030397 0.259771
0.275442 -0.048515 0.091115 -0.218306 -1.028472
0.272322 -0.042276 -0.246067 0.521189 -0.481729
0.259447 -0.015678 -0.397731 0.809975 1.484464
0.253571 -0.007502 0.101893 -0.382823 -0.976654
0.251109 -0.007444 -0.223801 0.375051 -0.188262
0.240979 0.009805 -0.282854 0.489219 1.147717
0.237352 0.011346 0.100103 -0.399356 0.237085
0.242848 -0.007445 0.174825 -0.541901 -2.289855
0.234544 0.006640 -0.587569 1.224121 0.923660
0.217357 0.039966 -0.273620 0.459710 1.715413
0.217798 0.032383 0.293843 -0.822477 -1.390455
0.220107 0.022717 -0.176468 0.321343 0.582510
0.216918 0.026761 0.016283 -0.112246 -0.234494
0.215931 0.026680 -0.065329 0.105183 -0.242100
0.211661 0.035123 -0.148009 0.315669 1.674664
0.216842 0.022482 0.405392 -0.932858 -1.104177
0.225517 0.003938 0.030124 -0.010869 -0.215326
0.225273 0.006961 -0.042089 0.160215 -0.738393
0.218681 0.024705 -0.286961 0.722516 2.007792
0.220604 0.022434 0.380754 -0.814944 -0.294260
0.233697 -0.003990 0.274855 -0.515621 -0.335698
0.242382 -0.018814 0.160094 -0.232548 -0.394170
0.246163 -0.022143 0.029508 0.061328 1.107318
0.254760 -0.037247 0.399253 -0.807224 -1.183283
0.262817 -0.051125 0.005298 0.097641 -0.654687
0.258800 -0.038455 -0.205724 0.532351 0.370932
0.253200 -0.024421 -0.075079 0.177062 1.578983
0.260776 -0.042354 0.452270 -1.059653 -2.717621
0.260731 -0.042593 -0.451284 1.018447 -0.333940
0.240704 0.000962 -0.550626 1.165804 1.584830
0.229396 0.021744 -0.017189 -0.104584 0.292395
0.230588 0.013747 0.076666 -0.294208 -1.660196
0.222536 0.028226 -0.477515 1.002691 2.103268
0.217509 0.035405 0.223490 -0.619398 0.028524
0.226464 0.011875 0.224787 -0.562539 -0.548016
0.231696 -0.001143 0.037739 -0.097432 -0.260700
0.231455 -0.000893 -0.049443 0.107106 0.181878
0.230702 0.000471 0.011537 -0.036599 0.344718
0.233447 -0.006191 0.125412 -0.294214 -0.451882
0.235423 -0.010730 -0.025961 0.061366 0.946409
0.240709 -0.023108 0.289383 -0.672399 -1.944255
0.239300 -0.019749 -0.357605 0.820081 1.321848
0.233954 -0.008771 0.088444 -0.253951 -0.382085
0.234929 -0.012889 -0.039147 0.043055 0.667855
0.237839 -0.021749 0.183993 -0.480469 -1.213491
0.237102 -0.022162 -0.219406 0.446705 -0.313221
0.226358 -0.000561 -0.317902 0.634992 1.019778
0.220522 0.008342 0.024690 -0.176660 -0.818562
0.216019 0.014313 -0.248977 0.467349 0.911179
0.212158 0.018753 0.054770 -0.234568 -0.811819
0.208871 0.022623 -0.218214 0.419628 0.517367
0.203594 0.031465 -0.046395 0.029754 0.730945
0.206531 0.022162 0.192612 -0.489482 0.000985
0.214115 0.003775 0.187028 -0.434312 -1.266047
0.213096 0.006561 -0.236487 0.560221 1.200076
0.211686 0.009978 0.164433 -0.375518 1.003757
0.224856 -0.019690 0.493516 -1.103510 -1.205453
0.236451 -0.044264 0.088219 -0.143785 -1.175751
0.232235 -0.032773 -0.297927 0.708739 1.590660
0.231074 -0.030521 0.237863 -0.577652 -1.769469
0.228800 -0.026366 -0.349589 0.767396 0.793440
0.220267 -0.009461 -0.078399 0.090621 -0.077959
0.216646 -0.004947 -0.102640 0.135316 -0.801440
0.207241 0.012515 -0.367050 0.732832 1.713978
0.204042 0.014846 0.204989 -0.597110 -0.913890
0.206038 0.006176 -0.103870 0.151424 0.892237
0.207826 -0.001500 0.192369 -0.527226 -1.314137
0.206701 -0.001696 -0.247021 0.502938 -0.350881
0.194565 0.023135 -0.359876 0.740149 1.758316
0.191922 0.025329 0.225610 -0.611023 -1.079148
0.193618 0.018902 -0.139345 0.276011 0.946237
0.194335 0.015518 0.174127 -0.435882 0.017004
0.201309 -0.001198 0.174942 -0.403653 -1.061342
0.201184 -0.000487 -0.179910 0.427666 1.301310
0.202706 -0.003917 0.254502 -0.585615 -1.187966
0.204899 -0.008360 -0.143279 0.349441 -0.082397
0.198688 0.006262 -0.167519 0.384058 0.064166
0.192455 0.020310 -0.144512 0.322025 0.698417
0.191319 0.022548 0.086857 -0.202312 -0.393504
0.192090 0.021335 -0.047741 0.136665 0.961745
0.196545 0.012387 0.269558 -0.575859 -0.482730
0.203996 -0.002131 0.103891 -0.158743 0.220249
0.209591 -0.011658 0.175809 -0.317273 -0.826575
0.211097 -0.011454 -0.099525 0.318569 -0.298137
0.205201 0.005221 -0.195292 0.515726 1.280516
0.205968 0.005654 0.232093 -0.480023 -0.219741
0.213699 -0.009355 0.155048 -0.276259 -0.094869
0.219243 -0.018753 0.122452 -0.196632 -0.082984
0.223595 -0.025474 0.095389 -0.141557 -1.071436
0.220315 -0.015043 -0.258387 0.654062 0.050066
0.210440 0.009168 -0.235932 0.562577 0.948301
0.207371 0.016607 0.081182 -0.178730 0.377023
0.213057 0.004332 0.202971 -0.433873 -0.262708
0.219348 -0.008265 0.112164 -0.201717 -1.134285
0.216272 0.001213 -0.264803 0.665304 0.812852
0.211180 0.014519 0.008933 0.011849 0.989984
0.218087 0.000149 0.335536 -0.722907 -0.718726
0.226612 -0.016713 0.091949 -0.131874 -0.971665
0.223838 -0.007232 -0.229676 0.597619 0.378812
0.217273 0.009929 -0.099441 0.268452 1.118060
0.220745 0.003406 0.271888 -0.583959 -1.404366
0.222178 0.002526 -0.198550 0.524237 0.924702
0.220455 0.008691 0.111168 -0.204522 -0.320452
0.222714 0.005952 0.002248 0.063277 -0.180381
0.221594 0.011352 -0.058111 0.205815 0.101873
0.219947 0.018054 -0.024489 0.131648 0.833582
0.224485 0.010806 0.250572 -0.486820 -0.701216
0.229739 0.003054 0.013143 0.089603 0.111667
0.231007 0.004921 0.050088 0.005308 0.848933
0.238640 -0.007755 0.330813 -0.632661 -0.242889
0.250170 -0.028618 0.246440 -0.417661 -1.981552
0.246842 -0.014958 -0.410801 1.082448 1.083952
0.237811 0.009940 -0.042617 0.180026 0.125246
0.236938 0.015253 -0.001274 0.087985 0.305442
0.238892 0.014364 0.098612 -0.129549 0.708581
0.247491 -0.001150 0.330839 -0.642030 -0.662978
0.256212 -0.015767 0.106338 -0.099381 0.547882
0.264122 -0.028345 0.288749 -0.525989 -0.859916
0.269929 -0.036094 0.002808 0.127779 -0.355553
0.267771 -0.026490 -0.110576 0.351204 1.254894
0.271801 -0.032756 0.310633 -0.651637 -1.139837
0.276616 -0.041178 -0.068347 0.216583 -0.784802
0.268784 -0.021675 -0.322824 0.754972 0.568304
0.259810 -0.001680 -0.126982 0.255669 -0.234093
0.253214 0.011799 -0.202842 0.418661 0.648858
0.249451 0.018330 0.013772 -0.083714 0.792220
0.255214 0.003387 0.273819 -0.658338 -2.352462
0.250408 0.014193 -0.511497 1.174971 1.229206
0.238267 0.041115 -0.097626 0.190573 0.320626
0.236427 0.044562 0.005214 -0.014656 1.128615
0.244033 0.027759 0.374177 -0.817742 0.244620
0.260436 -0.006929 0.446451 -0.922002 -1.811362
0.266113 -0.014866 -0.160193 0.503513 1.380872
0.268994 -0.016912 0.302545 -0.590841 -1.053345
0.274031 -0.023926 -0.049273 0.227199 0.109068
0.272867 -0.017329 -0.009224 0.105647 -0.146357
0.271574 -0.011356 -0.055419 0.192949 -0.221950
0.267930 -0.000708 -0.126742 0.339516 0.789856
0.268162 0.000309 0.137390 -0.279762 0.692995
0.278220 -0.021106 0.365076 -0.788061 -1.227213
0.284583 -0.033181 -0.045166 0.168394 -1.142078
0.275276 -0.009863 -0.419401 0.990690 -0.195053
0.257371 0.031247 -0.476433 1.071707 1.737184
0.249954 0.046795 0.103140 -0.272040 0.607517
0.257970 0.028084 0.297384 -0.661833 -0.254476
0.268004 0.007097 0.205150 -0.395324 -0.793764
0.270848 0.004218 -0.061927 0.241834 0.003569
0.268415 0.013657 -0.059905 0.232153 0.196450
0.267324 0.019980 0.004973 0.087283 1.337782
0.276382 0.003319 0.446733 -0.909733 -0.786822
0.288864 -0.019642 0.178835 -0.252127 0.532979
0.299560 -0.037985 0.355646 -0.662787 -0.998986
0.307120 -0.049120 0.023789 0.093045 0.210757
0.309590 -0.049853 0.099392 -0.126771 0.213328
0.315071 -0.059143 0.174480 -0.336620 -1.759104
0.310436 -0.046537 -0.404522 0.951630 -0.124731
0.293668 -0.008868 -0.434550 0.939400 0.903463
0.282457 0.013400 -0.127596 0.188973 0.855634
0.283042 0.007908 0.155958 -0.455643 -0.608079
0.285148 -0.000150 -0.049774 0.044169 -0.477743
0.279984 0.008929 -0.208015 0.406472 1.047055
0.278668 0.008802 0.140965 -0.401480 -0.201226
0.282886 -0.003390 0.070432 -0.213172 -0.516374
0.282241 -0.003742 -0.102036 0.189840 -0.157763
0.277145 0.005971 -0.152782 0.296213 0.681310
0.275595 0.007131 0.074444 -0.230561 0.409979
0.281246 -0.007881 0.207975 -0.518957 -0.981187
0.282975 -0.013019 -0.120253 0.250184 0.257886
0.279945 -0.007575 -0.031702 0.026239 -0.312926
0.276614 -0.001894 -0.134595 0.255724 0.042821
0.271556 0.007326 -0.118553 0.207803 1.751880
0.278480 -0.011349 0.463055 -1.126525 -1.235857
0.288634 -0.036152 0.046679 -0.132697 -1.048038
0.283590 -0.026001 -0.297879 0.631585 0.335547
0.274060 -0.007307 -0.179507 0.311302 0.255915
0.268645 0.000659 -0.091726 0.091646 -0.042096
0.264708 0.004896 -0.105157 0.120617 -0.788732
0.255262 0.021821 -0.366506 0.720551 1.356820
0.249686 0.029388 0.085891 -0.325932 -0.735213
0.248116 0.028791 -0.163438 0.287392 1.266425
0.249977 0.021165 0.255220 -0.657008 -0.420027
0.257243 0.002742 0.108997 -0.273131 -0.820994
0.256091 0.004898 -0.165653 0.372255 0.342979
0.251788 0.014174 -0.050085 0.097279 0.082476
0.250313 0.017037 -0.023822 0.047163 1.153645
0.256998 0.001576 0.357079 -0.811300 -0.995770
0.264527 -0.014417 0.020891 -0.002882 -0.333302
0.263172 -0.009703 -0.088320 0.236164 0.845059
0.265314 -0.013741 0.194448 -0.429504 0.174010
0.274211 -0.033300 0.250555 -0.550617 -2.661607
0.266520 -0.014465 -0.632401 1.468111 1.977981
0.254632 0.011613 0.035073 -0.136549 -1.163739
0.248246 0.024516 -0.353245 0.771477 0.929977
0.240360 0.040677 -0.042496 0.050017 1.754228
0.250238 0.016674 0.534929 -1.237187 -1.186379
0.263515 -0.012508 0.130979 -0.241605 0.592261
0.272679 -0.031196 0.326889 -0.690147 -1.141982
0.278121 -0.041036 -0.053245 0.183794 -0.715163
0.271350 -0.023867 -0.284859 0.671303 0.608259
0.264153 -0.007772 -0.076093 0.143990 -0.437000
0.258239 0.004365 -0.219345 0.460803 1.379677
0.258701 0.001122 0.240820 -0.608550 -1.100907
0.260913 -0.005431 -0.128728 0.267306 0.586589
0.259716 -0.004198 0.068130 -0.198883 0.464587
0.265508 -0.019087 0.221225 -0.543673 -1.287338
0.265752 -0.020745 -0.207436 0.446546 -0.269651
0.255773 0.000216 -0.291678 0.603437 1.576509
0.254682 -0.000635 0.235250 -0.628841 -1.733809
0.252464 0.001709 -0.344134 0.727436 0.865313
0.244559 0.016615 -0.052459 0.030655 0.613997
0.246511 0.008790 0.149488 -0.417192 -0.566719
0.248635 0.001606 -0.042396 0.050015 0.404961
0.249635 -0.002609 0.091976 -0.257280 -0.508018
0.249899 -0.004777 -0.078114 0.142869 0.607833
0.250848 -0.008667 0.124884 -0.331488 -0.122310
0.254996 -0.019771 0.082912 -0.227385 -0.553263
0.254640 -0.020490 -0.100050 0.185481 0.899298
0.256692 -0.027574 0.201654 -0.531022 -1.523294
0.254607 -0.025326 -0.304137 0.627627 -0.131331
0.241719 0.000402 -0.340706 0.663349 0.238702
0.229778 0.022422 -0.257074 0.445110 -0.610999
0.215451 0.049562 -0.459056 0.910552 1.055279
0.204130 0.069782 -0.108690 0.115984 1.661721
0.210682 0.050486 0.434933 -1.068504 0.242261
0.229416 0.006658 0.502458 -1.130648 -1.309582
0.240611 -0.016741 0.059422 -0.059031 0.113508
0.243766 -0.021114 0.098252 -0.159088 -0.931484
0.241519 -0.013408 -0.209705 0.536216 0.254257
0.234928 0.003148 -0.120492 0.298173 0.529279
0.233663 0.006659 0.056527 -0.116116 0.458113
0.238935 -0.004674 0.206748 -0.448099 -1.071828
0.240013 -0.005600 -0.151532 0.389837 0.068401
0.234473 0.008332 -0.125816 0.310667 1.040861
0.236388 0.004589 0.220398 -0.487406 0.016503
0.245225 -0.014363 0.221834 -0.464233 -0.368016
0.251607 -0.026952 0.097975 -0.171869 -1.365253
0.246476 -0.013217 -0.353259 0.847111 1.201418
0.240491 0.000810 0.052254 -0.129290 0.063575
0.242979 -0.005109 0.072201 -0.167272 0.511752
0.249253 -0.019519 0.241199 -0.550692 -1.106050
0.251501 -0.024240 -0.127381 0.301683 1.299258
0.255144 -0.033057 0.308083 -0.729716 -1.077391
0.260264 -0.045470 -0.050556 0.094896 -0.879266
0.252509 -0.029332 -0.336549 0.706715 -0.188752
0.237963 0.000243 -0.391197 0.776898 0.992117
0.229032 0.015075 -0.056875 -0.021104 0.267182
0.228498 0.010536 0.029945 -0.204186 -0.189277
0.228382 0.005825 -0.035398 -0.034656 -0.074063
0.226454 0.005791 -0.060875 0.031980 -0.716021
0.219247 0.018194 -0.298837 0.582904 0.549733
0.210997 0.032746 -0.114635 0.153669 0.374943
0.208853 0.033729 0.007034 -0.100742 0.661795
0.213443 0.020495 0.221988 -0.557232 -0.262354
0.220444 0.003494 0.128780 -0.299772 -1.078946
0.218361 0.008601 -0.231726 0.544280 0.630674
0.213346 0.020197 -0.020013 0.044889 0.730529
0.217362 0.011223 0.220147 -0.487919 0.030590
0.226267 -0.007810 0.225516 -0.467772 -1.272846
0.226763 -0.006481 -0.199256 0.520622 1.157656
0.226581 -0.004246 0.188737 -0.395596 -0.705593
0.229382 -0.008758 -0.047765 0.161260 1.094257
0.234789 -0.019497 0.317014 -0.688374 -1.226597
0.239246 -0.027688 -0.092529 0.263757 0.144142
0.236601 -0.020308 -0.040089 0.108859 -0.218725
0.233601 -0.013174 -0.109834 0.247331 0.422339
0.232081 -0.010369 0.033236 -0.101629 -0.729506
0.228563 -0.003295 -0.208426 0.448980 1.170051
0.228082 -0.003953 0.182969 -0.469111 -2.013150
0.221944 0.008783 -0.487670 1.086579 0.417693
0.205360 0.044617 -0.342803 0.717518 1.994047
0.204909 0.042859 0.317991 -0.784741 -0.934547
0.211198 0.027894 -0.002105 0.022375 1.239349
0.219292 0.010419 0.405771 -0.886928 -1.536456
0.225139 0.000018 -0.111325 0.347502 0.605141
0.224758 0.004202 0.091444 -0.130761 -0.606456
0.224346 0.008606 -0.111384 0.345164 0.478955
0.223103 0.014839 0.048543 -0.027009 -0.366823
0.222561 0.019821 -0.075283 0.272872 0.949531
0.225855 0.016297 0.238946 -0.439782 -0.378862
0.232782 0.005540 0.108125 -0.104878 0.346194
0.239373 -0.003656 0.221235 -0.353259 -0.353779
0.245816 -0.011915 0.101485 -0.065379 0.323485
0.252035 -0.019641 0.209248 -0.318871 -0.257248
0.258682 -0.028427 0.123545 -0.124952 -0.348180
0.261345 -0.028527 0.010000 0.116563 0.131359
0.262693 -0.026655 0.057169 -0.020705 -0.327026
0.262855 -0.023010 -0.048788 0.200581 1.044251
0.267925 -0.031785 0.301168 -0.629397 -1.124064
0.272468 -0.039566 -0.072549 0.226731 0.166526
0.270792 -0.034236 -0.011630 0.043346 -0.734715
0.265520 -0.022039 -0.251379 0.561695 -0.442008
0.252657 0.005993 -0.391890 0.841509 1.271737
0.245553 0.019167 0.034869 -0.165935 -0.021459
0.246735 0.013562 0.024413 -0.116124 -0.496354
0.244359 0.017049 -0.142634 0.285517 0.180997
0.239860 0.025743 -0.082704 0.152772 0.351460
0.238851 0.026891 0.031867 -0.091692 0.292646
0.241994 0.019517 0.125128 -0.275849 0.560866
0.250640 0.000732 0.306912 -0.661768 -0.962627
0.256406 -0.010006 -0.017224 0.111879 -0.635733
0.251522 0.003897 -0.226515 0.579471 0.665937
0.246965 0.016205 -0.002400 0.045879 0.165312
0.247934 0.015860 0.050678 -0.061686 0.576184
0.253743 0.005037 0.239336 -0.475814 -0.471669
0.260089 -0.005952 0.078791 -0.081328 -0.431200
0.260366 -0.002565 -0.064459 0.246749 0.952464
0.264161 -0.007673 0.253120 -0.492783 -1.196215
0.266264 -0.008482 -0.146472 0.439063 1.131814
0.268014 -0.009048 0.232561 -0.454917 -0.708446
0.272549 -0.015920 -0.004805 0.102101 0.335690
0.274635 -0.017457 0.108704 -0.175327 0.366385
0.281427 -0.030227 0.230689 -0.461670 -0.452059
0.287640 -0.041799 0.080750 -0.124046 -1.457713
0.281248 -0.025156 -0.399088 0.944678 0.638776
0.269728 0.001011 -0.178228 0.376776 0.250410
0.264317 0.011792 -0.092861 0.167347 0.026445
0.260775 0.018167 -0.084398 0.152899 0.946839
0.263676 0.009996 0.228530 -0.553186 -1.730834
0.261194 0.015469 -0.350609 0.808795 1.884676
0.259790 0.018196 0.278043 -0.651406 -0.398938
0.268114 -0.000399 0.139097 -0.287114 -1.054116
0.266619 0.004727 -0.212705 0.532947 1.317517
0.266940 0.005244 0.227159 -0.492599 -0.018368
0.275812 -0.013356 0.216905 -0.441809 -0.222037
0.282969 -0.027296 0.141485 -0.260539 -0.934657
0.282429 -0.023612 -0.167483 0.435735 0.448263
0.278826 -0.014159 -0.013459 0.044244 1.011880
0.285053 -0.028283 0.323834 -0.742148 -2.180149
0.283454 -0.024127 -0.401246 0.927415 -0.098322
0.266942 0.012719 -0.425074 0.922188 1.704221
0.261383 0.022532 0.144886 -0.410782 -0.598165
0.263085 0.016396 -0.058898 0.095720 0.997293
0.267338 0.005197 0.270583 -0.647501 -1.780798
0.266202 0.007681 -0.325254 0.752540 1.137216
0.260849 0.019527 0.055998 -0.145243 -0.326167
0.260850 0.019415 -0.055525 0.135691 1.524731
0.268743 0.001734 0.448769 -1.007275 -0.439279
0.283610 -0.030381 0.295782 -0.610415 -0.112827
0.294660 -0.052913 0.257296 -0.521971 -1.489236
0.295088 -0.051458 -0.234212 0.579584 0.105848
0.286622 -0.031829 -0.189714 0.408068 0.588937
0.283081 -0.025801 0.011796 -0.098407 -0.906219
0.277568 -0.016257 -0.286635 0.568196 0.200940
0.267561 0.002278 -0.214365 0.365073 0.372570
0.261515 0.010753 -0.088562 0.064574 0.626660
0.262126 0.003903 0.118550 -0.401873 -0.116284
0.266025 -0.009727 0.076812 -0.283982 -1.356931
0.260049 -0.000055 -0.374164 0.754925 1.395028
0.254477 0.007731 0.093670 -0.348550 -0.786694
0.252920 0.006552 -0.170511 0.280536 0.743349
0.251071 0.006163 0.077204 -0.292022 0.014030
0.254194 -0.005168 0.079165 -0.276988 0.216723
0.258771 -0.019295 0.149699 -0.430013 -1.797921
0.252777 -0.008722 -0.447476 0.941570 0.227915
0.236556 0.024010 -0.364547 0.704836 0.613094
0.226105 0.042440 -0.159128 0.227112 0.232716
0.221226 0.048671 -0.085183 0.087714 0.958843
0.224095 0.038526 0.227805 -0.587600 -0.085745
0.232459 0.018056 0.191009 -0.441987 -0.511884
0.236583 0.009290 0.016016 -0.004144 1.276675
0.245690 -0.010226 0.438197 -0.962103 -1.543327
0.252823 -0.023915 -0.079335 0.257741 0.317664
0.251850 -0.019343 0.030164 -0.024318 -0.916558
0.246995 -0.006614 -0.272109 0.653830 0.378099
0.238736 0.012743 -0.141737 0.322506 -0.482058
0.229877 0.032952 -0.301011 0.686773 2.006240
0.231203 0.029524 0.365028 -0.837505 -0.253273
0.243923 0.001759 0.271884 -0.560099 0.394610
0.257328 -0.025875 0.398474 -0.823307 -1.427065
0.263703 -0.036356 -0.077777 0.281506 -0.426241
0.257875 -0.019730 -0.213507 0.549358 0.642977
0.253735 -0.008785 0.005434 0.007642 -0.645895
0.249672 0.001269 -0.207997 0.490281 0.915108
0.247507 0.006235 0.098532 -0.230858 -0.334922
0.249168 0.002639 -0.015012 0.046463 0.618918
0.252681 -0.004972 0.190107 -0.421965 0.073199
0.260715 -0.022488 0.211865 -0.456782 -1.025415
0.262347 -0.024885 -0.129031 0.325419 -0.087855
0.256702 -0.011494 -0.153409 0.346505 0.565686
0.254404 -0.007018 0.037697 -0.115331 -0.378859
0.253387 -0.005783 -0.088116 0.173257 0.264619
0.251659 -0.003248 0.001342 -0.042971 -1.335075
0.242830 0.015563 -0.441559 0.972945 2.126590
0.239422 0.020922 0.268481 -0.680669 -1.011033
0.243284 0.010657 -0.073922 0.153764 1.067445
0.247423 0.000490 0.279842 -0.652824 -1.484679
0.248637 -0.001890 -0.217305 0.516928 0.977065
0.246523 0.003081 0.110307 -0.256544 0.068749
0.251343 -0.007783 0.130844 -0.288392 -0.183811
0.255324 -0.016252 0.068585 -0.138821 -0.140648
0.257143 -0.019798 0.022602 -0.040590 -0.682426
0.253542 -0.011308 -0.202013 0.459791 1.895325
0.258161 -0.022874 0.430861 -1.019566 -1.377198
0.266130 -0.041646 -0.030353 0.061829 0.052996
0.265368 -0.041003 -0.007866 -0.028297 -0.491829
0.261869 -0.035471 -0.166665 0.301379 0.545965
0.258958 -0.032995 0.020342 -0.170498 -1.310511
0.251105 -0.020206 -0.411758 0.798971 -0.106532
0.234094 0.011880 -0.439391 0.811488 0.923893
0.222762 0.029368 -0.128687 0.076795 0.222480
0.219042 0.029632 -0.057554 -0.061589 0.158626
0.217720 0.025533 -0.008598 -0.143003 0.386373
0.219867 0.014695 0.115770 -0.397507 -0.338969
0.222149 0.004906 -0.001007 -0.098049 0.747499
0.227054 -0.010223 0.245689 -0.653588 -1.890927
0.224226 -0.006649 -0.384888 0.812404 1.135723
0.216523 0.007191 -0.001981 -0.104759 -0.910629
0.210353 0.017330 -0.305579 0.603759 1.280547
0.206699 0.021445 0.121239 -0.383324 -1.206253
0.203418 0.025683 -0.283871 0.582508 0.648491
0.196405 0.038883 -0.067835 0.087174 -0.605620
0.189588 0.052486 -0.272432 0.588543 1.046042
0.185611 0.060475 0.072190 -0.176656 0.528094
0.000872 0.008701 0.006317 -0.009945 -0.952657
-0.005237 0.023194 -0.310895 0.727051 0.539702
-0.014029 0.043599 -0.129772 0.303316 0.463751
-0.016193 0.049271 0.020935 -0.014080 0.269497
-0.013683 0.045786 0.104418 -0.158847 0.032954
-0.009421 0.040252 0.108835 -0.119490 -0.613050
-0.009260 0.046025 -0.100105 0.401954 1.478306
-0.003489 0.040021 0.387101 -0.688149 -1.482637
0.001932 0.037155 -0.114134 0.527301 0.829543
0.002867 0.045739 0.159730 -0.087628 0.269189
0.010917 0.039347 0.242668 -0.231220 -0.209731
0.019092 0.034605 0.166490 -0.009898 0.799442
0.030973 0.022823 0.426940 -0.573716 -0.989355
0.041316 0.016435 0.091568 0.241685 0.826276
0.050457 0.013541 0.364586 -0.378256 0.056461
0.065311 -0.001565 0.378384 -0.380037 0.037706
0.080625 -0.016803 0.387591 -0.384808 -1.200101
0.088107 -0.013566 -0.012115 0.534387 1.101403
0.095043 -0.010070 0.357459 -0.346540 -0.454510
0.106270 -0.016651 0.204604 0.011166 -0.824785
0.108990 -0.003866 -0.067922 0.622042 1.230402
0.114544 0.001260 0.344014 -0.351051 -0.715408
0.123473 -0.001224 0.103358 0.218391 1.137702
0.135194 -0.010219 0.481522 -0.657636 -1.263595
0.145956 -0.016404 0.058242 0.333214 1.137206
0.155921 -0.021304 0.438683 -0.566516 -0.898513
0.167437 -0.029838 0.138408 0.128300 0.157699
0.174093 -0.027927 0.194096 -0.030170 0.328877
0.184087 -0.034729 0.305302 -0.307383 -0.513334
0.192902 -0.039480 0.136140 0.063630 -0.057214
0.198052 -0.037000 0.121298 0.060903 0.575837
0.206812 -0.044285 0.316112 -0.419860 -0.283183
0.217597 -0.057149 0.223709 -0.228627 -1.707748
0.215277 -0.041086 -0.338154 1.017820 0.230736
0.203521 -0.006175 -0.250738 0.738457 0.828250
0.199118 0.009557 0.029283 0.060786 1.625843
0.211085 -0.012800 0.567554 -1.165879 -1.212018
0.225568 -0.039512 0.158694 -0.188965 -1.549718
0.221663 -0.023905 -0.352526 0.956564 0.954293
0.214101 -0.002088 -0.027233 0.149838 0.874371
0.218849 -0.009733 0.263745 -0.524129 -1.338924
0.220428 -0.009611 -0.183151 0.515644 1.311163
0.221918 -0.009998 0.256029 -0.520535 -0.189262
0.230838 -0.027406 0.190547 -0.355657 -0.606867
0.234425 -0.032435 -0.010354 0.096835 -0.384239
0.231538 -0.023505 -0.133788 0.347932 -1.078453
0.219114 0.006008 -0.486773 1.122701 2.792924
0.218374 0.006691 0.446388 -1.057773 -1.073113
0.228913 -0.017526 0.082361 -0.170391 -1.096343
0.224924 -0.007642 -0.280701 0.655009 1.577983
0.224306 -0.006700 0.247837 -0.590254 -0.915566
0.228051 -0.015575 -0.059269 0.134564 0.238402
0.227318 -0.014360 0.022286 -0.070685 0.188628
0.229483 -0.020288 0.085825 -0.224756 -1.132086
0.225395 -0.012026 -0.289074 0.627575 0.031998
0.214165 0.011503 -0.272986 0.554536 1.162406
0.211034 0.015391 0.114958 -0.346695 -0.158386
0.214489 0.004812 0.058278 -0.186572 0.307066
0.218822 -0.006972 0.158220 -0.401922 -1.224616
0.216956 -0.003823 -0.250076 0.546647 0.066025
0.207481 0.016245 -0.224176 0.461954 0.860555
0.204269 0.021304 0.062445 -0.198705 0.514158
0.210106 0.006256 0.229149 -0.551724 -0.746548
0.214205 -0.003422 -0.023086 0.057339 0.161279
0.214367 -0.003724 0.030993 -0.070688 -0.684835
0.211045 0.004017 -0.196426 0.451931 0.206850
0.204620 0.018445 -0.125381 0.274841 -0.273839
0.197781 0.033746 -0.216554 0.490153 1.492683
0.199038 0.030615 0.277772 -0.631587 0.701177
0.214645 -0.003822 0.502475 -1.090666 -0.301858
0.232571 -0.041397 0.395028 -0.799682 -2.263107
0.233291 -0.038518 -0.356432 0.920122 0.082995
0.219805 -0.005067 -0.318749 0.761244 1.807249
0.219199 -0.003478 0.286246 -0.661547 -1.142617
0.222952 -0.011544 -0.097049 0.243927 -0.141022
0.218191 -0.000176 -0.141097 0.325606 1.141976
0.220190 -0.005097 0.239753 -0.560222 -1.108285
0.222330 -0.009811 -0.131277 0.311345 -0.029767
0.216947 0.002495 -0.138140 0.306443 0.225583
0.212959 0.010974 -0.061684 0.121788 0.131576
0.211358 0.013955 -0.018606 0.029189 -0.073899
0.210091 0.016583 -0.044654 0.101714 0.879033
0.214126 0.007439 0.245561 -0.551565 -1.201408
0.215852 0.004785 -0.157742 0.404932 2.052452
0.223241 -0.010938 0.525039 -1.172090 -1.358340
0.235048 -0.035606 0.067545 -0.081695 0.381810
0.240351 -0.045412 0.197280 -0.405986 -2.112810
0.234231 -0.029713 -0.501205 1.172209 0.939195
0.220670 0.000532 -0.178655 0.357348 0.825767
0.219067 0.001709 0.097517 -0.289180 -0.571522
0.219117 -0.000616 -0.094312 0.166067 -0.027058
0.215188 0.006242 -0.102206 0.178012 -0.136600
0.210202 0.015404 -0.147113 0.280474 -0.332916
0.202110 0.031755 -0.257437 0.536723 1.943950
0.204746 0.023446 0.387186 -0.933345 -0.075715
0.219534 -0.010897 0.353017 -0.792506 -0.855577
0.227863 -0.028610 0.064862 -0.106363 -1.964134
0.217437 -0.003183 -0.584387 1.362293 2.151758
0.208585 0.016397 0.138734 -0.355161 -0.208242
0.212656 0.006284 0.065280 -0.155314 -0.159953
0.214161 0.002921 0.010283 -0.015421 0.217769
0.216008 -0.000913 0.081889 -0.174818 -0.949596
0.212938 0.006936 -0.234394 0.558536 1.555599
0.213975 0.004836 0.284401 -0.647068 -0.461488
0.222168 -0.012940 0.126191 -0.250801 0.435521
0.230098 -0.029587 0.270136 -0.580211 -1.931977
0.228029 -0.023008 -0.371455 0.889936 -0.220240
0.211888 0.014290 -0.436142 0.980997 1.359101
0.203596 0.031718 0.019509 -0.090918 0.771796
0.209421 0.017129 0.271191 -0.633851 1.174018
0.227940 -0.024977 0.654194 -1.467962 -3.000000
0.233985 -0.036224 -0.348028 0.870245 1.273140
0.228739 -0.022927 0.083866 -0.188042 -0.389385
0.229523 -0.024713 -0.044175 0.094377 -0.440987
0.224890 -0.014830 -0.187210 0.397512 0.688770
0.222074 -0.010352 0.045480 -0.164840 -0.729726
0.219036 -0.005721 -0.196634 0.389518 0.265906
0.213009 0.005155 -0.105242 0.159666 -0.374753
0.206318 0.017239 -0.229106 0.442964 1.828683
0.209344 0.006714 0.378454 -0.951799 -0.265494
0.222555 -0.025816 0.283090 -0.684923 -1.730781
0.222319 -0.026289 -0.292802 0.642549 0.255934
0.212463 -0.005953 -0.200765 0.381915 -0.592045
0.200565 0.017804 -0.393950 0.804664 1.470949
0.194671 0.026775 0.097312 -0.338195 0.197361
0.199764 0.011324 0.157466 -0.436043 -0.540067
0.202376 0.003060 -0.025986 0.014912 0.012763
0.201415 0.003548 -0.022118 0.009658 0.486462
0.203757 -0.003433 0.138788 -0.355003 -1.032120
0.202394 -0.001345 -0.205739 0.448547 -0.301688
0.192226 0.020638 -0.302751 0.652082 1.551287
0.190483 0.022547 0.213721 -0.539509 -1.164269
0.191153 0.020131 -0.178741 0.405039 0.155899
0.185052 0.033906 -0.126717 0.288095 0.655690
0.184307 0.035813 0.088666 -0.185716 0.099907
0.188404 0.027975 0.116312 -0.207414 0.833105
0.198498 0.007857 0.387833 -0.794295 -0.502320
0.210524 -0.014907 0.214611 -0.354599 -1.688161
0.207852 -0.002984 -0.346481 0.935082 1.412534
0.203530 0.011447 0.128358 -0.194777 -0.389403
0.206012 0.010212 -0.003746 0.128232 1.289512
0.214429 -0.004356 0.423362 -0.845842 -1.171281
0.223445 -0.019119 0.029226 0.091529 -0.050938
0.224325 -0.015195 0.014681 0.105260 -0.728342
0.220110 -0.000242 -0.224888 0.637874 0.968654
0.217648 0.009580 0.100416 -0.133972 -0.311349
0.219545 0.009452 -0.005172 0.123963 0.167347
0.220441 0.011942 0.049767 0.002707 0.678116
0.226909 0.001954 0.273027 -0.497047 0.878830
0.243588 -0.030671 0.560516 -1.131655 -2.414685
0.249840 -0.038032 -0.244819 0.735781 0.286210
0.242139 -0.014813 -0.141120 0.433906 0.893810
0.242532 -0.012068 0.159622 -0.286014 -1.595608
0.238281 0.001150 -0.370547 0.932433 0.464390
0.226682 0.030137 -0.210589 0.528409 0.007817
0.218319 0.051191 -0.207990 0.528468 2.789408
0.228500 0.030095 0.714362 -1.558842 -0.319266
0.254642 -0.024531 0.594262 -1.188274 -1.343683
0.269341 -0.050368 0.142919 -0.123983 -0.598282
0.271167 -0.047110 -0.051088 0.281835 1.178857
0.277101 -0.055345 0.346453 -0.681624 -1.556105
0.280632 -0.059100 -0.168012 0.476786 -1.583811
0.263579 -0.017702 -0.683780 1.586301 1.279496
0.245016 0.023601 -0.246833 0.502284 1.048884
0.242139 0.027503 0.101680 -0.295209 0.701684
0.250765 0.005989 0.329250 -0.778026 -0.804773
0.258446 -0.011551 0.056193 -0.111793 0.557953
0.264410 -0.024674 0.241579 -0.540927 -1.064752
0.266961 -0.029775 -0.112649 0.273385 0.104657
0.263256 -0.021468 -0.072956 0.145421 0.411205
0.263141 -0.022625 0.066674 -0.198709 -0.856019
0.260133 -0.017653 -0.216180 0.439348 1.278708
0.260096 -0.020687 0.212814 -0.577360 -1.362335
0.259505 -0.022537 -0.240684 0.469753 0.292618
0.251945 -0.009362 -0.137983 0.195430 0.616117
0.250575 -0.011460 0.068755 -0.293866 -0.787541
0.248068 -0.010961 -0.193174 0.310422 -0.111198
0.239673 0.002523 -0.226719 0.365704 0.317841
0.232769 0.011867 -0.119054 0.106985 0.483893
0.231216 0.008875 0.040900 -0.252139 -0.515623
0.229365 0.007284 -0.132802 0.166393 0.528742
0.227579 0.005794 0.042910 -0.235539 -0.078706
0.228723 -0.001939 0.014565 -0.153766 -0.351621
0.226947 -0.002496 -0.102912 0.121927 -0.159097
0.221796 0.004636 -0.154601 0.234487 -0.200006
0.214307 0.016914 -0.219882 0.379801 0.157453
0.206578 0.029605 -0.166980 0.259019 0.652093
0.204208 0.030332 0.047691 -0.215870 -0.493402
0.202732 0.030301 -0.120834 0.208375 0.184725
0.199088 0.036264 -0.061650 0.092606 0.862724
0.202288 0.027486 0.220881 -0.524637 -1.256266
0.202623 0.027172 -0.202558 0.494602 1.083531
0.201736 0.030337 0.156837 -0.324204 1.293838
0.216492 -0.001319 0.580173 -1.251999 -1.082514
0.232304 -0.033082 0.212441 -0.355166 -0.233690
0.239261 -0.043952 0.135866 -0.192784 -1.310389
0.236046 -0.032279 -0.295379 0.765444 1.376644
0.233569 -0.024533 0.169688 -0.360891 -1.484627
0.230479 -0.016218 -0.322650 0.762561 0.347226
0.220030 0.007593 -0.200704 0.437261 0.611018
0.216113 0.015327 0.003931 -0.042257 -0.410282
0.213497 0.020391 -0.134298 0.291730 0.952975
0.214458 0.017549 0.181302 -0.424346 -0.072127
0.221123 0.002698 0.152362 -0.322563 -1.565778
0.216742 0.014387 -0.369731 0.892230 1.474434
0.211858 0.026617 0.123472 -0.261948 0.800806
0.222019 0.004852 0.384124 -0.822830 -1.805073
0.225235 0.000928 -0.221044 0.605798 0.875157
0.222298 0.010972 0.072930 -0.091784 0.953431
0.231513 -0.006925 0.387044 -0.796699 -0.072988
0.246396 -0.036722 0.357837 -0.700414 -1.659963
0.249641 -0.039140 -0.193556 0.561252 1.052925
0.249068 -0.034470 0.163440 -0.314585 -1.536175
0.245414 -0.023813 -0.344553 0.833557 -0.056130
0.231434 0.008765 -0.355113 0.802205 1.261957
0.225722 0.020640 0.067751 -0.192097 0.046487
0.228663 0.013017 0.079418 -0.190563 -0.441471
0.228841 0.012774 -0.069946 0.173244 0.184785
0.227265 0.016972 -0.009119 0.039379 -0.312413
0.224786 0.023729 -0.114587 0.296236 0.906926
0.226221 0.021852 0.185308 -0.380967 -0.212013
0.232110 0.010931 0.109705 -0.170196 -0.913158
0.230368 0.018678 -0.195867 0.548990 1.911872
0.235284 0.011023 0.439561 -0.912812 -1.453386
0.243028 -0.001638 -0.050296 0.260812 1.094273
0.248331 -0.008356 0.314246 -0.586170 -0.971395
0.254361 -0.016244 -0.011388 0.179453 1.088579
0.261202 -0.026358 0.352301 -0.675116 -1.254634
0.266900 -0.033765 -0.065776 0.289663 2.286428
0.279584 -0.058399 0.697549 -1.500461 -2.423908
0.291277 -0.080623 -0.109376 0.357776 0.082567
0.287679 -0.069884 -0.070968 0.183666 -1.052759
0.278026 -0.048245 -0.411068 0.892884 0.608630
0.265871 -0.024150 -0.197959 0.324439 0.173991
0.259214 -0.014812 -0.135341 0.146784 -0.374986
0.251363 -0.003694 -0.257021 0.407670 -0.695168
0.236530 0.022688 -0.484326 0.909563 2.189453
0.231807 0.024795 0.245508 -0.780038 -1.647817
0.230495 0.020547 -0.308967 0.548220 0.681575
0.222707 0.031786 -0.081466 0.023359 0.250627
0.221048 0.029612 -0.001713 -0.130314 -0.148153
0.219907 0.027569 -0.055045 0.025626 0.446742
0.220617 0.022377 0.090155 -0.281969 -1.099573
0.216815 0.028918 -0.279019 0.597943 1.148178
0.213312 0.035124 0.102401 -0.274080 0.101853
0.217962 0.023820 0.130260 -0.293111 -0.413894
0.220317 0.019439 -0.011871 0.068164 0.714116
0.224553 0.011602 0.223026 -0.454261 -0.261320
0.231635 -0.001633 0.131693 -0.213488 -0.189264
0.235609 -0.006973 0.067331 -0.056756 0.300475
0.240301 -0.013901 0.167070 -0.287787 -0.945101
0.240679 -0.010789 -0.147139 0.433897 -0.030096
0.234677 0.006243 -0.153295 0.421253 1.383083
0.237789 0.001471 0.307357 -0.645824 -0.006114
0.249936 -0.023327 0.300493 -0.599651 -1.670594
0.250800 -0.021357 -0.255351 0.680596 1.195890
0.248685 -0.013866 0.148008 -0.291002 -0.571812
0.250784 -0.016615 -0.042334 0.146849 0.538838
0.252730 -0.019561 0.138998 -0.288607 -0.706310
0.253588 -0.020287 -0.095264 0.244664 -0.356192
0.247486 -0.005789 -0.209708 0.479837 0.457332
0.242223 0.005641 -0.054284 0.099247 -0.357562
0.237672 0.015140 -0.172996 0.373755 0.551656
0.234441 0.021509 0.010657 -0.048106 -0.254277
0.233117 0.024094 -0.076570 0.174748 1.023651
0.236831 0.015732 0.261239 -0.583882 -0.128142
0.246299 -0.004467 0.212806 -0.432218 -0.565588
0.250988 -0.012551 0.022495 0.020089 0.693705
0.256528 -0.022680 0.253843 -0.520963 -0.319952
0.264520 -0.038396 0.146453 -0.271469 -1.589455
0.259849 -0.025349 -0.378463 0.909966 1.129904
0.252416 -0.008072 0.005077 -0.029590 0.092002
0.253242 -0.010780 0.036139 -0.105310 -0.436606
0.251788 -0.008359 -0.108346 0.222269 0.307921
0.249553 -0.004654 -0.003906 -0.032721 0.260365
0.251131 -0.009992 0.082634 -0.232435 -0.308102
0.252372 -0.014443 -0.020145 0.005658 -1.921042
0.238819 0.014988 -0.655822 1.451401 0.585274
0.216667 0.062496 -0.453465 0.940790 1.816198
0.210595 0.072566 0.147469 -0.415889 0.533889
0.219814 0.050034 0.313453 -0.711161 0.265806
0.233896 0.019662 0.391064 -0.812074 0.101295
0.250038 -0.012790 0.416654 -0.816838 -0.726939
0.261766 -0.033456 0.171037 -0.228910 -0.636371
0.264408 -0.033269 -0.038215 0.231808 -0.010394
0.262913 -0.024875 -0.036757 0.190126 0.574022
0.265339 -0.026875 0.157367 -0.283877 -0.910589
0.265589 -0.024452 -0.143842 0.395987 -0.125428
0.259111 -0.007742 -0.180310 0.442162 0.107755
0.252696 0.007558 -0.140925 0.327487 0.769859
0.252208 0.008609 0.115621 -0.266407 -0.111371
0.256029 0.000259 0.075720 -0.154284 -0.768571
0.253916 0.006149 -0.180517 0.441567 1.670356
0.257855 -0.002256 0.375638 -0.845442 0.125328
0.273586 -0.036880 0.411448 -0.891916 -1.911731
0.277275 -0.042851 -0.224576 0.571525 0.629262
0.272654 -0.031368 -0.007514 0.012620 0.146553
0.273398 -0.033825 0.044513 -0.133875 -0.491472
0.271963 -0.032209 -0.115722 0.210128 -0.625856
0.263275 -0.015191 -0.318382 0.638212 0.452656
0.253681 0.002209 -0.162254 0.240780 -0.720804
0.242428 0.022674 -0.399934 0.778897 1.906878
0.239180 0.024070 0.235219 -0.688195 -0.354016
0.246076 0.003489 0.110474 -0.349622 -1.001060
0.243773 0.005466 -0.224403 0.437799 1.503741
0.244853 -0.000549 0.276686 -0.723409 -0.432475
0.252933 -0.021853 0.128317 -0.351306 -0.612181
0.253988 -0.026510 -0.074756 0.111045 -0.020535
0.250936 -0.022485 -0.077938 0.091241 -0.209294
0.246490 -0.016235 -0.144277 0.220693 -0.550142
0.237129 0.000402 -0.323476 0.609019 1.825813
0.236428 -0.004063 0.286265 -0.813212 -1.420592
0.238315 -0.013747 -0.189978 0.311303 -0.733357
0.225916 0.009266 -0.429591 0.836521 0.231290
0.210378 0.038300 -0.348159 0.623946 2.217867
0.211208 0.029317 0.387237 -1.051542 -1.588236
0.215909 0.013763 -0.149889 0.252636 -0.003422
0.209897 0.023938 -0.150905 0.258046 1.018759
0.210620 0.018863 0.185981 -0.502144 -1.469028
0.208168 0.022488 -0.306861 0.667638 1.872587
0.208395 0.020109 0.316059 -0.766917 -0.549806
0.217216 -0.000592 0.126118 -0.279048 0.009122
0.222276 -0.011496 0.127114 -0.268435 -0.445038
0.224381 -0.015265 -0.021257 0.074369 -0.420020
0.220778 -0.006253 -0.158588 0.373824 -0.155283
0.213469 0.010479 -0.207057 0.464849 0.514157
0.208650 0.020837 -0.034711 0.060800 0.391709
0.209826 0.017697 0.093122 -0.214591 0.560906
0.217205 0.001235 0.275555 -0.606259 -1.666813
0.217040 0.003474 -0.281829 0.700293 1.144142
0.213471 0.013096 0.101783 -0.204528 0.457813
0.220522 -0.001498 0.250561 -0.523618 -1.083650
0.223255 -0.005087 -0.112547 0.331481 0.701501
0.223475 -0.003123 0.122679 -0.225119 -0.905246
0.222328 0.002051 -0.179050 0.475030 0.175977
0.216399 0.017805 -0.117959 0.317999 1.375587
0.220833 0.009429 0.338212 -0.723844 -1.271096
0.225769 0.001234 -0.089657 0.298136 -0.408382
0.219503 0.019109 -0.223543 0.594964 2.230081
0.225435 0.008353 0.517723 -1.111039 -0.723500
0.241137 -0.023249 0.268952 -0.484156 -1.435632
0.242318 -0.020416 -0.208257 0.611008 0.435901
0.237019 -0.003917 -0.057619 0.222636 -0.197829
0.233434 0.007684 -0.121608 0.357812 0.826835
0.234101 0.009040 0.153920 -0.280784 -0.390649
0.237590 0.004440 0.021126 0.045328 1.841085
0.250672 -0.021944 0.631290 -1.350109 -2.217745
0.261012 -0.040563 -0.111186 0.390694 -0.216627
0.255267 -0.023029 -0.176236 0.488082 0.613913
0.252421 -0.014082 0.032977 -0.031655 -0.387204
0.251186 -0.009644 -0.094345 0.250448 0.960918
0.253860 -0.014908 0.226944 -0.504096 -0.918575
0.256780 -0.020597 -0.079693 0.208510 -0.260813
0.251932 -0.008969 -0.162707 0.372888 0.158929
0.246554 0.002836 -0.106638 0.221817 1.085379
0.249533 -0.005160 0.254430 -0.611502 -0.474047
0.256472 -0.021603 0.093465 -0.219460 0.069835
0.260687 -0.031627 0.117377 -0.282822 -0.964956
0.258990 -0.028448 -0.201171 0.432370 -0.210121
0.249673 -0.009130 -0.264903 0.535897 0.541076
0.242776 0.003098 -0.080844 0.084243 0.286165
0.241451 0.002063 0.014264 -0.133142 0.314122
0.244085 -0.007831 0.117286 -0.360313 -1.325700
0.239920 -0.001544 -0.324087 0.661546 0.105453
0.227761 0.022410 -0.284496 0.542603 2.523416
0.233196 0.005192 0.553613 -1.380144 -1.298055
0.246483 -0.028075 0.113062 -0.304966 -2.059626
0.237322 -0.008856 -0.569118 1.248083 1.398066
0.224065 0.017749 -0.096013 0.103558 0.244486
0.221826 0.018443 -0.016231 -0.066296 -0.545567
0.217495 0.024722 -0.199733 0.375282 1.141505
0.217097 0.022315 0.178548 -0.484042 -0.380942
0.221580 0.010006 0.046335 -0.138664 -0.924081
0.217240 0.019112 -0.262377 0.585543 1.466190
0.216539 0.019719 0.225570 -0.539265 -0.927313
0.219264 0.013611 -0.088034 0.222003 -0.464731
0.212650 0.029690 -0.242389 0.580083 2.012940
0.216357 0.021952 0.425544 -0.947195 -1.525146
0.223036 0.009310 -0.089443 0.295255 0.929858
0.225661 0.006703 0.219636 -0.416127 1.098939
0.241672 -0.026068 0.580233 -1.217566 -2.626601
0.247280 -0.033384 -0.296485 0.821526 0.983546
0.242154 -0.017454 0.038631 -0.010343 0.203430
0.245084 -0.021343 0.107695 -0.182439 0.646657
0.253708 -0.038782 0.323003 -0.685836 -0.888565
0.260698 -0.052529 0.027835 -0.013833 -1.140957
0.254338 -0.036749 -0.344919 0.794802 1.618316
0.251503 -0.031684 0.201077 -0.522156 -1.316833
0.250779 -0.032363 -0.235692 0.474067 -0.316714
0.239388 -0.009890 -0.334011 0.651567 0.502256
0.229490 0.007386 -0.161897 0.221679 -0.476782
0.219860 0.023483 -0.319323 0.581256 0.305209
0.209154 0.041847 -0.216744 0.343972 0.277750
0.202289 0.051891 -0.126983 0.162837 0.548433
0.200762 0.051022 0.050079 -0.201349 0.650390
0.206942 0.034485 0.258588 -0.622935 0.457073
0.220151 0.004221 0.402001 -0.892519 -1.057500
0.229046 -0.013901 0.044458 -0.029279 0.203583
0.232200 -0.018441 0.113055 -0.196305 -0.033483
0.236505 -0.025904 0.102407 -0.178595 -1.014239
0.233882 -0.017796 -0.232563 0.575087 -0.406076
0.222001 0.010305 -0.361613 0.831877 1.219065
0.215745 0.024023 0.047023 -0.129644 -0.104748
0.216852 0.021218 0.008551 -0.012802 -0.424220
0.214318 0.027773 -0.134805 0.336932 1.301810
0.217567 0.021502 0.295872 -0.638058 -0.023634
0.229095 -0.002262 0.281065 -0.555984 -0.792016
0.234983 -0.011598 0.014510 0.078415 0.476516
0.238764 -0.016111 0.174057 -0.299677 -1.358111
0.236677 -0.007166 -0.276988 0.734244 1.294588
0.234331 0.001211 0.157902 -0.299247 -0.059740
0.240195 -0.009370 0.135640 -0.232821 0.725062
0.250423 -0.029685 0.375280 -0.779188 -1.622180
0.254589 -0.035558 -0.164913 0.466764 0.317042
0.250246 -0.023164 -0.052940 0.159667 -0.803321
0.242857 -0.005150 -0.315968 0.736527 1.257341
0.238702 0.003928 0.106480 -0.266715 0.204133
0.244266 -0.009391 0.171789 -0.400022 -1.034234
0.244215 -0.009149 -0.173113 0.400914 0.971584
0.243831 -0.008750 0.152728 -0.370072 -0.738664
0.244987 -0.011877 -0.093978 0.205019 -0.485453
0.238054 0.003269 -0.252458 0.550439 1.229233
0.236206 0.005779 0.158512 -0.410924 0.010875
0.242540 -0.010105 0.158563 -0.386775 -0.614859
0.244754 -0.015812 -0.047030 0.093533 -1.111447
0.235526 0.004548 -0.413466 0.916976 0.760567
0.224173 0.028461 -0.155609 0.292257 1.395655
0.227209 0.019032 0.305953 -0.751006 -0.660160
0.234896 0.000616 0.079643 -0.181398 -0.128837
0.237192 -0.004365 0.035417 -0.070183 1.063213
0.245676 -0.023476 0.387881 -0.877725 -1.208262
0.253071 -0.039368 -0.016345 0.066520 -0.400456
0.249849 -0.031528 -0.144505 0.323443 -0.957238
0.237819 -0.005018 -0.456476 0.997921 1.510226
0.229767 0.010281 0.051698 -0.212897 -0.317553
0.229665 0.007201 -0.056286 0.054540 -0.188619
0.226150 0.012410 -0.119369 0.204821 0.682158
0.225914 0.010174 0.106810 -0.309821 0.617572
0.234222 -0.011021 0.308328 -0.747974 -1.052542
0.239462 -0.023993 -0.044756 0.085030 -0.614140
0.233651 -0.011795 -0.245357 0.521191 -0.321379
0.221803 0.013055 -0.347223 0.723358 -0.098645
0.207338 0.042873 -0.376496 0.772760 1.897177
0.204909 0.044692 0.252788 -0.661286 0.041253
0.215093 0.019564 0.256969 -0.600890 -0.247109
0.223589 0.000622 0.168573 -0.353430 0.990506
0.236861 -0.028205 0.494383 -1.083246 -0.899142
0.250549 -0.056900 0.191744 -0.367552 -0.827301
0.252788 -0.059718 -0.078834 0.217839 0.721747
0.254594 -0.063707 0.168261 -0.409287 -0.585866
0.257510 -0.072009 -0.021641 -0.013131 -0.942387
0.250543 -0.059735 -0.326022 0.620565 -0.839979
0.232145 -0.024216 -0.593766 1.155139 0.739440
0.213544 0.008548 -0.337851 0.498706 -0.261070
0.198355 0.032059 -0.421766 0.678934 1.029548
0.188366 0.043278 -0.079161 -0.104621 -0.330188
0.182895 0.045329 -0.193959 0.203231 0.376333
0.177570 0.048496 -0.072748 -0.040776 -0.927597
0.168381 0.062296 -0.385731 0.722637 1.290306
0.161494 0.071968 0.039667 -0.223627 -0.650488
0.158564 0.074981 -0.185318 0.366614 0.951066
0.157351 0.076398 0.123614 -0.286284 0.393035
0.164687 0.061133 0.243195 -0.477354 1.150452
0.181847 0.026505 0.614341 -1.250446 -0.712803
0.201423 -0.010228 0.366082 -0.602451 -0.458861
0.212934 -0.026656 0.210404 -0.227504 -1.198265
0.213396 -0.017617 -0.186135 0.668712 0.634396
0.210301 -0.001864 0.030270 0.129590 0.328707
0.213713 -0.001895 0.139921 -0.127547 0.140256
0.220218 -0.008974 0.185326 -0.226409 -0.822058
0.222139 -0.005256 -0.088363 0.404220 0.331012
0.220870 0.005217 0.024293 0.125403 0.075510
0.222342 0.009078 0.049156 0.069228 0.413971
0.227043 0.005658 0.185473 -0.236611 0.136793
0.235314 -0.005408 0.228150 -0.317756 0.280377
0.246259 -0.022075 0.319108 -0.516079 -0.822058
0.253517 -0.029866 0.044944 0.116035 -0.032446
0.255174 -0.025525 0.037817 0.102040 0.864037
0.262498 -0.035393 0.327457 -0.587664 -1.256947
0.267220 -0.039601 -0.089763 0.363038 0.710456
0.268490 -0.037345 0.152310 -0.241321 -1.841639
0.262377 -0.019231 -0.456251 1.131572 0.748117
0.249312 0.012623 -0.198581 0.476603 1.057088
0.248440 0.015148 0.153641 -0.338391 -0.055794
0.254124 0.003316 0.130935 -0.256734 -1.499045
0.249339 0.016540 -0.368663 0.904207 1.693983
0.245954 0.025915 0.197163 -0.414964 -0.986162
0.247155 0.025661 -0.135863 0.390953 1.714282
0.253116 0.015098 0.432169 -0.903159 -1.141001
0.262636 -0.001896 0.045562 0.036968 1.059358
0.271507 -0.016738 0.397027 -0.770676 -1.191878
0.279373 -0.028572 -0.002023 0.163425 0.109482
0.280102 -0.024553 0.038185 0.040066 -0.994596
0.275068 -0.008253 -0.289065 0.767998 1.720817
0.275081 -0.005145 0.287553 -0.592887 -1.012317
0.279765 -0.012592 -0.051970 0.207784 0.365714
0.280173 -0.010426 0.071849 -0.094823 -0.524795
0.279559 -0.006230 -0.101992 0.299938 0.511949
0.278939 -0.002601 0.070281 -0.111996 -0.179284
0.280541 -0.004195 0.010083 0.029978 0.000695
0.280958 -0.003102 0.010725 0.024951 1.458512
0.291094 -0.024576 0.494752 -1.087170 -1.234165
0.302561 -0.048194 0.080598 -0.112389 -1.004642
0.299192 -0.038210 -0.248145 0.603612 0.526322
0.292939 -0.023802 -0.065472 0.126244 0.027818
0.290576 -0.019867 -0.052870 0.072042 -0.283517
0.286629 -0.013155 -0.144310 0.262223 0.230853
0.282460 -0.006836 -0.064566 0.057837 -0.907071
0.273866 0.009210 -0.364347 0.738073 1.579361
0.269888 0.013733 0.163444 -0.493684 0.605230
0.280346 -0.014302 0.359298 -0.907780 -0.218037
0.293159 -0.046349 0.282285 -0.703834 -2.255683
0.289450 -0.040014 -0.465219 0.998110 0.102635
0.271763 -0.003894 -0.420090 0.817486 1.261681
0.263486 0.008267 0.004431 -0.192821 -0.012174
0.263535 0.001219 -0.001765 -0.161431 -1.307906
0.254738 0.015128 -0.436781 0.845483 0.187388
0.238610 0.045319 -0.370479 0.672503 1.734962
0.235325 0.045804 0.204179 -0.629874 -0.117337
0.242514 0.024345 0.155964 -0.449765 0.412727
0.251374 0.001216 0.287047 -0.707651 -1.097368
0.255443 -0.009220 -0.082018 0.171411 0.722548
0.257012 -0.013872 0.159692 -0.396913 0.388407
0.265951 -0.035470 0.287201 -0.683211 -1.901839
0.264766 -0.033488 -0.344248 0.762414 -0.206594
0.249810 -0.001579 -0.404039 0.838259 0.438191
0.236694 0.024094 -0.252866 0.455919 0.146441
0.227568 0.040066 -0.203900 0.347391 1.338791
0.228275 0.033924 0.237844 -0.641905 -1.091435
0.230355 0.026686 -0.132307 0.265920 1.080518
0.232226 0.021037 0.224721 -0.538246 -0.793488
0.235805 0.012943 -0.044631 0.122705 0.516083
0.237437 0.010102 0.125715 -0.259944 0.323852
0.244553 -0.004648 0.230018 -0.477392 -1.246164
0.245397 -0.004026 -0.186329 0.494961 0.807366
0.243393 0.002656 0.085011 -0.150476 0.318508
0.248878 -0.007951 0.189094 -0.378804 -0.908115
0.250356 -0.008789 -0.114080 0.326857 0.210014
0.247254 0.000460 -0.041493 0.140041 -0.180173
0.244411 0.008695 -0.100611 0.271517 0.761479
0.245468 0.007740 0.152594 -0.311303 -0.293839
0.249548 0.000440 0.051901 -0.058653 0.144425
0.252569 -0.003993 0.099087 -0.162443 -0.976335
0.250017 0.004677 -0.225712 0.587138 -0.145163
0.240096 0.029760 -0.270653 0.670766 1.089292
0.236543 0.039713 0.091493 -0.159367 0.405805
0.242782 0.028292 0.220273 -0.410414 -0.136556
0.250552 0.015226 0.168711 -0.247719 -0.437366
0.254311 0.012771 0.019861 0.119335 0.283231
0.256970 0.013383 0.112756 -0.085752 -0.120458
0.260627 0.012281 0.070279 0.028841 1.274624
0.271884 -0.005847 0.491440 -0.925480 -1.287002
0.282843 -0.021942 0.058441 0.103017 1.940143
0.298138 -0.048210 0.704378 -1.400042 -1.114231
0.318789 -0.086332 0.330396 -0.526579 -2.265414
0.317070 -0.074042 -0.414132 1.120950 1.321729
0.309612 -0.052615 0.039200 -0.029760 -2.036011
0.297753 -0.023719 -0.630526 1.459932 -0.053053
0.272450 0.033030 -0.635703 1.389537 2.773638
0.265599 0.045011 0.289472 -0.757544 0.224207
0.278452 0.013359 0.353681 -0.830312 -1.215154
0.284357 0.000274 -0.056684 0.159613 0.489925
0.285367 -0.001035 0.106654 -0.219982 -1.128766
0.282089 0.007819 -0.269371 0.652174 0.548753
0.275042 0.024829 -0.084037 0.207959 0.661481
0.276051 0.023332 0.133757 -0.276289 -0.091391
0.280694 0.014639 0.098725 -0.161678 -0.548665
0.280930 0.017201 -0.086283 0.284054 1.786000
0.289356 0.001196 0.505817 -1.068565 -1.155010
0.301733 -0.022300 0.114987 -0.124255 0.492390
0.309631 -0.035139 0.279545 -0.514693 -0.081711
0.320263 -0.054556 0.252487 -0.460810 -1.235028
0.322200 -0.054670 -0.154211 0.442389 0.205598
0.317582 -0.041948 -0.077266 0.199560 -0.614023
0.310529 -0.025746 -0.275068 0.608073 0.128999
0.300532 -0.004780 -0.225438 0.446624 0.236143
0.293163 0.008782 -0.143623 0.237138 -0.266827
0.285658 0.022288 -0.231548 0.437975 0.743004
0.281353 0.028366 0.015281 -0.124919 0.433661
0.284764 0.017572 0.155028 -0.412878 -0.275643
0.289027 0.006288 0.058725 -0.157122 -0.669170
0.286883 0.010678 -0.165171 0.370104 0.257494
0.282018 0.021320 -0.078622 0.166973 1.357503
0.287875 0.007463 0.370219 -0.848431 -0.491474
0.299265 -0.017577 0.200407 -0.414595 -0.486768
0.304015 -0.026499 0.037864 -0.038577 -0.272156
0.303769 -0.024388 -0.049943 0.142007 -0.036079
0.301603 -0.018872 -0.058437 0.134966 -0.186659
0.298084 -0.011188 -0.117508 0.249146 0.244152
0.295068 -0.005530 -0.033731 0.037839 1.331890
0.302594 -0.024622 0.408785 -0.981832 -2.240713
0.303947 -0.028719 -0.338345 0.751769 1.123147
0.298059 -0.017535 0.042339 -0.177430 0.134187
0.300657 -0.026833 0.087535 -0.287729 -1.049725
0.297192 -0.022431 -0.259618 0.497659 0.719748
0.291720 -0.014737 -0.015038 -0.103033 -0.283888
0.289249 -0.014674 -0.108236 0.103285 -0.369882
0.282508 -0.005312 -0.228560 0.363044 0.394640
0.276059 0.002565 -0.094546 0.036964 -0.464571
0.269188 0.011219 -0.248611 0.392436 -0.052828
0.258928 0.027492 -0.264644 0.424003 1.298189
0.256980 0.024624 0.165747 -0.554263 -0.690067
0.258881 0.014394 -0.069584 0.032576 -0.078949
0.255545 0.017233 -0.097169 0.108873 0.469526
0.254758 0.014665 0.057347 -0.233005 -0.264119
0.255226 0.010088 -0.033528 -0.000001 0.930512
0.260050 -0.003938 0.273926 -0.694363 -1.205287
0.262891 -0.012325 -0.130239 0.259943 0.467434
0.260855 -0.009708 0.027830 -0.123184 0.078527
0.262492 -0.015869 0.054030 -0.185222 -0.857508
0.258955 -0.010193 -0.229981 0.461066 0.483823
0.253066 -0.000004 -0.065310 0.056110 0.675110
0.254952 -0.008174 0.158964 -0.459028 -2.016251
0.247846 0.004897 -0.512097 1.093382 0.913030
0.233590 0.033293 -0.202437 0.342737 0.526278
0.228968 0.039276 -0.029356 -0.037023 0.538489
0.231279 0.030530 0.144514 -0.396993 -0.138466
0.236008 0.018053 0.092393 -0.231585 -0.026817
0.239446 0.009971 0.079744 -0.174942 0.426651
0.245420 -0.003076 0.218767 -0.475749 0.338364
0.256351 -0.026699 0.327871 -0.706815 -1.679745
0.258243 -0.028819 -0.231248 0.582294 0.434649
0.252032 -0.013610 -0.080176 0.186636 0.463180
0.251962 -0.013789 0.076067 -0.190317 0.054206
0.255364 -0.022264 0.094136 -0.234513 -1.716402
0.247724 -0.005450 -0.474442 1.060481 0.981259
0.235445 0.020386 -0.141286 0.247921 1.532210
0.239974 0.006949 0.366249 -0.906342 -0.882176
0.248601 -0.014343 0.066601 -0.172799 -0.913937
0.245189 -0.007282 -0.236277 0.517607 0.275546
0.237663 0.008365 -0.140697 0.271272 0.135497
0.232956 0.017002 -0.094962 0.163846 -0.307694
0.227095 0.028495 -0.197909 0.409616 1.344246
0.228114 0.024397 0.247343 -0.601174 -0.029275
0.237664 0.002208 0.230700 -0.513868 -0.587265
0.242898 -0.008545 0.031953 -0.032707 -1.596473
0.233566 0.014560 -0.497109 1.175558 1.220662
0.221942 0.041648 -0.086159 0.198172 0.667170
0.222863 0.040086 0.131519 -0.269970 0.730896
0.232848 0.019406 0.367373 -0.761355 0.324608
0.249537 -0.014522 0.467412 -0.939210 -0.459355
0.265059 -0.044069 0.309885 -0.549590 -0.872704
0.271660 -0.052912 0.021372 0.096509 -1.075251
0.265493 -0.033874 -0.328969 0.848793 0.512434
0.255941 -0.009670 -0.149811 0.372813 0.453380
0.253038 -0.002406 0.003967 -0.002921 0.364033
0.255620 -0.008129 0.124776 -0.280464 -0.496353
0.257281 -0.011498 -0.041053 0.105926 0.262382
0.257422 -0.011662 0.047787 -0.111141 -0.672501
0.254866 -0.005861 -0.174919 0.395238 0.401977
0.250613 0.003146 -0.038416 0.061580 0.349961
0.251403 0.000260 0.077587 -0.202704 1.183085
0.262342 -0.025710 0.468434 -1.088420 -2.149286
0.266675 -0.035359 -0.248978 0.580452 -0.046912
0.256567 -0.012980 -0.256867 0.543409 0.950578
0.252726 -0.006841 0.063472 -0.224496 -0.234956
0.253681 -0.012038 -0.015293 -0.038959 -1.794953
0.241149 0.013786 -0.609676 1.316191 1.237256
0.225161 0.046029 -0.191999 0.316754 0.834018
0.222968 0.046592 0.081447 -0.280095 0.010698
0.226149 0.036718 0.077833 -0.216433 -0.330099
0.226948 0.034310 -0.037342 0.091263 0.589775
0.229308 0.029627 0.154805 -0.320582 0.315543
0.237479 0.013119 0.253741 -0.505507 0.460247
0.250578 -0.013147 0.401211 -0.808715 -0.832537
0.260988 -0.031887 0.120709 -0.141484 -0.212073
0.264449 -0.034799 0.052617 -0.006575 -0.718381
0.261847 -0.024790 -0.182123 0.501896 -0.029140
0.254494 -0.005471 -0.185925 0.468350 1.442689
0.256733 -0.009615 0.296179 -0.660508 -1.157434
0.260798 -0.017556 -0.091357 0.249059 0.702553
0.261889 -0.019087 0.145092 -0.317979 -0.782777
0.262477 -0.019764 -0.114763 0.275649 0.185684
0.259204 -0.012381 -0.049291 0.097474 0.170675
0.258408 -0.011486 0.009210 -0.050465 0.697401
0.263430 -0.024382 0.241327 -0.589302 0.345912
0.275345 -0.053007 0.354535 -0.843930 -2.121144
0.275417 -0.054328 -0.348399 0.755091 -0.373664
0.259230 -0.020626 -0.461337 0.934208 1.788607
0.252862 -0.012434 0.140586 -0.502863 -2.180863
0.243932 0.001364 -0.584767 1.172017 1.410434
0.230100 0.025070 -0.109075 0.034139 0.311229
0.227758 0.022221 -0.008312 -0.174229 0.395187
0.229979 0.009960 0.119189 -0.437583 -0.674569
0.230171 0.003666 -0.108609 0.113891 0.306508
0.227874 0.003475 -0.006567 -0.120149 -0.280969
0.225717 0.003258 -0.100965 0.106059 -0.144457
0.220726 0.009685 -0.148535 0.215024 -0.293989
0.212840 0.022771 -0.245672 0.438734 -0.029952
0.202829 0.040755 -0.255158 0.463697 1.349870
0.201575 0.038959 0.190937 -0.539795 -0.745160
0.204087 0.030466 -0.064217 0.104530 0.459337
0.204517 0.028204 0.085274 -0.213625 -0.257527
0.206116 0.024595 -0.004907 0.029081 1.006974
0.212561 0.010869 0.326313 -0.707804 0.135081
0.226375 -0.018277 0.364847 -0.754615 -0.489084
0.237636 -0.040324 0.199239 -0.357737 -0.754046
0.240622 -0.043481 -0.049003 0.191477 0.021166
0.238924 -0.037374 -0.036115 0.116148 -0.631418
0.233378 -0.024021 -0.240782 0.548120 0.057140
0.224261 -0.004228 -0.215610 0.446862 0.108275
0.216432 0.011323 -0.176303 0.335327 0.239009
0.210993 0.020915 -0.096107 0.148828 0.885219
0.213010 0.013597 0.196081 -0.507025 -0.163058
0.219659 -0.003149 0.136929 -0.335989 -1.107397
0.217722 0.000838 -0.232494 0.524087 0.921652
0.214628 0.006999 0.076516 -0.204571 -0.241076
0.216035 0.002994 -0.005770 0.000645 -0.002537
0.215777 0.003166 -0.007113 0.007889 0.176677
0.216658 0.000869 0.051016 -0.121383 -0.248961
0.217019 0.000060 -0.032670 0.077973 0.073576
0.216209 0.001985 -0.007933 0.019474 -0.034603
0.215656 0.003355 -0.019692 0.048887 0.892335
0.220800 -0.008347 0.276070 -0.626833 -0.513855
0.228344 -0.024844 0.102107 -0.207222 -0.893736
0.226505 -0.019670 -0.193163 0.457634 0.478974
0.222074 -0.009754 -0.029186 0.045915 0.414021
0.223687 -0.014530 0.109397 -0.281068 -0.837031
0.222482 -0.012841 -0.168664 0.356880 0.134037
0.216708 -0.001365 -0.120486 0.221101 0.709259
0.216641 -0.003710 0.116333 -0.331082 -0.796990
0.215949 -0.004318 -0.149964 0.291821 1.049861
0.216986 -0.009231 0.200643 -0.526944 -1.280751
0.216431 -0.010110 -0.226820 0.468845 -0.060649
0.207047 0.008749 -0.242734 0.477692 0.400449
0.200053 0.021305 -0.107718 0.157113 1.512671
0.205779 0.004676 0.392642 -0.976006 -0.831755
0.215791 -0.020138 0.109512 -0.279423 0.270082
0.221968 -0.035522 0.199286 -0.489864 -2.369345
0.214187 -0.018884 -0.585965 1.300207 1.686102
0.202201 0.005079 -0.015868 -0.078013 -1.010584
0.194821 0.017739 -0.352195 0.702506 1.346884
0.189757 0.024662 0.097251 -0.340244 -0.751098
0.188543 0.023649 -0.156951 0.280684 0.409934
0.184979 0.028793 -0.021822 -0.018249 0.136788
0.184946 0.026694 0.020098 -0.086144 0.383733
0.188226 0.018130 0.143662 -0.340177 -0.494736
0.190586 0.013039 -0.024951 0.078741 -0.018902
0.189440 0.016719 -0.032368 0.105611 0.741265
0.193049 0.009847 0.212112 -0.442852 -0.021393
0.201297 -0.006675 0.200658 -0.387297 -0.252139
0.207596 -0.017887 0.114849 -0.178506 0.602245
0.216202 -0.034412 0.315056 -0.644395 -0.948939
0.222468 -0.045523 -0.000402 0.076413 -1.474263
0.212758 -0.020962 -0.483999 1.141827 0.382358
0.196157 0.016865 -0.347310 0.762253 0.886774
0.188238 0.033148 -0.050062 0.065068 0.871677
0.191965 0.023093 0.235622 -0.561106 -0.462883
0.198170 0.009084 0.075546 -0.147853 -0.125413
0.200310 0.005547 0.031698 -0.031325 -0.358080
0.199174 0.010009 -0.088162 0.251324 -0.408850
0.192938 0.026282 -0.223430 0.561179 -0.512521
0.180616 0.056497 -0.392626 0.949913 1.302462
0.173577 0.074640 0.038748 -0.025042 1.754647
0.186606 0.048602 0.611400 -1.265388 -1.324734
0.201946 0.021181 0.157805 -0.126603 -0.474526
0.205025 0.024124 -0.003342 0.268760 1.816690
0.216949 0.007236 0.597773 -1.097476 -0.994121
0.234052 -0.019697 0.259172 -0.266212 -0.198955
0.243086 -0.027334 0.192926 -0.119194 -0.782525
0.245629 -0.020503 -0.065007 0.454053 1.088440
0.250372 -0.020087 0.300769 -0.420891 0.818832
0.267817 -0.049343 0.571035 -1.038833 -1.302156
0.281944 -0.070644 0.137374 -0.044853 -0.951973
0.281256 -0.059394 -0.171035 0.600680 -0.435745
0.271731 -0.030815 -0.305365 0.830770 1.409443
0.269079 -0.021012 0.170811 -0.322567 -0.505385
0.272543 -0.026169 0.003074 0.058321 0.144437
0.273689 -0.026700 0.054030 -0.083019 -0.761407
0.270829 -0.018799 -0.196321 0.471887 0.964028
0.269499 -0.015762 0.128537 -0.308506 0.081254
0.275166 -0.029268 0.154986 -0.368628 -1.608498
0.270675 -0.019468 -0.377872 0.843649 0.266901
0.257504 0.008634 -0.281595 0.570817 1.577784
0.256801 0.006701 0.244586 -0.650688 -1.025218
0.259649 -0.002516 -0.100717 0.176402 -0.050566
0.255315 0.005058 -0.116119 0.203411 0.287507
0.252600 0.008659 -0.020035 -0.019537 -0.012840
0.251689 0.008337 -0.025492 0.003100 1.216500
0.258740 -0.010003 0.377012 -0.910914 -1.010495
0.266981 -0.029897 0.036661 -0.099262 0.198249
0.269815 -0.037439 0.104916 -0.276839 0.112113
0.274796 -0.050700 0.144251 -0.387289 -0.608777
0.276574 -0.057489 -0.054581 0.040416 -2.237112
0.259653 -0.022927 -0.789751 1.672442 1.960026
0.241406 0.011122 -0.125701 0.059288 0.043563
0.236654 0.013029 -0.111954 0.036742 0.565251
0.235915 0.006094 0.074460 -0.379001 -0.621444
0.234690 0.001156 -0.134823 0.124047 0.465230
0.232410 -0.001142 0.020293 -0.234382 -2.104215
0.219193 0.022124 -0.679028 1.379502 2.164222
0.206586 0.042784 0.045566 -0.318146 -0.306328
0.206229 0.036206 -0.062826 -0.016227 0.550892
0.207296 0.027997 0.115731 -0.390626 -0.737590
0.206897 0.024904 -0.134685 0.226745 0.002012
0.201500 0.034255 -0.135336 0.242444 0.289049
0.197966 0.040027 -0.041780 0.050043 0.168472
0.197329 0.040347 0.009806 -0.032771 0.186014
0.198858 0.037207 0.066563 -0.123608 0.361424
0.203816 0.027790 0.181179 -0.345998 -0.536533
0.207374 0.023343 -0.002513 0.116345 1.076355
0.214390 0.011903 0.352315 -0.679515 -0.161434
0.227271 -0.011564 0.292450 -0.500993 -0.242255
0.237299 -0.027433 0.209553 -0.298439 0.489942
0.248946 -0.047082 0.372577 -0.682425 -1.119685
0.256400 -0.057347 0.001650 0.155195 -0.143377
0.255658 -0.050437 -0.038822 0.191153 0.070360
0.254709 -0.045257 -0.008885 0.070544 -1.286113
0.245910 -0.023806 -0.430107 0.993498 0.913393
0.234981 0.000060 -0.117938 0.215368 0.495373
0.233590 0.000812 0.047732 -0.172149 -0.694898
0.230846 0.004887 -0.184132 0.369079 -0.157687
0.222475 0.021728 -0.234578 0.474849 1.385343
0.222327 0.019356 0.225572 -0.579134 -0.214808
0.229787 0.000751 0.148133 -0.357913 -1.569866
0.225210 0.011087 -0.375280 0.859682 1.242049
0.218563 0.025546 0.041081 -0.120005 0.912485
0.226196 0.007526 0.339917 -0.775442 0.020024
0.239787 -0.022548 0.340245 -0.734768 -0.879690
0.247480 -0.037933 0.045790 -0.047311 -1.476865
0.239563 -0.017933 -0.440357 1.036259 0.267190
0.223920 0.017650 -0.342908 0.753891 1.265751
0.218694 0.027810 0.079876 -0.229990 0.126740
0.222632 0.017656 0.117118 -0.279003 0.120311
0.228031 0.005471 0.152983 -0.331918 0.061832
0.234494 -0.008144 0.170413 -0.351270 -2.339000
0.225712 0.014062 -0.607155 1.440759 1.364566
0.210685 0.049183 -0.146634 0.338157 2.021799
0.218196 0.032441 0.520256 -1.157941 -1.230136
0.230572 0.007358 0.100569 -0.115627 0.164184
0.235645 0.000583 0.153067 -0.222936 0.672185
0.246197 -0.018303 0.374078 -0.718120 -1.222226
0.252955 -0.027676 -0.034502 0.234162 -0.535247
0.248105 -0.010998 -0.207764 0.597949 1.289967
0.248483 -0.007908 0.225063 -0.428429 -0.412886
0.254686 -0.018269 0.085772 -0.096375 -0.704633
0.253450 -0.011553 -0.146888 0.426215 0.446780
0.250631 -0.002163 0.005185 0.050411 0.462212
0.253920 -0.007323 0.158816 -0.304448 0.676173
0.264735 -0.029609 0.381550 -0.807158 -0.737630
0.275029 -0.050141 0.134494 -0.231772 -1.172700
0.272686 -0.042245 -0.250529 0.616367 1.448286
0.272479 -0.041586 0.238357 -0.566715 -1.027987
0.275183 -0.048660 -0.101788 0.200704 -0.928833
0.265073 -0.027747 -0.403138 0.840289 0.810386
0.254527 -0.008319 -0.125612 0.144631 0.247842
0.251192 -0.006700 -0.041463 -0.060479 -0.119409
0.248746 -0.007332 -0.080693 0.027526 -0.004721
0.245509 -0.006338 -0.081208 0.022432 -0.691285
0.237681 0.005030 -0.309603 0.540955 0.008318
0.225424 0.025962 -0.303660 0.510227 0.400609
0.215963 0.040172 -0.170170 0.207385 0.052727
0.209449 0.048346 -0.155702 0.203009 1.407456
0.212499 0.035768 0.306908 -0.820224 -1.440093
0.214993 0.027029 -0.180245 0.365038 2.050666
0.221413 0.010322 0.499223 -1.182179 -1.022597
0.234374 -0.019398 0.150708 -0.321783 -0.365904
0.237959 -0.026632 0.029119 -0.045257 -0.064080
0.238747 -0.027979 0.010331 -0.022717 -0.563619
0.235468 -0.020817 -0.173805 0.376667 -0.074083
0.228124 -0.005564 -0.193650 0.388831 0.499938
0.223773 0.001694 -0.024657 -0.018782 0.647238
0.227084 -0.008903 0.189645 -0.506326 -1.311923
0.225885 -0.008498 -0.248050 0.512346 0.382085
0.218599 0.005277 -0.116983 0.183773 0.313972
0.216023 0.007715 -0.012247 -0.057977 0.927930
0.221678 -0.008569 0.294237 -0.749782 -1.398424
0.224049 -0.016242 -0.173824 0.349166 -0.224852
0.215688 0.000369 -0.244338 0.482800 -0.435643
0.203088 0.025770 -0.385647 0.787958 2.071298
0.201498 0.025072 0.303663 -0.800734 -0.356121
0.211097 0.000198 0.177287 -0.452707 -1.121562
0.210656 -0.000033 -0.197968 0.428745 0.141820
0.203743 0.014401 -0.148158 0.297682 0.711862
0.202562 0.015349 0.088233 -0.242520 -0.196174
0.204712 0.009380 0.019666 -0.059639 0.221867
0.206941 0.003923 0.091638 -0.212167 -0.296377
0.208590 0.000404 -0.008739 0.032086 -0.055875
0.207868 0.002552 -0.027306 0.075149 -0.237118
0.205200 0.009200 -0.105942 0.256032 0.794152
0.206259 0.007154 0.157980 -0.350241 -1.961626
0.199456 0.023956 -0.496041 1.172139 2.028491
0.193224 0.038738 0.181632 -0.407604 0.032776
0.200554 0.023418 0.185215 -0.362041 0.243855
0.209471 0.006264 0.260750 -0.497162 -0.823373
0.214327 -0.000115 -0.016783 0.167583 0.174056
0.214832 0.003735 0.041730 0.027650 -0.383716
0.213937 0.010834 -0.086149 0.324531 1.748612
0.222140 -0.003182 0.494495 -1.009378 -0.741884
0.236831 -0.030837 0.241536 -0.387681 0.349859
0.248820 -0.051865 0.357886 -0.663915 -0.998916
0.256504 -0.063384 0.027718 0.075078 -0.701042
0.253100 -0.051170 -0.197422 0.531748 -0.006987
0.245347 -0.031651 -0.190745 0.449185 0.459597
0.240909 -0.022040 -0.031928 0.038958 0.118949
0.240477 -0.022839 0.010126 -0.077443 -0.301140
0.238916 -0.021707 -0.087824 0.131358 -0.456046
0.232437 -0.010095 -0.235855 0.447090 -0.541536
0.219491 0.015308 -0.411362 0.822799 0.976238
0.209620 0.032516 -0.083728 0.051967 -0.076528
0.205697 0.036489 -0.112383 0.146154 0.831083
0.206667 0.030268 0.160074 -0.450059 -0.115357
0.212164 0.015378 0.115315 -0.299488 0.219990
0.218157 0.000815 0.184398 -0.429739 -0.140153
0.224530 -0.013590 0.134720 -0.295232 -0.894396
0.223951 -0.011542 -0.162637 0.388414 -0.479120
0.214340 0.010607 -0.317842 0.718785 0.358714
0.204094 0.033173 -0.195325 0.418267 0.903870
0.202277 0.036285 0.103353 -0.252605 -0.739752
0.201368 0.038757 -0.147879 0.367986 0.732547
0.200287 0.042692 0.092910 -0.162953 0.160252
0.204943 0.034971 0.139898 -0.223737 -0.093383
0.209798 0.028616 0.103167 -0.097037 0.082348
0.214385 0.024316 0.126220 -0.118481 0.450758
0.222350 0.013431 0.271763 -0.423678 -0.233006
0.231566 0.000995 0.189620 -0.203640 0.208969
0.240497 -0.010011 0.256922 -0.346854 -0.570002
0.246941 -0.014844 0.066083 0.098008 0.414581
0.252380 -0.017714 0.205382 -0.237407 1.410909
0.269971 -0.048918 0.673020 -1.313463 -2.174275
0.282340 -0.067468 -0.051477 0.358173 -0.853011
0.274807 -0.042065 -0.324849 0.909540 0.347106
0.264345 -0.013155 -0.199339 0.546623 0.114892
0.257242 0.005952 -0.156362 0.414375 0.253271
0.252717 0.018264 -0.070472 0.206599 0.997935
0.256520 0.011393 0.259629 -0.541055 -0.075891
0.266287 -0.008052 0.229244 -0.436504 -0.381156
0.272867 -0.019217 0.100437 -0.128273 -0.022217
0.276754 -0.024238 0.094020 -0.123867 -0.462329
0.277469 -0.022448 -0.057759 0.209046 -0.885158
0.269348 -0.001248 -0.347737 0.846241 1.416221
0.264986 0.009726 0.127660 -0.279543 -0.488631
0.266773 0.006691 -0.037618 0.121610 0.874461
0.271084 -0.001844 0.252288 -0.540779 -0.541396
0.277491 -0.014436 0.068996 -0.097564 -0.916603
0.274166 -0.004421 -0.234366 0.590659 0.478559
0.268069 0.011003 -0.071380 0.189229 0.799980
0.270535 0.006327 0.193801 -0.415449 0.158531
0.279259 -0.011983 0.242628 -0.502450 -1.240985
0.280655 -0.012583 -0.171337 0.458839 1.357783
0.282926 -0.015953 0.283289 -0.612967 -1.518342
0.284096 -0.016662 -0.222935 0.560907 -0.021792
0.275151 0.005014 -0.224753 0.527603 1.649358
0.277198 0.000230 0.325169 -0.749812 -0.347790
0.287772 -0.023373 0.204498 -0.439384 -1.528062
0.285770 -0.017399 -0.302909 0.723008 1.079069
0.280977 -0.006387 0.061652 -0.157934 -0.574450
0.279609 -0.003779 -0.129419 0.282672 -0.166712
0.273371 0.009661 -0.182541 0.390489 0.860031
0.271825 0.011810 0.104148 -0.273293 -0.048716
0.275595 0.002304 0.084673 -0.204832 -0.290992
0.277007 -0.001053 -0.013674 0.032997 0.607020
0.280501 -0.009089 0.187836 -0.429901 -0.042952
0.287680 -0.025224 0.171493 -0.380732 -1.038470
0.287628 -0.024547 -0.172880 0.403704 0.151208
0.281832 -0.011794 -0.117438 0.238752 -0.389574
0.274603 0.003184 -0.243865 0.509313 1.158834
0.272625 0.005182 0.143515 -0.396287 -0.590800
0.274362 -0.000907 -0.055822 0.083877 0.340896
0.274409 -0.002887 0.057806 -0.179564 0.500695
0.280028 -0.017554 0.222872 -0.551450 -0.806636
0.283531 -0.026859 -0.046569 0.075474 -0.923807
0.275593 -0.010343 -0.349607 0.744283 -0.204762
0.260382 0.021373 -0.411398 0.846326 2.721938
0.262108 0.012829 0.494675 -1.245959 -0.881237
0.275814 -0.021475 0.192445 -0.486708 -0.538706
0.279901 -0.032486 0.012762 -0.071874 -0.334799
0.278246 -0.030847 -0.095233 0.150981 0.856291
0.280222 -0.038843 0.193117 -0.542567 -0.703261
0.283275 -0.049905 -0.039418 -0.020157 -1.737095
0.270258 -0.025168 -0.610020 1.244569 1.535054
0.256314 -0.001186 -0.089562 -0.023084 -1.081839
0.245537 0.014539 -0.448290 0.800842 0.540741
0.231295 0.037560 -0.264978 0.361053 1.317316
0.229427 0.032205 0.170220 -0.616176 -0.376252
0.233571 0.014933 0.037804 -0.255832 -1.035711
0.228122 0.021328 -0.309076 0.565285 0.653841
0.220146 0.033672 -0.090771 0.061491 0.400765
0.219114 0.030713 0.038789 -0.206238 -1.028274
0.213726 0.039273 -0.307036 0.624191 1.956785
0.214459 0.034338 0.341505 -0.851309 -0.942176
0.221645 0.016724 0.019345 -0.044071 -0.139384
0.221443 0.017590 -0.029250 0.085766 0.808882
0.225622 0.008933 0.237444 -0.511991 -0.830160
0.229495 0.002141 -0.042640 0.161630 0.172512
0.228951 0.005833 0.015161 0.025617 0.041892
0.229821 0.006360 0.028301 0.001142 0.737111
0.235837 -0.004729 0.271823 -0.550048 -0.843400
0.241020 -0.013105 -0.011435 0.120164 0.539150
0.244191 -0.017003 0.169365 -0.309792 -1.305428
0.242268 -0.009281 -0.264139 0.683524 0.821171
0.237283 0.004358 0.013634 0.010551 -0.609340
0.233762 0.014271 -0.189150 0.480461 0.956947
0.232597 0.018524 0.129653 -0.256571 -0.162730
0.236615 0.011578 0.071613 -0.094374 1.073899
0.246576 -0.008255 0.425610 -0.890073 -1.649079
0.252508 -0.017483 -0.126810 0.408537 0.795867
0.252824 -0.014276 0.141556 -0.238451 -2.081828
0.244628 0.008199 -0.549328 1.344451 2.061799
0.236549 0.028749 0.142400 -0.289661 0.301082
0.007148 -0.009328 0.004593 -0.006487 -0.736307
0.002450 0.001555 -0.238840 0.545058 -0.494625
-0.010317 0.030301 -0.399512 0.892992 0.650917
-0.021904 0.055582 -0.181137 0.383402 0.709472
-0.024505 0.060870 0.050196 -0.110934 0.885743
-0.016769 0.044467 0.336035 -0.704310 -0.516362
-0.006973 0.026238 0.154810 -0.217431 -1.060415
-0.007933 0.034775 -0.201648 0.633935 1.075956
-0.008836 0.043638 0.155052 -0.177489 0.971295
0.003690 0.022940 0.470624 -0.852211 -0.193856
0.021034 -0.006444 0.397478 -0.625933 -1.259930
0.028460 -0.011381 -0.024575 0.364198 0.420833
0.030345 -0.003971 0.118136 0.012670 0.065769
0.035506 -0.004527 0.139888 -0.039819 -0.753709
0.036081 0.005466 -0.110483 0.533384 0.974833
0.038203 0.011298 0.215285 -0.229898 -0.328658
0.044556 0.007779 0.102871 0.049337 0.264708
0.050409 0.005859 0.189538 -0.142985 -0.474792
0.054785 0.007821 0.029808 0.236137 0.149334
0.056976 0.014899 0.079439 0.120787 -0.064924
0.059694 0.020973 0.056428 0.183279 1.261130
0.070307 0.009240 0.472978 -0.759102 -1.285873
0.080523 -0.000077 0.039594 0.276864 0.690872
0.086730 0.000074 0.269935 -0.261689 -0.508099
0.094093 -0.002172 0.098903 0.143226 -0.151285
0.097055 0.005703 0.049213 0.250581 0.699019
0.103685 0.004848 0.281431 -0.285935 0.590263
0.118800 -0.015099 0.474032 -0.709454 -1.631204
0.126822 -0.017762 -0.070870 0.557970 0.941541
0.130360 -0.011003 0.246461 -0.207936 1.480225
0.150043 -0.041972 0.736426 -1.330583 -1.565279
0.168970 -0.070332 0.212543 -0.110826 -1.431134
0.168091 -0.054280 -0.255313 0.902714 0.267010
0.159898 -0.024675 -0.155324 0.587687 0.304533
0.155846 -0.007151 -0.048091 0.296010 0.126581
0.154816 0.002233 -0.003747 0.176744 0.539198
0.158266 0.000885 0.175631 -0.238596 0.033164
0.165465 -0.008779 0.184489 -0.246410 -1.299248
0.164176 0.001501 -0.247618 0.748484 0.202606
0.155721 0.027412 -0.175924 0.554974 1.659722
0.159735 0.024079 0.374775 -0.704661 -1.010189
0.167838 0.012961 0.031829 0.134849 -0.512930
0.165681 0.026409 -0.139313 0.534573 1.036980
0.167016 0.031828 0.204733 -0.251449 0.314970
0.177179 0.018066 0.303427 -0.436775 -0.376482
0.186694 0.007440 0.173001 -0.101321 -0.340696
0.191303 0.008989 0.057852 0.175219 1.325321
0.202426 -0.004328 0.497023 -0.829625 -1.632451
0.211319 -0.011366 -0.050253 0.458226 0.564953
0.213149 -0.002532 0.140850 -0.008267 0.598015
0.222752 -0.012039 0.338804 -0.462575 0.252861
0.237930 -0.034028 0.420210 -0.638741 -1.278286
0.246205 -0.039839 -0.004824 0.333295 -0.014894
0.246040 -0.027593 -0.003701 0.282131 0.270069
0.247782 -0.021420 0.090298 0.031264 1.162773
0.259170 -0.038514 0.477983 -0.876468 -0.944531
0.271952 -0.058756 0.162696 -0.150105 -1.470338
0.268788 -0.043340 -0.319647 0.909379 -0.628152
0.252049 0.000510 -0.517502 1.286536 1.619511
0.242310 0.025431 0.028021 -0.017079 0.686854
0.247934 0.014859 0.252608 -0.506784 -0.181666
0.256713 -0.001554 0.186957 -0.319723 0.835874
0.269699 -0.026748 0.461848 -0.936197 -1.237229
0.279855 -0.044528 0.047851 0.029852 -1.169423
0.274091 -0.026419 -0.335148 0.867600 1.592159
0.271460 -0.017901 0.201459 -0.421984 -0.542155
0.275884 -0.026266 0.020540 -0.003817 -0.467387
0.273651 -0.019807 -0.131808 0.323445 0.634008
0.272685 -0.017463 0.082688 -0.198465 -0.874587
0.270181 -0.012071 -0.206971 0.459887 1.055401
0.269017 -0.010749 0.147426 -0.381712 -0.474553
0.271721 -0.018432 -0.011491 -0.009222 -0.492449
0.268023 -0.011618 -0.172965 0.346293 0.463719
0.264266 -0.005590 -0.015605 -0.038271 -1.335624
0.254763 0.013355 -0.458349 0.974985 1.291642
0.245137 0.031560 -0.024920 -0.046605 0.404665
0.246751 0.024314 0.105389 -0.313367 0.127489
0.251711 0.010842 0.142746 -0.362235 -1.393331
0.248070 0.018532 -0.323223 0.732837 1.695738
0.246485 0.021296 0.241904 -0.575663 0.160691
0.257092 -0.002896 0.288771 -0.637845 -0.774544
0.263395 -0.015685 0.027622 -0.012925 -0.538201
0.260949 -0.008240 -0.149489 0.381087 -0.068270
0.254587 0.007392 -0.168866 0.403309 -0.318177
0.245756 0.028085 -0.272678 0.632197 1.504906
0.244886 0.030122 0.227309 -0.513800 -0.746284
0.248864 0.022459 -0.027252 0.120253 0.949866
0.254054 0.013087 0.285823 -0.580861 -0.273023
0.263547 -0.004827 0.189560 -0.322036 -1.012699
0.264348 -0.001785 -0.148361 0.463700 0.796583
0.263779 0.003910 0.118858 -0.168930 -0.093236
0.267872 -0.001052 0.086008 -0.081369 -0.740284
0.266371 0.007198 -0.160342 0.487516 0.980728
0.266531 0.011196 0.167106 -0.276089 -0.347206
0.270832 0.006163 0.048463 0.019311 0.986527
0.279314 -0.008056 0.374770 -0.722650 -1.250651
0.285886 -0.016923 -0.044456 0.263641 0.495387
0.287473 -0.014685 0.123132 -0.145586 0.337396
0.294646 -0.025792 0.235310 -0.408246 -1.399356
0.294740 -0.020642 -0.229058 0.651916 0.428220
0.288565 -0.002449 -0.080656 0.266719 0.598953
0.289363 -0.001352 0.119805 -0.205026 -0.720119
0.289331 0.001797 -0.120597 0.355241 1.256846
0.292911 -0.003692 0.298225 -0.617138 -0.305924
0.302714 -0.022895 0.192683 -0.350600 -0.465222
0.307319 -0.029796 0.038260 -0.000751 -0.010736
0.308839 -0.030312 0.037726 -0.024801 -0.506637
0.307038 -0.024156 -0.127346 0.328846 0.933385
0.308252 -0.026300 0.186931 -0.425892 -0.516330
0.312286 -0.035414 0.015566 -0.037104 -0.366098
0.310545 -0.032017 -0.102302 0.204237 -0.182910
0.305338 -0.022022 -0.158136 0.296181 0.635774
0.303334 -0.020816 0.057130 -0.228299 0.134372
0.306524 -0.032160 0.102428 -0.339598 -1.050102
0.303659 -0.029889 -0.244543 0.442653 0.001689
0.294022 -0.013466 -0.237658 0.382553 -0.323171
0.282456 0.006003 -0.340705 0.591852 1.428363
0.278407 0.007110 0.136520 -0.520700 -1.073181
0.276636 0.003657 -0.223686 0.335366 0.446242
0.270701 0.009880 -0.073729 -0.018002 1.079992
0.274913 -0.007151 0.283369 -0.825612 -1.640838
0.275225 -0.014005 -0.265634 0.463445 0.922823
0.270840 -0.010562 0.045214 -0.280188 -2.013739
0.259236 0.009324 -0.623407 1.256825 1.245783
0.242759 0.039028 -0.202658 0.248692 0.401750
0.237275 0.043415 -0.072026 -0.024577 -0.410501
0.231565 0.049801 -0.213047 0.340008 0.825394
0.228469 0.051486 0.057279 -0.247163 0.938027
0.236842 0.028774 0.360867 -0.884202 -1.374526
0.241934 0.016402 -0.104336 0.247423 1.538054
0.247987 0.002765 0.405475 -0.915701 -1.305853
0.255370 -0.012472 -0.034422 0.136041 -0.183601
0.252815 -0.004640 -0.093272 0.255437 -0.026678
0.248951 0.005580 -0.100114 0.257530 2.225498
0.259772 -0.018484 0.638980 -1.441580 -1.402170
0.275822 -0.053081 0.166011 -0.311437 -0.537844
0.278955 -0.058073 -0.008703 0.055635 -0.845909
0.273119 -0.044267 -0.282481 0.629441 -0.119308
0.261218 -0.019092 -0.313031 0.634221 0.189541
0.250096 0.002105 -0.243789 0.432668 0.392085
0.243013 0.012890 -0.111035 0.113190 0.335239
0.240790 0.012447 -0.000500 -0.131970 0.021793
0.240867 0.007331 0.004442 -0.124960 -0.051784
0.240664 0.003497 -0.014428 -0.068258 -1.109782
0.232685 0.018022 -0.383432 0.785350 0.291302
0.219364 0.044365 -0.283515 0.540519 2.007044
0.221347 0.035549 0.380549 -0.962161 -0.581205
0.232478 0.008132 0.177272 -0.421571 -0.887941
0.233576 0.005702 -0.121207 0.289637 -0.171471
0.227614 0.019708 -0.176954 0.411693 0.967206
0.226983 0.021272 0.144218 -0.322871 -0.016585
0.232540 0.009579 0.133947 -0.264882 -0.637109
0.233593 0.009391 -0.080507 0.248261 0.199405
0.231710 0.016189 -0.014014 0.095150 0.419294
0.233911 0.013849 0.123610 -0.208363 0.370490
0.241250 0.000468 0.243244 -0.459789 -1.515440
0.240822 0.006031 -0.262950 0.722437 1.458765
0.240096 0.011741 0.224788 -0.419738 0.101606
0.249667 -0.005729 0.254005 -0.456719 -0.580794
0.255899 -0.014551 0.058525 0.007343 -0.683847
0.253718 -0.004053 -0.167023 0.512572 0.935792
0.253342 0.001341 0.146952 -0.231397 0.693821
0.263790 -0.018189 0.375029 -0.741742 -0.523667
0.275228 -0.039202 0.197979 -0.319106 -1.263984
0.274776 -0.033010 -0.219299 0.616875 0.545122
0.269790 -0.018253 -0.030983 0.130622 -0.371054
0.266138 -0.007886 -0.151403 0.386204 -0.046717
0.259843 0.007621 -0.163636 0.392147 0.965417
0.259758 0.008170 0.158190 -0.354124 -0.280561
0.264143 -0.000981 0.061606 -0.108679 -1.172500
0.258788 0.012850 -0.328181 0.790308 1.722458
0.257204 0.017291 0.246803 -0.548500 0.019528
0.267080 -0.003772 0.247417 -0.509401 0.043353
0.277190 -0.024179 0.258479 -0.514878 -0.931571
0.281304 -0.030301 -0.051554 0.197479 0.099559
0.279996 -0.024858 -0.014098 0.077421 0.396309
0.282131 -0.028490 0.120404 -0.255066 -0.629552
0.282782 -0.029311 -0.087131 0.207368 0.328041
0.281572 -0.026976 0.026163 -0.086054 -0.252395
0.280985 -0.027020 -0.055250 0.081464 -1.015421
0.272093 -0.008869 -0.388599 0.819364 0.970544
0.263148 0.007726 -0.060186 0.024850 0.947457
0.267029 -0.005658 0.253376 -0.686714 -1.034914
0.270187 -0.016410 -0.093969 0.135419 0.284018
0.268374 -0.015887 0.002929 -0.105794 -0.041884
0.268231 -0.019673 -0.009941 -0.084558 -0.239614
0.266271 -0.019689 -0.087813 0.081380 -0.173872
0.261659 -0.014301 -0.142737 0.187606 0.084203
0.256571 -0.008646 -0.111914 0.097545 0.089516
0.252725 -0.006423 -0.080544 0.015169 -0.050499
0.249185 -0.005183 -0.096413 0.046627 0.336152
0.247585 -0.008639 0.016057 -0.216411 -1.585818
0.237666 0.007183 -0.510403 0.993666 0.827796
0.222894 0.033080 -0.229813 0.315985 -0.327832
0.211497 0.051124 -0.339906 0.585922 1.000260
0.204524 0.059668 -0.010079 -0.146580 0.855472
0.209651 0.042309 0.265889 -0.716975 0.754879
0.225103 0.004014 0.506704 -1.198699 -1.767903
0.233417 -0.015040 -0.088441 0.222194 0.154654
0.230972 -0.009136 -0.034161 0.076209 -0.434519
0.226743 0.000312 -0.176939 0.393603 0.232036
0.221265 0.012010 -0.097502 0.196422 0.702764
0.222039 0.009126 0.135440 -0.333733 0.640986
0.231646 -0.013375 0.344618 -0.789367 -1.832736
0.233147 -0.016015 -0.267329 0.636755 0.356656
0.224955 0.002791 -0.143132 0.311856 1.195969
0.227223 -0.003423 0.255228 -0.610854 -0.527244
0.233836 -0.018983 0.076423 -0.176365 -1.951290
0.223926 0.003769 -0.570081 1.297842 1.654973
0.212317 0.028652 -0.012941 -0.029868 0.859547
0.217445 0.015003 0.268627 -0.646707 -0.012472
0.227972 -0.009423 0.258284 -0.580344 -0.061838
0.237820 -0.031091 0.234665 -0.508363 -0.231007
0.245659 -0.047884 0.157848 -0.337093 -0.679589
0.247508 -0.051573 -0.064570 0.145107 -1.327023
0.236237 -0.026769 -0.498048 1.087091 0.727648
0.221378 0.003497 -0.246448 0.441173 -0.345842
0.209279 0.025979 -0.358541 0.683938 -0.183921
0.193761 0.055878 -0.417663 0.814993 1.470854
0.186827 0.066194 0.068962 -0.281439 0.934266
0.195602 0.042573 0.369349 -0.895965 -0.214777
0.208715 0.012253 0.287240 -0.629672 0.229506
0.221603 -0.015292 0.357492 -0.751304 -0.463670
0.232732 -0.037531 0.200015 -0.370491 -1.955029
0.227755 -0.022680 -0.446948 1.095673 0.704475
0.214775 0.008377 -0.203602 0.471978 0.591905
0.210617 0.017767 -0.005202 0.005985 0.652441
0.214705 0.008430 0.209079 -0.468043 -0.641382
0.218708 0.000425 -0.008000 0.058787 0.202585
0.219738 -0.000364 0.059306 -0.096171 0.207321
0.223471 -0.007234 0.127221 -0.246609 0.057331
0.228915 -0.017777 0.145121 -0.282116 -1.101582
0.227384 -0.012136 -0.220447 0.553554 0.334723
0.220900 0.003883 -0.104556 0.254744 0.559742
0.220466 0.005263 0.082200 -0.179355 0.049771
0.224042 -0.002274 0.096702 -0.198704 -0.554132
0.224195 -0.001455 -0.088426 0.233725 1.091371
0.227952 -0.009180 0.275115 -0.609637 -1.249747
0.230567 -0.013725 -0.142754 0.367715 0.168816
0.226062 -0.002380 -0.082968 0.204064 0.598926
0.226759 -0.003708 0.117150 -0.264153 -1.417257
0.221982 0.007806 -0.354541 0.826837 0.720021
0.212694 0.028936 -0.111182 0.242156 0.954409
0.214562 0.024360 0.203560 -0.461998 0.323097
0.224724 0.002142 0.304687 -0.650672 -1.761904
0.225082 0.004147 -0.284674 0.731917 0.675538
0.218285 0.022209 -0.056395 0.182513 1.576919
0.226490 0.005608 0.465135 -0.999384 -0.835195
0.239369 -0.020026 0.180395 -0.297270 -1.064943
0.239494 -0.015583 -0.172957 0.508978 0.887833
0.238588 -0.009862 0.126395 -0.211662 -0.533972
0.240076 -0.010028 -0.051356 0.197562 -0.023281
0.237913 -0.002222 -0.056916 0.194340 0.239304
0.237257 0.001607 0.023754 0.000565 0.465647
0.241296 -0.005446 0.177773 -0.349664 0.267736
0.250141 -0.023162 0.264537 -0.537038 -1.051630
0.253694 -0.028274 -0.085572 0.269061 0.889229
0.256284 -0.032143 0.214041 -0.453127 0.145618
0.265812 -0.052605 0.262561 -0.572324 -1.112220
0.268949 -0.058873 -0.104275 0.246099 -1.222300
0.256819 -0.031948 -0.501510 1.093937 0.641314
0.241259 -0.000209 -0.277943 0.507364 -0.004893
0.230187 0.019507 -0.276086 0.482726 0.625594
0.223334 0.029049 -0.067489 0.003026 0.190220
0.221835 0.026953 -0.007613 -0.106699 0.030247
0.221654 0.023023 -0.001337 -0.090775 -0.492345
0.218259 0.027644 -0.167873 0.317043 1.493905
0.221463 0.017645 0.326545 -0.803344 -0.714316
0.229609 -0.001995 0.082076 -0.191104 -0.485538
0.229634 -0.001932 -0.080240 0.188946 0.387662
0.229033 -0.000588 0.049658 -0.117214 -0.828693
0.225486 0.007637 -0.226141 0.521143 1.295726
0.225118 0.008099 0.206143 -0.483868 -1.532887
0.223071 0.013168 -0.306686 0.721427 2.162414
0.225263 0.008194 0.413774 -0.947741 -1.413458
0.232245 -0.006503 -0.062624 0.193972 -0.547330
0.226138 0.009296 -0.242392 0.593512 1.177694
0.224340 0.014411 0.150984 -0.323845 -0.273800
0.228472 0.006473 0.056131 -0.078060 -0.608362
0.226639 0.012995 -0.147181 0.398753 0.125971
0.221615 0.026824 -0.104418 0.296869 0.962644
0.223820 0.024192 0.213565 -0.418979 -0.169108
0.231113 0.011198 0.151638 -0.235835 0.206313
0.238483 -0.000782 0.216871 -0.363745 0.018579
0.247220 -0.015102 0.220270 -0.355191 -1.128882
0.248494 -0.011797 -0.155297 0.508952 1.079743
0.249560 -0.008935 0.207235 -0.353158 -0.517827
0.254364 -0.014795 0.033712 0.053245 0.046947
0.256059 -0.013756 0.050932 -0.000323 0.220959
0.259590 -0.017437 0.125410 -0.181942 0.114885
0.265376 -0.026598 0.163893 -0.276573 -0.424826
0.269118 -0.031344 0.023781 0.033958 0.574031
0.273956 -0.039531 0.217562 -0.438280 -0.913452
0.276602 -0.043341 -0.084112 0.237499 -0.501232
0.270034 -0.027434 -0.244127 0.556530 0.194931
0.261708 -0.009512 -0.172815 0.346065 0.177747
0.256050 0.000951 -0.110554 0.181452 1.275398
0.260135 -0.011573 0.313552 -0.796376 -1.408643
0.263211 -0.020962 -0.157860 0.309475 -0.376869
0.254482 -0.003661 -0.278536 0.555559 1.206565
0.251458 -0.000771 0.125814 -0.397117 0.193252
0.257717 -0.019080 0.187271 -0.520240 -0.681618
0.260637 -0.029139 -0.040245 0.007852 -1.154204
0.251416 -0.011757 -0.419821 0.852919 1.561952
0.245169 -0.003020 0.105376 -0.396842 -1.380432
0.240149 0.002803 -0.354851 0.674155 0.662708
0.230460 0.018783 -0.130751 0.135574 -0.285719
0.223309 0.028879 -0.226642 0.367975 0.826173
0.219728 0.031127 0.046616 -0.246476 1.094348
0.228764 0.005548 0.404460 -1.026707 -1.613910
0.234037 -0.009190 -0.138525 0.268663 -0.056208
0.228181 0.001882 -0.154432 0.286882 -0.067489
0.221593 0.014089 -0.175169 0.325355 1.077595
0.221770 0.010479 0.182811 -0.495078 -1.816400
0.216899 0.019521 -0.424288 0.928924 1.466842
0.209778 0.033406 0.066157 -0.215689 -0.313804
0.210227 0.030698 -0.043208 0.075714 0.857065
0.214137 0.021221 0.237948 -0.542786 -0.791054
0.218259 0.012920 -0.030684 0.116876 0.656437
0.221382 0.007699 0.186144 -0.372118 -0.580879
0.224884 0.002459 -0.010196 0.102400 0.860255
0.230202 -0.006698 0.275281 -0.552832 0.116072
0.241910 -0.029967 0.310454 -0.614357 -1.431440
0.244777 -0.032400 -0.165375 0.476878 0.352157
0.240643 -0.020080 -0.042047 0.146141 0.152624
0.240039 -0.017201 0.011563 0.000420 -0.529337
0.237015 -0.009414 -0.162312 0.385071 0.665758
0.235027 -0.004935 0.061992 -0.152668 0.151750
0.238501 -0.013246 0.111675 -0.262994 -0.396386
0.240317 -0.017596 -0.020280 0.040356 -0.070182
0.239082 -0.015330 -0.041487 0.072921 -0.783734
0.232252 -0.000791 -0.299401 0.648856 1.394909
0.229652 0.002883 0.167667 -0.449015 -1.786447
0.224399 0.013072 -0.428374 0.940912 0.750503
0.212368 0.038265 -0.174645 0.332434 1.459044
0.215045 0.029658 0.307028 -0.749435 -0.808613
0.221765 0.013827 0.030324 -0.054904 -0.247576
0.221287 0.015870 -0.053929 0.154541 1.561214
0.229498 -0.001726 0.462969 -1.021373 -0.491947
0.244587 -0.033656 0.292774 -0.587593 -0.763051
0.251204 -0.045404 0.039237 -0.010373 -0.587467
0.248963 -0.037808 -0.150831 0.386163 -0.464176
0.239982 -0.016590 -0.298191 0.674899 0.768019
0.233299 -0.002644 -0.037170 0.034136 -0.410543
0.229091 0.004957 -0.172938 0.343097 0.873255
0.228021 0.004957 0.118391 -0.333573 -1.377078
0.223532 0.013368 -0.341310 0.740665 1.061125
0.217018 0.026055 0.014034 -0.092000 -0.566275
0.213738 0.031837 -0.177407 0.375640 0.610915
0.210686 0.037764 0.024000 -0.071755 0.922825
0.217683 0.021745 0.325158 -0.723347 -1.572857
0.220064 0.018485 -0.204092 0.541969 1.975677
0.225076 0.009571 0.452516 -0.968278 -1.316622
0.234244 -0.007371 0.007849 0.102795 0.783048
0.239791 -0.015552 0.268754 -0.504941 -0.531083
0.246960 -0.027234 0.090573 -0.087386 -0.284536
0.248732 -0.026833 -0.001691 0.104829 -0.892672
0.242797 -0.009650 -0.294399 0.748731 1.125748
0.238639 0.001821 0.084896 -0.160143 0.495985
0.245301 -0.011907 0.247891 -0.523885 -1.555303
0.244814 -0.008506 -0.270480 0.677776 1.094170
0.241390 0.000733 0.097755 -0.201676 -0.049862
0.244931 -0.006241 0.079544 -0.149141 0.029243
0.248294 -0.012561 0.088698 -0.167867 0.630931
0.256037 -0.028995 0.297983 -0.650281 -1.611449
0.257202 -0.030034 -0.237813 0.580834 0.710354
0.252565 -0.019146 0.004853 -0.025808 -0.799693
0.247476 -0.008269 -0.258599 0.563578 0.706357
0.241932 0.002513 -0.019683 -0.014264 -0.366025
0.238700 0.007679 -0.141578 0.269594 0.803705
0.238405 0.005969 0.125876 -0.346736 -1.326640
0.234547 0.013120 -0.317303 0.691091 1.445636
0.231543 0.017979 0.165267 -0.431394 -2.171457
0.223602 0.035106 -0.559924 1.267060 2.343289
0.216895 0.049010 0.221400 -0.543296 -0.746183
0.220595 0.040629 -0.035275 0.113467 2.101490
0.233078 0.013754 0.657642 -1.441161 -1.229722
0.250948 -0.022711 0.238137 -0.403862 -0.685766
0.255895 -0.028277 0.010114 0.117136 0.321151
0.258509 -0.029292 0.120202 -0.164146 -0.702362
0.258681 -0.025491 -0.110910 0.347738 -0.220475
0.252882 -0.009209 -0.179154 0.467889 1.165612
0.253556 -0.009200 0.211434 -0.454470 0.077465
0.262475 -0.028135 0.234829 -0.495450 -0.983981
0.265308 -0.032799 -0.091942 0.250806 -0.397952
0.259091 -0.017715 -0.218805 0.502870 -0.622290
0.246312 0.010914 -0.420013 0.928265 0.859161
0.235341 0.033899 -0.130103 0.235406 0.560378
0.233820 0.035227 0.053408 -0.163141 0.536868
0.239419 0.021536 0.226276 -0.519151 -0.388831
0.245753 0.007978 0.091188 -0.166373 -0.299570
0.247359 0.006376 -0.010456 0.082469 0.239184
0.248524 0.006082 0.068455 -0.094749 0.669944
0.255685 -0.007690 0.289082 -0.589598 -0.461255
0.264102 -0.023535 0.132648 -0.211166 -0.962047
0.263024 -0.017429 -0.185555 0.507630 -0.838820
0.250132 0.014723 -0.458696 1.098003 1.876882
0.244397 0.028739 0.169323 -0.373588 -0.828630
0.245533 0.027729 -0.111449 0.313275 -0.096369
0.240414 0.042010 -0.144639 0.402372 1.739617
0.246154 0.031905 0.429881 -0.891642 0.002874
0.263155 -0.001827 0.420941 -0.802824 -0.504294
0.276512 -0.025112 0.247989 -0.372124 -1.248721
0.278117 -0.020858 -0.166347 0.572438 1.409824
0.280966 -0.020817 0.307036 -0.554591 -0.756514
0.288170 -0.031079 0.054300 0.031188 0.457356
0.293450 -0.037571 0.209250 -0.351715 -0.384319
0.299289 -0.046102 0.083275 -0.080369 -0.628414
0.298527 -0.040599 -0.120798 0.350583 0.360247
0.296230 -0.033477 0.005293 0.011627 -0.223066
0.295031 -0.030344 -0.065068 0.143768 0.275435
0.294348 -0.029685 0.030480 -0.107177 -0.036594
0.295372 -0.033924 0.020814 -0.105649 -0.644351
0.291978 -0.028874 -0.189885 0.352725 -0.172475
0.283353 -0.013228 -0.241539 0.431580 -0.188484
0.272533 0.006076 -0.299660 0.535991 1.342627
0.269546 0.006344 0.148684 -0.507899 -0.884311
0.269520 0.000469 -0.148758 0.203024 0.418284
0.266382 0.001933 -0.008670 -0.124941 -0.016905
0.265900 -0.002564 -0.015320 -0.101113 -0.558834
0.261561 0.002083 -0.201082 0.328337 0.243740
0.255184 0.011111 -0.118231 0.127713 -0.252221
0.248772 0.020213 -0.202247 0.326361 0.393372
0.243302 0.027292 -0.071825 0.033152 -0.059353
0.239978 0.030153 -0.094343 0.109393 1.256672
0.244509 0.015824 0.319770 -0.815807 -1.661876
0.246084 0.010215 -0.238852 0.515602 1.523809
0.246719 0.007017 0.268808 -0.659646 1.181601
0.265211 -0.036439 0.655251 -1.509584 -2.698112
0.273331 -0.054232 -0.245531 0.586394 0.707485
0.268420 -0.043634 -0.001176 -0.045666 -0.988883
0.261887 -0.031208 -0.324623 0.659626 1.056695
0.256100 -0.022627 0.033748 -0.216656 -0.880374
0.251613 -0.017981 -0.257169 0.440649 0.812935
0.246841 -0.013824 0.017517 -0.222653 -1.566342
0.237122 0.001335 -0.501936 0.966926 -0.427130
0.214351 0.045334 -0.636948 1.237734 1.939498
0.201854 0.064547 0.009264 -0.251788 1.356639
0.211060 0.035551 0.450247 -1.191060 -1.070856
0.221689 0.006797 0.083121 -0.265060 -0.253699
0.223269 0.000640 -0.003675 -0.047100 -0.160432
0.222044 0.001334 -0.057391 0.080154 -0.701755
0.215088 0.015281 -0.289880 0.612478 2.054167
0.217212 0.007803 0.393798 -0.965788 -1.442902
0.223199 -0.007153 -0.092354 0.198705 0.039594
0.219811 -0.000208 -0.077237 0.150612 -0.043230
0.216455 0.006312 -0.090680 0.176310 0.843901
0.218451 0.000348 0.189598 -0.466684 -0.525609
0.222464 -0.009576 0.011900 -0.037479 -0.426358
0.220116 -0.004660 -0.128880 0.279795 0.069641
0.215474 0.005017 -0.103522 0.206996 0.601947
0.215354 0.003927 0.096848 -0.255256 0.199313
0.220504 -0.008876 0.160651 -0.385604 -1.217679
0.218788 -0.005247 -0.245048 0.554589 1.153407
0.216751 -0.001610 0.141731 -0.359186 -0.624763
0.218211 -0.005900 -0.067907 0.136895 -0.589538
0.211604 0.008351 -0.262031 0.572337 0.513249
0.204602 0.022827 -0.088986 0.160177 0.091945
0.201624 0.028178 -0.060090 0.109135 0.126581
0.200012 0.031149 -0.020680 0.040998 0.418418
0.201899 0.027077 0.114683 -0.241452 0.736044
0.211280 0.007109 0.353937 -0.753733 -0.370560
0.222836 -0.016131 0.224833 -0.417598 -0.768576
0.226684 -0.020802 -0.031444 0.174756 0.343553
0.227778 -0.019763 0.085693 -0.118474 0.169077
0.232351 -0.027358 0.142883 -0.260790 -0.555637
0.234388 -0.029505 -0.040372 0.147269 -1.141008
0.225268 -0.006933 -0.414800 0.974276 0.987451
0.215404 0.015444 -0.080084 0.160457 0.776473
0.217351 0.010118 0.176669 -0.419639 -0.853239
0.218652 0.007276 -0.110506 0.267349 1.220215
0.222369 -0.000924 0.295043 -0.665886 -1.747130
0.222445 0.000192 -0.289124 0.702677 1.219666
0.219095 0.008668 0.119953 -0.263619 -0.335562
0.221597 0.003873 0.005678 0.018964 0.792500
0.227085 -0.007438 0.268022 -0.578387 0.474483
0.240885 -0.037220 0.422007 -0.911841 -1.953765
0.244715 -0.043325 -0.228050 0.584259 0.350195
0.238103 -0.027077 -0.103404 0.236153 -0.871077
0.228266 -0.005160 -0.387893 0.855401 0.342264
0.215166 0.022570 -0.268098 0.541034 1.287056
0.213032 0.024287 0.159806 -0.441040 -1.829728
0.207131 0.035934 -0.452771 1.005217 2.285846
0.204287 0.040608 0.307725 -0.745849 0.606491
0.220423 0.003439 0.499220 -1.114848 -0.911723
0.234145 -0.025536 0.188606 -0.350459 -1.434337
0.232148 -0.017611 -0.286940 0.733126 0.122180
0.221629 0.008490 -0.239764 0.579269 1.058069
0.219140 0.014872 0.113940 -0.247259 -0.128551
0.222767 0.007675 0.067746 -0.115898 0.141739
0.226380 0.001237 0.112871 -0.206003 -0.233684
0.229301 -0.003066 0.033554 -0.012718 -0.189872
0.229379 -0.000669 -0.029451 0.131032 0.074227
0.228711 0.003284 -0.004144 0.068300 0.520914
0.232008 -0.001959 0.168473 -0.325958 -0.377509
0.236185 -0.008764 0.040982 -0.019964 0.621425
0.241968 -0.019244 0.247661 -0.499360 -1.189314
0.243926 -0.020691 -0.148321 0.413916 0.491678
0.241368 -0.012679 0.019601 -0.005889 -0.070490
0.241706 -0.012079 -0.002641 0.035449 0.140470
0.242563 -0.013108 0.045321 -0.085401 -0.672674
0.239914 -0.006341 -0.177132 0.417996 0.993626
0.239512 -0.005555 0.155812 -0.367489 -1.368063
0.236597 0.001164 -0.300036 0.689928 1.032386
0.231562 0.012045 0.046774 -0.132171 -1.085746
0.226160 0.023932 -0.315740 0.716901 0.611199
0.217647 0.042863 -0.111036 0.240234 2.029983
0.226639 0.022044 0.558768 -1.264575 -0.987723
0.242174 -0.011123 0.219905 -0.412240 -1.135449
0.243374 -0.009833 -0.158598 0.464686 0.585159
0.241009 -0.001041 0.039431 -0.016586 0.557109
0.246286 -0.010222 0.223941 -0.438375 0.640793
0.259455 -0.037208 0.434297 -0.909536 -1.199968
0.268788 -0.054788 0.034149 0.013841 -0.667372
0.265837 -0.045253 -0.181176 0.458577 -0.388768
0.256171 -0.022569 -0.302209 0.677123 0.791458
0.249498 -0.009035 -0.032729 0.011525 -1.548084
0.237911 0.015019 -0.545233 1.179490 2.366428
0.231985 0.024666 0.245842 -0.669071 -1.030499
0.234807 0.015232 -0.103287 0.183599 0.682601
0.235207 0.012237 0.122551 -0.326795 0.591276
0.243962 -0.009161 0.314975 -0.741509 -1.263181
0.248063 -0.018601 -0.108181 0.253584 -0.317389
0.241701 -0.004316 -0.209853 0.460614 0.118386
0.234172 0.011611 -0.167127 0.340574 1.387901
0.236741 0.003765 0.294127 -0.719558 -0.299227
0.246395 -0.019334 0.189436 -0.443873 -1.146081
0.246323 -0.019306 -0.191711 0.432956 0.293280
0.240711 -0.007484 -0.089507 0.164246 0.202030
0.238514 -0.004377 -0.020663 -0.005860 0.530402
0.241223 -0.012819 0.155617 -0.412235 -0.657765
0.243036 -0.018918 -0.064024 0.098908 0.196168
0.241836 -0.018513 0.003720 -0.076152 -0.750307
0.237022 -0.010330 -0.243684 0.479159 0.213119
0.228787 0.004714 -0.168652 0.278840 0.752034
0.227075 0.004083 0.082137 -0.302357 -0.763721
0.225224 0.004254 -0.173732 0.302422 1.997339
0.231597 -0.014609 0.490326 -1.227771 -2.193589
0.236465 -0.028698 -0.243941 0.496099 0.235647
0.228413 -0.013771 -0.159304 0.256540 -0.261399
0.220371 -0.000126 -0.242759 0.426031 -0.046046
0.210420 0.017080 -0.255117 0.437537 0.006666
0.200288 0.034322 -0.251805 0.428104 1.018919
0.196979 0.036068 0.085127 -0.329780 -0.443186
0.197306 0.030992 -0.068107 0.069413 1.329781
0.203364 0.014015 0.369865 -0.908012 -1.100299
0.210668 -0.003826 -0.002941 -0.000292 -0.928021
0.204382 0.010370 -0.310523 0.703024 1.414529
0.201450 0.016104 0.162091 -0.399672 -0.383925
0.205280 0.006962 0.030081 -0.063931 -0.773454
0.201309 0.016575 -0.227881 0.538005 0.996980
0.198865 0.022491 0.104366 -0.230178 0.277350
0.204794 0.009897 0.192080 -0.399686 -0.359236
0.209999 0.000235 0.068850 -0.089646 -0.015780
0.212628 -0.002940 0.062695 -0.069990 0.308299
0.217177 -0.010407 0.164523 -0.301622 0.217764
0.225178 -0.025613 0.235568 -0.459466 -0.942106
0.228317 -0.029465 -0.077424 0.256007 -0.108693
0.224597 -0.018542 -0.108738 0.291834 0.138116
0.221247 -0.009771 -0.059115 0.150401 0.274984
0.220753 -0.008369 0.034010 -0.076842 -1.381289
0.212928 0.009725 -0.423947 0.970444 0.343462
0.198378 0.042234 -0.304652 0.665793 1.664911
0.197263 0.043465 0.246919 -0.586386 0.207892
0.208333 0.018652 0.306911 -0.658193 -0.434454
0.217572 0.000354 0.156002 -0.265773 -0.931674
0.217567 0.004447 -0.155212 0.460988 0.920131
0.217533 0.008284 0.152292 -0.258257 -0.479456
0.220370 0.005903 -0.009750 0.133272 0.073699
0.220471 0.010108 0.014591 0.078578 -0.512633
0.217626 0.021304 -0.156388 0.477797 1.853717
0.223717 0.011854 0.458935 -0.932463 -0.372078
0.239424 -0.018159 0.327496 -0.579065 -0.589283
0.248548 -0.031871 0.129718 -0.115804 -0.010901
0.253710 -0.036874 0.128442 -0.135101 -1.254071
0.250563 -0.023658 -0.284653 0.785708 0.469106
0.242462 -0.000990 -0.121461 0.358171 -0.183268
0.236435 0.015695 -0.180006 0.477699 2.480229
0.245764 -0.003523 0.643886 -1.415982 -1.730773
0.259793 -0.031722 0.060316 -0.019381 -1.445684
0.252652 -0.010965 -0.416123 1.046523 0.026516
0.236362 0.028878 -0.399268 0.954769 1.226561
0.228623 0.047684 0.010426 0.002922 0.400817
0.231592 0.042804 0.137751 -0.244427 0.954391
0.243309 0.019749 0.447531 -0.903814 -0.048308
0.260700 -0.013947 0.422811 -0.789228 -0.853787
0.271835 -0.031622 0.135386 -0.107684 0.087369
0.277877 -0.037813 0.166693 -0.201773 -0.284524
0.282699 -0.042080 0.074776 -0.015063 -0.993293
0.279170 -0.028351 -0.250413 0.694367 -0.590070
0.265391 0.006947 -0.438635 1.072203 0.806189
0.253350 0.036223 -0.164996 0.406909 1.175989
0.254545 0.034797 0.223399 -0.466241 0.170504
0.264460 0.015006 0.272657 -0.526406 0.476904
0.278419 -0.012278 0.425269 -0.838810 -0.165202
0.294222 -0.042409 0.365716 -0.675994 -1.393443
0.299571 -0.048111 -0.096491 0.374880 0.190442
0.297135 -0.037612 -0.025835 0.155201 -0.523412
0.292723 -0.024409 -0.194482 0.502737 0.640951
0.289333 -0.015343 0.023990 -0.040083 0.126776
0.291160 -0.019159 0.067283 -0.149929 -0.038489
0.293612 -0.024773 0.055456 -0.132145 -1.108428
0.288491 -0.013398 -0.310490 0.691620 1.374403
0.285346 -0.008049 0.151452 -0.407675 -0.112864
0.290607 -0.022230 0.112046 -0.305642 -1.538548
0.284857 -0.010900 -0.397970 0.858127 1.457769
0.278789 -0.000338 0.092528 -0.311524 -0.432690
0.279564 -0.005710 -0.053121 0.036948 0.917909
0.283562 -0.018485 0.252177 -0.668260 -1.753831
0.281923 -0.017783 -0.332052 0.684461 0.742759
0.273724 -0.003112 -0.079115 0.060755 -0.383689
0.268023 0.005091 -0.205641 0.346968 0.585601
0.263734 0.009659 -0.009618 -0.111222 -0.104487
0.262616 0.007219 -0.046110 -0.012608 0.135237
0.261652 0.004854 -0.002163 -0.104837 0.552265
0.265212 -0.007540 0.179747 -0.511586 -1.841010
0.260094 0.000821 -0.433608 0.911325 -0.089146
0.242293 0.037476 -0.457066 0.928370 0.571393
0.227868 0.065508 -0.265485 0.485266 2.042240
0.230741 0.054566 0.407125 -1.013879 -0.219908
0.245289 0.020037 0.321298 -0.723304 -0.358396
0.255598 -0.001917 0.195072 -0.383447 -0.405790
0.260642 -0.010509 0.057800 -0.052532 -0.239483
0.261370 -0.009062 -0.021118 0.122702 -0.492312
0.257284 0.003078 -0.182870 0.481680 1.025850
0.256854 0.006056 0.160060 -0.320917 0.336693
0.265428 -0.011341 0.268633 -0.549193 -0.430181
0.273248 -0.026188 0.123203 -0.201019 -0.612058
0.274128 -0.025129 -0.078520 0.247894 -0.126023
0.270238 -0.014152 -0.116108 0.302360 1.189778
0.273581 -0.021029 0.281935 -0.634395 -1.902504
0.272152 -0.016789 -0.351232 0.826738 1.238953
0.266503 -0.004210 0.067011 -0.181183 -1.061535
0.262101 0.005033 -0.286019 0.633734 -0.157603
0.249695 0.032110 -0.334667 0.724185 2.253971
0.251331 0.026303 0.413949 -0.991741 -0.634811
0.263455 -0.001643 0.193619 -0.419033 0.129414
0.271995 -0.019831 0.233656 -0.492893 -0.807883
0.275933 -0.026901 -0.035660 0.129178 -0.375804
0.272083 -0.016721 -0.156670 0.378355 0.268809
0.267695 -0.006573 -0.063278 0.134505 0.985837
0.271754 -0.016634 0.265207 -0.628820 -2.274372
0.267173 -0.006361 -0.491755 1.120012 0.831677
0.253216 0.024055 -0.207733 0.416746 0.480280
0.248108 0.033390 -0.048427 0.056980 1.547710
0.256395 0.012647 0.461421 -1.082458 -0.867520
0.268885 -0.015545 0.164748 -0.343081 0.189664
0.276714 -0.032044 0.226816 -0.483178 -0.171440
0.284640 -0.048800 0.170017 -0.359711 -1.600040
0.280855 -0.039266 -0.357649 0.821862 1.350499
0.275740 -0.029100 0.099989 -0.295981 -1.216001
0.271671 -0.022517 -0.302136 0.613684 0.004790
0.259760 0.000645 -0.293944 0.549905 0.439605
0.251009 0.015198 -0.144469 0.185767 0.238380
0.246810 0.019104 -0.065826 0.012710 -0.089914
0.243538 0.021452 -0.097693 0.103905 0.621247
0.243729 0.016460 0.106642 -0.348143 -0.084755
0.247340 0.004718 0.074286 -0.242767 0.657020
0.254632 -0.014619 0.289964 -0.721162 -1.143923
0.258543 -0.025237 -0.092812 0.175480 -1.753281
0.243250 0.007927 -0.670492 1.471187 1.871543
0.229083 0.036284 -0.040764 -0.026331 -0.056669
0.226989 0.037014 -0.063817 0.061751 0.936445
0.230588 0.025926 0.242925 -0.608979 -1.091539
0.232892 0.019785 -0.126250 0.288167 1.103628
0.235177 0.014478 0.239347 -0.542937 -0.811134
0.239236 0.006324 -0.035211 0.124305 0.669252
0.242279 0.001038 0.186671 -0.382561 -0.250329
0.248015 -0.009841 0.100668 -0.166577 -1.331816
0.243174 0.003994 -0.341418 0.846829 2.139125
0.243861 0.004008 0.373164 -0.822640 -1.947447
0.245694 0.002258 -0.279099 0.713206 0.826527
0.240125 0.017232 -0.000642 0.047838 0.863947
0.245809 0.006255 0.284064 -0.589927 0.028597
0.257253 -0.016804 0.288564 -0.567896 -0.928564
0.262564 -0.024846 -0.021710 0.154024 0.426123
0.264603 -0.025970 0.123117 -0.205404 -0.440909
0.266617 -0.027703 -0.021888 0.113882 -1.212526
0.257751 -0.005281 -0.420482 0.999362 0.812964
0.246499 0.020786 -0.143672 0.318749 0.668348
0.245195 0.023370 0.077648 -0.181981 -0.418005
0.245436 0.023338 -0.065027 0.175370 0.184775
0.244033 0.027867 -0.005401 0.053705 0.887196
0.249658 0.017013 0.285839 -0.589574 0.716712
0.265725 -0.016353 0.517386 -1.078447 -2.110089
0.272252 -0.025978 -0.188287 0.571968 -0.449323
0.261869 0.002481 -0.330943 0.852707 2.070152
0.262519 0.003749 0.360929 -0.766325 -0.849053
0.271178 -0.012705 0.073392 -0.069411 -0.966921
0.267693 -0.000784 -0.246722 0.657591 1.506071
0.267938 0.001528 0.257092 -0.524903 -0.575433
0.274305 -0.009847 0.062199 -0.052723 -0.503177
0.273454 -0.004340 -0.104280 0.323884 0.934218
0.275550 -0.006227 0.207990 -0.408372 0.755733
0.288842 -0.033727 0.456248 -0.964150 -1.790228
0.295112 -0.044275 -0.140398 0.415072 -0.143325
0.288699 -0.027014 -0.180497 0.450884 0.682988
0.286147 -0.020661 0.051879 -0.123904 -0.103618
0.287557 -0.024304 0.018811 -0.059889 -0.690148
0.283762 -0.016549 -0.207941 0.442114 0.341382
0.277817 -0.005050 -0.089984 0.139371 0.386289
0.276818 -0.005680 0.039576 -0.166701 -0.097122
0.277741 -0.010732 0.006789 -0.088009 -0.922158
0.271888 -0.000184 -0.298577 0.607756 0.707848
0.264744 0.012469 -0.059708 0.035433 0.608226
0.266378 0.004818 0.140844 -0.413178 -0.770345
0.266813 0.000825 -0.118091 0.204033 -0.038388
0.261861 0.009357 -0.129623 0.223992 -0.505401
0.253326 0.026033 -0.296850 0.607700 0.487257
0.244724 0.042690 -0.134135 0.233808 -0.003041
0.239276 0.052807 -0.138408 0.273490 0.330016
0.235853 0.059592 -0.033219 0.070006 0.322920
0.236542 0.058780 0.067410 -0.108203 1.722241
0.250532 0.029609 0.630854 -1.339483 -0.564183
0.271738 -0.012783 0.431032 -0.795952 -1.717407
0.277455 -0.017423 -0.143048 0.544169 1.529772
0.282020 -0.020238 0.369516 -0.668426 -1.030728
0.289881 -0.030674 0.024956 0.133206 0.586616
0.294861 -0.035196 0.223376 -0.353341 -0.122671
0.302997 -0.047746 0.183819 -0.277767 0.116673
0.311183 -0.061340 0.225534 -0.402844 -0.828793
0.314767 -0.065605 -0.045297 0.180453 0.069938
0.313590 -0.061185 -0.013859 0.043295 -0.584071
0.309295 -0.051949 -0.200505 0.415206 -0.679299
0.296935 -0.026647 -0.417295 0.848913 1.117403
0.287864 -0.011578 -0.037959 -0.079540 0.122387
0.287175 -0.016777 0.003451 -0.179999 -0.896744
0.281360 -0.010325 -0.293275 0.494397 0.938354
0.275971 -0.005841 0.022573 -0.258734 -0.739803
0.271929 -0.004590 -0.223817 0.313513 0.679103
0.267554 -0.002984 0.004197 -0.225334 -0.700174
0.263039 -0.000984 -0.229131 0.318111 0.766355
0.259025 -0.000457 0.027462 -0.283216 -1.544826
0.249807 0.012342 -0.486707 0.908903 0.553393
0.234134 0.039296 -0.298234 0.450689 0.929988
0.228370 0.043395 0.008886 -0.235210 0.213527
0.230014 0.032062 0.073363 -0.332340 -0.436036
0.229926 0.026683 -0.077038 0.056913 0.468290
0.229907 0.022347 0.075648 -0.269979 -0.508289
0.229459 0.020270 -0.097323 0.159682 -0.015594
0.225439 0.027191 -0.103779 0.187389 0.895978
0.227211 0.021350 0.191476 -0.471384 -0.420702
0.231949 0.010122 0.046206 -0.097477 -0.538682
0.230173 0.014905 -0.134471 0.331537 1.565437
0.235218 0.004065 0.385139 -0.858999 -0.498381
0.247164 -0.021354 0.213307 -0.423147 -1.562320
0.245283 -0.014175 -0.305647 0.766898 0.088893
0.233792 0.013824 -0.269646 0.640313 0.436002
0.225968 0.032247 -0.122449 0.289480 0.971016
0.227494 0.029327 0.197694 -0.425999 0.019289
0.235395 0.013285 0.197702 -0.379920 0.582306
0.247082 -0.009997 0.386500 -0.783106 -0.899657
0.256455 -0.026642 0.083561 -0.062644 -0.702142
0.255171 -0.018855 -0.147130 0.446377 0.351396
0.251726 -0.007389 -0.025775 0.133589 -0.835207
0.245171 0.010480 -0.301378 0.754651 0.597577
0.237176 0.030766 -0.099496 0.270558 1.861871
0.245545 0.013402 0.516142 -1.122842 -0.554322
0.262297 -0.021140 0.322872 -0.618153 -1.663495
0.264094 -0.019939 -0.231049 0.660499 0.707485
0.259696 -0.005687 0.009963 0.063232 0.483419
0.263327 -0.010758 0.171075 -0.312497 0.123347
0.270961 -0.024942 0.210763 -0.398307 -0.011684
0.279303 -0.040700 0.206654 -0.392796 -0.378468
0.285079 -0.050986 0.082765 -0.127335 -1.658030
0.277457 -0.031625 -0.462416 1.082587 1.116182
0.266615 -0.007607 -0.081558 0.136193 1.059181
0.270434 -0.018756 0.271438 -0.684321 -1.839452
0.268993 -0.017366 -0.341308 0.734210 -0.946756
0.249192 0.025197 -0.648490 1.392972 0.568920
0.227194 0.070935 -0.453042 0.910051 2.435812
0.225227 0.070559 0.351867 -0.903499 0.063456
0.239430 0.036320 0.359035 -0.816324 -0.772163
0.248447 0.017498 0.093179 -0.137883 0.395197
0.254736 0.006549 0.221072 -0.407960 -0.226270
0.261990 -0.005549 0.142182 -0.202241 -0.817536
0.262214 -0.000890 -0.130122 0.427274 1.630799
0.267917 -0.009400 0.413462 -0.836672 -2.006734
0.270994 -0.011094 -0.257147 0.729629 2.318863
0.276261 -0.018721 0.517833 -1.086938 -2.099769
0.282879 -0.028892 -0.184175 0.553197 0.257792
0.277368 -0.012088 -0.092068 0.293894 -0.170207
0.272619 0.001652 -0.145485 0.394432 0.307982
0.268899 0.012252 -0.041107 0.141238 1.008333
0.273951 0.002551 0.292691 -0.617590 -1.024867
0.278736 -0.005479 -0.052014 0.202978 0.035423
0.276928 0.001741 -0.038579 0.160066 -0.252772
0.273718 0.011898 -0.121824 0.347154 1.072949
0.276002 0.009159 0.234805 -0.473109 0.206808
0.286672 -0.012053 0.298886 -0.590069 -0.963024
0.292152 -0.020310 -0.023518 0.164944 0.083899
0.291834 -0.015650 0.007362 0.070324 0.993388
0.298775 -0.028511 0.338758 -0.704995 -1.558449
0.301913 -0.032465 -0.179935 0.489668 0.634065
0.299074 -0.023983 0.037015 -0.056267 0.428998
0.303449 -0.033266 0.181367 -0.404811 0.592405
0.314651 -0.058743 0.378459 -0.867405 -2.128465
0.315643 -0.061010 -0.326321 0.731087 -0.976798
0.296339 -0.019139 -0.638748 1.362181 1.556667
0.281393 0.009199 -0.111055 0.078318 -0.375651
0.274445 0.018240 -0.236087 0.371399 0.515839
0.268448 0.025131 -0.064470 -0.019950 0.602349
0.269817 0.015724 0.132413 -0.446297 -0.538013
0.271432 0.007130 -0.050817 0.008531 -0.056334
0.269009 0.008524 -0.070278 0.060701 -0.074394
0.265692 0.012245 -0.095542 0.125197 -0.829804
0.256341 0.030150 -0.371314 0.764533 1.684679
0.252738 0.034591 0.189051 -0.523449 -0.995401
0.253522 0.030473 -0.148523 0.305189 1.148049
0.255190 0.025397 0.230714 -0.548041 -0.511172
0.260875 0.012689 0.054453 -0.096188 0.095347
0.263639 0.007843 0.083774 -0.146386 -0.615021
0.262854 0.011857 -0.122358 0.341047 0.062361
0.258394 0.024405 -0.100958 0.289574 1.129787
0.261853 0.018865 0.272700 -0.555819 -0.531966
0.269089 0.006031 0.090079 -0.094887 0.596557
0.276626 -0.006616 0.286296 -0.533807 -0.915202
0.281916 -0.013302 -0.020526 0.188034 -0.241952
0.279537 -0.002577 -0.098408 0.348097 0.444127
0.278606 0.004045 0.051202 -0.010644 0.982204
0.287170 -0.011317 0.376142 -0.750097 -0.635112
0.297895 -0.030780 0.161305 -0.234226 0.283578
0.306259 -0.044859 0.256797 -0.469215 -1.009102
0.309846 -0.048524 -0.076245 0.274769 -0.637192
0.302704 -0.029209 -0.280591 0.689064 0.180246
0.292844 -0.005974 -0.213133 0.480171 0.722635
0.289209 0.001387 0.030329 -0.102468 -0.326977
0.288225 0.002518 -0.079124 0.155626 0.641347
0.289342 -0.001222 0.134243 -0.336490 -0.439227
0.291738 -0.007476 -0.013746 0.017619 0.178500
0.292392 -0.009673 0.046256 -0.125938 -0.679936
0.289719 -0.004285 -0.179214 0.389209 1.264257
0.291026 -0.008724 0.243125 -0.598164 -0.846306
0.295048 -0.019017 -0.040803 0.072008 -0.577354
0.289626 -0.007770 -0.229848 0.486741 -0.073215
0.280034 0.012028 -0.250084 0.506837 1.401833
0.279403 0.010406 0.216894 -0.573098 0.052851
0.288318 -0.012287 0.229293 -0.566161 -1.855211
0.285089 -0.005927 -0.388682 0.865332 1.070573
0.276805 0.010980 -0.027173 -0.004369 0.307834
0.277738 0.006373 0.073584 -0.223816 0.250560
0.282298 -0.005946 0.154357 -0.392217 -0.251949
0.286747 -0.017342 0.068656 -0.182807 -0.696031
0.284872 -0.014086 -0.161657 0.338925 0.391291
0.281089 -0.007286 -0.028123 0.007091 0.322329
0.282124 -0.012099 0.079558 -0.245165 0.204716
0.286656 -0.024971 0.147051 -0.398802 -0.091009
0.291927 -0.039540 0.116851 -0.333502 -0.857669
0.290935 -0.040163 -0.165444 0.293438 0.100893
0.285122 -0.031270 -0.125562 0.154869 -0.822526
0.274723 -0.013351 -0.393822 0.736543 1.444619
0.268723 -0.007352 0.091923 -0.419208 -1.856008
0.260009 0.004808 -0.525642 1.009589 1.286389
0.247685 0.024220 -0.092551 -0.020576 -0.790644
0.238670 0.036154 -0.357442 0.610686 0.946600
0.230680 0.046111 -0.043402 -0.100731 -0.476138
0.225661 0.050620 -0.206979 0.321168 0.576189
0.221146 0.055416 -0.019472 -0.074806 -0.257379
0.218520 0.057792 -0.111492 0.190369 1.071555
0.221078 0.050117 0.238366 -0.565134 -0.568216
0.226633 0.038188 0.040402 -0.040925 1.465267
0.237895 0.015048 0.521539 -1.105942 -0.726870
0.253713 -0.016149 0.270931 -0.469022 -0.764076
0.259425 -0.022875 0.015723 0.123051 -0.726225
0.255286 -0.007447 -0.222185 0.644140 1.500709
0.256488 -0.005725 0.280447 -0.541083 -1.368922
0.258524 -0.005702 -0.177004 0.527257 1.450575
0.261179 -0.007689 0.308028 -0.611043 -0.513451
0.270002 -0.023561 0.134103 -0.191597 0.202561
0.276731 -0.034583 0.202262 -0.359326 -1.143893
0.277232 -0.031679 -0.175962 0.493147 1.160465
0.278051 -0.031126 0.215478 -0.452153 -0.878868
0.280822 -0.035801 -0.075788 0.208136 0.257897
0.279614 -0.032508 0.014926 -0.039366 -0.222902
0.278793 -0.031329 -0.055792 0.096647 -1.289786
0.268065 -0.008479 -0.479576 1.037280 1.091586
0.256319 0.014692 -0.109593 0.138515 0.969142
0.258369 0.005535 0.211139 -0.588020 -0.643359
0.262432 -0.007155 -0.006919 -0.056419 -0.904570
0.256144 0.004429 -0.306639 0.628280 0.480353
0.247158 0.021478 -0.143613 0.233151 0.061303
0.241807 0.030085 -0.124154 0.199404 1.359471
0.245842 0.017659 0.324629 -0.809136 -0.884636
0.252778 0.000411 0.023637 -0.067042 0.966061
0.260135 -0.016976 0.343413 -0.795503 -2.199102
0.259159 -0.014314 -0.389669 0.905285 0.371661
0.246210 0.014684 -0.258839 0.555234 -0.255213
0.234209 0.040448 -0.341429 0.735490 2.079751
0.234396 0.037964 0.348413 -0.838131 -1.092854
0.240850 0.023256 -0.024054 0.087014 1.266480
0.248267 0.007754 0.393770 -0.852106 -1.230824
0.255678 -0.006058 -0.021421 0.144784 0.222251
0.256329 -0.003971 0.053640 -0.037464 -0.134776
0.257575 -0.003397 0.008814 0.064846 1.634681
0.268813 -0.026039 0.551522 -1.183778 -2.594624
0.273491 -0.032540 -0.314326 0.829026 0.947051
0.267409 -0.015743 0.008694 0.025307 0.917879
0.273896 -0.029190 0.314808 -0.690205 -1.428205
0.276947 -0.034591 -0.160449 0.403636 1.115229
0.278080 -0.036873 0.215757 -0.505427 -0.367664
0.284269 -0.051595 0.094372 -0.237427 -1.620077
0.277351 -0.037097 -0.438730 0.948831 -0.019437
0.259897 -0.000940 -0.434753 0.867270 1.505373
0.252655 0.009473 0.070583 -0.327774 -0.308847
0.253354 0.001794 -0.035098 -0.061427 -0.221598
0.250463 0.002895 -0.109206 0.114233 -0.018758
0.245981 0.007697 -0.114968 0.126665 -0.696782
0.236749 0.023508 -0.346063 0.659481 0.652795
0.227296 0.039562 -0.127728 0.153621 0.816194
0.227547 0.033931 0.139518 -0.428132 1.181342
0.240843 0.000060 0.524647 -1.260619 -1.173227
0.253830 -0.030619 0.126811 -0.293139 -1.973203
0.245801 -0.012331 -0.526382 1.190574 0.737183
0.229855 0.022126 -0.272544 0.548102 0.585684
0.222880 0.034875 -0.077145 0.098269 0.570112
0.223520 0.030772 0.108585 -0.298649 -0.132889
0.226862 0.022019 0.058926 -0.142877 -0.158024
0.228093 0.019475 0.002897 0.012979 -0.017731
0.228044 0.020744 -0.005298 0.050230 0.551069
0.231453 0.014749 0.175251 -0.345645 -0.507544
0.234996 0.009569 0.002630 0.079674 0.753024
0.240094 0.001349 0.251571 -0.484396 -0.545966
0.246442 -0.008915 0.066707 -0.037104 -0.241807
0.247509 -0.006796 -0.013109 0.140967 0.735582
0.251908 -0.012759 0.232263 -0.432276 -0.489784
0.257897 -0.022201 0.067971 -0.047126 -0.018432
0.260530 -0.024213 0.063686 -0.053763 0.014780
0.263216 -0.027039 0.070621 -0.087644 -0.450091
0.263089 -0.024103 -0.076510 0.230529 -0.471089
0.256979 -0.008474 -0.228774 0.549566 0.828324
0.253437 -0.000110 0.050450 -0.120284 0.096997
0.256078 -0.006214 0.081641 -0.185259 -0.250625
0.257659 -0.009633 -0.002243 0.010903 0.294130
0.259545 -0.013916 0.096282 -0.222628 -0.468737
0.260273 -0.015609 -0.059329 0.132634 0.093504
0.258573 -0.012243 -0.025844 0.037645 -0.674013
0.253086 -0.000681 -0.247949 0.535771 1.817100
0.255336 -0.007864 0.358381 -0.876493 -1.717055
0.258132 -0.015523 -0.216339 0.473035 0.236150
0.251153 -0.001186 -0.133212 0.249747 -0.999632
0.239214 0.023835 -0.463037 0.995694 2.558235
0.237802 0.023648 0.389351 -0.977368 -0.817159
0.247737 -0.001005 0.108980 -0.269994 -1.117634
0.244620 0.005742 -0.263632 0.596505 0.843320
0.239759 0.016022 0.019324 -0.071049 -0.204082
0.239124 0.016821 -0.050797 0.108659 -0.462550
0.233991 0.028558 -0.205524 0.475322 1.105995
0.233128 0.030664 0.161066 -0.357877 1.644794
0.250383 -0.007679 0.700584 -1.550293 -2.373135
0.262397 -0.031305 -0.096451 0.337514 0.386439
0.261224 -0.024873 0.037157 -0.009831 0.327482
0.264938 -0.030820 0.148194 -0.284804 -0.547840
0.267243 -0.034098 -0.032222 0.114608 0.281361
0.267915 -0.034741 0.065440 -0.143282 -0.958758
0.264210 -0.026334 -0.249788 0.555524 0.430279
0.257221 -0.012041 -0.100519 0.167368 -0.255900
0.251549 -0.001885 -0.183014 0.340027 0.052377
0.244631 0.010447 -0.163191 0.279842 0.333494
0.240340 0.016420 -0.051897 0.023624 -1.494724
0.228289 0.040704 -0.549269 1.178877 2.060834
0.220104 0.055669 0.137183 -0.404977 -0.133111
0.224518 0.043382 0.084048 -0.214418 0.200589
0.229080 0.033064 0.144095 -0.302298 0.351441
0.237056 0.016792 0.254681 -0.511595 -0.402177
0.244446 0.003626 0.115637 -0.154320 0.274695
0.250860 -0.006430 0.204956 -0.347759 -0.945056
0.252726 -0.005459 -0.110533 0.386190 -0.021203
0.248228 0.009718 -0.114710 0.375844 1.347354
0.252630 0.003825 0.333324 -0.657203 -0.738459
0.260935 -0.010104 0.083137 -0.050518 0.264540
0.266027 -0.016309 0.171287 -0.258057 -0.178836
0.271679 -0.023873 0.111666 -0.123518 -0.440649
0.273243 -0.022391 -0.033020 0.193452 -0.524267
0.268508 -0.007334 -0.203457 0.557287 0.990034
0.267050 -0.001124 0.129238 -0.234473 -0.573998
0.268363 -0.001354 -0.062908 0.216610 -0.057834
0.265492 0.007922 -0.080761 0.248566 0.664882
0.266698 0.007546 0.140302 -0.260279 -0.805703
0.266889 0.010080 -0.129845 0.378536 1.447429
0.271351 0.002760 0.351408 -0.730465 -0.490395
0.282022 -0.017840 0.183173 -0.309522 0.092242
0.289949 -0.031594 0.213310 -0.379921 -0.012482
0.298405 -0.046782 0.209769 -0.382482 -0.963838
0.300429 -0.047835 -0.107428 0.319758 0.216506
0.297722 -0.039865 -0.028416 0.083546 -1.150607
0.289033 -0.019863 -0.405197 0.909106 1.196915
0.280966 -0.003527 0.000057 -0.075309 0.062864
0.281381 -0.007453 0.020717 -0.121133 -0.192029
0.280930 -0.009327 -0.043047 0.025039 -0.537420
0.275656 -0.000285 -0.220180 0.423222 0.398321
0.269562 0.009985 -0.085217 0.096924 0.225513
0.267645 0.010534 -0.010923 -0.067074 0.580157
0.271032 -0.000694 0.179831 -0.490593 -1.843527
0.265887 0.008680 -0.435014 0.941025 1.685410
0.259819 0.019412 0.129317 -0.383581 -0.460210
0.261827 0.012137 -0.028170 0.012838 0.689023
0.265255 0.002367 0.198997 -0.496132 -1.239474
0.264887 0.002320 -0.215917 0.480064 0.095924
0.256953 0.019499 -0.181258 0.383664 -0.185527
0.248481 0.037673 -0.242480 0.526614 1.440971
0.007264 0.000829 -0.004006 -0.001546 -1.439311
-0.002476 0.022940 -0.481673 1.095930 1.586293
-0.011082 0.041535 0.049038 -0.144760 0.566398
-0.005473 0.028253 0.231085 -0.516824 -0.850173
-0.002031 0.022025 -0.057756 0.194276 0.120405
-0.003566 0.028245 -0.019253 0.119032 0.016851
-0.004276 0.033292 -0.016320 0.134130 1.318556
0.003778 0.019060 0.417817 -0.835102 -2.159818
0.005947 0.020441 -0.306725 0.880340 0.922482
-0.000107 0.040842 0.002445 0.154131 0.481523
0.003115 0.040417 0.158137 -0.170875 0.456413
0.012348 0.027801 0.303340 -0.458423 -0.843509
0.018729 0.023733 0.016832 0.244415 0.137785
0.020290 0.031680 0.060929 0.155750 0.210991
0.024069 0.035262 0.127781 0.025899 0.649614
0.033411 0.027176 0.338775 -0.425492 0.371800
0.049295 0.005710 0.455487 -0.648906 -1.090755
0.060132 -0.002422 0.087865 0.228391 0.460163
0.066732 -0.000650 0.241521 -0.134370 -0.414368
0.073601 0.000573 0.102436 0.191198 0.515876
0.081142 0.000120 0.273989 -0.208314 -0.248084
0.090403 -0.004052 0.189474 -0.004015 0.653856
0.102324 -0.014280 0.405981 -0.502408 -1.023136
0.111698 -0.018255 0.064003 0.291727 -0.402604
0.111649 -0.001148 -0.066343 0.563184 1.104585
0.116416 0.003695 0.303232 -0.307808 -0.195980
0.127171 -0.005043 0.234971 -0.133310 0.210751
0.137947 -0.013487 0.303767 -0.288385 0.272631
0.151882 -0.029074 0.392958 -0.491159 -0.228235
0.166058 -0.045172 0.316402 -0.319393 -0.730290
0.173897 -0.047307 0.076422 0.204794 -1.833368
0.164885 -0.012291 -0.525688 1.534761 2.158817
0.158466 0.013657 0.201528 -0.207738 0.439361
0.169376 -0.000750 0.343774 -0.511209 -0.154969
0.182008 -0.018095 0.288391 -0.361548 -0.418545
0.190733 -0.026008 0.148526 -0.040247 0.110189
0.197447 -0.029805 0.187094 -0.148829 0.097963
0.205616 -0.037702 0.221318 -0.246211 -0.731779
0.209639 -0.036814 -0.019336 0.283313 0.295700
0.210948 -0.031204 0.084240 0.002208 0.938636
0.220621 -0.046205 0.398504 -0.744592 -0.712867
0.231804 -0.065090 0.161884 -0.211113 -1.431764
0.228872 -0.052791 -0.307166 0.814384 0.207748
0.218201 -0.025672 -0.227274 0.550520 0.676893
0.213749 -0.015342 0.003622 -0.023957 -0.689370
0.209336 -0.005998 -0.223653 0.485851 -0.839623
0.194890 0.025583 -0.498292 1.090844 2.183243
0.189583 0.034880 0.230091 -0.600202 -1.291605
0.190026 0.032350 -0.206281 0.458390 0.052913
0.182120 0.050053 -0.189384 0.430679 1.743632
0.186083 0.041181 0.385738 -0.858161 -0.930707
0.195097 0.023286 0.066476 -0.051254 0.336668
0.199928 0.016723 0.174846 -0.275032 0.186446
0.208074 0.003663 0.232583 -0.379103 -0.761839
0.212236 0.000846 -0.023524 0.229128 -0.336349
0.209082 0.014943 -0.134068 0.475048 0.923725
0.209893 0.019521 0.173426 -0.235214 0.525548
0.220237 0.002859 0.343550 -0.596128 -0.012289
0.233791 -0.019882 0.334633 -0.546126 -1.197663
0.239162 -0.023013 -0.064578 0.375948 -0.384432
0.234120 -0.003055 -0.187490 0.622467 0.684031
0.231263 0.010483 0.043513 0.064957 0.710769
0.237709 0.002370 0.278120 -0.464793 -0.325085
0.246587 -0.010500 0.166428 -0.185192 -0.307631
0.251184 -0.013128 0.063836 0.049995 0.635112
0.257989 -0.021206 0.275839 -0.448507 -0.831798
0.263461 -0.026217 -0.001155 0.188023 0.080383
0.264029 -0.020742 0.029267 0.088158 -0.327018
0.263076 -0.012746 -0.076690 0.310144 1.669617
0.271183 -0.026654 0.480246 -0.989947 -0.608596
0.286246 -0.056160 0.274293 -0.498287 -0.907078
0.291234 -0.062789 -0.023769 0.156214 -0.504575
0.287088 -0.050435 -0.183266 0.459706 -0.485336
0.276709 -0.026348 -0.335730 0.745511 -0.085767
0.262878 0.003218 -0.356342 0.738690 0.627919
0.252905 0.022241 -0.143477 0.223495 1.407300
0.256509 0.009820 0.322286 -0.832252 1.429812
0.278760 -0.044059 0.789548 -1.857502 -1.409982
0.300776 -0.095250 0.314233 -0.729256 -2.575931
0.296355 -0.086336 -0.532668 1.150881 0.532459
0.278946 -0.051947 -0.339171 0.582840 -0.393728
0.262968 -0.024554 -0.459936 0.789394 0.189211
0.246008 0.002510 -0.388888 0.572159 -0.007251
0.230492 0.024819 -0.387396 0.548032 0.434134
0.217917 0.039938 -0.242178 0.215664 0.986991
0.214740 0.034081 0.082364 -0.499649 -0.844760
0.212269 0.028545 -0.204721 0.211823 0.981231
0.210577 0.022359 0.119115 -0.512254 -1.570645
0.204770 0.027221 -0.407627 0.738723 0.513697
0.191934 0.048558 -0.235202 0.338106 0.978786
0.188976 0.047783 0.086189 -0.367095 0.210756
0.193662 0.031498 0.148311 -0.449236 -1.497704
0.189495 0.037889 -0.354936 0.753091 1.248141
0.183622 0.048779 0.059605 -0.192927 0.025924
0.186037 0.042096 0.061325 -0.143245 1.118644
0.195808 0.020411 0.426436 -0.934375 -1.735821
0.201126 0.011467 -0.158197 0.465824 1.618102
0.205600 0.004934 0.380067 -0.776336 -0.596970
0.216695 -0.015749 0.175897 -0.269080 -0.229595
0.222191 -0.022946 0.099304 -0.094654 -0.935827
0.219969 -0.012720 -0.209548 0.598290 0.230972
0.213236 0.006613 -0.127804 0.375338 1.755185
0.219835 -0.005641 0.455910 -0.971615 -1.930490
0.225089 -0.013638 -0.190694 0.548812 0.439188
0.220490 0.000562 -0.040108 0.169302 -0.488636
0.215654 0.014672 -0.201399 0.533879 1.440460
0.217221 0.013575 0.278064 -0.573398 -1.382504
0.219024 0.013005 -0.186207 0.529287 1.922878
0.224410 0.004281 0.453407 -0.946534 -1.474245
0.232580 -0.009520 -0.042842 0.237110 1.469982
0.240694 -0.023111 0.447029 -0.903241 -0.560955
0.254751 -0.049911 0.257053 -0.448618 -0.365150
0.262642 -0.062774 0.138168 -0.200650 -1.616689
0.257529 -0.047179 -0.392362 0.967432 -0.196592
0.240773 -0.007808 -0.446114 1.008325 1.576138
0.233580 0.006818 0.084260 -0.256376 0.113171
0.237647 -0.004639 0.119201 -0.317896 -1.658069
0.231345 0.008472 -0.432558 0.958137 0.650423
0.218494 0.035760 -0.211385 0.419347 0.756428
0.215049 0.041236 0.038156 -0.136584 0.843638
0.222069 0.024006 0.312265 -0.720237 -1.704597
0.223054 0.022939 -0.260853 0.647473 0.969201
0.219107 0.033670 0.062123 -0.098233 1.041756
0.228424 0.014706 0.402945 -0.843390 -0.077167
0.243861 -0.016331 0.369676 -0.716320 -1.957990
0.245545 -0.014285 -0.283174 0.797764 1.714382
0.245768 -0.010064 0.292116 -0.566750 -1.079137
0.250204 -0.015588 -0.068886 0.277585 0.832855
0.253059 -0.017967 0.210643 -0.387687 -0.167682
0.260344 -0.030755 0.154081 -0.256121 -0.366123
0.264097 -0.035710 0.034053 0.003729 0.335571
0.267766 -0.041506 0.149047 -0.290554 -0.968524
0.267332 -0.038806 -0.169659 0.416185 0.461229
0.263760 -0.030660 -0.009764 -0.001457 -0.609207
0.259384 -0.022040 -0.208537 0.428132 -0.275869
0.249320 -0.001728 -0.294791 0.589255 0.309935
0.239682 0.016286 -0.187846 0.318808 1.529666
0.242354 0.005528 0.319848 -0.842599 -1.279487
0.246495 -0.007232 -0.110941 0.187642 -0.297362
0.240123 0.004457 -0.207586 0.396208 0.392837
0.234481 0.013879 -0.075162 0.081168 -0.109020
0.230729 0.019049 -0.112385 0.177018 0.709319
0.230934 0.015477 0.121874 -0.348929 0.211068
0.237123 -0.000861 0.187702 -0.469515 -1.055001
0.237541 -0.002789 -0.165478 0.361085 0.067360
0.231428 0.010110 -0.140530 0.287435 0.866675
0.231590 0.008182 0.147627 -0.374916 -1.368653
0.228313 0.014941 -0.309955 0.699110 1.174182
0.223793 0.024325 0.082380 -0.215152 -0.918260
0.220891 0.030713 -0.226488 0.525378 1.254599
0.220180 0.032526 0.189458 -0.421046 0.191320
0.228890 0.014107 0.246223 -0.502398 -0.312965
0.236543 -0.000137 0.137147 -0.216633 -0.315133
0.239893 -0.003629 0.030829 0.037780 0.100363
0.241801 -0.003749 0.064441 -0.042669 -0.657380
0.240001 0.004660 -0.153830 0.457752 1.703493
0.245231 -0.003659 0.413484 -0.856886 -0.601145
0.257643 -0.027594 0.208348 -0.351753 -0.591817
0.262043 -0.032704 0.012421 0.089000 -0.132271
0.261740 -0.027949 -0.027530 0.148837 -0.788508
0.255474 -0.010692 -0.285241 0.709616 0.927066
0.250358 0.002294 0.028025 -0.047126 -0.062079
0.251050 0.001520 0.006643 0.007479 -1.200848
0.243321 0.020334 -0.392003 0.924025 2.058038
0.241418 0.024975 0.294298 -0.668611 -1.765338
0.241287 0.026858 -0.298719 0.743311 1.427518
0.238878 0.034354 0.176412 -0.351530 0.211360
0.247204 0.018362 0.240027 -0.449897 -0.734482
0.251803 0.012724 -0.009039 0.158374 0.809361
0.256812 0.006759 0.258688 -0.449264 0.936980
0.273301 -0.024800 0.565257 -1.125368 -1.942881
0.282866 -0.039012 -0.084322 0.390410 0.396159
0.282266 -0.030857 0.053595 0.024054 0.147980
0.285459 -0.032871 0.105897 -0.123104 0.045165
0.290044 -0.039045 0.123364 -0.185937 -0.719544
0.290247 -0.036057 -0.112437 0.328675 0.174367
0.287035 -0.026824 -0.048633 0.137451 0.161518
0.286241 -0.024576 0.008655 -0.022379 -0.159421
0.285576 -0.023529 -0.041795 0.073615 -0.565992
0.280201 -0.012501 -0.226548 0.474349 0.897663
0.277208 -0.008208 0.075716 -0.248726 0.135780
0.281119 -0.020069 0.119906 -0.345291 -0.994485
0.279292 -0.018579 -0.210121 0.409480 -0.067132
0.270543 -0.002115 -0.227615 0.416866 -0.151219
0.260500 0.016308 -0.274736 0.506678 1.561684
0.259938 0.012323 0.244848 -0.689929 -1.223229
0.261462 0.004759 -0.166971 0.296390 0.057314
0.255198 0.015482 -0.146541 0.242661 0.188685
0.250592 0.022361 -0.084101 0.104578 0.034545
0.247422 0.026429 -0.074504 0.099724 0.444165
0.247349 0.024116 0.070427 -0.211447 0.305704
0.252110 0.011844 0.167574 -0.401913 -0.840976
0.253128 0.009539 -0.115599 0.276682 0.472205
0.251661 0.013245 0.041633 -0.085545 -0.835204
0.247724 0.023116 -0.237652 0.571797 1.868770
0.250677 0.017109 0.383202 -0.853406 -0.924271
0.259684 -0.001248 0.068694 -0.078918 0.288729
0.264337 -0.008721 0.163773 -0.293173 -1.435552
0.261308 0.001840 -0.313735 0.807870 1.389038
0.258111 0.011823 0.151976 -0.291258 -0.467654
0.261003 0.008066 -0.006720 0.097187 0.941616
0.266988 -0.002410 0.305074 -0.613105 -1.341943
0.270170 -0.005509 -0.144268 0.442717 0.390955
0.267073 0.005519 -0.011310 0.115474 1.097082
0.273917 -0.006698 0.352454 -0.717061 -1.426411
0.278426 -0.012620 -0.125127 0.404036 0.915307
0.279592 -0.011308 0.182290 -0.327947 0.326282
0.289023 -0.029219 0.289221 -0.567740 -1.557492
0.290208 -0.027895 -0.228195 0.617567 0.459750
0.284288 -0.011684 -0.068721 0.201962 1.128681
0.289099 -0.021447 0.308086 -0.679601 -1.202430
0.293366 -0.029717 -0.093136 0.251283 0.036267
0.289982 -0.021211 -0.076315 0.176744 0.849424
0.292650 -0.027881 0.208802 -0.502000 -1.467617
0.291226 -0.025370 -0.278358 0.612428 0.285276
0.282136 -0.006627 -0.176896 0.332302 0.748218
0.280101 -0.005396 0.074217 -0.262144 -0.708565
0.278328 -0.004738 -0.162051 0.287440 0.312166
0.273976 0.001502 -0.056084 0.029416 0.834898
0.277286 -0.010121 0.220849 -0.603968 -1.581137
0.275533 -0.009386 -0.306630 0.623613 1.360181
0.272430 -0.006359 0.149774 -0.456478 -1.258020
0.269997 -0.004797 -0.269935 0.521140 0.329289
0.261480 0.010213 -0.156675 0.236355 -0.240360
0.253627 0.023313 -0.235942 0.418659 1.479494
0.254039 0.017356 0.254964 -0.701990 -0.348387
0.261774 -0.003998 0.132686 -0.374505 -1.886174
0.254485 0.010443 -0.495154 1.078967 0.853482
0.240495 0.039329 -0.206006 0.381043 0.195087
0.233520 0.052019 -0.143193 0.257762 1.472934
0.237503 0.040653 0.340904 -0.813484 -0.429655
0.248065 0.016778 0.188257 -0.390780 -0.333951
0.253271 0.007233 0.072708 -0.092558 -0.046776
0.255832 0.004586 0.055457 -0.041040 0.832701
0.263566 -0.009643 0.330569 -0.664459 0.128738
0.277559 -0.037489 0.369468 -0.732392 -1.867736
0.279885 -0.037975 -0.250939 0.688043 1.049923
0.277013 -0.028331 0.105814 -0.191701 -0.792046
0.276008 -0.024201 -0.155253 0.390896 0.896867
0.275872 -0.023386 0.147346 -0.339785 -1.539838
0.271522 -0.013382 -0.363258 0.825712 0.188771
0.258400 0.015369 -0.293708 0.620405 1.131435
0.254234 0.022374 0.083929 -0.256437 0.479364
0.260688 0.005653 0.238595 -0.578425 -1.293395
0.261525 0.003329 -0.195143 0.447404 0.900104
0.259763 0.006916 0.105905 -0.257473 -0.960477
0.257552 0.011917 -0.215380 0.497904 1.786360
0.260864 0.004044 0.379005 -0.873885 -0.660790
0.271483 -0.019458 0.153247 -0.313772 -0.792356
0.272334 -0.019833 -0.109748 0.286538 -0.001934
0.268015 -0.009146 -0.106461 0.250407 -0.046242
0.263504 0.001072 -0.119271 0.262344 0.511658
0.262171 0.003417 0.051941 -0.138977 1.002333
0.270884 -0.017239 0.382932 -0.887372 -1.112532
0.278701 -0.034826 0.009684 -0.007953 -1.422649
0.269701 -0.014063 -0.458524 1.035722 1.733816
0.263079 -0.000946 0.125041 -0.357755 -1.624884
0.257218 0.010199 -0.416356 0.899545 1.838444
0.252904 0.017013 0.198280 -0.537247 -1.367171
0.251620 0.017673 -0.260816 0.555065 0.145904
0.242200 0.037341 -0.210740 0.433964 0.548628
0.237397 0.046610 -0.030205 0.036965 0.978076
0.242589 0.034162 0.288967 -0.652301 0.102066
0.254646 0.008209 0.314406 -0.650491 -0.948856
0.260788 -0.002128 -0.005964 0.120778 -0.258958
0.258843 0.006516 -0.091148 0.310514 0.075232
0.255723 0.017564 -0.065148 0.244993 -0.086390
0.252534 0.028819 -0.094426 0.318930 1.535898
0.258947 0.018288 0.413547 -0.831516 -0.283080
0.273432 -0.009040 0.311614 -0.544299 -1.030707
0.278969 -0.014411 -0.033387 0.263323 1.194212
0.285641 -0.022861 0.365668 -0.674302 -1.661763
0.289156 -0.023897 -0.187906 0.604320 0.417915
0.284556 -0.007459 -0.042953 0.226148 0.476909
0.286054 -0.006169 0.117245 -0.156046 0.938950
0.296973 -0.026725 0.427952 -0.865777 -1.657772
0.302988 -0.035325 -0.125031 0.415907 0.295417
0.300087 -0.024557 -0.020657 0.128616 0.325561
0.301495 -0.025114 0.090646 -0.152621 -1.255421
0.296799 -0.012278 -0.324244 0.783912 2.347319
0.299585 -0.018277 0.460820 -1.059161 -1.367317
0.308800 -0.038619 0.002026 0.022643 -0.947709
0.302665 -0.024056 -0.308015 0.698959 0.683113
0.295045 -0.008048 -0.074175 0.112807 0.155216
0.293144 -0.006224 -0.021123 -0.019400 0.983741
0.298852 -0.022199 0.305653 -0.771888 -1.305966
0.302324 -0.032473 -0.130297 0.241804 0.292286
0.299164 -0.028335 -0.028185 -0.030291 -0.846477
0.292465 -0.017136 -0.306016 0.583879 -1.497001
0.270394 0.028068 -0.796631 1.669819 1.979507
0.251885 0.062942 -0.132117 0.103680 1.260538
0.254852 0.049136 0.279392 -0.784467 0.089141
0.266392 0.018609 0.298246 -0.748428 0.067309
0.278612 -0.010894 0.313327 -0.732765 -0.874259
0.285240 -0.026012 0.019426 -0.035983 -0.194392
0.284773 -0.024987 -0.042570 0.085761 0.404180
0.285825 -0.028424 0.094697 -0.253534 -0.849626
0.283986 -0.025808 -0.185745 0.376015 0.422105
0.279476 -0.018320 -0.040412 0.005048 -0.073958
0.277409 -0.017383 -0.062912 0.041433 -0.485780
0.271706 -0.008693 -0.221854 0.389929 0.215576
0.264345 0.002899 -0.146739 0.194706 0.501035
0.261832 0.002826 0.020474 -0.192908 -0.511643
0.259212 0.003324 -0.150848 0.212204 0.269895
0.254998 0.007490 -0.060248 -0.000108 0.202522
0.253919 0.004579 0.006102 -0.143993 -0.544905
0.250506 0.007521 -0.176140 0.285636 1.276646
0.251978 -0.000842 0.248415 -0.691736 -0.679585
0.257291 -0.017135 0.018379 -0.133998 -0.454883
0.255017 -0.015696 -0.131542 0.201525 0.503506
0.253170 -0.015974 0.038558 -0.209705 -0.274433
0.252891 -0.020209 -0.052109 -0.005750 -0.588756
0.246936 -0.011829 -0.245175 0.420437 0.791599
0.242485 -0.007982 0.021606 -0.218371 -1.459276
0.233628 0.005836 -0.462983 0.896380 0.616075
0.219332 0.031193 -0.253137 0.383779 0.751757
0.214195 0.035247 -0.004658 -0.172424 -0.598179
0.209927 0.038612 -0.208046 0.334185 1.412669
0.210961 0.030787 0.258323 -0.712359 -0.969891
0.214666 0.018887 -0.071633 0.103635 -0.127196
0.210925 0.025323 -0.115334 0.217868 1.076756
0.213447 0.017840 0.240300 -0.582323 -1.348337
0.213958 0.016491 -0.213023 0.499426 0.592002
0.209410 0.027133 -0.015340 0.041285 -0.071192
0.208263 0.030496 -0.041909 0.126322 0.499529
0.209854 0.028465 0.120949 -0.223368 1.127729
0.222089 0.003216 0.490044 -1.032816 -1.714132
0.230118 -0.010261 -0.086240 0.337055 0.334545
0.228960 -0.002560 0.027783 0.053472 0.983283
0.236619 -0.015613 0.354238 -0.698132 -0.803817
0.245364 -0.030577 0.084291 -0.062048 -0.184070
0.247564 -0.030817 0.025882 0.048465 0.058454
0.249058 -0.030514 0.048712 -0.032157 -0.124564
0.250236 -0.030513 0.010307 0.031289 -0.643016
0.246441 -0.020100 -0.199591 0.485122 0.855228
0.244260 -0.014909 0.089403 -0.214779 -0.648425
0.243521 -0.013562 -0.125634 0.275500 0.603904
0.242582 -0.012467 0.077908 -0.213661 -0.957237
0.239324 -0.006277 -0.239803 0.514195 0.370149
0.232284 0.007807 -0.112960 0.197231 -0.605454
0.223749 0.024950 -0.313400 0.656841 0.717730
0.216028 0.039945 -0.073824 0.103738 1.431072
0.222514 0.022962 0.396873 -0.941794 -1.543451
0.227925 0.010829 -0.124169 0.315196 0.710771
0.227705 0.012391 0.112282 -0.229135 -0.275550
0.230295 0.008095 0.017708 0.010145 -0.136233
0.230075 0.010812 -0.028582 0.124626 1.327625
0.237752 -0.004471 0.411164 -0.877726 -1.249397
0.245759 -0.019274 -0.009000 0.120573 0.293204
0.247404 -0.019520 0.090903 -0.129458 -0.517244
0.247619 -0.016993 -0.079648 0.251009 1.172544
0.252303 -0.025653 0.312586 -0.672737 -1.191120
0.256835 -0.033932 -0.084366 0.244172 -1.371459
0.244447 -0.004180 -0.534078 1.235592 1.939463
0.236179 0.013738 0.117901 -0.314291 -0.580506
0.236952 0.010862 -0.078451 0.163187 -0.338433
0.231560 0.022661 -0.190972 0.425439 0.292096
0.225874 0.035192 -0.093919 0.206713 1.011719
0.228793 0.028517 0.238851 -0.531482 -0.667714
0.233757 0.018927 0.010389 0.042091 -0.355947
0.231763 0.026507 -0.109783 0.334284 1.696188
0.238637 0.014050 0.451768 -0.941791 -0.015303
0.256424 -0.021755 0.438394 -0.856722 -1.293076
0.265270 -0.035483 0.005780 0.153311 -0.128205
0.264744 -0.028365 -0.032148 0.203259 1.444519
0.273152 -0.043301 0.451038 -0.936818 -1.713648
0.279750 -0.054207 -0.118847 0.370741 -0.372485
0.272692 -0.035377 -0.234124 0.571695 1.380066
0.272667 -0.035246 0.231142 -0.549404 -1.586580
0.271355 -0.032923 -0.294902 0.649246 -0.000896
0.259723 -0.008536 -0.287284 0.575902 1.046703
0.255300 -0.002517 0.064722 -0.262011 -0.405812
0.255155 -0.006440 -0.071410 0.060559 -0.589179
0.248402 0.004835 -0.265753 0.499282 -0.267651
0.236056 0.028395 -0.351680 0.680770 1.425358
0.231507 0.033531 0.122399 -0.407593 -0.841277
0.230670 0.031500 -0.163108 0.295805 1.890871
0.236693 0.014677 0.462401 -1.120596 -2.824482
0.236196 0.015120 -0.483824 1.111511 1.214616
0.225053 0.039835 -0.075333 0.142978 0.539466
0.225555 0.038053 0.099887 -0.227217 -0.404005
0.226739 0.036396 -0.040070 0.138907 0.276783
0.226911 0.038411 0.048307 -0.035275 0.894006
0.234689 0.024267 0.339938 -0.665979 -1.406427
0.238769 0.020731 -0.134121 0.472569 1.477467
0.243247 0.016847 0.356360 -0.651779 1.038590
0.264265 -0.023866 0.694102 -1.381608 -1.544488
0.281590 -0.054078 0.174737 -0.152722 -1.021919
0.281875 -0.045521 -0.159543 0.572162 0.297670
0.277652 -0.028976 -0.052367 0.262655 -0.174811
0.274492 -0.016764 -0.105716 0.349150 -0.525156
0.266854 0.004459 -0.276011 0.711095 0.929289
0.262087 0.017824 0.036259 -0.029709 0.670632
0.267948 0.006833 0.256241 -0.515237 0.336042
0.280333 -0.018047 0.363147 -0.730677 -0.836293
0.289220 -0.033830 0.082507 -0.070928 -0.924767
0.286429 -0.023117 -0.221235 0.599324 1.761664
0.289434 -0.027499 0.369399 -0.799613 -2.096215
0.290204 -0.026832 -0.328381 0.810507 1.581468
0.287766 -0.020369 0.204394 -0.468191 -0.390281
0.293317 -0.032913 0.073868 -0.165819 -1.196023
0.288363 -0.021691 -0.320419 0.716848 1.658984
0.286736 -0.019928 0.236983 -0.609743 -2.930116
0.276677 0.001073 -0.736920 1.632645 1.380894
0.256631 0.043045 -0.268006 0.490622 1.425966
0.255367 0.041179 0.203220 -0.569406 -1.140541
0.255732 0.037659 -0.183460 0.379461 1.161210
0.256084 0.035429 0.199780 -0.479379 -0.080929
0.263381 0.019000 0.165583 -0.347133 1.174587
0.277717 -0.011981 0.550483 -1.196172 -1.372005
0.290449 -0.037393 0.088366 -0.095131 -0.596404
0.290082 -0.032744 -0.106198 0.322646 -0.126939
0.285106 -0.019040 -0.142751 0.364678 0.357180
0.281866 -0.010830 -0.019906 0.051806 0.662265
0.285503 -0.019215 0.201136 -0.465445 -1.316763
0.284760 -0.017396 -0.236793 0.542594 1.088765
0.282648 -0.013511 0.129799 -0.335266 -0.252370
0.286139 -0.022876 0.045197 -0.137634 -1.122350
0.280509 -0.011457 -0.325581 0.699179 0.774080
0.272765 0.003452 -0.062899 0.058181 0.431864
0.273122 -0.000820 0.080301 -0.268043 -0.908290
0.270252 0.002786 -0.222785 0.439125 -0.057438
0.261017 0.020745 -0.239241 0.462084 0.516195
0.254903 0.031202 -0.067299 0.068411 1.349698
0.261125 0.013886 0.377246 -0.923847 -1.907219
0.263355 0.007827 -0.263315 0.598342 0.523413
0.256374 0.023141 -0.086696 0.176404 0.942340
0.259144 0.016068 0.224295 -0.521690 -0.692105
0.263393 0.006944 -0.010793 0.055569 -0.176831
0.261773 0.012012 -0.070083 0.196878 0.518567
0.262417 0.011980 0.101671 -0.193004 1.017449
0.273191 -0.010792 0.436270 -0.939651 -0.040455
0.290246 -0.046707 0.417310 -0.864229 -1.284835
0.298365 -0.061467 -0.009506 0.109340 -1.384086
0.288934 -0.037412 -0.461068 1.084903 1.654402
0.281738 -0.021699 0.098920 -0.277274 -0.593386
0.281753 -0.023778 -0.097447 0.166694 -0.041552
0.277656 -0.017215 -0.107536 0.162804 -0.176254
0.272245 -0.008581 -0.163031 0.269090 0.253262
0.267468 -0.002237 -0.076267 0.052424 -0.231198
0.262892 0.003321 -0.152362 0.224148 0.128481
0.257679 0.010122 -0.108601 0.118717 0.016090
0.253437 0.014731 -0.103594 0.112767 -0.725198
0.244453 0.030604 -0.344990 0.676049 0.848781
0.236331 0.044462 -0.062417 0.028819 0.497495
0.237045 0.039014 0.097711 -0.297717 0.745659
0.245777 0.017001 0.338555 -0.800343 -0.250036
0.257493 -0.009669 0.248139 -0.542021 -0.696668
0.262720 -0.020108 0.014236 0.010205 -0.673600
0.258851 -0.009794 -0.207121 0.500667 1.274369
0.259137 -0.010204 0.219875 -0.507095 0.656036
0.272237 -0.040085 0.434910 -0.986010 -2.378768
0.273754 -0.042613 -0.356142 0.833489 -0.041359
0.259451 -0.010702 -0.359715 0.769207 0.319191
0.247325 0.013920 -0.247518 0.470944 0.775448
0.242621 0.020575 0.011267 -0.128406 -0.212073
0.241594 0.019380 -0.062292 0.065720 1.275489
0.247551 0.002816 0.358983 -0.883962 -1.727863
0.250273 -0.004714 -0.220586 0.486742 -0.164554
0.240437 0.016561 -0.271488 0.579896 0.727270
0.234463 0.028235 -0.028327 0.014150 0.506463
0.236634 0.021701 0.136456 -0.337239 0.626285
0.246155 -0.000415 0.339332 -0.766920 -0.197488
0.258294 -0.027002 0.268442 -0.570478 -1.953119
0.256011 -0.019657 -0.380421 0.918366 1.132547
0.248507 -0.001965 0.003425 -0.017179 -0.261831
0.246900 0.001386 -0.083498 0.182594 0.149187
0.244574 0.006225 -0.033102 0.061983 -0.983276
0.236702 0.023910 -0.359673 0.815141 1.142016
0.229976 0.038491 0.021712 -0.070611 0.517620
0.234185 0.028753 0.188408 -0.413431 0.614167
0.245675 0.004046 0.385899 -0.821120 -0.646738
0.256669 -0.017627 0.165062 -0.274536 -0.592660
0.259321 -0.019504 -0.031736 0.174003 0.617916
0.262225 -0.022678 0.176253 -0.326307 -0.868295
0.263496 -0.022445 -0.111702 0.328816 0.806502
0.264487 -0.022600 0.160256 -0.327401 -1.694935
0.259620 -0.009712 -0.401867 0.956419 1.037418
0.250609 0.011143 -0.050403 0.102445 0.720257
0.253371 0.004337 0.187787 -0.436521 0.117047
0.261581 -0.014199 0.222982 -0.493154 -0.711869
0.265718 -0.022623 -0.015102 0.062462 -0.356156
0.262802 -0.015225 -0.130500 0.305490 0.641146
0.261923 -0.013580 0.085756 -0.215593 -0.639343
0.261096 -0.012373 -0.126413 0.269348 -0.289899
0.254177 0.002244 -0.219519 0.461679 2.213510
0.260183 -0.013826 0.517476 -1.244370 -2.302919
0.265404 -0.026856 -0.253327 0.564707 0.749071
0.260396 -0.017117 0.001800 -0.066983 -0.364870
0.258068 -0.014467 -0.117855 0.196306 -0.195962
0.252111 -0.004170 -0.179983 0.318847 0.560931
0.248700 -0.000525 0.008666 -0.129592 -0.260894
0.247292 -0.001508 -0.078725 0.077355 0.603436
0.248172 -0.007792 0.122100 -0.386280 -0.847957
0.247373 -0.009849 -0.160954 0.273711 -1.324512
0.232188 0.020885 -0.597358 1.255227 2.299682
0.223731 0.034631 0.171406 -0.539725 -0.497187
0.227121 0.022233 -0.000983 -0.088885 -0.169006
0.225893 0.021944 -0.060191 0.072137 0.293656
0.225397 0.020771 0.035138 -0.128224 0.998995
0.233379 0.000989 0.363192 -0.854654 -1.526309
0.237618 -0.008545 -0.149169 0.359039 -0.096196
0.231081 0.006655 -0.177895 0.403364 -0.015060
0.223908 0.022676 -0.181069 0.400883 0.836118
0.222232 0.025905 0.096234 -0.229935 0.196880
0.227294 0.014634 0.156900 -0.334366 -0.239666
0.231887 0.005770 0.073270 -0.113660 1.029693
0.241632 -0.014267 0.413141 -0.881387 -1.639318
0.247146 -0.023455 -0.135249 0.402065 0.181007
0.243048 -0.011193 -0.070177 0.216086 -0.792337
0.235023 0.009117 -0.330546 0.795267 0.820499
0.227355 0.027516 -0.054263 0.137643 0.754245
0.230154 0.021939 0.193520 -0.409904 -0.857944
0.232072 0.019821 -0.096516 0.293746 0.665949
0.232635 0.021458 0.123831 -0.204570 -0.037931
0.237250 0.014677 0.107154 -0.136786 -0.117541
0.240693 0.011583 0.065246 -0.020152 1.377657
0.252430 -0.010043 0.520416 -1.050991 -2.023091
0.259645 -0.019788 -0.157020 0.539421 0.307558
0.255527 -0.004067 -0.049576 0.253707 -0.410907
0.250851 0.012008 -0.184085 0.549111 1.777878
0.255362 0.006257 0.407641 -0.818668 -0.281588
0.269649 -0.020877 0.307615 -0.547199 -1.120795
0.274454 -0.025259 -0.065899 0.315091 0.204308
0.273274 -0.016754 0.006411 0.114623 -0.907711
0.267540 0.001279 -0.292404 0.781268 0.599315
0.259940 0.022354 -0.088791 0.283713 1.521208
0.266492 0.010528 0.414876 -0.861379 0.790890
0.288186 -0.034635 0.669788 -1.397991 -1.872375
0.302385 -0.060722 0.043057 0.067252 -1.090323
0.296999 -0.042776 -0.311561 0.823238 0.726812
0.289584 -0.023053 -0.060534 0.175728 0.410784
0.289969 -0.023065 0.079253 -0.171478 -0.380047
0.290634 -0.024358 -0.045572 0.102737 0.618075
0.292989 -0.030408 0.162661 -0.399388 -0.783140
0.294292 -0.034500 -0.096489 0.185720 -0.480561
0.287340 -0.020710 -0.250885 0.502125 0.981064
0.283952 -0.016816 0.080176 -0.295486 -0.671667
0.282684 -0.018284 -0.142751 0.214587 -0.105123
0.276348 -0.008768 -0.174138 0.262424 1.163157
0.277180 -0.016668 0.214462 -0.646176 -1.493208
0.275767 -0.019077 -0.283287 0.509012 0.891533
0.270487 -0.013508 0.018044 -0.219282 -0.371008
0.268739 -0.016575 -0.104919 0.061352 -0.960106
0.258204 0.000186 -0.421049 0.770132 0.966891
0.247913 0.015138 -0.095024 -0.008608 0.667496
0.248519 0.004929 0.124770 -0.497041 -1.563984
0.243022 0.009880 -0.397827 0.728389 1.391154
0.236452 0.016931 0.067514 -0.359154 -2.359670
0.223368 0.039706 -0.719221 1.476265 2.789962
0.213282 0.054964 0.211156 -0.679503 0.233977
0.223060 0.026406 0.278164 -0.753012 -1.237989
0.225778 0.016952 -0.140525 0.264257 0.938482
0.226399 0.013186 0.170542 -0.443405 -0.214503
0.231694 -0.000319 0.094794 -0.237408 -0.255322
0.233749 -0.005546 0.008366 -0.027877 -0.505972
0.230722 0.001059 -0.159214 0.354068 0.008906
0.224461 0.014675 -0.154143 0.329756 1.481261
0.228162 0.005051 0.337627 -0.797082 -2.003101
0.228207 0.005164 -0.332958 0.780617 2.482778
0.231506 -0.002637 0.495109 -1.145188 -1.332466
0.242275 -0.026467 0.045481 -0.066314 -0.924474
0.237991 -0.015410 -0.258871 0.611894 0.238783
0.229348 0.004261 -0.174001 0.378775 0.289248
0.224357 0.014599 -0.076121 0.143500 0.488125
0.224544 0.013027 0.084978 -0.217333 -0.755567
0.222852 0.016573 -0.168730 0.386845 0.244441
0.217746 0.028201 -0.087073 0.199542 0.839583
0.219810 0.023724 0.189367 -0.415690 -0.207584
0.225882 0.011434 0.114827 -0.204192 -0.232904
0.228864 0.007427 0.034630 0.000199 0.570085
0.234018 -0.001106 0.222600 -0.422616 -0.865346
0.237098 -0.004132 -0.067506 0.261137 -0.044003
0.234147 0.006590 -0.080207 0.276876 0.318160
0.233076 0.012607 0.026146 0.028631 0.458419
0.237140 0.007011 0.176668 -0.304857 -0.071721
0.243661 -0.003465 0.149691 -0.222160 -0.519230
0.246162 -0.004111 -0.024026 0.184034 0.648374
0.249543 -0.007006 0.192386 -0.322244 0.017000
0.257311 -0.019843 0.196261 -0.322154 0.048002
0.265469 -0.033451 0.211838 -0.360437 -0.611787
0.269888 -0.038730 0.009909 0.089086 -0.850225
0.264725 -0.023092 -0.267468 0.687618 0.183496
0.255397 0.000181 -0.199657 0.483468 0.704958
0.252169 0.008088 0.037222 -0.078661 0.700137
0.258281 -0.005482 0.267829 -0.595271 0.333921
0.271132 -0.033714 0.374902 -0.818714 -0.619327
0.281955 -0.056608 0.167497 -0.337467 -2.964991
0.269017 -0.025473 -0.811780 1.870389 2.554212
0.253873 0.007053 0.050763 -0.208625 -1.530695
0.245673 0.022700 -0.459204 0.977336 1.762347
0.239121 0.033995 0.129229 -0.390930 -0.130426
0.243285 0.021708 0.079473 -0.228097 -0.615544
0.242284 0.022886 -0.128787 0.280086 -0.235516
0.235554 0.037903 -0.207700 0.471046 1.460318
0.236937 0.034633 0.275254 -0.619910 -0.418529
0.244988 0.017938 0.128183 -0.223652 0.067001
0.250480 0.008724 0.146590 -0.238653 -0.784484
0.251063 0.011798 -0.116554 0.384233 1.372412
0.255554 0.005894 0.339603 -0.665898 0.051634
0.269360 -0.020461 0.351189 -0.657189 -0.864211
0.277598 -0.033028 0.062002 0.016826 -0.338424
0.277896 -0.027903 -0.046830 0.237325 -0.800753
0.270789 -0.007032 -0.308080 0.802491 1.509591
0.268639 0.000683 0.198581 -0.398360 -0.498621
0.273197 -0.006999 0.030132 0.007020 0.446801
0.277386 -0.013712 0.178876 -0.339122 -0.312258
0.282437 -0.022304 0.074249 -0.095599 -0.096651
0.284795 -0.024993 0.043754 -0.040172 -0.088670
0.286000 -0.025725 0.016605 0.002793 0.389570
0.289309 -0.032159 0.148462 -0.321201 -1.076243
0.288110 -0.028766 -0.207237 0.480278 0.209621
0.281349 -0.014048 -0.131431 0.261581 -1.210725
0.268107 0.014375 -0.529806 1.152659 1.584007
0.257591 0.034987 0.001642 -0.100154 1.261466
0.265951 0.012597 0.415380 -1.011155 -0.802486
0.277044 -0.013840 0.140817 -0.325565 -0.806463
0.277290 -0.014324 -0.127523 0.292615 0.094163
0.272889 -0.004752 -0.092884 0.189295 -0.240897
0.267608 0.006194 -0.171127 0.357829 0.223597
0.262287 0.016775 -0.095362 0.175897 0.408067
0.261173 0.017736 0.039170 -0.123438 0.518579
0.266128 0.005449 0.208219 -0.488274 -0.596369
0.270399 -0.004102 0.006299 0.001984 -0.115031
0.269891 -0.002313 -0.031595 0.086596 -0.857031
0.262941 0.014188 -0.315233 0.732648 1.355066
0.259420 0.022074 0.137381 -0.321925 -0.582743
0.260937 0.019131 -0.060737 0.167367 1.218560
0.266590 0.007373 0.342211 -0.744843 0.029199
0.280337 -0.021660 0.345756 -0.712994 -0.730259
0.289245 -0.038474 0.100850 -0.139215 -0.582677
0.289464 -0.035768 -0.089309 0.269348 0.152232
0.287020 -0.028483 -0.033269 0.098718 -0.048206
0.285444 -0.024550 -0.045611 0.098662 -0.864932
0.277934 -0.007985 -0.329264 0.724147 0.827176
0.270391 0.007155 -0.049213 0.045382 -0.534978
0.264853 0.017330 -0.227245 0.459555 0.282501
0.257671 0.031199 -0.132466 0.239757 0.050926
0.252675 0.040450 -0.117540 0.224868 -0.388426
0.245332 0.056081 -0.249390 0.555084 1.939214
0.248197 0.049178 0.390608 -0.881610 -0.813377
0.258166 0.028755 0.109280 -0.153599 0.855521
0.268132 0.010395 0.388450 -0.759593 0.193332
0.284809 -0.021654 0.445869 -0.847914 -1.242470
0.294291 -0.035813 0.030048 0.123347 1.002839
0.302252 -0.047221 0.366935 -0.684551 -0.101970
0.316244 -0.073173 0.333261 -0.619162 -1.311443
0.320928 -0.078712 -0.097464 0.327686 -1.172434
0.309459 -0.049882 -0.475386 1.109075 0.365304
0.293147 -0.013724 -0.341469 0.711365 1.083154
0.286831 -0.003147 0.024107 -0.168116 -0.059500
0.287380 -0.008775 0.003559 -0.115145 0.205437
0.288891 -0.016556 0.071873 -0.273248 -0.243447
0.290142 -0.023737 -0.008901 -0.089788 -0.368197
0.287376 -0.022076 -0.128993 0.169488 0.332630
0.284505 -0.021118 -0.015042 -0.117352 -1.067542
0.276833 -0.009722 -0.367536 0.678285 1.084563
0.269472 -0.000359 -0.002028 -0.196032 -1.017883
0.262593 0.007718 -0.340859 0.590426 -0.208466
0.247647 0.033953 -0.406723 0.724604 1.367982
0.240510 0.041796 0.048060 -0.316142 -1.386238
0.233076 0.051840 -0.418190 0.804451 2.128490
0.230500 0.051566 0.286906 -0.795756 -0.477952
0.238563 0.029360 0.117346 -0.325391 0.378386
0.245655 0.011688 0.237256 -0.558432 -0.263650
0.253277 -0.005542 0.144538 -0.309952 -0.273784
0.257198 -0.013408 0.052021 -0.088064 -0.636616
0.255057 -0.007305 -0.158474 0.387755 0.801277
0.254119 -0.004754 0.110551 -0.250741 0.231529
0.260050 -0.018078 0.185987 -0.415757 -0.793865
0.262183 -0.022342 -0.078316 0.193144 -0.569138
0.255340 -0.006613 -0.263494 0.590834 0.407856
0.247615 0.009848 -0.123618 0.240408 1.048341
0.249655 0.003304 0.224525 -0.557719 -0.228068
0.257024 -0.014643 0.144589 -0.346122 -1.799839
0.250813 -0.000679 -0.453302 1.027815 0.863836
0.238582 0.025811 -0.159874 0.312074 2.074757
0.245973 0.006655 0.527390 -1.251931 -1.933271
0.254000 -0.011856 -0.123259 0.300900 -0.655333
0.244779 0.009609 -0.337479 0.770044 2.194549
0.245969 0.005934 0.394417 -0.930700 -0.988659
0.255011 -0.014685 0.059339 -0.115795 -0.434394
0.254506 -0.012792 -0.084103 0.206312 0.497430
0.254507 -0.012716 0.083527 -0.196859 0.314677
0.259937 -0.025420 0.187806 -0.437451 -0.907802
0.261399 -0.028949 -0.113556 0.250609 -0.994488
0.250342 -0.004622 -0.438660 0.960651 0.514912
0.236375 0.024537 -0.260926 0.509442 1.848743
0.238254 0.016452 0.352870 -0.895625 -0.522047
0.248722 -0.009739 0.171731 -0.425712 -1.399903
0.246234 -0.004883 -0.294567 0.654353 1.412221
0.243953 -0.001357 0.178720 -0.461712 -0.579895
0.247175 -0.010296 -0.016732 0.006448 -0.195662
0.245225 -0.007244 -0.080576 0.144794 -0.331632
0.239832 0.003317 -0.188917 0.381999 0.171666
0.233466 0.015562 -0.129865 0.234759 -0.223211
0.226785 0.028465 -0.204134 0.410467 0.968237
0.225054 0.030171 0.116436 -0.314601 -0.022071
0.229447 0.019086 0.103488 -0.242830 -1.320458
0.224720 0.030462 -0.338408 0.799169 1.373392
0.220364 0.041036 0.118758 -0.253451 0.411557
0.227716 0.025918 0.248716 -0.501988 -0.342132
0.235248 0.012412 0.128651 -0.180466 -0.433800
0.237446 0.012435 -0.018212 0.176629 0.009025
0.236769 0.019464 -0.015796 0.176227 0.575938
0.239942 0.017935 0.173848 -0.247029 0.973258
0.253284 -0.006100 0.492595 -0.949635 -1.791436
0.260931 -0.015386 -0.107834 0.463562 0.389836
0.259306 -0.003758 0.025848 0.124888 -0.334844
0.258131 0.006178 -0.084408 0.370472 1.021006
0.261580 0.005012 0.255645 -0.417979 0.146798
0.272699 -0.013237 0.300508 -0.496966 0.676578
0.289163 -0.043099 0.522466 -0.994874 -1.655128
0.298995 -0.057136 -0.028579 0.272126 0.512707
0.301420 -0.055754 0.149110 -0.196241 -1.325333
0.298664 -0.044276 -0.285706 0.759170 1.166510
0.295200 -0.033814 0.110864 -0.220382 -0.505362
0.296313 -0.035326 -0.054655 0.139419 0.708009
0.298932 -0.041589 0.184813 -0.445562 -0.493813
0.303064 -0.052173 0.022579 -0.090833 -1.533257
0.293876 -0.033351 -0.480691 1.020400 1.068042
0.281980 -0.011044 -0.115886 0.111949 -0.593216
0.273441 0.002169 -0.310629 0.545246 0.966116
0.267522 0.008486 0.013351 -0.217433 -0.680567
0.263478 0.010759 -0.214742 0.323969 0.000966
0.254921 0.023549 -0.213367 0.318144 -0.065020
0.245950 0.037425 -0.235335 0.377569 1.836175
0.248720 0.024748 0.371959 -0.994894 -0.703731
0.258711 -0.002304 0.129058 -0.371695 -1.072502
0.256686 -0.000217 -0.229048 0.464723 0.174464
0.248754 0.015100 -0.168094 0.306405 0.207161
0.243419 0.024152 -0.099070 0.150162 1.489072
0.249327 0.007687 0.393065 -0.961179 -0.720668
0.260090 -0.018190 0.146526 -0.346404 -1.021521
0.259141 -0.016279 -0.192781 0.431408 0.349101
0.253851 -0.005304 -0.072402 0.123810 -1.155006
0.243301 0.017141 -0.454202 0.990644 2.102806
0.239228 0.023587 0.247891 -0.644001 -1.317744
0.240226 0.019511 -0.196261 0.424451 0.896771
0.238357 0.022643 0.101702 -0.257630 -0.227642
0.240818 0.016745 0.021760 -0.041483 -0.136092
0.240735 0.017662 -0.025740 0.085750 0.994196
0.246286 0.006159 0.302406 -0.652833 -0.082898
0.257713 -0.017623 0.269535 -0.542513 -0.557568
0.264737 -0.030402 0.082602 -0.105179 -0.643091
0.263811 -0.025260 -0.128289 0.356833 -0.050885
0.258447 -0.011228 -0.140198 0.347652 -0.273648
0.251092 0.006196 -0.227577 0.524535 1.846337
0.254333 -0.001705 0.387546 -0.901171 0.442830
0.272642 -0.043349 0.528209 -1.185110 -2.160792
0.279319 -0.057008 -0.191436 0.475717 0.183555
0.273077 -0.042716 -0.121247 0.244847 -0.746595
0.263394 -0.022750 -0.362552 0.750437 1.070889
0.256179 -0.010683 0.000226 -0.132364 -1.535599
0.245977 0.007573 -0.508843 1.032401 0.675726
0.230259 0.037315 -0.278519 0.468661 1.696297
0.230385 0.030306 0.282995 -0.802790 -1.246696
0.233224 0.019146 -0.139280 0.228271 1.222778
0.235776 0.009671 0.265645 -0.691043 -0.170115
0.245141 -0.014174 0.203374 -0.508517 -0.600049
0.249237 -0.024913 0.002359 -0.037211 -0.583002
0.245502 -0.017943 -0.188608 0.381236 1.058427
0.245094 -0.019846 0.166952 -0.464886 -2.051764
0.238098 -0.006735 -0.514604 1.101137 1.424636
0.227172 0.013828 -0.033887 -0.052671 0.477176
0.228951 0.004814 0.122488 -0.395003 0.384380
0.236336 -0.016220 0.246742 -0.657181 -2.012072
0.232758 -0.011069 -0.423344 0.894031 0.178659
0.217172 0.020528 -0.356833 0.694854 1.046447
0.209918 0.031836 -0.007386 -0.115754 0.431115
0.212400 0.021515 0.131243 -0.398393 -0.793726
0.212260 0.018837 -0.137180 0.254844 1.411942
0.216158 0.007479 0.330663 -0.810134 -1.741684
0.217657 0.003125 -0.253524 0.572206 0.352375
0.209936 0.019946 -0.133276 0.276366 0.067026
0.205045 0.030105 -0.111548 0.234193 -0.188457
0.199294 0.042792 -0.175963 0.400350 0.997593
0.198848 0.044009 0.152485 -0.329029 0.334510
0.207018 0.027221 0.256050 -0.511168 -0.682798
0.212574 0.018622 0.022778 0.071408 0.231428
0.214985 0.018311 0.097565 -0.084834 0.233255
0.220377 0.011924 0.171915 -0.233686 -0.798275
0.221873 0.015480 -0.096213 0.403270 1.154844
0.225723 0.013747 0.287378 -0.477919 -0.093399
0.236484 -0.002925 0.251168 -0.360596 0.486626
0.249709 -0.024358 0.409947 -0.710347 -0.844842
0.260425 -0.039365 0.127158 -0.052328 0.333920
0.267802 -0.047376 0.241390 -0.345703 -0.593716
0.273555 -0.052690 0.047057 0.073002 0.010167
0.275626 -0.051202 0.056378 0.002646 0.026332
0.278165 -0.052651 0.070485 -0.074322 -1.209476
0.273046 -0.038161 -0.325422 0.789783 0.714860
0.264984 -0.019448 -0.078983 0.158307 0.180393
0.263089 -0.016515 -0.016045 -0.008752 -0.352113
0.260139 -0.011794 -0.131167 0.242204 -0.276918
0.253112 0.001585 -0.220161 0.426788 0.734209
0.249249 0.006876 0.026028 -0.153002 -0.451691
0.247246 0.008094 -0.125665 0.209031 -0.545657
0.238602 0.024780 -0.306199 0.622757 1.603588
0.237056 0.024850 0.226982 -0.602034 -0.111125
0.245247 0.003893 0.183203 -0.452069 -0.995201
0.245875 0.001832 -0.150566 0.337556 0.823284
0.245372 0.002316 0.124438 -0.304271 0.185563
0.251529 -0.012208 0.183505 -0.423114 -1.047241
0.251863 -0.012725 -0.165550 0.385768 0.078120
0.245844 0.000732 -0.135789 0.291087 0.784394
0.245670 -0.000010 0.126141 -0.319775 -0.056822
0.250286 -0.011464 0.104980 -0.256093 -0.910953
0.248409 -0.007601 -0.197806 0.440261 0.571172
0.244377 0.000506 -0.004667 -0.026747 -0.291252
0.242245 0.003995 -0.101651 0.198725 0.365805
0.240631 0.006188 0.020452 -0.084641 0.242042
0.243030 -0.000622 0.099340 -0.254833 -0.239741
0.245368 -0.006769 0.018007 -0.056511 -0.435722
0.243193 -0.002379 -0.126317 0.272233 0.196746
0.239493 0.005106 -0.059101 0.105834 0.919837
0.243249 -0.004779 0.246023 -0.592207 -0.874898
0.247188 -0.014309 -0.047817 0.104018 0.922193
0.251454 -0.024749 0.260192 -0.617947 -0.746434
0.256856 -0.037721 0.011072 -0.041371 -0.806573
0.252011 -0.027782 -0.252623 0.532259 -0.553080
0.238369 0.000681 -0.429493 0.891505 1.165427
0.229074 0.017294 -0.036996 -0.044358 0.017954
0.227668 0.015737 -0.033284 -0.033912 -0.181200
0.225090 0.017609 -0.095411 0.125622 -0.055395
0.220883 0.023761 -0.114958 0.182403 0.453780
0.219275 0.024433 0.034038 -0.144031 0.537702
0.224134 0.011212 0.208579 -0.514510 -0.864299
0.226622 0.004895 -0.082999 0.187617 1.129193
0.230827 -0.005046 0.292110 -0.674576 -0.811839
0.237016 -0.018735 0.018627 -0.021760 -0.500503
0.234467 -0.012285 -0.145651 0.340444 -0.412574
0.225972 0.006969 -0.279015 0.622120 0.955401
0.221242 0.016546 0.041166 -0.130754 -0.791430
0.217564 0.024070 -0.224207 0.499572 1.284850
0.217159 0.024258 0.202427 -0.476447 -0.787765
0.219886 0.018540 -0.064973 0.180234 0.910260
0.223322 0.012001 0.235857 -0.498937 -0.527380
0.229140 0.001135 0.055943 -0.052795 -0.104261
0.230668 0.000766 0.020575 0.033076 -0.028651
0.231297 0.002547 0.010906 0.056020 -0.056081
0.231357 0.005678 -0.007907 0.100553 0.128809
0.231894 0.007764 0.034558 0.005498 0.945089
0.239540 -0.006317 0.346912 -0.702435 -0.947535
0.247015 -0.019021 0.028233 0.054040 0.213463
0.249608 -0.020608 0.101180 -0.131118 -1.185940
0.245787 -0.007897 -0.291105 0.756802 1.805906
0.246282 -0.006522 0.313645 -0.667787 -0.863247
0.252994 -0.019189 0.023242 0.022194 -0.591828
0.250028 -0.009644 -0.171060 0.450950 1.089191
0.250516 -0.009125 0.194109 -0.412792 -1.556979
0.247876 -0.001337 -0.324370 0.786927 0.248175
0.236670 0.025286 -0.236786 0.552784 0.910001
0.233274 0.033318 0.065701 -0.139790 1.299231
0.244442 0.008782 0.491744 -1.078866 -1.335454
0.255039 -0.012166 0.040200 0.011979 -0.031206
0.256462 -0.011462 0.030959 0.023208 0.008746
0.257781 -0.010922 0.034981 0.004179 -0.092043
0.258588 -0.009557 0.005396 0.063507 0.569021
0.262614 -0.016023 0.195349 -0.381830 0.646223
0.274698 -0.041040 0.408538 -0.867070 -2.149370
0.276704 -0.042507 -0.305628 0.770394 0.841772
0.270284 -0.026589 -0.016803 0.038780 -0.846562
0.264043 -0.012670 -0.294540 0.651391 2.172052
0.266834 -0.021113 0.431615 -1.051268 -1.366376
0.274897 -0.041237 -0.026391 0.025751 0.012566
0.274019 -0.041360 -0.017562 -0.031174 -0.395409
0.270775 -0.037430 -0.144328 0.224899 -0.140487
0.264186 -0.027419 -0.185234 0.276861 0.070993
0.257353 -0.018416 -0.156710 0.176466 -0.665410
0.246729 -0.001775 -0.374094 0.652260 0.996905
0.238502 0.008112 -0.038674 -0.144783 -0.860762
0.231192 0.015951 -0.325929 0.528808 1.421540
0.227657 0.014959 0.147495 -0.563230 -1.391011
0.224187 0.014925 -0.319259 0.545939 1.018808
0.218244 0.020760 0.020764 -0.241923 -0.003526
0.218969 0.011971 0.015721 -0.199841 -0.811964
0.214141 0.017026 -0.256252 0.444518 0.960321
0.210307 0.019891 0.063384 -0.290376 -0.072015
0.212275 0.010263 0.035322 -0.194231 -0.358654
0.211249 0.008535 -0.086139 0.103292 0.011478
0.207875 0.012584 -0.082640 0.100032 -0.457654
0.201511 0.023809 -0.235219 0.458362 0.989945
0.198700 0.026920 0.093453 -0.291601 -0.702934
0.197656 0.027102 -0.144745 0.292554 0.753757
0.196860 0.027510 0.104036 -0.264233 -1.186230
0.193027 0.036187 -0.294360 0.686368 1.426106
0.190753 0.041730 0.178851 -0.392893 -0.029274
0.197554 0.028001 0.161609 -0.297550 1.252980
0.212238 -0.002050 0.571781 -1.198440 -1.260378
0.226540 -0.029025 0.145457 -0.170207 0.386608
0.234960 -0.042169 0.275321 -0.485141 -0.257999
0.244271 -0.057903 0.190802 -0.307264 -0.524074
0.248497 -0.063056 0.021157 0.043586 -0.767163
0.244388 -0.051042 -0.226080 0.552481 -0.113828
0.234781 -0.029082 -0.254646 0.549896 0.284256
0.226633 -0.012828 -0.153524 0.269897 -0.129507
0.219699 -0.000669 -0.193282 0.339475 0.936299
0.218248 -0.001913 0.119645 -0.391648 -0.441382
0.220042 -0.010288 -0.029228 -0.033781 -0.315015
0.216795 -0.006962 -0.132837 0.197465 -0.106848
0.210816 0.002183 -0.166191 0.260736 -0.331987
0.201995 0.017446 -0.274793 0.502049 0.163036
0.192125 0.034791 -0.219255 0.370486 -0.716505
0.178570 0.060946 -0.458042 0.934305 1.763270
0.171967 0.071534 0.125548 -0.383966 0.338201
0.179016 0.053208 0.227018 -0.533905 0.878083
0.193731 0.020371 0.508526 -1.106637 -0.975707
0.207363 -0.006910 0.174837 -0.274416 -0.200553
0.212989 -0.014553 0.106855 -0.111533 -0.490517
0.214008 -0.011622 -0.055353 0.253539 0.241728
0.213460 -0.005757 0.027485 0.043807 -0.773384
0.209427 0.007731 -0.228454 0.625091 0.762594
0.205433 0.020411 0.027535 0.019961 0.189098
0.207742 0.018800 0.087790 -0.099157 0.950548
0.217512 0.000849 0.399976 -0.792239 -1.259976
0.225000 -0.010356 -0.023812 0.215573 -0.051845
0.223751 -0.001417 -0.038805 0.232916 0.735541
0.227122 -0.003697 0.206530 -0.339346 -0.745448
0.230373 -0.005403 -0.043014 0.245509 0.289380
0.230619 -0.000434 0.054850 0.007256 -0.613156
0.228729 0.009304 -0.148821 0.475046 1.193699
0.230760 0.009599 0.248927 -0.447297 0.256698
0.242328 -0.011368 0.329599 -0.603007 -0.692786
0.250829 -0.024256 0.096582 -0.051759 -0.011872
0.254652 -0.026591 0.094584 -0.065289 0.216169
0.259915 -0.033007 0.168408 -0.254126 -0.981053
0.260156 -0.028495 -0.155336 0.470489 0.285914
0.255973 -0.015313 -0.054478 0.195024 0.047685
0.254169 -0.008820 -0.035908 0.131830 0.261117
0.254505 -0.007898 0.052334 -0.082570 1.214905
0.264680 -0.029898 0.455360 -1.008630 -1.580378
0.272294 -0.045295 -0.072401 0.218221 -0.795135
0.264241 -0.025669 -0.329807 0.759469 1.114788
0.258633 -0.013989 0.047788 -0.160283 0.452920
0.263562 -0.027434 0.198373 -0.509733 -2.521943
0.254706 -0.009020 -0.638589 1.407408 1.403729
0.238733 0.023654 -0.162505 0.249149 1.304355
0.240892 0.013840 0.269140 -0.728161 -0.484767
0.248290 -0.006512 0.101825 -0.299451 -0.616094
0.248232 -0.008742 -0.103933 0.180760 -0.471012
0.240987 0.005315 -0.258070 0.520084 -0.218712
0.229275 0.028940 -0.327731 0.663825 1.432109
0.225724 0.033333 0.148353 -0.427912 -0.308958
0.229461 0.022342 0.039200 -0.127956 -0.244390
0.229331 0.021707 -0.045364 0.092961 0.348695
0.229797 0.020491 0.068309 -0.150552 -0.496180
0.229156 0.022809 -0.099776 0.261127 1.029661
0.231997 0.017667 0.240705 -0.508471 0.505930
0.244868 -0.009311 0.402853 -0.841106 -1.415056
0.251456 -0.020267 -0.071482 0.275418 0.102523
0.249360 -0.011620 -0.033683 0.160247 1.111665
0.255451 -0.022729 0.337130 -0.705724 -0.828202
0.263366 -0.037785 0.059936 -0.059227 0.095593
0.266470 -0.042380 0.095167 -0.169906 -0.748140
0.265367 -0.038417 -0.149548 0.361384 0.880654
0.265379 -0.038819 0.149019 -0.371303 -1.757984
0.259679 -0.027064 -0.432261 0.943112 0.275823
0.244425 0.004569 -0.331484 0.648886 0.869869
0.237039 0.016432 -0.039084 -0.043616 0.295298
0.237396 0.010624 0.056731 -0.245132 -0.529206
0.236084 0.009556 -0.121687 0.185478 0.166619
0.232330 0.014423 -0.066286 0.060628 -0.024456
0.229491 0.017513 -0.075660 0.094004 0.687759
0.231013 0.011026 0.151063 -0.412531 -0.042463
0.236683 -0.003980 0.132852 -0.341721 -1.060489
0.234897 -0.000955 -0.220933 0.481997 0.879540
0.231983 0.004182 0.074048 -0.214322 -0.120105
0.234101 -0.002125 0.032162 -0.103854 0.034344
0.235602 -0.006681 0.042945 -0.124551 0.592895
0.241257 -0.020724 0.239358 -0.574063 -0.968656
0.244345 -0.028490 -0.083628 0.173667 -0.388465
0.238504 -0.016437 -0.208265 0.427821 -0.083189
0.229720 0.001034 -0.231232 0.448901 1.197910
0.228504 0.000043 0.168992 -0.485522 -0.577613
0.231346 -0.009821 -0.025955 -0.016238 0.093375
0.230947 -0.012079 0.005934 -0.095995 -0.923862
0.225051 -0.001846 -0.299886 0.599931 0.173341
0.214303 0.018677 -0.238159 0.432598 0.672721
0.209274 0.025539 -0.014228 -0.080878 -0.540765
0.205038 0.031343 -0.196999 0.365957 1.534429
0.207345 0.022703 0.310765 -0.783627 -1.095595
0.212316 0.009797 -0.060570 0.123136 -0.430557
0.207023 0.021439 -0.203803 0.456559 0.478620
0.202071 0.032281 -0.044548 0.092833 -0.004846
0.200195 0.036736 -0.049319 0.130332 2.093331
0.212075 0.010540 0.641497 -1.423886 -2.222955
0.222703 -0.010072 -0.106970 0.364083 0.175617
0.219663 0.001118 -0.045475 0.199952 1.211174
0.225922 -0.009688 0.357194 -0.729364 -1.078420
0.232941 -0.021503 -0.004691 0.124245 0.559792
0.236537 -0.025753 0.183882 -0.331201 -0.628804
0.239712 -0.029460 -0.024334 0.138528 -0.157643
0.237772 -0.022326 -0.072682 0.218424 -0.518651
0.231493 -0.006393 -0.241000 0.576393 0.124970
0.222782 0.013864 -0.195133 0.442334 1.170671
0.222796 0.013347 0.194430 -0.455684 -0.426865
0.227631 0.002636 0.048076 -0.087133 -0.685854
0.224968 0.009906 -0.180536 0.444637 1.317847
0.226553 0.007125 0.258269 -0.570004 -0.524602
-0.009434 -0.007514 0.003412 0.002944 -0.319221
-0.011407 -0.002632 -0.101817 0.238835 -2.393722
-0.031362 0.043350 -0.893822 2.043327 1.994665
-0.053641 0.092838 -0.223901 0.464842 0.448883
-0.059759 0.106161 -0.082690 0.207745 1.219340
-0.055193 0.098138 0.309918 -0.599415 0.492546
-0.039843 0.069763 0.457830 -0.821966 0.198340
-0.020500 0.036615 0.509858 -0.841695 -0.139319
-0.001255 0.007123 0.453239 -0.641484 -0.084166
0.016185 -0.016154 0.419402 -0.528566 -0.988355
0.026327 -0.021719 0.088995 0.238438 0.954118
0.036302 -0.027593 0.408674 -0.522634 -0.964893
0.046199 -0.033564 0.087451 0.212557 0.054720
0.050154 -0.026903 0.110018 0.123050 -0.013520
0.054530 -0.022502 0.108658 0.098203 -0.487188
0.055687 -0.011685 -0.050440 0.440004 -0.489311
0.050495 0.012633 -0.209104 0.775969 1.065820
0.049298 0.026619 0.147632 -0.062056 1.154657
0.062801 0.007166 0.526625 -0.902739 -2.493441
0.067114 0.010798 -0.308029 1.057552 1.462281
0.064641 0.029543 0.182235 -0.100183 -0.101035
0.071164 0.027971 0.144087 0.019606 0.759469
0.081904 0.017783 0.392275 -0.523440 -0.780571
0.092268 0.010014 0.127087 0.124430 0.759159
0.102382 0.003463 0.377838 -0.445294 -0.050628
0.117067 -0.012827 0.356835 -0.373485 -0.955768
0.124938 -0.012816 0.037882 0.363702 1.066863
0.133618 -0.015375 0.394833 -0.480293 0.001717
0.149368 -0.034262 0.393044 -0.467989 -1.787640
0.153192 -0.025647 -0.199932 0.881597 1.137352
0.152935 -0.009563 0.185366 -0.061041 1.267179
0.168777 -0.031549 0.605582 -1.028907 -2.058278
0.179214 -0.040415 -0.081061 0.561361 0.380462
0.178663 -0.025429 0.052699 0.195945 0.190359
0.182111 -0.021310 0.119373 0.013345 0.918918
0.193036 -0.035347 0.425998 -0.707744 -1.882515
0.197519 -0.034588 -0.199642 0.725707 0.173652
0.190865 -0.009945 -0.133856 0.514254 0.346972
0.187910 0.004428 -0.014643 0.211479 -0.334608
0.185111 0.017899 -0.125133 0.461241 0.735653
0.185020 0.024903 0.119537 -0.101704 0.521164
0.193187 0.013599 0.288478 -0.460720 0.114115
0.205375 -0.005598 0.321207 -0.502330 -0.512393
0.214740 -0.017223 0.147936 -0.087123 -0.184506
0.219445 -0.018104 0.087528 0.041095 0.439293
0.225905 -0.023631 0.235008 -0.313551 -1.042030
0.228370 -0.020249 -0.110591 0.472310 0.945628
0.230344 -0.016933 0.208040 -0.295117 -1.433094
0.229117 -0.006674 -0.267872 0.794876 1.312272
0.227259 0.003793 0.173121 -0.254752 -0.548769
0.230478 0.002511 -0.011461 0.184277 1.282953
0.238568 -0.009967 0.414663 -0.796895 -0.654102
0.250696 -0.030913 0.192995 -0.262145 -1.717852
0.247012 -0.015342 -0.375518 1.025849 1.565050
0.242584 -0.000032 0.151878 -0.239564 0.369502
0.251074 -0.014926 0.272476 -0.504364 -0.678965
0.257406 -0.024299 0.045165 0.026368 0.085216
0.259831 -0.025108 0.075960 -0.065713 -0.036864
0.262665 -0.027623 0.065763 -0.060618 -1.260673
0.256957 -0.011206 -0.350015 0.871742 1.170481
0.250895 0.004298 0.045131 -0.080133 -0.425000
0.249847 0.007870 -0.097093 0.254759 0.823735
0.251458 0.005290 0.176757 -0.375430 -0.778591
0.253276 0.002901 -0.084884 0.246793 0.083184
0.250460 0.011276 -0.056203 0.174594 0.370356
0.250671 0.012642 0.066308 -0.102102 -0.704869
0.248585 0.019860 -0.169858 0.456569 1.597121
0.252432 0.013492 0.360453 -0.759227 -1.918723
0.253936 0.013973 -0.282936 0.762016 1.770442
0.254471 0.016615 0.307533 -0.610063 0.128311
0.267489 -0.008511 0.343777 -0.650632 -1.395602
0.271870 -0.012377 -0.122996 0.441206 1.852637
0.279360 -0.024020 0.495472 -1.005267 -0.556551
0.295369 -0.054853 0.306335 -0.549071 -1.092880
0.300392 -0.060565 -0.053838 0.250996 -0.391053
0.295806 -0.046231 -0.175373 0.465579 -0.154782
0.287931 -0.026888 -0.218675 0.504809 -0.239646
0.277724 -0.004277 -0.291934 0.628490 1.299130
0.274791 -0.000001 0.143624 -0.399414 -1.161459
0.272747 0.002435 -0.244446 0.508966 0.730704
0.267900 0.010980 0.001002 -0.071860 -0.368066
0.265454 0.014147 -0.122892 0.226642 0.034265
0.260767 0.022749 -0.111681 0.205480 1.297178
0.264904 0.011339 0.317293 -0.764693 -0.710002
0.272728 -0.007018 0.075187 -0.165183 -0.505565
0.272360 -0.005762 -0.093045 0.222799 -0.376825
0.266174 0.008547 -0.216084 0.491701 1.725629
0.269061 0.001286 0.358516 -0.837545 -0.967812
0.276830 -0.016159 0.031490 -0.049279 0.567163
0.281887 -0.027113 0.220859 -0.494338 -0.657377
0.286331 -0.036727 0.002336 0.004700 -0.949079
0.280193 -0.022793 -0.308474 0.685283 0.235757
0.269575 -0.000413 -0.223237 0.441547 1.302352
0.269375 -0.003326 0.211730 -0.573532 -0.764166
0.272680 -0.013805 -0.045329 0.038881 -1.378960
0.261729 0.008596 -0.501021 1.071121 1.276862
0.250324 0.030631 -0.071283 0.049535 0.015420
0.247513 0.033057 -0.069293 0.071911 0.863206
0.250416 0.023391 0.213692 -0.548450 -0.169701
0.257697 0.005373 0.150972 -0.358664 1.202288
0.271663 -0.026802 0.546530 -1.243912 -1.156022
0.285702 -0.057736 0.157526 -0.322276 -1.060717
0.285030 -0.055248 -0.189974 0.436556 -1.263283
0.269218 -0.020236 -0.600005 1.309096 1.889322
0.258028 0.000916 0.037744 -0.225838 -0.538656
0.255919 0.000511 -0.142557 0.199555 0.900962
0.256239 -0.005573 0.157600 -0.495245 -0.591343
0.258546 -0.015737 -0.041282 -0.021598 0.471418
0.260063 -0.024150 0.116678 -0.395467 -0.812012
0.259324 -0.027504 -0.152604 0.218439 -0.592788
0.249372 -0.010566 -0.344663 0.626146 -0.102712
0.235023 0.015003 -0.373241 0.656893 0.149552
0.221157 0.038478 -0.320726 0.523443 1.842377
0.220572 0.031372 0.289510 -0.860846 -0.172517
0.230806 0.001493 0.223079 -0.642025 -0.414190
0.236873 -0.016901 0.081162 -0.286343 -0.298316
0.238129 -0.023752 -0.017873 -0.060773 0.040969
0.237730 -0.027254 -0.002071 -0.114267 -0.301891
0.235684 -0.027642 -0.099924 0.091888 -0.352945
0.229416 -0.019285 -0.213251 0.324372 -0.257232
0.219269 -0.003214 -0.294167 0.480173 1.257991
0.215953 -0.004026 0.126841 -0.507077 -0.982400
0.214426 -0.008608 -0.201895 0.266220 -1.409639
0.197036 0.023167 -0.666568 1.313977 0.697343
0.175164 0.063826 -0.428746 0.735468 2.899465
0.177248 0.049384 0.530029 -1.430735 -0.409163
0.195407 0.001510 0.379425 -0.978459 -1.090181
0.203179 -0.019505 0.010963 -0.088982 -1.249662
0.195334 -0.004169 -0.402065 0.845712 0.267775
0.181170 0.024351 -0.307090 0.589558 0.910796
0.174978 0.033762 -0.003802 -0.107270 0.313005
0.176814 0.025629 0.095468 -0.298311 -0.035221
0.180294 0.015268 0.078821 -0.222839 0.631302
0.187575 -0.002654 0.284882 -0.670526 -2.428491
0.182716 0.008709 -0.525090 1.214415 1.999252
0.175172 0.025198 0.145070 -0.364320 -0.783723
0.175647 0.023773 -0.120297 0.283712 0.223623
0.172308 0.031903 -0.047074 0.126650 0.605761
0.174396 0.028287 0.150872 -0.302186 -0.258101
0.178599 0.021268 0.059801 -0.053572 0.226752
0.182437 0.016256 0.131952 -0.196045 -0.082772
0.187091 0.010373 0.101001 -0.100580 0.134590
0.191980 0.004707 0.143423 -0.182711 -0.621741
0.193534 0.007354 -0.064983 0.308680 0.007935
0.191010 0.019388 -0.061494 0.295601 0.604109
0.192561 0.022041 0.138285 -0.156040 -0.251595
0.196336 0.020437 0.050886 0.072309 1.496950
0.208284 0.000768 0.545161 -1.044056 -1.079796
0.222737 -0.022939 0.179327 -0.158493 -1.559466
0.219555 -0.005593 -0.336997 1.012851 0.842978
0.211838 0.020540 -0.050403 0.308943 0.494931
0.213105 0.025416 0.113068 -0.058983 1.006784
0.224248 0.008320 0.443279 -0.789062 -0.552627
0.238154 -0.013450 0.253163 -0.310435 -0.950961
0.241926 -0.011100 -0.063447 0.418129 1.165116
0.247216 -0.013037 0.326534 -0.502397 -1.131162
0.252695 -0.015334 -0.051157 0.374756 0.555382
0.254424 -0.009679 0.136771 -0.084443 0.702555
0.264566 -0.023908 0.369790 -0.622279 -1.202980
0.271306 -0.030000 -0.031227 0.303437 -0.132171
0.269282 -0.016884 -0.070172 0.354249 0.530741
0.270088 -0.011683 0.109707 -0.087007 -0.210417
0.273081 -0.012037 0.040207 0.067048 0.344620
0.277011 -0.014971 0.155908 -0.210425 -0.323635
0.281089 -0.018436 0.048414 0.033043 -1.142927
0.275462 0.000017 -0.328807 0.881416 1.694684
0.273709 0.008108 0.238941 -0.456468 -0.355285
0.280809 -0.003848 0.116763 -0.148020 0.943751
0.291736 -0.024113 0.428856 -0.859202 -0.929970
0.302621 -0.043570 0.116950 -0.127931 -1.143864
0.299765 -0.031933 -0.258718 0.700562 1.277701
0.298086 -0.025167 0.173028 -0.346297 0.525591
0.308501 -0.047170 0.347478 -0.752398 -1.047185
0.315425 -0.061264 0.000307 0.033662 -0.460833
0.312514 -0.054289 -0.145574 0.312577 -0.057693
0.306474 -0.042547 -0.156673 0.277303 -1.267208
0.291917 -0.013331 -0.570400 1.176870 0.788871
0.274558 0.019770 -0.299237 0.494353 1.704840
0.273960 0.013189 0.267443 -0.806505 -1.503899
0.274503 0.005445 -0.238269 0.400857 -0.042326
0.264740 0.021750 -0.250165 0.417390 1.425843
0.264231 0.016528 0.223170 -0.664372 -0.215712
0.271586 -0.005431 0.145299 -0.441054 -0.503946
0.273990 -0.014837 -0.024279 -0.036780 -1.616167
0.262295 0.008257 -0.559011 1.178982 1.399259
0.249402 0.032573 -0.087874 0.057621 1.560319
0.256200 0.011635 0.426389 -1.092722 -1.356698
0.264038 -0.009467 -0.032376 0.017845 -1.121197
0.255306 0.008263 -0.403211 0.860337 0.878458
0.245132 0.028260 -0.107017 0.153525 0.657014
0.245179 0.024802 0.108689 -0.320489 0.490192
0.252680 0.005494 0.266254 -0.644192 -0.067691
0.262767 -0.018208 0.238667 -0.546955 -0.334540
0.270042 -0.034603 0.125843 -0.279845 -1.262315
0.266713 -0.026813 -0.290993 0.657758 0.791321
0.260494 -0.014124 -0.021235 -0.011428 -0.842050
0.254072 -0.001924 -0.299145 0.615047 0.599862
0.246192 0.012629 -0.095859 0.122425 0.025538
0.242517 0.017297 -0.088021 0.112085 -0.440567
0.236043 0.028834 -0.235368 0.462110 1.142317
0.234228 0.029873 0.143265 -0.397879 0.743468
0.244774 0.003803 0.383752 -0.903778 -1.684998
0.248766 -0.005126 -0.181897 0.436743 0.943066
0.247837 -0.002809 0.134256 -0.309950 -0.890391
0.247240 -0.001140 -0.163072 0.384016 0.880701
0.246632 0.000189 0.131602 -0.307582 -0.677363
0.247340 -0.001253 -0.095378 0.227679 0.610598
0.247620 -0.001821 0.108653 -0.249504 -1.373470
0.242792 0.009631 -0.348617 0.809490 0.974487
0.235427 0.026225 -0.021185 0.034469 0.653950
0.238871 0.018166 0.192831 -0.432469 -0.256898
0.244765 0.005855 0.102450 -0.188919 -0.711218
0.244084 0.009657 -0.135661 0.371874 1.323495
0.247491 0.003971 0.304514 -0.643041 -1.255002
0.251211 -0.001474 -0.116865 0.355701 0.988267
0.253161 -0.002894 0.213224 -0.416191 -0.086236
0.261054 -0.017685 0.181823 -0.327506 -1.457455
0.258616 -0.008327 -0.302167 0.781696 1.198624
0.254634 0.003331 0.101355 -0.182946 -0.706739
0.253947 0.007236 -0.134953 0.371196 1.556275
0.258935 -0.002110 0.382710 -0.823569 -1.402109
0.264791 -0.012417 -0.087999 0.290478 0.099977
0.262002 -0.002968 -0.051787 0.185358 0.673631
0.264441 -0.006177 0.172974 -0.339092 -0.180677
0.270115 -0.016613 0.111163 -0.186933 -0.739219
0.269648 -0.012830 -0.133723 0.369048 -0.893840
0.258433 0.014915 -0.426540 1.014605 1.788606
0.253383 0.027066 0.171634 -0.384885 0.629490
0.264312 0.003187 0.374604 -0.807881 0.667977
0.283603 -0.038192 0.589968 -1.262692 -2.100512
0.293124 -0.055640 -0.110969 0.363532 0.162016
0.289936 -0.045320 -0.048924 0.157347 -0.349146
0.285779 -0.034894 -0.158806 0.363109 -0.185037
0.278326 -0.018789 -0.214001 0.444205 -1.537522
0.259647 0.021604 -0.718963 1.567554 1.453218
0.240743 0.060441 -0.228888 0.399059 2.074550
0.245297 0.045532 0.454588 -1.126490 -0.429687
0.260351 0.009661 0.299403 -0.680195 -1.810491
0.260154 0.011443 -0.307044 0.749557 1.578379
0.258454 0.016489 0.220029 -0.478982 0.892626
0.273078 -0.015319 0.510795 -1.108831 -1.195812
0.285416 -0.040139 0.108097 -0.150780 -0.927899
0.283631 -0.032620 -0.196441 0.518857 1.234060
0.284128 -0.032226 0.219711 -0.485008 -0.396811
0.290272 -0.045599 0.088230 -0.190509 -0.487555
0.290630 -0.046511 -0.069789 0.140068 -1.105155
0.280613 -0.025184 -0.430286 0.919753 0.203891
0.264953 0.006693 -0.353705 0.683687 1.438962
0.260465 0.011208 0.127484 -0.441223 -0.841971
0.259871 0.007375 -0.156027 0.239262 0.318465
0.255768 0.011936 -0.049611 -0.006815 -0.367820
0.251309 0.017633 -0.173012 0.288627 0.081588
0.244934 0.027983 -0.145998 0.231728 1.714920
0.250471 0.011295 0.421181 -1.051552 -1.730001
0.255623 -0.002486 -0.161141 0.340261 0.389816
0.251825 0.004660 -0.029390 0.022888 0.863676
0.256385 -0.007580 0.256612 -0.628169 -1.923026
0.253777 -0.002464 -0.384818 0.864046 1.057405
0.245552 0.014678 -0.028089 0.008500 0.609437
0.248448 0.006022 0.172367 -0.436741 -0.757980
0.250218 0.000959 -0.082832 0.173992 0.396645
0.249564 0.001652 0.049650 -0.134850 -0.537269
0.247949 0.004769 -0.129827 0.285422 0.362904
0.245199 0.010379 -0.008218 0.000186 1.399594
0.254153 -0.010836 0.454716 -1.050413 -2.345923
0.256599 -0.015628 -0.329497 0.784079 1.059561
0.250617 -0.001915 0.028811 -0.083557 -0.840145
0.246169 0.007756 -0.250389 0.559965 1.440680
0.245801 0.007493 0.230252 -0.557464 -0.718736
0.250125 -0.002806 -0.012930 0.032198 -0.217518
0.248169 0.001754 -0.084741 0.194452 -0.122844
0.243984 0.011240 -0.124553 0.280498 0.698250
0.243660 0.011660 0.107516 -0.251934 -0.044424
0.247596 0.002912 0.089584 -0.188059 0.041678
0.251417 -0.004891 0.101594 -0.203436 1.183276
0.263327 -0.031008 0.492974 -1.094926 -2.084472
0.269084 -0.042033 -0.202389 0.518587 -0.094975
0.260524 -0.021461 -0.225958 0.514117 0.741347
0.256540 -0.013434 0.025656 -0.102543 -0.913717
0.251501 -0.003639 -0.276745 0.584598 1.224471
0.248671 0.000101 0.133691 -0.383254 -0.067142
0.253512 -0.013649 0.108729 -0.308044 -1.630077
0.247001 -0.000801 -0.432642 0.935586 0.681856
0.234373 0.024913 -0.200122 0.363300 -0.020865
0.226228 0.039893 -0.207399 0.388351 2.193435
0.232483 0.022216 0.518053 -1.253021 -1.641940
0.242042 -0.000456 -0.037641 0.096120 -0.358771
0.238161 0.008802 -0.156147 0.364817 0.257555
0.233660 0.019195 -0.069424 0.159819 -0.586401
0.226961 0.034867 -0.265135 0.620327 1.868085
0.228788 0.031038 0.354386 -0.792730 -0.755660
0.237743 0.012756 0.094710 -0.134145 0.337192
0.243719 0.002732 0.203911 -0.365808 -0.463541
0.248723 -0.004180 0.047025 0.013513 0.120168
0.251408 -0.005555 0.087085 -0.081180 0.387137
0.257459 -0.014724 0.215214 -0.374986 -1.464828
0.256293 -0.007017 -0.271924 0.746161 0.952408
0.251874 0.007083 0.049487 -0.027506 0.485328
0.257055 -0.001227 0.209184 -0.384621 0.938418
0.271602 -0.030498 0.517612 -1.074896 -0.965730
0.285782 -0.057900 0.193138 -0.311665 -1.025544
0.286768 -0.055538 -0.142746 0.419971 -1.366379
0.272155 -0.019587 -0.587177 1.371768 1.674754
0.260056 0.007306 -0.020384 -0.002561 0.092366
0.259836 0.005994 0.009300 -0.062440 -0.053248
0.259828 0.004575 -0.009587 -0.009572 0.304749
0.261457 -0.000334 0.090782 -0.233682 -0.225824
0.263548 -0.005870 0.014175 -0.046839 -0.355106
0.261756 -0.002324 -0.103444 0.221069 0.941662
0.263918 -0.008261 0.210516 -0.508852 -0.857811
0.266570 -0.014913 -0.076698 0.165473 0.038942
0.263817 -0.009423 -0.061156 0.110847 0.075332
0.261907 -0.006478 -0.034502 0.038015 0.339434
0.262803 -0.010338 0.078950 -0.228069 -0.088697
0.265357 -0.018000 0.049022 -0.157504 0.250877
0.269001 -0.028327 0.133055 -0.358101 -0.622165
0.270193 -0.033246 -0.072635 0.104631 -1.356475
0.258355 -0.009112 -0.518221 1.093141 1.125057
0.245296 0.015688 -0.136639 0.164828 0.794276
0.245104 0.010255 0.126202 -0.429190 -0.905357
0.244041 0.007840 -0.178160 0.297734 0.492035
0.240215 0.012007 -0.013838 -0.083185 0.157336
0.240667 0.006685 0.036418 -0.182551 0.413915
0.244834 -0.006544 0.171687 -0.477387 -0.802281
0.246305 -0.012795 -0.097006 0.154690 0.273886
0.244297 -0.011287 -0.003759 -0.075733 -0.720248
0.239369 -0.003380 -0.241986 0.465063 0.173310
0.230920 0.011893 -0.181016 0.303846 0.170276
0.224830 0.021334 -0.123835 0.171966 1.436608
0.229409 0.006448 0.351422 -0.904199 -1.214459
0.235235 -0.009670 -0.058332 0.081268 -0.157618
0.231885 -0.004297 -0.109090 0.186974 -0.303775
0.225537 0.007534 -0.208200 0.403861 0.820959
0.222713 0.010747 0.065928 -0.233621 -0.979965
0.218770 0.017053 -0.261981 0.539332 1.278156
0.216833 0.018709 0.163594 -0.442431 0.517653
0.226709 -0.005879 0.330123 -0.786993 -0.807695
0.234432 -0.023999 0.057383 -0.131852 -1.499004
0.226787 -0.006594 -0.438219 0.989872 0.434869
0.212314 0.024880 -0.286656 0.595638 0.727068
0.205715 0.037363 -0.044392 0.038901 0.024435
0.204021 0.039399 -0.040313 0.063000 0.610629
0.206386 0.033422 0.158023 -0.357163 -0.110307
0.211840 0.022126 0.115086 -0.211916 -0.007653
0.216305 0.014609 0.108367 -0.166048 1.198986
0.228550 -0.009846 0.503009 -1.049137 -0.928395
0.242351 -0.036332 0.188707 -0.291205 -0.923401
0.243789 -0.034218 -0.115784 0.387781 -0.517255
0.235846 -0.012033 -0.281264 0.721243 0.682022
0.229263 0.005138 -0.049084 0.148722 0.549899
0.230964 0.002601 0.133517 -0.270190 -0.469428
0.233130 -0.000531 -0.024564 0.107666 0.437631
0.235071 -0.003062 0.121133 -0.229986 -0.620692
0.235754 -0.002447 -0.086233 0.254060 -0.662397
0.227938 0.017538 -0.304212 0.742276 0.589180
0.219757 0.037640 -0.105976 0.273506 0.724996
0.220290 0.038011 0.131806 -0.247578 -0.282489
0.223554 0.033704 0.031930 0.027551 0.755659
0.229778 0.024002 0.278603 -0.507109 0.086223
0.241357 0.003678 0.300710 -0.513016 -0.216960
0.251847 -0.012687 0.224404 -0.311314 0.156811
0.261837 -0.027376 0.275235 -0.424449 -0.706690
0.268134 -0.033523 0.040579 0.108360 -0.452409
0.266832 -0.023117 -0.105449 0.409769 0.196902
0.264029 -0.010788 -0.035201 0.211894 0.322638
0.264817 -0.007756 0.074094 -0.055968 -0.603505
0.263768 -0.000783 -0.125958 0.399641 0.387385
0.261362 0.008745 0.004995 0.083096 0.464533
0.264638 0.005071 0.158342 -0.262682 0.951320
0.277242 -0.019537 0.471206 -0.962732 -1.025408
0.289160 -0.041422 0.126423 -0.147503 0.498338
0.297593 -0.055689 0.294849 -0.562733 -2.403607
0.293445 -0.041857 -0.499834 1.232290 1.466787
0.283480 -0.017661 -0.000695 -0.000673 0.023335
0.283644 -0.018419 0.008840 -0.036894 -0.268948
0.282241 -0.016107 -0.078714 0.150335 0.374129
0.281638 -0.016381 0.048069 -0.159759 0.607343
0.287610 -0.032233 0.250128 -0.629357 -1.693421
0.286329 -0.031290 -0.312195 0.658641 -0.018897
0.273884 -0.006228 -0.310621 0.600220 0.838924
0.267145 0.003975 -0.027591 -0.078499 -1.056188
0.258995 0.017289 -0.378885 0.735372 1.595414
0.254524 0.021654 0.153310 -0.498893 0.324326
0.262689 -0.002083 0.255118 -0.689994 -0.193591
0.271505 -0.025803 0.186402 -0.503328 -1.880500
0.266434 -0.016955 -0.437898 0.927501 0.853750
0.254775 0.005428 -0.146590 0.206165 0.554314
0.252618 0.005040 0.038072 -0.219662 -0.252571
0.252416 0.000575 -0.047761 -0.007431 -0.461173
0.247435 0.007418 -0.200871 0.345965 -0.004394
0.239406 0.021066 -0.200827 0.339246 0.888295
0.237285 0.021064 0.093711 -0.329942 0.092541
0.241550 0.007409 0.119791 -0.355175 0.130589
0.247138 -0.008123 0.159798 -0.423556 -1.205974
0.245460 -0.006127 -0.242303 0.510686 1.519378
0.245964 -0.009833 0.265726 -0.680015 -0.975293
0.250023 -0.021338 -0.061370 0.091603 -0.028301
0.247440 -0.017824 -0.067856 0.084859 -0.471052
0.241644 -0.007689 -0.221616 0.419222 0.275735
0.234693 0.004137 -0.126502 0.177795 1.417954
0.239083 -0.010647 0.344567 -0.904686 -2.020454
0.239312 -0.014805 -0.330575 0.673734 0.636567
0.230458 0.001152 -0.113255 0.134823 -0.362782
0.223532 0.011996 -0.232812 0.405718 1.092266
0.221519 0.011214 0.130891 -0.433163 -0.330797
0.224463 -0.000159 0.016973 -0.141857 0.825198
0.230609 -0.018294 0.289707 -0.759769 -1.892990
0.229532 -0.018990 -0.341308 0.704259 0.267463
0.217807 0.003721 -0.245762 0.439494 0.535188
0.211595 0.012609 -0.065680 0.012668 -0.231179
0.207403 0.016974 -0.143677 0.203787 -0.105540
0.200947 0.026901 -0.179203 0.293279 1.373521
0.202897 0.017810 0.275286 -0.735262 -1.871429
0.201307 0.018578 -0.352466 0.752904 -0.048935
0.186955 0.048905 -0.365678 0.769195 1.843185
0.184583 0.051570 0.244866 -0.615894 0.218876
0.195622 0.025634 0.307455 -0.685063 -0.336954
0.205513 0.004960 0.187975 -0.357294 0.056118
0.213334 -0.009557 0.203315 -0.371230 -0.541482
0.217823 -0.015770 0.021933 0.053400 0.395143
0.221366 -0.020098 0.154794 -0.266174 -1.384515
0.218348 -0.009547 -0.304309 0.781150 -0.255674
0.204609 0.024404 -0.383018 0.921119 0.894546
0.195318 0.046897 -0.083100 0.218061 0.357693
0.194294 0.050979 0.031462 -0.009920 0.253177
0.197113 0.047946 0.109327 -0.140448 -0.334985
0.199123 0.048819 -0.008386 0.179759 0.353529
0.201046 0.051538 0.104124 -0.040142 1.142676
0.212674 0.033718 0.476457 -0.843346 -0.093746
0.230895 0.003389 0.435371 -0.681271 -0.246587
0.246545 -0.019023 0.347920 -0.447087 -0.967624
0.253987 -0.021829 0.025389 0.295776 0.778055
0.260258 -0.022792 0.287213 -0.335241 0.262883
0.273482 -0.040261 0.373995 -0.538806 -1.267271
0.280012 -0.042530 -0.045959 0.411541 0.582736
0.282195 -0.036494 0.154195 -0.101446 -0.315326
0.286322 -0.036373 0.052489 0.104618 0.105297
0.289210 -0.034740 0.091684 -0.020898 0.390145
0.295538 -0.042297 0.224342 -0.353730 -0.653461
0.300200 -0.046886 0.009620 0.116696 -0.316785
0.298595 -0.038560 -0.089758 0.298700 0.229078
0.296654 -0.031382 -0.007768 0.064844 -0.365885
0.293986 -0.023948 -0.125410 0.304984 0.074852
0.289564 -0.013825 -0.096043 0.204571 0.240948
0.287384 -0.009902 -0.013343 -0.004728 0.391439
0.289473 -0.016294 0.117442 -0.311796 -0.890925
0.288232 -0.015008 -0.178484 0.366814 0.664949
0.285603 -0.011355 0.046131 -0.175867 0.025392
0.287614 -0.018776 0.054548 -0.196363 -0.669912
0.285351 -0.016483 -0.166963 0.304462 -0.531921
0.275216 0.003110 -0.339568 0.673868 2.150609
0.276034 -0.003772 0.378003 -0.995915 -0.416018
0.288243 -0.035944 0.233634 -0.624283 -1.031125
0.290717 -0.045064 -0.108516 0.155416 -1.115126
0.279086 -0.022960 -0.472285 0.943295 1.095609
0.267677 -0.003825 -0.099892 0.029994 -0.629601
0.259509 0.006945 -0.308005 0.503949 0.196537
0.248559 0.023597 -0.240059 0.334382 0.486024
0.242189 0.029639 -0.079128 -0.026023 0.615110
0.243046 0.019905 0.121488 -0.456560 -0.497549
0.244483 0.010387 -0.048802 -0.027223 -0.048603
0.242180 0.010354 -0.066261 0.024815 0.204994
0.240873 0.008436 0.000739 -0.119044 0.493395
0.244147 -0.003519 0.162634 -0.476066 -0.884472
0.244704 -0.008386 -0.133630 0.221909 0.233214
0.240962 -0.003552 -0.053887 0.023535 -0.549504
0.235162 0.005750 -0.235649 0.437592 0.355805
0.228155 0.017369 -0.115340 0.149729 0.569650
0.227313 0.014845 0.072648 -0.270505 0.426865
0.232983 -0.001793 0.210709 -0.560628 -1.649122
0.230359 0.001861 -0.340007 0.725957 1.490547
0.226778 0.007108 0.159027 -0.446082 -0.319051
0.230931 -0.005038 0.049301 -0.167526 -1.450384
0.223239 0.010686 -0.432484 0.941273 1.446711
0.215679 0.025144 0.052428 -0.199393 0.063196
0.218108 0.017085 0.069144 -0.205068 -0.879043
0.214954 0.023093 -0.225839 0.496809 1.874748
0.218409 0.014090 0.396575 -0.928838 -1.040489
0.227175 -0.005471 0.043401 -0.065175 -1.044706
0.221960 0.007973 -0.303204 0.728915 0.478745
0.213104 0.029029 -0.140580 0.333634 2.054322
0.221124 0.011104 0.539567 -1.211939 -1.034897
0.235609 -0.019555 0.186593 -0.339344 -1.781291
0.231211 -0.005725 -0.404682 1.014630 0.980502
0.221707 0.018351 -0.072223 0.205367 -0.286080
0.216900 0.031155 -0.168000 0.434129 1.499228
0.220140 0.025696 0.328364 -0.692366 -0.721290
0.228309 0.010647 0.081285 -0.071714 -0.145740
0.230548 0.010409 0.030907 0.057935 0.963121
0.238169 -0.001857 0.349237 -0.663545 -0.985179
0.245480 -0.012371 0.017762 0.124661 0.615646
0.250325 -0.017249 0.223781 -0.362648 -1.311975
0.250525 -0.011471 -0.212325 0.638654 1.822226
0.254268 -0.014993 0.397335 -0.795323 -1.389510
0.260825 -0.024704 -0.067604 0.292489 -0.522317
0.254739 -0.005901 -0.236495 0.646461 1.052540
0.252386 0.002831 0.117358 -0.196332 0.001911
0.257051 -0.004680 0.116050 -0.180892 -0.145099
0.260705 -0.009509 0.066906 -0.063190 -0.018572
0.263263 -0.011844 0.061068 -0.054157 -1.117568
0.258284 0.003000 -0.308993 0.787492 1.991350
0.259277 0.002968 0.356263 -0.767263 -0.108712
0.272676 -0.024915 0.314385 -0.634275 -1.553453
0.274873 -0.026122 -0.202639 0.556951 1.075203
0.274056 -0.021667 0.160368 -0.321045 -0.788668
0.275221 -0.022431 -0.101212 0.274312 0.050690
0.271597 -0.013086 -0.080271 0.195894 0.817008
0.273876 -0.018330 0.193323 -0.450036 -0.731626
0.276712 -0.024882 -0.050512 0.113171 0.408343
0.277477 -0.027320 0.088297 -0.230744 -0.594853
0.277077 -0.027709 -0.107629 0.205115 0.080596
0.273399 -0.021627 -0.076526 0.101617 0.163722
0.271490 -0.020684 -0.019185 -0.052139 -1.061598
0.263699 -0.006843 -0.369399 0.735894 0.376803
0.251557 0.015691 -0.238669 0.400036 0.579973
0.245894 0.022646 -0.045328 -0.044650 0.033459
0.244246 0.020964 -0.037048 -0.039847 0.487497
0.245952 0.012456 0.122018 -0.382438 -0.211252
0.249341 0.001238 0.047916 -0.183477 -0.645598
0.246930 0.004126 -0.167703 0.321372 0.624005
0.244411 0.007096 0.040907 -0.165459 -0.023935
0.245845 0.001266 0.030965 -0.127706 -0.668895
0.242609 0.006670 -0.192030 0.391694 2.170696
0.249410 -0.011344 0.529801 -1.272590 -2.179218
0.255936 -0.027305 -0.200457 0.447037 -0.594945
0.244087 -0.001481 -0.391891 0.843743 1.174733
0.236355 0.013094 0.003561 -0.098834 0.706801
0.241153 -0.001247 0.235819 -0.613846 -0.574450
0.246672 -0.016150 0.041160 -0.140910 -1.317437
0.239568 -0.001700 -0.395108 0.852337 1.098693
0.231204 0.014370 -0.024798 -0.033156 0.585033
0.234065 0.004470 0.167366 -0.457888 -0.031080
0.240471 -0.012618 0.153366 -0.400691 -0.562799
0.242827 -0.019724 -0.034730 0.037817 0.177369
0.242666 -0.021411 0.026445 -0.120290 0.100197
0.244418 -0.028066 0.061161 -0.212491 -1.122936
0.239426 -0.019659 -0.309652 0.622814 0.259298
0.228902 0.000012 -0.217280 0.368207 0.241410
0.221873 0.010570 -0.134702 0.164639 -0.188198
0.215235 0.020103 -0.197169 0.311821 0.054110
0.207710 0.031827 -0.179339 0.277205 1.187332
0.208402 0.025092 0.212724 -0.602985 -1.046681
0.209801 0.018470 -0.141352 0.258557 -0.033992
0.203917 0.029455 -0.153029 0.292383 0.616765
0.201873 0.032014 0.050073 -0.157547 0.287110
0.205686 0.022298 0.140510 -0.327785 0.251962
0.212878 0.006314 0.219189 -0.472587 -0.359358
0.219165 -0.006249 0.095840 -0.162377 -0.648286
0.218670 -0.002670 -0.119876 0.335054 0.461378
0.216995 0.003177 0.035469 -0.036361 0.329547
0.220588 -0.003176 0.143929 -0.279137 -0.646031
0.222008 -0.004075 -0.072167 0.226924 -0.341868
0.216885 0.009899 -0.183846 0.471119 0.787508
0.214814 0.016291 0.079191 -0.141649 0.413317
0.220667 0.004887 0.213258 -0.426809 0.269636
0.230909 -0.015601 0.298973 -0.599196 -0.123446
0.241984 -0.037190 0.255372 -0.486174 -0.982804
0.245668 -0.041728 -0.069954 0.247995 -1.128664
0.235490 -0.015743 -0.438259 1.045444 1.480146
0.227995 0.001612 0.061330 -0.157407 0.267264
0.232195 -0.008504 0.148573 -0.347765 0.086108
0.238673 -0.023433 0.175544 -0.400884 -0.938001
0.239444 -0.025036 -0.135834 0.310409 0.773717
0.239257 -0.025464 0.125514 -0.322994 -0.666609
0.239850 -0.028274 -0.095036 0.174924 -0.465987
0.233038 -0.014978 -0.245367 0.488124 -0.300589
0.221330 0.008197 -0.340164 0.672632 1.314184
0.216548 0.014239 0.099356 -0.354890 -0.445951
0.217470 0.007731 -0.052575 0.022934 -0.362866
0.212938 0.014406 -0.173695 0.308106 0.034146
0.206230 0.026163 -0.161946 0.282459 0.724032
0.204550 0.026612 0.077090 -0.252423 -0.690378
0.202942 0.028108 -0.156644 0.319542 0.864040
0.202405 0.027891 0.128776 -0.321445 -0.262366
0.205696 0.020180 0.036306 -0.069150 -0.098231
0.206434 0.019526 0.000783 0.034894 0.167628
0.207537 0.018799 0.054185 -0.069949 0.289360
0.211570 0.012131 0.147313 -0.262046 -0.616456
0.213289 0.011797 -0.060603 0.238268 1.045052
0.217819 0.005277 0.286006 -0.554478 -0.743741
0.224208 -0.004566 0.034609 0.051902 -0.440447
0.222674 0.004149 -0.111006 0.380955 1.198422
0.226246 0.000611 0.288274 -0.545586 0.603048
0.241697 -0.029687 0.484138 -0.969259 -3.000000
0.241024 -0.021752 -0.514415 1.335382 1.061898
0.227754 0.013108 -0.151109 0.427236 1.326218
0.230560 0.009605 0.289914 -0.588821 0.184006
0.243263 -0.015719 0.345577 -0.681132 -0.660742
0.252616 -0.032226 0.123214 -0.154949 -1.282835
0.249055 -0.019226 -0.300057 0.794337 1.061488
0.244271 -0.005223 0.059244 -0.079234 -0.181916
0.245425 -0.005571 -0.001320 0.059820 -0.122914
0.244571 -0.001457 -0.041331 0.145489 0.044145
0.243232 0.003498 -0.025797 0.103840 1.116756
0.249631 -0.009522 0.344705 -0.745471 -1.398046
0.254023 -0.017048 -0.123265 0.352214 0.642264
0.253451 -0.013651 0.093790 -0.174333 0.029594
0.257399 -0.021123 0.103708 -0.200401 -0.503334
0.258212 -0.021593 -0.062465 0.171597 -0.559267
0.252064 -0.006831 -0.244620 0.563953 -0.036343
0.242135 0.015412 -0.252265 0.552724 0.744035
0.237039 0.025752 -0.003620 -0.025491 0.240675
0.238430 0.021709 0.073000 -0.175358 -1.104128
0.233927 0.032430 -0.296969 0.701180 0.722651
0.226883 0.049248 -0.056450 0.150932 1.081082
0.231718 0.039696 0.297228 -0.619713 -0.545479
0.239791 0.025077 0.107434 -0.121059 0.412698
0.246751 0.014691 0.240315 -0.396429 -0.717369
0.251490 0.010776 -0.002385 0.191681 0.990467
0.257978 0.003275 0.325794 -0.557751 -0.103796
0.270218 -0.016567 0.286746 -0.439929 0.763838
0.286727 -0.045639 0.538352 -1.011188 -1.254293
0.299862 -0.066515 0.120346 -0.050658 -1.098445
0.297509 -0.053146 -0.237096 0.711263 0.903458
0.294250 -0.040692 0.072754 -0.075260 -0.785284
0.292013 -0.032456 -0.183913 0.480965 -0.400905
0.282131 -0.008417 -0.310283 0.722394 1.369106
0.278952 -0.001678 0.149513 -0.368826 -0.241371
0.283271 -0.012232 0.066982 -0.163838 -0.092312
0.285336 -0.017396 0.036451 -0.096341 -0.691036
0.282219 -0.010874 -0.191635 0.416552 0.118576
0.275427 0.003193 -0.148410 0.291350 0.162012
0.270603 0.012079 -0.093166 0.156604 0.787272
0.272107 0.006357 0.167576 -0.435530 -1.557993
0.268364 0.013639 -0.353000 0.783899 0.598407
0.258310 0.035112 -0.150872 0.300880 0.892458
0.258173 0.033905 0.143032 -0.352298 -0.482012
0.260556 0.028512 -0.023154 0.075624 1.137519
0.267137 0.014676 0.351217 -0.758558 -0.627090
0.276861 -0.004635 0.136166 -0.218345 -0.705823
0.277583 -0.002296 -0.099251 0.328102 1.893571
0.286257 -0.018711 0.531005 -1.131571 -1.423439
0.297894 -0.040995 0.053034 -0.003169 -0.621054
0.295971 -0.032497 -0.148692 0.423817 -0.165591
0.289053 -0.014281 -0.197420 0.489660 0.650758
0.285587 -0.005639 0.023126 -0.048303 -0.377976
0.283999 -0.001792 -0.102143 0.237417 0.178139
0.281135 0.004648 -0.041431 0.087949 0.273974
0.281299 0.003986 0.049347 -0.118270 0.187319
0.284489 -0.003333 0.110054 -0.247322 -0.375423
0.286359 -0.007166 -0.015977 0.050727 -0.127557
0.284892 -0.003372 -0.057349 0.138470 0.176177
0.283794 -0.000764 0.002213 -0.005553 0.870656
0.289672 -0.014335 0.290878 -0.666374 -0.245297
0.299602 -0.036627 0.206390 -0.455620 -1.184806
0.299988 -0.036874 -0.185670 0.430718 -0.166818
0.291597 -0.018481 -0.234157 0.491764 -0.183862
0.281122 0.002962 -0.289865 0.583338 0.654939
0.273964 0.015557 -0.069061 0.056327 0.311898
0.273249 0.013340 0.032988 -0.164540 0.530866
0.278043 -0.000833 0.206412 -0.541628 -1.538699
0.275982 0.001881 -0.307668 0.661008 1.819391
0.275872 -0.000434 0.299998 -0.757340 -0.118003
0.286970 -0.027878 0.255654 -0.622186 -1.965414
0.284091 -0.022372 -0.397404 0.877621 1.084452
0.275589 -0.005584 -0.029375 -0.022338 0.475417
0.277585 -0.013849 0.128742 -0.387445 -1.250872
0.274385 -0.009904 -0.287302 0.572021 0.680596
0.267529 0.001557 -0.056608 0.011199 -0.129609
0.264400 0.004049 -0.099716 0.112462 0.410011
0.263146 0.002224 0.036579 -0.199710 -0.943992
0.258294 0.009089 -0.278178 0.534025 2.202627
0.261879 -0.003857 0.455018 -1.160174 -1.011728
0.273181 -0.033230 0.111959 -0.326123 -1.096537
0.270391 -0.029748 -0.250249 0.489492 -0.281305
0.258650 -0.007162 -0.336984 0.642142 -0.658470
0.240905 0.027644 -0.550183 1.098534 1.270585
0.227453 0.051291 -0.124477 0.102817 1.497701
0.232331 0.033524 0.367095 -0.979783 -0.941713
0.240528 0.010912 0.044410 -0.166528 -0.482552
0.239043 0.012176 -0.118102 0.224507 -0.156996
0.233279 0.023588 -0.170131 0.346638 0.341692
0.228743 0.032331 -0.057231 0.095788 0.800467
0.231715 0.024538 0.205114 -0.478944 -0.463737
0.236704 0.013754 0.045133 -0.068141 0.186231
0.239702 0.008621 0.104662 -0.187835 0.412971
0.246582 -0.004743 0.239146 -0.478903 -0.014999
0.255980 -0.023095 0.231155 -0.442873 -0.896937
0.259239 -0.026939 -0.067047 0.240305 -0.154758
0.255619 -0.015855 -0.114042 0.315028 1.176005
0.258958 -0.022069 0.279680 -0.613879 -1.969507
0.256998 -0.016031 -0.375475 0.895835 0.904034
0.248160 0.004384 -0.067965 0.139533 1.020104
0.252235 -0.005754 0.270709 -0.637526 -0.678414
0.258464 -0.020077 0.041832 -0.089203 0.414554
0.262922 -0.030323 0.180770 -0.420441 -0.948471
0.263846 -0.032687 -0.133393 0.291726 -1.637872
0.247731 0.003022 -0.671204 1.484246 0.329477
0.223295 0.055446 -0.552078 1.152024 2.415098
0.217309 0.064330 0.249673 -0.679997 0.393905
0.229668 0.033527 0.368542 -0.863757 0.204789
0.245562 -0.002198 0.426751 -0.928606 -1.507142
0.252465 -0.014956 -0.079491 0.271302 1.057897
0.256391 -0.021022 0.274609 -0.564095 -0.482455
0.264123 -0.035871 0.112842 -0.186622 -1.280470
0.260168 -0.024224 -0.309342 0.758127 0.289004
0.249881 0.000127 -0.205894 0.468240 1.874829
0.254184 -0.010533 0.418992 -0.982954 -2.640156
0.253254 -0.008189 -0.462395 1.071799 0.146103
0.235908 0.030854 -0.405890 0.890565 1.112271
0.227132 0.048974 -0.034644 0.031362 1.522152
0.235757 0.028018 0.464671 -1.068194 -0.958035
0.247743 0.002123 0.136368 -0.243144 0.076642
0.253660 -0.008362 0.159615 -0.282642 -0.111307
0.259274 -0.017731 0.121406 -0.188978 -1.154397
0.256457 -0.007674 -0.261118 0.681649 1.487964
0.256025 -0.004315 0.237641 -0.496502 -0.878199
0.259618 -0.010077 -0.056809 0.197466 -0.118869
0.256602 -0.000808 -0.094053 0.266853 -0.013920
0.252785 0.009747 -0.097029 0.263039 -0.174751
0.247754 0.022870 -0.154538 0.393903 0.718833
0.246357 0.027638 0.083719 -0.146938 1.390087
0.258861 0.001295 0.540459 -1.161323 -0.937470
0.274057 -0.029129 0.221158 -0.376991 -1.722228
0.271451 -0.017892 -0.349705 0.922897 1.438195
0.267203 -0.004675 0.135258 -0.243103 -0.283750
0.270693 -0.009781 0.039725 -0.016375 -0.342888
0.270015 -0.005330 -0.073323 0.236227 0.328341
0.269309 -0.001323 0.037509 -0.031294 -0.425655
0.267971 0.004019 -0.104018 0.294858 0.711765
0.268575 0.004621 0.133364 -0.256907 -0.088393
0.273267 -0.003804 0.101523 -0.167260 -0.229693
0.275777 -0.006788 0.024341 0.014937 0.926701
0.282927 -0.020562 0.332297 -0.696383 -1.551767
0.285833 -0.024093 -0.185069 0.502298 0.154020
0.279579 -0.007556 -0.128181 0.330220 0.168429
0.275635 0.002489 -0.069462 0.176167 0.274659
0.274700 0.005179 0.022350 -0.038137 0.409518
0.278297 -0.002427 0.157147 -0.339421 -0.936651
0.278301 -0.001176 -0.155803 0.391967 0.839375
0.277710 0.001097 0.125184 -0.268621 -1.243252
0.274400 0.009878 -0.289375 0.695882 0.397780
0.265550 0.030945 -0.154040 0.366296 1.547943
0.269664 0.022107 0.358113 -0.793738 -0.403484
0.281130 -0.001828 0.216207 -0.413062 -0.191044
0.288442 -0.014862 0.149929 -0.243583 0.133913
0.295320 -0.026638 0.194022 -0.346123 -0.994977
0.296464 -0.025319 -0.135653 0.401851 0.260614
0.292884 -0.014330 -0.043968 0.153199 -0.276681
0.289335 -0.004449 -0.133362 0.340219 0.718998
0.288840 -0.002404 0.107712 -0.229589 0.792085
0.298384 -0.023466 0.368931 -0.819348 -0.119581
0.312268 -0.053813 0.326029 -0.705624 -1.596694
0.314707 -0.057839 -0.202142 0.486651 -0.269993
0.305025 -0.036189 -0.282155 0.598585 -1.010167
0.287190 0.001661 -0.609259 1.291788 1.779818
0.274851 0.024336 -0.010366 -0.133356 -0.244332
0.272737 0.023529 -0.094996 0.089728 -0.192567
0.267617 0.030535 -0.160889 0.259584 0.597668
0.265125 0.032142 0.035607 -0.172827 1.279032
0.274956 0.006603 0.455015 -1.096380 -1.432727
0.283442 -0.013586 -0.028523 0.066602 -0.598280
0.278358 -0.002097 -0.225192 0.503958 0.727472
0.274268 0.006200 0.019605 -0.079262 0.783656
0.280236 -0.008724 0.278183 -0.661681 -0.896583
0.285315 -0.020699 -0.022876 0.050471 -0.142827
0.283501 -0.016999 -0.067768 0.134107 0.676783
0.285348 -0.022570 0.159373 -0.406164 -1.729053
0.280210 -0.012209 -0.414479 0.907909 0.735065
0.268683 0.011352 -0.163247 0.283573 -0.015513
0.262067 0.022853 -0.167792 0.293582 -0.111838
0.254603 0.036487 -0.205491 0.389485 0.680936
0.250886 0.041983 0.018756 -0.106560 0.353611
0.253874 0.033452 0.130484 -0.318715 -0.537697
0.255391 0.030202 -0.053897 0.149055 0.568738
0.256967 0.027980 0.132107 -0.254918 0.131901
0.263021 0.016794 0.170736 -0.305893 0.849872
0.275413 -0.007652 0.448380 -0.912779 -1.034274
0.286339 -0.027187 0.099626 -0.079631 0.359901
0.292759 -0.036378 0.221082 -0.377552 -1.174001
0.293813 -0.033759 -0.167070 0.496773 0.768915
0.292389 -0.027100 0.094737 -0.153424 -1.049604
0.289230 -0.017503 -0.251667 0.624308 1.154033
0.286969 -0.011461 0.137073 -0.307932 -0.024997
0.292261 -0.023211 0.127778 -0.282266 -0.680735
0.292850 -0.024172 -0.097511 0.226838 0.260968
0.290771 -0.019936 -0.006893 -0.010845 -0.585045
0.286644 -0.011797 -0.198936 0.413461 0.005069
0.278808 0.003872 -0.193252 0.373638 -0.452042
0.268117 0.025387 -0.341152 0.701719 1.424043
0.263989 0.031283 0.132930 -0.390348 -0.316473
0.267070 0.021813 0.021760 -0.089211 0.084478
0.268437 0.017612 0.046596 -0.121205 -0.920704
0.264115 0.027517 -0.261727 0.608104 1.699741
0.264976 0.025617 0.302791 -0.685340 -0.513900
0.273504 0.007648 0.124633 -0.223056 0.389126
0.281021 -0.006733 0.251063 -0.495025 -0.393181
0.288381 -0.019944 0.117733 -0.172734 0.025376
0.293272 -0.027433 0.126886 -0.202775 -1.230683
0.290187 -0.016970 -0.279909 0.715192 -0.260447
0.277400 0.014332 -0.359836 0.854101 0.404920
0.265793 0.041509 -0.221535 0.515025 1.180045
0.264757 0.044331 0.168307 -0.361022 1.464443
0.281069 0.008970 0.646398 -1.399818 -1.509743
0.296643 -0.021704 0.134799 -0.157450 -0.200724
0.300717 -0.025167 0.069187 -0.018340 0.057909
0.303916 -0.027305 0.090704 -0.088019 0.161184
0.308657 -0.033774 0.146262 -0.234659 0.603354
0.318553 -0.052848 0.348124 -0.715972 -1.875386
0.320018 -0.052975 -0.272694 0.689858 -0.085438
0.308759 -0.026181 -0.290771 0.655627 1.550090
0.307594 -0.025213 0.230562 -0.589585 -1.585829
0.306235 -0.024211 -0.296655 0.622850 0.623067
0.298660 -0.010230 -0.083158 0.086461 0.447640
0.298347 -0.013971 0.067026 -0.269283 -1.183642
0.293145 -0.006494 -0.325874 0.631977 0.861490
0.285951 0.004584 -0.035109 -0.066074 0.427785
0.287373 -0.004407 0.105856 -0.380842 -1.159176
0.283848 -0.001396 -0.280737 0.519384 1.310372
0.281418 -0.001449 0.157607 -0.507649 -0.941213
0.281387 -0.006621 -0.157864 0.237585 -0.084321
0.274563 0.003737 -0.183486 0.281719 0.941407
0.273520 0.000282 0.130297 -0.444924 0.181864
0.279874 -0.019678 0.187587 -0.555501 -0.698238
0.282693 -0.030861 -0.045562 -0.013545 -0.046975
0.280626 -0.031354 -0.057784 -0.011216 -0.862765
0.272646 -0.019242 -0.340472 0.610514 0.648627
0.263479 -0.006024 -0.118965 0.060728 -0.045099
0.258446 -0.003099 -0.132717 0.085744 1.009883
0.259878 -0.015348 0.203327 -0.689710 -1.506696
0.257921 -0.019206 -0.299243 0.479590 -0.744608
0.241117 0.010354 -0.540716 0.996955 0.343982
0.221910 0.043878 -0.420784 0.690283 -0.047586
0.204775 0.072335 -0.436430 0.737524 1.640324
0.198163 0.077480 0.103838 -0.462260 0.967934
0.208506 0.046616 0.413051 -1.078774 -1.334395
0.215889 0.026498 -0.041902 0.053312 0.113116
0.214910 0.027478 -0.007126 -0.003334 -0.907643
0.208524 0.041962 -0.311337 0.720139 2.193992
0.210666 0.037174 0.416021 -0.937343 -1.083336
0.219873 0.018470 0.046041 -0.014304 -0.194987
0.220367 0.021388 -0.021120 0.158385 2.535241
0.236354 -0.010883 0.818139 -1.751721 -2.465810
0.252429 -0.040950 -0.010684 0.214301 0.027236
0.252298 -0.033987 0.003928 0.136320 -0.394309
0.249923 -0.023407 -0.122510 0.391211 -0.022705
0.244977 -0.008432 -0.125116 0.360900 -0.215091
0.238610 0.008673 -0.193362 0.495862 0.812191
0.236328 0.015614 0.078166 -0.138541 0.145585
0.240362 0.008427 0.123519 -0.221050 -0.745967
0.240282 0.011581 -0.126645 0.371056 0.674103
0.239724 0.015887 0.097862 -0.147586 0.008850
0.243633 0.010460 0.097715 -0.125146 -0.918953
0.241380 0.020029 -0.209443 0.595320 0.863210
0.238781 0.030305 0.078277 -0.070045 0.727213
0.246662 0.017185 0.315247 -0.581435 0.102086
0.259816 -0.006415 0.342856 -0.602916 -1.126267
0.265952 -0.012521 -0.034558 0.283908 1.398394
0.273934 -0.023268 0.432125 -0.807960 -1.236874
0.282913 -0.036006 0.018607 0.154837 1.240937
0.292004 -0.049855 0.434648 -0.835913 -1.188688
0.301466 -0.065068 0.040180 0.059401 -1.696704
0.291944 -0.038238 -0.515016 1.270964 1.456823
0.281304 -0.012313 -0.019300 0.047344 0.460336
0.283626 -0.017803 0.134905 -0.317809 -0.985439
0.282456 -0.015331 -0.192289 0.431369 0.684380
0.279413 -0.009487 0.039198 -0.130123 -0.628139
0.276802 -0.005053 -0.169110 0.346022 0.913979
0.276179 -0.005799 0.136859 -0.373375 -0.174032
0.280450 -0.017661 0.077146 -0.224220 -2.001859
0.270223 0.004045 -0.586540 1.292628 1.671380
0.258065 0.028479 -0.023963 -0.047070 1.223886
0.265174 0.008562 0.378427 -0.940316 -0.208706
0.278758 -0.024354 0.301757 -0.715127 -1.126486
0.283280 -0.035238 -0.074100 0.156421 -0.115907
0.279645 -0.028195 -0.107694 0.196526 -0.246296
0.273791 -0.017437 -0.185007 0.341485 -0.433664
0.263596 0.002055 -0.324656 0.632886 1.443519
0.260303 0.004426 0.158212 -0.497950 -1.013954
0.259801 0.000886 -0.181998 0.308889 -0.740161
0.247642 0.024252 -0.425514 0.856279 1.368021
0.239795 0.036955 0.031212 -0.203563 0.068349
0.241383 0.028928 0.048361 -0.199415 -0.302038
0.241212 0.026564 -0.056464 0.076890 -0.092703
0.238286 0.031616 -0.089775 0.175343 0.440166
0.237574 0.032414 0.053684 -0.130955 0.611333
0.243690 0.018760 0.251740 -0.548630 -0.908810
0.247584 0.011987 -0.055759 0.198193 0.362554
0.247763 0.014404 0.064208 -0.073033 0.712759
0.255022 0.001011 0.298230 -0.592005 -1.163186
0.259115 -0.003938 -0.092067 0.330621 0.218112
0.256936 0.005449 -0.017390 0.143218 0.106518
0.256951 0.009523 0.017966 0.062433 1.004735
0.264334 -0.003231 0.350266 -0.692075 -1.346246
0.269285 -0.009335 -0.100980 0.370731 1.269370
0.273759 -0.014673 0.323255 -0.624720 -0.479472
0.283431 -0.031758 0.161267 -0.238390 -0.365827
0.287477 -0.036053 0.041522 0.019146 0.275260
0.291046 -0.040333 0.136616 -0.230508 -1.121476
0.289103 -0.032932 -0.232604 0.590549 0.557745
0.283667 -0.019390 -0.040204 0.096136 -0.481453
0.278911 -0.008691 -0.197269 0.436180 0.666593
0.275538 -0.002233 0.027620 -0.104436 -0.253981
0.274939 -0.002385 -0.057215 0.094038 0.332789
0.274882 -0.003881 0.053949 -0.165517 0.415748
0.279786 -0.016723 0.191038 -0.474753 -1.900234
0.274751 -0.006243 -0.440748 0.980458 1.830456
0.269458 0.003434 0.173647 -0.474297 -1.147163
0.268691 0.002835 -0.210565 0.431527 0.878122
0.266167 0.006130 0.083214 -0.256454 -1.732101
0.257919 0.023003 -0.493817 1.084487 0.873521
0.244088 0.052095 -0.199447 0.385955 1.395692
0.245325 0.046874 0.259854 -0.633764 0.052056
0.255862 0.022699 0.267496 -0.580512 -0.001331
0.266408 0.000845 0.260353 -0.517396 -0.244646
0.275108 -0.015337 0.175291 -0.297982 -0.801294
0.276773 -0.014862 -0.091132 0.313267 -0.089403
0.272607 -0.001677 -0.117335 0.348081 1.556955
0.278321 -0.012135 0.401374 -0.856150 -2.152725
0.279949 -0.012409 -0.317405 0.818902 1.843852
0.279664 -0.009320 0.300850 -0.643355 -0.332828
0.289402 -0.029257 0.186865 -0.361428 -1.315922
0.288131 -0.023666 -0.249012 0.628232 1.327754
0.287145 -0.020281 0.198030 -0.443298 -1.118520
0.287601 -0.020676 -0.173890 0.411483 1.156814
0.288446 -0.022979 0.214712 -0.514108 -0.675402
0.292513 -0.032984 -0.010351 0.004544 -0.575216
0.288345 -0.024709 -0.197549 0.405226 -0.869649
0.274774 0.003777 -0.480624 1.016174 0.328939
0.257883 0.038132 -0.365046 0.712700 0.729230
0.248152 0.055422 -0.122728 0.163120 1.380625
0.252318 0.041892 0.329798 -0.828613 -0.320246
0.263159 0.015779 0.213262 -0.486916 -0.645437
0.267283 0.007275 -0.006092 0.052521 0.092453
0.267641 0.008097 0.023871 -0.010379 0.969273
0.275018 -0.006965 0.344161 -0.735528 -1.201707
0.280690 -0.017062 -0.058921 0.215290 0.286046
0.280301 -0.013486 0.039033 -0.032346 0.804114
0.287231 -0.027362 0.306759 -0.655374 -1.723821
0.287994 -0.026830 -0.266564 0.663516 1.120980
0.284944 -0.018978 0.112486 -0.256472 -0.084532
0.288881 -0.028000 0.084646 -0.197262 -0.890402
0.286375 -0.022569 -0.209042 0.460654 0.631273
0.282330 -0.014945 0.005842 -0.070494 -1.026688
0.275755 -0.002211 -0.333626 0.698900 1.160931
0.270242 0.006957 0.056367 -0.225661 0.253056
0.274129 -0.005461 0.137951 -0.395315 -0.391239
0.276995 -0.014828 0.006030 -0.079362 -0.564544
0.273501 -0.009536 -0.180198 0.339161 0.359923
0.268759 -0.002141 -0.057515 0.036283 0.039601
0.266731 -0.001364 -0.043941 0.003180 -0.321105
0.262840 0.003693 -0.150328 0.247250 0.793337
0.262133 0.001182 0.114050 -0.364678 -0.277292
0.264791 -0.008598 0.019423 -0.129554 -0.156079
0.264528 -0.011376 -0.032328 -0.011597 -0.216292
0.261819 -0.008734 -0.102938 0.142059 0.344657
0.260035 -0.008709 0.013282 -0.136852 -1.474198
0.250758 0.008478 -0.475708 0.983852 1.193636
0.239799 0.028413 -0.074108 0.030353 0.559573
0.240497 0.021688 0.108506 -0.362437 0.258512
0.246452 0.004241 0.189350 -0.511272 -1.041236
0.247011 0.000604 -0.160064 0.317073 0.404551
0.243344 0.006697 -0.023901 -0.006642 0.727645
0.247210 -0.004548 0.216574 -0.550210 -1.680113
0.244621 -0.000079 -0.344076 0.756215 1.364600
0.240048 0.008229 0.113575 -0.323985 0.909694
0.250572 -0.018047 0.412102 -0.985700 -1.468031
0.257180 -0.033998 -0.079571 0.168600 -0.476993
0.250924 -0.020911 -0.232986 0.483942 0.993003
0.248328 -0.017907 0.101900 -0.321836 -0.894286
0.246446 -0.016999 -0.194956 0.357865 0.322588
0.240886 -0.008482 -0.083676 0.073630 -0.556853
0.233865 0.002753 -0.266957 0.484591 0.546535
0.226889 0.013187 -0.082690 0.045372 0.605188
0.227585 0.005982 0.116902 -0.400811 -1.997374
0.218900 0.021341 -0.548994 1.149939 1.618591
0.207831 0.041484 -0.006870 -0.120677 0.650820
0.211772 0.027829 0.203491 -0.558691 -1.101353
0.212438 0.023823 -0.168740 0.344962 2.117511
0.219767 0.005234 0.533144 -1.255805 -0.975605
0.234397 -0.028173 0.200271 -0.432756 -1.242417
0.234139 -0.026445 -0.211770 0.506277 0.848736
0.231446 -0.020484 0.075919 -0.197177 -0.159723
0.233434 -0.026095 0.023750 -0.086088 -1.362347
0.225365 -0.009073 -0.425926 0.926473 1.143078
0.216091 0.009010 -0.039564 -0.005666 -0.016321
0.214378 0.009285 -0.046076 0.019113 -0.566913
0.208745 0.018983 -0.235088 0.461488 1.365065
0.208446 0.016338 0.218592 -0.579637 -1.482554
0.207202 0.017117 -0.278997 0.602144 1.959212
0.209123 0.010743 0.372873 -0.901050 -1.457856
0.214177 -0.001410 -0.118152 0.274497 0.683178
0.214036 -0.001288 0.110298 -0.260820 -0.334357
0.216184 -0.006226 -0.002414 0.009109 -0.603347
0.212085 0.003289 -0.201985 0.462210 0.320936
0.206200 0.016345 -0.092944 0.196910 -0.021256
0.202330 0.024705 -0.100653 0.222368 0.519298
0.201732 0.025944 0.070129 -0.154845 -0.821700
0.198986 0.033219 -0.206524 0.510680 1.474114
0.200525 0.031158 0.281780 -0.598613 0.469572
0.214753 0.001569 0.429759 -0.882718 -0.965759
0.225375 -0.017640 0.102905 -0.092666 -0.676568
0.225009 -0.011193 -0.120555 0.409242 -0.480706
0.217069 0.011802 -0.276352 0.740393 0.467539
0.209204 0.033568 -0.117903 0.357672 1.040166
0.211377 0.032261 0.225355 -0.412439 0.650378
0.224574 0.007126 0.434345 -0.843340 -0.208604
0.240408 -0.022060 0.358208 -0.624807 -0.676085
0.250185 -0.036299 0.131744 -0.097409 -0.613100
0.251435 -0.031449 -0.068640 0.334803 0.880803
0.002308 -0.002326 0.009944 0.009617 0.116997
0.003486 -0.003765 0.048847 -0.080587 -0.862129
-0.000304 0.006318 -0.237490 0.577508 -0.309292
-0.011791 0.033585 -0.337048 0.788218 0.697125
-0.020597 0.054187 -0.104521 0.253667 0.759000
-0.019822 0.053667 0.142464 -0.272334 0.538854
-0.010709 0.036169 0.313013 -0.601527 -1.287076
-0.006928 0.033559 -0.122272 0.455750 -0.103004
-0.012518 0.053593 -0.157478 0.548585 1.497545
-0.008912 0.053159 0.336076 -0.554901 0.374144
0.006805 0.027255 0.449988 -0.742807 -1.305799
0.015934 0.019284 0.008204 0.327703 0.495299
0.019548 0.024860 0.171846 -0.042557 0.654364
0.030698 0.013808 0.385111 -0.505743 -0.612093
0.041908 0.004044 0.176365 0.008417 0.025846
0.049110 0.004134 0.183757 -0.003753 0.368748
0.058888 -0.001513 0.304795 -0.275901 0.166240
0.072131 -0.014703 0.357435 -0.384661 -0.435457
0.083490 -0.023162 0.211222 -0.044751 -0.045288
0.091667 -0.024669 0.197676 -0.031122 -0.685356
0.095051 -0.015855 -0.027886 0.466597 0.322853
0.096174 -0.003079 0.083379 0.178769 -0.054958
0.099163 0.004669 0.065986 0.209737 0.345438
0.104108 0.007643 0.180760 -0.056686 0.719757
0.116086 -0.005365 0.417566 -0.588849 -0.816146
0.127268 -0.015655 0.142731 0.063127 0.235219
0.134571 -0.017129 0.222187 -0.134324 -0.703398
0.138784 -0.011853 -0.010848 0.391775 0.906391
0.144451 -0.010844 0.293082 -0.331002 -0.482313
0.152927 -0.016424 0.131389 0.045605 0.264364
0.159971 -0.019043 0.220542 -0.174016 -0.489154
0.165543 -0.018642 0.058587 0.189073 -0.151721
0.166935 -0.009376 0.010979 0.274868 1.426634
0.176914 -0.020826 0.486486 -0.834049 -1.914205
0.183551 -0.024106 -0.152299 0.648554 -0.139766
0.176669 0.002614 -0.192194 0.692104 1.257645
0.177436 0.010169 0.228827 -0.298927 0.262926
0.188259 -0.005137 0.312362 -0.467031 -0.975060
0.194197 -0.008278 -0.014217 0.298604 0.974965
0.200166 -0.011849 0.311573 -0.467102 -0.490215
0.209313 -0.022599 0.146586 -0.078048 -0.120110
0.214406 -0.024244 0.108197 -0.005542 0.006085
0.218818 -0.025063 0.112361 -0.035165 -0.968874
0.216909 -0.012073 -0.206939 0.677274 2.245922
0.223692 -0.020622 0.543501 -1.081648 -0.625057
0.241146 -0.053274 0.330687 -0.564846 -1.045225
0.247452 -0.060284 -0.014047 0.202023 -0.753585
0.242039 -0.042277 -0.256197 0.695159 1.041418
0.238911 -0.032324 0.098243 -0.183354 -0.226654
0.241373 -0.036647 0.025216 -0.035744 -1.571333
0.232005 -0.014720 -0.492292 1.120427 0.915489
0.218603 0.014230 -0.179540 0.343703 0.810327
0.216830 0.015439 0.089879 -0.274335 -0.880748
0.214488 0.018757 -0.205936 0.430966 1.015981
0.213029 0.020290 0.131722 -0.343083 0.208166
0.219581 0.004338 0.196047 -0.456134 -0.047686
0.227023 -0.012426 0.176468 -0.386339 -0.201716
0.232705 -0.024514 0.108116 -0.222800 -0.572711
0.233238 -0.024866 -0.080813 0.199236 -0.331599
0.227882 -0.012610 -0.186871 0.412988 -0.469880
0.217370 0.010321 -0.338681 0.733562 2.243345
0.218830 0.004499 0.409132 -1.001478 -1.164421
0.227285 -0.016192 0.015487 -0.050566 -0.842366
0.222327 -0.005547 -0.262623 0.576162 0.916779
0.218018 0.002552 0.045868 -0.159298 0.477745
0.222998 -0.010853 0.202865 -0.508668 -1.407477
0.221695 -0.009115 -0.266360 0.580622 -0.160801
0.210078 0.015629 -0.314870 0.660323 1.097261
0.204844 0.024707 0.051682 -0.192558 0.040207
0.207092 0.017256 0.060862 -0.181639 0.274949
0.211286 0.006448 0.148770 -0.358394 -0.447922
0.214185 -0.000338 -0.003129 0.012517 0.356065
0.216427 -0.005294 0.114912 -0.257478 -0.883420
0.215116 -0.001760 -0.179481 0.425272 0.321862
0.210142 0.009736 -0.069838 0.155612 -0.702187
0.202676 0.026805 -0.302938 0.693597 1.156790
0.198293 0.036529 0.082172 -0.192878 1.525938
0.211612 0.006536 0.582714 -1.297509 -1.739381
0.223133 -0.016714 -0.004029 0.110610 0.405596
0.225718 -0.019013 0.132798 -0.221352 -1.463651
0.221298 -0.005488 -0.352373 0.884831 1.411159
0.216731 0.006958 0.122047 -0.244204 0.062495
0.221971 -0.003240 0.140102 -0.267401 -1.554627
0.217195 0.010274 -0.377300 0.928953 1.261142
0.210604 0.027103 0.045863 -0.070005 0.830198
0.217883 0.012322 0.317470 -0.663723 -0.595199
0.226488 -0.003865 0.113875 -0.155946 0.105333
0.231722 -0.011558 0.147851 -0.229160 0.014611
0.237718 -0.020866 0.152091 -0.237982 -0.945954
0.237514 -0.015979 -0.161287 0.473333 -0.381781
0.228624 0.007861 -0.283263 0.719889 1.209070
0.225422 0.017348 0.121490 -0.230229 0.326849
0.232376 0.003873 0.226145 -0.443220 0.047166
0.241653 -0.013854 0.238050 -0.446582 -0.904456
0.245116 -0.017505 -0.063758 0.253468 0.414698
0.245395 -0.014438 0.077139 -0.094655 -1.465627
0.238744 0.004126 -0.408351 1.011038 0.905272
0.228571 0.029450 -0.101965 0.270684 0.763638
0.229540 0.028922 0.149563 -0.289318 0.302992
0.237423 0.013800 0.244596 -0.467269 -0.502897
0.243753 0.003827 0.072743 -0.039351 0.333497
0.248859 -0.002681 0.182301 -0.283931 -0.921265
0.249978 0.000481 -0.125303 0.432601 0.356441
0.247393 0.011790 -0.004583 0.139250 1.258579
0.255569 -0.001838 0.412147 -0.810064 -1.565654
0.261513 -0.009099 -0.112870 0.428185 0.404782
0.259768 0.001075 0.024896 0.087310 0.645804
0.265063 -0.005398 0.239195 -0.405321 0.369615
0.277031 -0.026824 0.359235 -0.666558 -1.273649
0.282881 -0.033618 -0.065071 0.311705 -0.770107
0.275271 -0.010475 -0.315057 0.842674 2.262713
0.277865 -0.012856 0.442040 -0.937203 -0.420436
0.292630 -0.042888 0.297326 -0.575521 -1.044323
0.297582 -0.050076 -0.048320 0.203650 -1.158293
0.288086 -0.025553 -0.425771 1.016184 0.841488
0.276859 0.000256 -0.137158 0.289528 0.499391
0.274735 0.003821 0.030282 -0.105038 0.758644
0.280965 -0.011770 0.280654 -0.669683 -1.656094
0.281097 -0.012460 -0.272044 0.616999 0.219944
0.271797 0.007764 -0.193679 0.401231 0.299381
0.266082 0.018896 -0.092647 0.160934 0.461069
0.265423 0.018513 0.059135 -0.175388 -0.048402
0.267395 0.012944 0.039684 -0.105141 -0.225513
0.267433 0.012684 -0.037452 0.089348 0.457138
0.268957 0.009452 0.113171 -0.246889 -0.541508
0.269819 0.008486 -0.069394 0.192254 -0.034262
0.266820 0.016685 -0.080639 0.218951 1.948222
0.276544 -0.004346 0.564969 -1.254064 -2.231721
0.284112 -0.018608 -0.183556 0.513201 0.735023
0.281772 -0.010447 0.065500 -0.095010 -0.607278
0.280357 -0.004992 -0.135680 0.362424 0.934254
0.281205 -0.005408 0.176985 -0.372972 -0.201997
0.286892 -0.016810 0.107821 -0.201813 -0.301672
0.289200 -0.020330 0.008025 0.021976 -0.634496
0.285346 -0.010167 -0.200252 0.481749 -0.359230
0.275038 0.013782 -0.315215 0.717096 1.696631
0.273788 0.015809 0.250665 -0.596886 -0.564113
0.279933 0.001803 0.057573 -0.112924 0.550506
0.285872 -0.010939 0.238999 -0.520962 -1.091518
0.288113 -0.014528 -0.125591 0.328856 -0.072649
0.282684 -0.000994 -0.146077 0.350196 0.056118
0.277265 0.011700 -0.125181 0.287918 1.078889
0.279448 0.006571 0.233140 -0.533883 -0.389354
0.286084 -0.007897 0.099438 -0.197085 0.308674
0.292098 -0.020402 0.201138 -0.427433 -0.891415
0.294191 -0.023673 -0.095364 0.253661 0.104190
0.291156 -0.015977 -0.056668 0.134306 -0.640408
0.284683 -0.001280 -0.266589 0.596994 1.136279
0.281668 0.004352 0.114358 -0.301636 0.053919
0.286543 -0.008001 0.129578 -0.318224 -0.173472
0.290538 -0.017789 0.070617 -0.175136 -0.961477
0.286978 -0.010168 -0.247663 0.547553 0.865799
0.282934 -0.002500 0.044233 -0.152791 -1.011807
0.277953 0.007116 -0.292266 0.624545 1.500895
0.276322 0.008408 0.208903 -0.543280 -0.977386
0.278073 0.002650 -0.120032 0.243217 0.665889
0.277729 0.001922 0.102064 -0.272534 -0.213545
0.280343 -0.005253 0.029032 -0.090198 -0.141980
0.280555 -0.006645 -0.018240 0.018819 0.637000
0.284077 -0.015822 0.193776 -0.472578 -1.014668
0.285040 -0.018840 -0.144354 0.310058 -0.232010
0.277810 -0.003690 -0.217257 0.448501 0.161590
0.270268 0.011117 -0.160311 0.296937 0.608621
0.267923 0.013543 0.042247 -0.168645 -0.006587
0.269511 0.007474 0.037315 -0.136443 -0.181068
0.269759 0.005191 -0.024626 0.019635 -0.956776
0.262398 0.020806 -0.342557 0.753886 1.444449
0.258367 0.028298 0.139120 -0.362067 0.184068
0.265035 0.012168 0.194430 -0.446416 -0.934101
0.266499 0.009582 -0.119996 0.306030 1.699375
0.273023 -0.004428 0.444472 -0.991143 -1.569207
0.280219 -0.018705 -0.082492 0.256891 0.376898
0.279502 -0.014956 0.046081 -0.064198 0.070870
0.281836 -0.018834 0.070584 -0.129588 -0.182647
0.283462 -0.021438 0.011006 -0.002909 -0.824110
0.278465 -0.009352 -0.260184 0.601159 0.927041
0.274333 -0.000531 0.052263 -0.147866 -0.670379
0.271940 0.004076 -0.171202 0.371860 1.900348
0.277777 -0.010610 0.461073 -1.088590 -2.020491
0.282636 -0.021874 -0.215434 0.500746 -0.275539
0.272307 0.001249 -0.301188 0.657770 1.109692
0.267736 0.009698 0.071089 -0.221277 -0.981976
0.263989 0.016490 -0.257322 0.551364 1.584149
0.264277 0.013898 0.269869 -0.664404 -0.851504
0.269273 0.001652 -0.018766 0.039797 0.368807
0.270974 -0.002399 0.103475 -0.239205 0.061702
0.275489 -0.012612 0.122403 -0.273035 -1.681141
0.269185 0.002403 -0.435884 1.008833 1.879378
0.264395 0.012632 0.193883 -0.474475 0.173194
0.273199 -0.008042 0.246557 -0.562097 -0.787305
0.277753 -0.017828 -0.017697 0.062051 -0.170814
0.275955 -0.013181 -0.072152 0.169704 -0.134485
0.272226 -0.004822 -0.114325 0.248784 -0.133394
0.266811 0.006771 -0.156511 0.332037 0.313842
0.262670 0.014983 -0.051064 0.083675 -0.299414
0.258612 0.023204 -0.151622 0.325600 0.454092
0.255561 0.029400 -0.001576 -0.009841 0.191847
0.256702 0.026798 0.058513 -0.119188 -0.765086
0.253872 0.034603 -0.199225 0.502209 1.759310
0.257594 0.027871 0.383433 -0.821680 -0.636737
0.268503 0.006573 0.163295 -0.255303 -0.284379
0.273083 0.001271 0.066134 -0.014196 0.455484
0.278745 -0.006198 0.216600 -0.355948 0.315196
0.289457 -0.024899 0.319024 -0.579633 -0.244767
0.300550 -0.044083 0.236278 -0.386129 -1.817494
0.297950 -0.032107 -0.364451 0.968479 1.248318
0.291886 -0.014534 0.059355 -0.071889 -0.077008
0.293764 -0.016427 0.034676 -0.023812 -0.540919
0.291582 -0.009379 -0.143334 0.372054 0.727566
0.290761 -0.006349 0.101337 -0.211793 -0.408903
0.292072 -0.008364 -0.035242 0.106204 -0.114115
0.289934 -0.002659 -0.071660 0.179140 0.520060
0.290556 -0.003746 0.102158 -0.227959 -0.029057
0.294419 -0.012161 0.091196 -0.194950 -0.166123
0.296956 -0.017391 0.035928 -0.069345 0.159097
0.299476 -0.022882 0.089973 -0.204426 -0.108802
0.302368 -0.029611 0.054878 -0.134327 -0.520947
0.301141 -0.027459 -0.115654 0.237135 -0.565838
0.292847 -0.010203 -0.298803 0.623659 1.224265
0.289155 -0.005103 0.112581 -0.353943 -0.424039
0.290794 -0.012360 -0.029955 -0.015094 0.642690
0.293895 -0.023072 0.184435 -0.515591 -1.550456
0.290933 -0.019702 -0.330767 0.668168 1.120725
0.285302 -0.011512 0.047664 -0.244275 -0.743308
0.282253 -0.009776 -0.199253 0.323433 0.347151
0.276664 -0.002803 -0.080800 0.030711 -0.151481
0.272436 0.000675 -0.130489 0.142308 -0.869379
0.261455 0.019578 -0.417920 0.797339 0.979927
0.251333 0.035844 -0.089675 0.030120 0.176057
0.248842 0.035171 -0.035048 -0.062593 0.454564
0.250374 0.026624 0.111347 -0.362258 0.325792
0.256879 0.008267 0.213946 -0.556517 -0.669051
0.260881 -0.002743 -0.012781 -0.003928 -0.986555
0.253810 0.012235 -0.339885 0.745274 1.016445
0.247058 0.025760 0.000791 -0.055000 0.090575
0.247623 0.022880 0.027456 -0.089093 -0.585915
0.244756 0.029005 -0.170180 0.389805 1.745329
0.249546 0.017997 0.407857 -0.924063 -0.507434
0.262300 -0.009477 0.231061 -0.461505 -0.286530
0.269582 -0.023096 0.133661 -0.225500 -0.506501
0.271571 -0.024531 -0.033569 0.148199 -0.167280
0.269188 -0.016761 -0.085587 0.240541 0.261324
0.267572 -0.011825 0.004357 0.010459 -1.761677
0.256052 0.015409 -0.578808 1.337965 1.473310
0.242865 0.044916 -0.083043 0.160153 0.483611
0.242678 0.044777 0.073184 -0.162605 1.557767
0.255833 0.015669 0.583495 -1.283189 -0.122052
0.278125 -0.031661 0.532241 -1.095221 -1.695750
0.288036 -0.048675 -0.034265 0.222354 -1.054507
0.279790 -0.024984 -0.377410 0.956788 1.386942
0.274114 -0.009833 0.091595 -0.180392 -0.530547
0.274239 -0.008846 -0.084742 0.224280 -0.564213
0.267145 0.008329 -0.269613 0.632117 1.435771
0.265984 0.010947 0.209777 -0.484982 0.291532
0.276212 -0.011989 0.301782 -0.663851 -0.154566
0.287177 -0.035520 0.247097 -0.519401 -0.945169
0.290772 -0.041884 -0.066096 0.189914 -1.083728
0.281040 -0.018841 -0.419787 0.956183 0.617006
0.268537 0.008249 -0.206708 0.411297 0.478596
0.263494 0.017026 -0.046190 0.034628 0.006216
0.261653 0.018702 -0.045890 0.049276 0.509561
0.263169 0.013252 0.121253 -0.317679 -0.951299
0.261610 0.015929 -0.198061 0.441410 0.538705
0.257299 0.025132 -0.018348 0.026423 1.279761
0.265020 0.007125 0.403328 -0.917235 -1.178341
0.273156 -0.010030 0.005239 0.042653 0.382779
0.275935 -0.014453 0.133358 -0.260447 -0.757042
0.276222 -0.013189 -0.118149 0.315808 0.621984
0.275706 -0.010801 0.091539 -0.188837 -0.659801
0.274970 -0.008177 -0.127609 0.313480 0.426378
0.272764 -0.002758 0.016655 -0.036560 -0.390450
0.270830 0.001802 -0.112992 0.261287 0.609750
0.270398 0.002617 0.090651 -0.213689 -1.280694
0.265463 0.014131 -0.336083 0.777731 2.137484
0.266319 0.011740 0.376383 -0.874584 -0.695614
0.276584 -0.011076 0.138224 -0.279066 -0.428655
0.279240 -0.015497 -0.004854 0.052436 -0.217807
0.277635 -0.010444 -0.075253 0.199156 0.357977
0.277056 -0.008447 0.045791 -0.094790 -0.419538
0.276097 -0.005824 -0.093272 0.222012 -0.256947
0.270700 0.006611 -0.176543 0.399710 0.407883
0.266394 0.015992 -0.039456 0.075775 -0.054170
0.264427 0.020165 -0.058870 0.132928 1.105130
0.269394 0.008841 0.306145 -0.689902 -0.054966
0.281145 -0.016743 0.282030 -0.595662 -1.251336
0.284045 -0.020902 -0.135438 0.373253 0.155918
0.279763 -0.009311 -0.079125 0.210879 -0.303831
0.274625 0.003334 -0.177664 0.420925 0.774657
0.272724 0.007825 0.081572 -0.186948 0.121011
0.276742 -0.001040 0.119380 -0.257103 -0.158056
0.280425 -0.008537 0.065111 -0.121116 -0.962400
0.276624 0.001408 -0.254221 0.610069 0.688051
0.271117 0.014498 -0.022234 0.054868 0.971646
0.276662 0.002071 0.298619 -0.668557 -0.025467
0.288327 -0.023298 0.285176 -0.605789 -1.538424
0.289457 -0.023597 -0.226811 0.574196 0.448243
0.283501 -0.008790 -0.071862 0.174667 -0.289627
0.278743 0.002248 -0.165965 0.376559 1.258734
0.280526 -0.002441 0.253696 -0.598247 -1.776005
0.278771 0.001696 -0.339380 0.786485 0.142221
0.266254 0.029998 -0.287221 0.636312 2.585170
0.271983 0.015653 0.570929 -1.329089 -1.201447
0.286588 -0.016875 0.161482 -0.317906 -0.529862
0.289507 -0.021380 -0.014790 0.086106 0.195775
0.290274 -0.021515 0.052867 -0.090413 -0.154331
0.291393 -0.023102 0.003250 0.009337 0.239140
0.293163 -0.026913 0.085010 -0.197765 -0.511360
0.293189 -0.027297 -0.083087 0.173269 -0.272571
0.288138 -0.017011 -0.169420 0.340712 0.093073
0.282068 -0.005629 -0.134448 0.232155 -0.040522
0.276467 0.003872 -0.145759 0.244600 0.483864
0.273883 0.006018 0.015911 -0.131557 0.406130
0.277186 -0.005135 0.149013 -0.424204 -0.894495
0.277142 -0.007880 -0.150071 0.276564 0.482406
0.274406 -0.004748 0.012622 -0.113888 0.530744
0.278434 -0.017384 0.188365 -0.514737 -1.420318
0.276481 -0.015842 -0.284346 0.576820 0.055300
0.265597 0.005275 -0.260394 0.484486 0.187149
0.256487 0.021286 -0.195637 0.321556 1.206442
0.256687 0.015719 0.204294 -0.588296 -0.947331
0.258432 0.007924 -0.115704 0.186176 0.733130
0.258689 0.004078 0.127783 -0.371419 0.304739
0.265760 -0.014836 0.225812 -0.575139 -0.498656
0.271420 -0.029724 0.058070 -0.177877 -0.615134
0.269689 -0.027815 -0.143927 0.267456 -0.028086
0.263847 -0.017658 -0.148409 0.242770 0.605503
0.262014 -0.017953 0.056017 -0.250675 -1.477303
0.254431 -0.005340 -0.433704 0.868158 -0.913296
0.231154 0.042158 -0.729972 1.506866 1.601142
0.212736 0.076887 -0.193721 0.254960 1.998555
0.218127 0.057998 0.461544 -1.183669 -0.001958
0.236270 0.013633 0.446597 -1.045142 -1.244940
0.245660 -0.007295 0.024869 -0.019733 1.230207
0.254846 -0.027086 0.433344 -0.960455 -0.763027
0.267015 -0.053098 0.176569 -0.353993 -1.272634
0.265680 -0.048471 -0.241985 0.573283 -0.279603
0.254332 -0.023103 -0.325659 0.698405 0.542993
0.245074 -0.004944 -0.138347 0.219802 -1.481407
0.229730 0.026230 -0.627678 1.329352 1.928639
0.217591 0.048674 0.017849 -0.181041 0.353817
0.220520 0.037412 0.128497 -0.381465 0.322136
0.227658 0.018624 0.228512 -0.559217 -1.677125
0.225513 0.023235 -0.333769 0.771983 0.860108
0.217944 0.040460 -0.046098 0.102207 1.410462
0.225399 0.023750 0.417601 -0.926740 0.306430
0.243943 -0.016195 0.510084 -1.076285 -1.786972
0.252327 -0.030697 -0.088395 0.328416 -0.872232
0.243101 -0.005272 -0.372423 0.939379 1.518175
0.238452 0.007645 0.137827 -0.273942 -0.425847
0.241068 0.003816 -0.006396 0.076831 0.798394
0.246121 -0.005348 0.258259 -0.528343 -1.669786
0.245270 -0.000203 -0.298897 0.768412 1.071265
0.240551 0.013088 0.061380 -0.089144 0.647035
0.247262 0.000049 0.273673 -0.558799 -1.378571
0.248947 -0.000330 -0.187704 0.524525 0.873244
0.247322 0.006571 0.105234 -0.168359 0.150597
0.252487 -0.002055 0.153017 -0.263310 -1.055958
0.251542 0.003985 -0.199130 0.555034 1.550713
0.253960 0.001759 0.318248 -0.649861 0.350205
0.268910 -0.028661 0.429466 -0.873979 -1.117263
0.278584 -0.045924 0.055914 -0.005024 -1.104686
0.273571 -0.030193 -0.305651 0.783775 0.692195
0.266130 -0.011180 -0.067686 0.179057 1.144122
0.271081 -0.022055 0.314059 -0.712393 -1.129821
0.276066 -0.032725 -0.063202 0.164384 0.494521
0.276922 -0.034685 0.105365 -0.256908 -1.511400
0.271122 -0.022188 -0.393896 0.868588 2.221681
0.270323 -0.023214 0.351245 -0.895341 -1.967952
0.271199 -0.028123 -0.304947 0.627494 0.372164
0.261634 -0.010199 -0.174193 0.277102 -0.454538
0.251708 0.007291 -0.321954 0.596374 1.346528
0.247861 0.009863 0.127938 -0.452522 -0.632795
0.248679 0.002347 -0.086101 0.067958 -0.117079
0.244461 0.006859 -0.124739 0.157257 -0.782229
0.234277 0.025146 -0.383879 0.752303 1.627305
0.229801 0.029868 0.158051 -0.497639 -1.141214
0.228390 0.028877 -0.227132 0.434848 1.390844
0.228554 0.025046 0.233757 -0.612494 -1.115201
0.230335 0.019111 -0.143160 0.301773 0.937989
0.230847 0.016856 0.167700 -0.405035 -0.101187
0.236779 0.003181 0.129345 -0.283115 -0.837802
0.236326 0.005221 -0.151051 0.376265 1.530453
0.240505 -0.003581 0.358357 -0.801615 0.011590
0.254797 -0.034795 0.356897 -0.765718 -2.541865
0.252127 -0.026157 -0.487583 1.172311 0.747783
0.237829 0.007117 -0.228952 0.507177 0.649434
0.233049 0.016953 -0.011055 -0.006160 0.390124
0.235159 0.011155 0.116261 -0.281025 -0.125615
0.238903 0.002518 0.071269 -0.154317 -0.136803
0.240810 -0.001248 0.024360 -0.036395 0.197964
0.243094 -0.005686 0.089705 -0.184293 -1.021286
0.239870 0.002787 -0.249901 0.598648 0.824476
0.235438 0.013373 0.027108 -0.058044 0.199364
0.237805 0.008417 0.091149 -0.188859 0.374019
0.243887 -0.004394 0.212775 -0.450583 0.255226
0.254032 -0.025797 0.294609 -0.621390 -0.239899
0.264179 -0.046698 0.213429 -0.430511 -2.060755
0.259050 -0.032779 -0.467801 1.107916 0.858372
0.246284 -0.003847 -0.172183 0.354824 0.400926
0.242124 0.003658 -0.036480 0.026540 0.923660
0.246802 -0.009386 0.269575 -0.671551 -0.780251
0.252312 -0.023548 0.007154 -0.048172 -1.011608
0.245913 -0.010386 -0.326216 0.698459 0.614159
0.237077 0.006976 -0.116703 0.180367 0.924450
0.238569 -0.000057 0.190328 -0.523539 0.127282
0.246947 -0.022222 0.228927 -0.588205 -0.796288
0.250767 -0.033221 -0.036757 0.027394 0.582834
0.253250 -0.041849 0.160310 -0.453750 -3.000000
0.239738 -0.014296 -0.833042 1.805770 1.475145
0.216536 0.032558 -0.329899 0.563783 1.852929
0.215675 0.026703 0.284810 -0.838087 -1.124482
0.219402 0.012219 -0.096742 0.097981 0.276348
0.217358 0.012078 -0.005794 -0.102229 -0.512208
0.213676 0.016307 -0.177760 0.308767 -0.305973
0.204540 0.033357 -0.278992 0.543771 -0.064795
0.192957 0.056184 -0.300500 0.601280 1.568261
0.191321 0.056752 0.216901 -0.556480 -0.115556
0.199015 0.038364 0.168417 -0.369109 -0.416056
0.202838 0.031414 0.023444 0.014887 -0.057759
0.203317 0.033654 0.000580 0.096402 0.651786
0.207606 0.028208 0.213271 -0.363341 1.066981
0.223108 -0.001523 0.561206 -1.118559 -1.531187
0.235195 -0.021232 0.045458 0.111817 -1.545937
0.226785 0.006397 -0.464698 1.259078 2.366182
0.224104 0.018934 0.327487 -0.603493 -0.368399
0.234611 0.001750 0.198680 -0.263836 -0.117798
0.241721 -0.006549 0.157154 -0.154267 -0.260577
0.246255 -0.008610 0.069921 0.047949 1.400686
0.258386 -0.028423 0.535295 -1.027290 -1.028922
0.272853 -0.052958 0.189830 -0.216028 -0.974640
0.274044 -0.047550 -0.129281 0.477822 1.117193
0.276472 -0.047274 0.249223 -0.450960 -1.340496
0.277560 -0.045208 -0.193287 0.540769 0.295934
0.271974 -0.029850 -0.086774 0.234407 -0.048198
0.268281 -0.020702 -0.098063 0.224907 0.047920
0.264755 -0.013187 -0.078508 0.153332 0.186606
0.262906 -0.010396 -0.014237 -0.010949 -0.067907
0.261904 -0.009983 -0.035793 0.031089 -0.259245
0.258773 -0.004996 -0.120570 0.216657 -0.293909
0.252037 0.007815 -0.216132 0.423511 1.091719
0.250699 0.007634 0.147909 -0.420713 -1.168859
0.248757 0.009538 -0.243592 0.503293 1.414216
0.248473 0.007530 0.227742 -0.588762 -0.043208
0.257187 -0.014360 0.208477 -0.511144 -1.719418
0.254041 -0.008008 -0.363852 0.811452 -0.230089
0.238096 0.026750 -0.433880 0.931600 1.625131
0.231627 0.038484 0.108227 -0.324735 -1.593942
0.225220 0.051318 -0.426773 0.950850 1.817660
0.220255 0.061468 0.176106 -0.421784 0.365186
0.229521 0.041032 0.287311 -0.601584 0.303162
0.242841 0.014117 0.378960 -0.747494 0.249743
0.259508 -0.018245 0.454780 -0.875176 -2.462134
0.261222 -0.014643 -0.366188 1.029294 0.701299
0.251420 0.014089 -0.125397 0.421524 1.492176
0.256354 0.007843 0.370448 -0.719090 -0.429943
0.268177 -0.013124 0.221697 -0.338724 0.457376
0.280056 -0.033501 0.372110 -0.679352 0.000364
0.294905 -0.060501 0.370842 -0.676031 -1.791108
0.297862 -0.060566 -0.220905 0.654071 0.768566
0.294362 -0.048422 0.044636 -0.034947 0.434088
0.299131 -0.057516 0.193416 -0.416210 -1.090720
0.299682 -0.058197 -0.164655 0.370965 -0.264763
0.291519 -0.041112 -0.243607 0.485076 -0.857572
0.276236 -0.010115 -0.520264 1.062961 1.068314
0.262716 0.014364 -0.157545 0.178278 0.381072
0.258945 0.015766 -0.031475 -0.103944 0.190911
0.258906 0.009210 0.029444 -0.223480 -1.064734
0.252947 0.017170 -0.326236 0.611335 0.662336
0.244358 0.031066 -0.104331 0.093535 -0.010403
0.240060 0.035597 -0.110606 0.133361 1.063314
0.242645 0.025295 0.238905 -0.639731 -0.956250
0.245686 0.015870 -0.085484 0.155524 1.078972
0.249428 0.005716 0.271555 -0.653906 -1.080307
0.252989 -0.002798 -0.092018 0.214327 0.303609
0.251363 0.000797 0.010270 -0.030391 0.038122
0.252017 -0.000906 0.022443 -0.054786 0.362202
0.255315 -0.008572 0.142138 -0.326207 -0.616502
0.256865 -0.011874 -0.063797 0.153692 -0.020183
0.254225 -0.005860 -0.068315 0.148295 0.520381
0.254987 -0.008220 0.105792 -0.261025 -0.338141
0.256945 -0.013272 -0.007380 0.003719 -0.268250
0.254892 -0.009279 -0.095013 0.194042 -0.405174
0.248444 0.004269 -0.227210 0.482008 1.226873
0.247578 0.004193 0.182417 -0.472453 -1.881273
0.242277 0.014963 -0.445394 0.992485 0.659017
0.228960 0.043601 -0.221876 0.452799 1.075206
0.227200 0.045671 0.132631 -0.337724 0.775255
0.237503 0.021818 0.382204 -0.852544 -1.304482
0.243932 0.009443 -0.058927 0.216402 0.107437
0.242295 0.016424 -0.023186 0.135204 -0.672532
0.236872 0.032409 -0.247445 0.659743 2.646434
0.244593 0.018099 0.630710 -1.350170 -0.427240
0.266727 -0.027074 0.477469 -0.923326 -1.118836
0.278296 -0.046179 0.102784 -0.048220 0.247626
0.284142 -0.052868 0.189258 -0.284249 -0.479442
0.288594 -0.057694 0.033944 0.037448 -0.444674
0.287125 -0.050729 -0.107087 0.308368 -1.650807
0.272020 -0.014614 -0.647105 1.488440 1.559923
0.256768 0.018668 -0.118131 0.200366 1.555610
0.262376 0.002991 0.397040 -0.970970 -1.082032
0.270903 -0.017822 0.031096 -0.086241 0.614754
0.276260 -0.030977 0.236229 -0.567328 -1.385469
0.276476 -0.032330 -0.223741 0.484633 0.366919
0.270111 -0.019944 -0.095291 0.141884 -0.150757
0.265362 -0.012574 -0.142173 0.226857 0.071751
0.260214 -0.005167 -0.115466 0.146110 -0.366063
0.253194 0.006017 -0.235337 0.411567 0.294296
0.245787 0.017579 -0.135601 0.172223 -1.566964
0.229930 0.048738 -0.655890 1.374515 1.671444
0.214903 0.077442 -0.098161 0.085339 2.016365
0.224208 0.051731 0.561847 -1.356674 -0.925300
0.240209 0.014706 0.240093 -0.513299 -0.987257
0.243130 0.010411 -0.092755 0.286511 0.667272
0.243872 0.011525 0.129059 -0.223417 0.642642
0.253243 -0.006673 0.339132 -0.683657 -0.729891
0.261858 -0.022003 0.092810 -0.094209 -0.143816
0.264642 -0.023904 0.046584 -0.002509 -0.170998
0.265415 -0.021888 -0.007803 0.102266 0.404339
0.267851 -0.024611 0.129147 -0.234247 -0.287631
0.271119 -0.029782 0.034650 -0.028274 -0.910854
0.266505 -0.017542 -0.264567 0.633509 0.155022
0.257085 0.004202 -0.207111 0.460404 1.216312
0.256948 0.003453 0.198839 -0.484766 -0.381442
0.262280 -0.009312 0.068487 -0.160553 -0.258022
0.263296 -0.011734 -0.017326 0.036185 0.431094
0.265499 -0.017194 0.127049 -0.305435 -0.015788
0.270465 -0.029124 0.121495 -0.293615 -0.132345
0.274462 -0.039086 0.078710 -0.207713 -1.418312
0.268233 -0.026224 -0.388804 0.838828 1.222717
0.260998 -0.013150 0.025270 -0.168452 -0.119265
0.261220 -0.018106 -0.013984 -0.081585 -0.087811
0.260104 -0.020303 -0.041653 -0.029456 -0.675115
0.253989 -0.011516 -0.263514 0.463676 -0.094300
0.242918 0.007621 -0.290340 0.496499 1.458424
0.241065 0.004618 0.195999 -0.631423 -1.028765
0.241957 -0.003854 -0.149983 0.194529 -0.807435
0.230625 0.016011 -0.416023 0.794227 0.237607
0.215651 0.043470 -0.333525 0.587114 0.421011
0.205102 0.060755 -0.194762 0.284912 0.813033
0.202621 0.060765 0.069801 -0.276510 0.432557
0.208108 0.044892 0.204508 -0.516939 0.126267
0.216946 0.024049 0.237768 -0.529165 0.359513
0.228709 -0.001332 0.350541 -0.741952 -1.135853
0.235060 -0.012556 -0.031395 0.165775 0.338211
0.236101 -0.011591 0.083005 -0.113404 -0.164470
0.238330 -0.013675 0.028683 0.007061 -0.111579
0.238762 -0.011964 -0.007037 0.077852 -0.013518
0.238424 -0.008983 -0.009926 0.071882 0.096579
0.238695 -0.007855 0.023349 -0.014067 0.955223
0.245994 -0.023216 0.340727 -0.746693 -1.884332
0.247025 -0.023651 -0.286926 0.704476 0.645517
0.239997 -0.006839 -0.065642 0.147235 -0.327816
0.235225 0.003770 -0.172798 0.381986 0.472749
0.231504 0.011402 -0.013982 0.006416 -0.367555
0.228472 0.017600 -0.137282 0.300583 0.793349
0.228259 0.017486 0.125749 -0.297905 -0.143066
0.232249 0.008612 0.074141 -0.149616 0.006865
0.235214 0.002963 0.074220 -0.134152 0.374059
0.240639 -0.007860 0.196818 -0.405357 -0.174850
0.247300 -0.020988 0.136694 -0.255753 -0.685364
0.248212 -0.020798 -0.090275 0.258101 -0.087526
0.244100 -0.009917 -0.115487 0.287657 -0.198483
0.238222 0.004063 -0.178482 0.412376 0.623986
0.235283 0.010555 0.030649 -0.079588 0.280918
0.238338 0.003447 0.121934 -0.274488 -0.894562
0.237211 0.006698 -0.177248 0.427836 0.081302
0.230708 0.022187 -0.148338 0.350790 0.659431
0.229159 0.026182 0.070049 -0.143296 -0.276870
0.230034 0.025545 -0.025897 0.107800 0.365997
0.231386 0.024732 0.093091 -0.145052 0.980529
0.241547 0.004685 0.414287 -0.851432 -1.105673
0.250617 -0.011093 0.040890 0.046829 0.436522
0.255181 -0.016199 0.186858 -0.298324 -0.750254
0.257649 -0.016540 -0.062576 0.273204 0.264238
0.256975 -0.010375 0.028407 0.039539 -0.291381
0.256195 -0.004566 -0.067153 0.249120 1.208188
0.261588 -0.013558 0.335493 -0.687355 -2.096281
0.260984 -0.008204 -0.363293 0.933401 2.150230
0.260909 -0.005297 0.356891 -0.763688 -0.971523
0.268613 -0.019980 0.029779 0.015654 -0.125087
0.269014 -0.017876 -0.009669 0.088946 0.008899
0.268734 -0.014948 -0.004391 0.058457 -0.536704
0.265026 -0.004749 -0.180604 0.448029 2.141634
0.272122 -0.020401 0.533115 -1.210337 -1.760083
0.281598 -0.040608 -0.056716 0.176196 0.418022
0.282223 -0.041117 0.087385 -0.196538 -0.997994
0.279142 -0.034322 -0.240451 0.527517 1.619498
0.280449 -0.039554 0.303865 -0.771872 -1.186589
0.284684 -0.052084 -0.090403 0.130059 -0.488025
0.277960 -0.040752 -0.245566 0.434550 -0.691211
0.263698 -0.014258 -0.467336 0.889102 0.122757
0.245990 0.017926 -0.418897 0.728702 1.382852
0.238505 0.025306 0.042814 -0.343100 0.484168
0.243332 0.005217 0.198424 -0.660898 -0.634038
0.246941 -0.010447 -0.016854 -0.132845 -0.275750
0.244437 -0.011564 -0.107989 0.073888 0.030814
0.240361 -0.009423 -0.095903 0.034114 -0.893323
0.230611 0.005427 -0.390859 0.701972 0.571815
0.218877 0.023936 -0.196934 0.233771 0.797030
0.216284 0.021319 0.066431 -0.356854 -1.535752
0.208627 0.031631 -0.447595 0.857341 0.679275
0.195301 0.055120 -0.220013 0.329392 1.077525
0.193588 0.052658 0.133214 -0.442173 0.678716
0.203244 0.026407 0.349434 -0.869713 -0.480253
0.213834 0.000806 0.181220 -0.421620 -1.705613
0.209667 0.010768 -0.387679 0.903044 0.668905
0.198719 0.035699 -0.161085 0.356265 1.877565
0.204730 0.021529 0.459797 -1.048094 -0.805093
0.217556 -0.006087 0.183049 -0.347893 -0.326679
0.222659 -0.014617 0.072718 -0.084030 -0.685238
0.221024 -0.007636 -0.153816 0.427298 0.276236
0.216786 0.004507 -0.058724 0.185622 -0.113260
0.213696 0.013571 -0.095798 0.268243 0.368122
0.212318 0.018647 0.026342 -0.009521 -0.220991
0.211852 0.022151 -0.049373 0.182728 0.445241
0.212811 0.022940 0.096759 -0.138617 1.022131
0.223400 0.002461 0.431982 -0.879063 -1.352464
0.231537 -0.010644 -0.023236 0.205974 0.300273
0.232652 -0.007493 0.078553 -0.044296 0.270453
0.237596 -0.013488 0.168422 -0.253696 -0.531461
0.240782 -0.015400 -0.008449 0.152020 1.191998
0.248423 -0.028145 0.389286 -0.778660 -0.808202
0.258557 -0.046454 0.118790 -0.149417 -0.498124
0.260072 -0.045628 -0.042519 0.186171 -0.874997
0.252678 -0.026021 -0.326638 0.789688 0.992339
0.246387 -0.011297 0.010532 -0.038997 -0.443796
0.243872 -0.006213 -0.135842 0.289614 0.103806
0.239184 0.003283 -0.098901 0.188441 1.231210
0.243437 -0.008235 0.310286 -0.753380 -2.250875
0.240777 -0.002940 -0.440665 0.994685 1.304645
0.231984 0.015444 -0.000991 -0.057035 -0.956651
0.225536 0.028329 -0.320490 0.693208 1.198555
0.220725 0.037431 0.078343 -0.223282 0.222744
0.225219 0.026289 0.146382 -0.334480 0.054681
0.231324 0.013169 0.159121 -0.324231 -0.132450
0.236724 0.003017 0.111265 -0.187297 -1.043719
0.234190 0.011925 -0.236839 0.623074 1.245758
0.233065 0.017203 0.178946 -0.344508 0.117455
0.240907 0.002524 0.213363 -0.391709 -0.552807
0.245692 -0.004023 0.026719 0.056763 0.004880
0.246804 -0.001951 0.028817 0.047406 0.338546
0.250213 -0.005318 0.141307 -0.212806 -1.143383
0.248232 0.003943 -0.239164 0.665384 0.135833
0.239655 0.027721 -0.190367 0.530116 1.810870
0.244094 0.021108 0.410352 -0.842848 0.105134
0.261026 -0.012558 0.436829 -0.847028 -2.470912
0.261954 -0.007594 -0.387523 1.069326 1.334951
0.255504 0.013114 0.062951 -0.014564 1.138915
0.265559 -0.004592 0.438796 -0.862373 -0.663737
0.278566 -0.027796 0.212891 -0.310240 -0.271337
0.285284 -0.036223 0.123474 -0.115556 -0.696401
0.285648 -0.030797 -0.104613 0.380987 -0.163391
0.280497 -0.014228 -0.153173 0.449806 1.046116
0.281422 -0.013195 0.198149 -0.386238 -0.211260
0.287908 -0.025148 0.126646 -0.216175 -1.038026
0.286088 -0.018108 -0.216579 0.558722 -0.167794
0.276429 0.005693 -0.266699 0.634958 1.649734
0.276814 0.005072 0.283978 -0.648129 -0.226352
0.286554 -0.016352 0.203732 -0.430366 -0.726874
0.289835 -0.022167 -0.038685 0.130554 0.274720
0.290180 -0.021815 0.055561 -0.109527 0.285000
0.294326 -0.030896 0.151571 -0.343048 -0.303093
0.298387 -0.040189 0.052003 -0.126512 -0.929994
0.294352 -0.031708 -0.252912 0.542918 0.488711
0.287637 -0.018925 -0.083729 0.104855 -1.282452
0.275815 0.004422 -0.506356 1.053827 0.885161
0.261599 0.031704 -0.206117 0.326023 0.646955
0.257635 0.035149 0.007088 -0.146428 0.361684
0.260221 0.024786 0.122104 -0.370629 0.237356
0.266571 0.007422 0.195494 -0.499231 0.408593
0.277013 -0.017949 0.326686 -0.770511 -1.533324
0.279803 -0.024572 -0.185242 0.421253 0.352222
0.274852 -0.014230 -0.062986 0.102354 0.074988
0.272876 -0.011721 -0.035946 0.024678 0.065411
0.271902 -0.012010 -0.012869 -0.038334 0.458649
0.274457 -0.020785 0.140260 -0.397078 -1.655828
0.269039 -0.011156 -0.409401 0.862795 0.465110
0.255912 0.014830 -0.248087 0.447506 1.143470
0.253629 0.014946 0.132544 -0.429366 -0.216153
0.257393 0.002045 0.056253 -0.221144 0.361716
0.262010 -0.011982 0.174453 -0.479368 -0.290359
0.267010 -0.026302 0.076157 -0.242809 -1.832269
0.257890 -0.008129 -0.530369 1.135810 1.492669
0.246794 0.012696 -0.026690 -0.073390 -1.801952
0.233702 0.037862 -0.626166 1.316819 2.449866
0.225057 0.052121 0.190598 -0.574038 -0.267609
0.230698 0.035274 0.092199 -0.275719 -0.168961
0.233139 0.028065 0.030253 -0.088740 0.144236
0.235228 0.023112 0.074179 -0.158879 0.936277
0.244342 0.003168 0.380871 -0.832894 -0.681055
0.254907 -0.018456 0.148703 -0.260622 -0.750025
0.255863 -0.017398 -0.100070 0.305733 0.222300
0.253419 -0.009355 -0.022605 0.100898 0.985585
0.259102 -0.020772 0.305786 -0.663251 -1.108389
0.263902 -0.029838 -0.064231 0.196027 0.033140
0.261646 -0.023422 -0.048821 0.126981 -0.997865
0.253124 -0.003691 -0.376539 0.853315 0.900060
0.244184 0.015425 -0.071948 0.116659 0.830053
0.246808 0.007581 0.202322 -0.501752 -0.247198
0.253160 -0.007808 0.115937 -0.273909 -0.294250
0.255813 -0.014021 0.017175 -0.041283 -0.669123
0.252071 -0.005627 -0.203670 0.455716 0.534015
0.247555 0.003695 -0.022977 0.018360 -0.667953
0.242184 0.014790 -0.244964 0.531369 0.295042
0.234393 0.031185 -0.145292 0.294995 2.091513
0.242462 0.011245 0.546749 -1.274191 -1.084195
0.256897 -0.021064 0.177051 -0.360471 -0.590311
0.260041 -0.026385 -0.019070 0.087051 0.584671
0.263235 -0.032572 0.178133 -0.390919 -1.178796
0.262531 -0.030311 -0.211991 0.492030 0.502667
0.257534 -0.019675 -0.038737 0.048066 0.556224
0.259733 -0.026783 0.148152 -0.398621 -1.868261
0.253232 -0.014096 -0.471304 1.015771 0.098534
0.235220 0.023369 -0.430214 0.866953 0.883753
0.223968 0.043897 -0.133889 0.173456 0.217971
0.219989 0.048316 -0.065369 0.050091 1.109294
0.224646 0.034399 0.297298 -0.737783 -0.615091
0.232256 0.016154 0.084363 -0.185714 0.095704
0.236198 0.007920 0.112839 -0.227025 -0.393772
0.238035 0.005418 -0.020442 0.096898 0.140610
0.238150 0.007173 0.025989 -0.007328 0.256960
0.240876 0.003152 0.110107 -0.191931 -0.112405
0.244490 -0.002425 0.070890 -0.089468 -0.288960
0.245390 -0.001457 -0.025590 0.134894 0.394962
0.247011 -0.002300 0.106206 -0.172881 0.211044
0.252636 -0.012237 0.175007 -0.323810 -1.221851
0.251482 -0.006227 -0.231413 0.612350 1.457488
0.252022 -0.005046 0.256607 -0.536913 -0.777602
0.257038 -0.013934 -0.004669 0.082050 -0.390114
0.254294 -0.005050 -0.132244 0.360010 0.747636
0.254039 -0.002692 0.118499 -0.233355 0.615780
0.262840 -0.021197 0.321221 -0.689097 -1.967735
0.262539 -0.018073 -0.333979 0.824699 0.939690
0.255592 -0.001002 -0.014932 0.043155 0.546759
0.258636 -0.007718 0.166642 -0.374420 -0.938416
0.259016 -0.007918 -0.146513 0.354149 0.623124
0.257368 -0.003944 0.063265 -0.147615 -0.123885
0.259057 -0.007801 0.021429 -0.047427 -0.767282
0.254817 0.002011 -0.232726 0.531827 1.279285
0.254091 0.003004 0.194827 -0.467909 -1.628350
0.250971 0.010039 -0.348982 0.803184 0.110684
0.237845 0.039665 -0.308076 0.685615 1.327443
0.234358 0.046776 0.132033 -0.314475 -0.308601
0.237431 0.040480 0.022185 -0.005832 0.239689
0.239814 0.037564 0.096825 -0.138669 -0.932309
0.237376 0.047430 -0.217719 0.623134 2.255153
0.243638 0.038100 0.528420 -1.068023 -0.241972
0.262911 0.001453 0.436346 -0.775522 -0.740824
0.275305 -0.017061 0.184667 -0.162512 0.757197
0.287731 -0.035317 0.436022 -0.745588 -1.249493
0.296818 -0.045738 0.020081 0.208884 -0.953284
0.291407 -0.024043 -0.290082 0.871025 1.304556
0.288658 -0.010914 0.150747 -0.197040 -0.692164
0.290070 -0.008104 -0.079364 0.330660 0.669675
0.291411 -0.005749 0.145528 -0.204922 -0.816557
0.291774 -0.001213 -0.126454 0.423790 0.327133
0.288952 0.010165 -0.015308 0.151240 0.229764
0.289861 0.012767 0.060433 -0.018232 1.313377
0.300976 -0.007770 0.494176 -0.998949 -1.489731
0.310691 -0.023641 -0.006245 0.185483 1.470334
0.320293 -0.039552 0.484826 -0.967792 -1.391409
0.330369 -0.056501 0.021026 0.101620 0.084463
0.331907 -0.055137 0.055635 -0.031278 -0.051142
0.333906 -0.056803 0.044323 -0.052127 -2.249769
0.320838 -0.025602 -0.695907 1.596000 0.934368
0.299512 0.021196 -0.372487 0.764728 0.986997
0.291244 0.036137 -0.042413 -0.003812 0.518440
0.292912 0.028908 0.125387 -0.354149 -1.191895
0.289880 0.034225 -0.275603 0.607510 2.287962
0.294081 0.023436 0.483240 -1.124972 -2.168007
0.298764 0.013826 -0.246274 0.618223 1.242807
0.297236 0.019006 0.168317 -0.344666 -0.165867
0.302765 0.008713 0.108586 -0.174390 -0.161646
0.305981 0.004701 0.052510 -0.029022 1.287966
0.316628 -0.016054 0.478690 -0.999222 -0.576794
0.331815 -0.046157 0.282031 -0.518757 -1.057054
0.336088 -0.051033 -0.067093 0.262933 -0.421805
0.330748 -0.035540 -0.199812 0.511322 0.275254
0.324738 -0.020783 -0.101349 0.233297 0.069106
0.321223 -0.013271 -0.074702 0.145030 0.267734
0.320065 -0.012050 0.016432 -0.080562 0.221618
0.322209 -0.018815 0.090623 -0.256556 -0.280093
0.323972 -0.024836 -0.002023 -0.048633 -0.486383
0.320703 -0.019791 -0.160997 0.297025 -0.684626
0.309797 0.001783 -0.383945 0.779188 0.895873
0.300513 0.018219 -0.081733 0.056113 0.793707
0.302490 0.008653 0.179874 -0.528144 -0.568252
0.305804 -0.002803 -0.013196 -0.053594 0.008831
0.305332 -0.005043 -0.010381 -0.058779 -0.199713
0.303589 -0.004332 -0.076529 0.092365 -0.376491
0.298046 0.004956 -0.200370 0.369973 0.291788
0.292017 0.014927 -0.101685 0.133857 0.180386
0.289135 0.017712 -0.042665 0.007759 0.562119
0.291127 0.009824 0.141794 -0.398024 -0.174549
0.295553 -0.002620 0.080012 -0.229009 0.063855
0.299147 -0.012480 0.099811 -0.265472 -0.143593
0.302169 -0.020794 0.051646 -0.153427 -0.441494
0.301320 -0.020394 -0.093631 0.168964 0.250323
0.299309 -0.018147 -0.007287 -0.053059 -0.286861
0.297141 -0.016181 -0.100845 0.148874 0.799486
0.298483 -0.023051 0.167092 -0.484824 -0.415670
0.302379 -0.035919 0.028486 -0.165659 -0.585486
0.299681 -0.034144 -0.162800 0.248946 -0.578202
0.289438 -0.016407 -0.349073 0.636054 0.158821
0.276666 0.005391 -0.290189 0.460586 0.937164
0.271353 0.008952 0.023302 -0.271515 -0.472480
0.269083 0.005947 -0.136143 0.115229 -0.491275
0.260375 0.018114 -0.298880 0.490261 1.702534
0.259779 0.011370 0.267209 -0.810605 -1.284961
0.261773 0.000061 -0.165701 0.228385 -0.301886
0.253172 0.013560 -0.264260 0.446153 0.703703
0.247321 0.020346 -0.029306 -0.097835 -0.501678
0.242752 0.024771 -0.198589 0.314200 -0.196788
0.233492 0.040548 -0.264451 0.475474 0.761862
0.227960 0.048222 -0.013202 -0.082313 0.648869
0.231623 0.036244 0.195946 -0.512982 0.401468
0.241970 0.011125 0.321499 -0.744720 -1.355299
0.245672 0.003452 -0.134544 0.344271 1.501667
0.250319 -0.006187 0.365289 -0.811894 -0.725610
0.259990 -0.026534 0.119559 -0.217902 -0.414902
0.262034 -0.029165 -0.016811 0.081609 0.005554
0.261472 -0.026734 -0.011391 0.040959 -0.601297
0.257080 -0.016500 -0.207761 0.466809 -0.508934
0.245489 0.009020 -0.371736 0.809469 2.072700
0.244507 0.008725 0.320129 -0.801694 -1.138136
0.249598 -0.004548 -0.063911 0.122490 0.413288
0.249816 -0.006230 0.074372 -0.202409 -0.366398
0.250334 -0.008536 -0.047981 0.082677 -0.649692
0.244122 0.004480 -0.262121 0.563959 1.116127
0.241135 0.009279 0.111295 -0.310769 -1.309191
0.236808 0.017629 -0.326215 0.715459 1.528735
0.233993 0.022262 0.183544 -0.466212 0.117606
0.241993 0.002985 0.216786 -0.500962 -0.758483
0.245533 -0.004622 -0.038730 0.110512 0.046216
0.244314 -0.001127 -0.022350 0.065569 -0.107650
0.242712 0.003076 -0.057695 0.144296 -0.661147
0.236017 0.018924 -0.276559 0.644190 2.001814
0.238320 0.013569 0.389437 -0.891479 -1.411013
0.244342 0.001135 -0.086364 0.251286 0.507846
0.244296 0.003117 0.083408 -0.146204 0.607357
0.251638 -0.011753 0.283281 -0.593932 -1.135055
0.255350 -0.017512 -0.096190 0.292363 0.294187
0.253537 -0.011093 0.005050 0.033491 -0.307742
0.251717 -0.005287 -0.095812 0.254838 0.249504
0.249591 0.000651 -0.010963 0.046135 0.331548
0.251359 -0.002604 0.099040 -0.205977 -0.856932
0.249590 0.002578 -0.186541 0.456793 1.425499
0.251670 -0.001561 0.288898 -0.649030 -0.863984
0.257379 -0.013378 -0.002130 0.046085 0.719900
0.262115 -0.022926 0.238218 -0.517456 -1.203091
0.263611 -0.024951 -0.161966 0.402829 0.351625
0.259584 -0.015319 -0.040041 0.085139 0.089348
0.258620 -0.013719 -0.008284 -0.003595 -0.586838
0.254413 -0.005125 -0.201583 0.428911 0.053278
0.246778 0.010556 -0.180561 0.359260 0.651767
0.243920 0.014716 0.036771 -0.143358 -0.024228
0.245172 0.009924 0.026008 -0.097814 -0.576528
0.242338 0.015268 -0.167134 0.359617 0.951571
0.241998 0.014950 0.149060 -0.365390 -0.367933
0.245421 0.006861 0.022708 -0.045125 0.684100
0.250853 -0.005194 0.248360 -0.552913 0.367878
0.263158 -0.032304 0.366960 -0.804341 -1.682680
0.266592 -0.038289 -0.193078 0.485674 -0.003026
0.259004 -0.020315 -0.186768 0.417500 -0.070430
0.251171 -0.003527 -0.205197 0.425125 0.027612
0.243217 0.012439 -0.192875 0.377023 0.888327
0.241438 0.013696 0.102844 -0.304361 0.256639
0.247180 -0.001660 0.184288 -0.464261 -0.882454
0.248612 -0.006055 -0.111525 0.233856 -0.615792
0.240101 0.012344 -0.313674 0.683406 1.637152
0.238517 0.013945 0.232465 -0.585219 -0.434243
0.244804 -0.001650 0.082782 -0.202954 -0.229772
0.246556 -0.005967 0.005203 -0.016382 -0.074171
0.246278 -0.005562 -0.019023 0.035994 -0.776990
0.240364 0.007676 -0.276067 0.620323 0.686391
0.233960 0.021333 -0.045214 0.072976 -0.114785
0.231348 0.026453 -0.085324 0.182486 1.320984
0.236685 0.013880 0.350906 -0.799929 -0.287677
0.248651 -0.012266 0.248308 -0.516502 -1.017399
0.251760 -0.016851 -0.091550 0.275211 -0.922775
0.242034 0.007616 -0.394168 0.943628 0.843442
0.231999 0.031364 -0.109095 0.258188 1.364698
0.236675 0.021168 0.341522 -0.755847 -0.887641
0.244265 0.006114 0.039378 -0.010262 -0.216904
0.244375 0.009237 -0.033630 0.164571 1.003974
0.249706 0.000436 0.299164 -0.595687 -0.176047
0.260404 -0.019835 0.236351 -0.424311 -0.252374
0.268152 -0.032781 0.151630 -0.228320 -0.460081
0.271190 -0.035265 0.000831 0.099025 -0.952034
0.264980 -0.017596 -0.310636 0.778460 1.121600
0.260167 -0.005096 0.068376 -0.138167 0.470927
0.266021 -0.017753 0.224002 -0.492165 -0.608901
0.270892 -0.027803 0.020479 -0.019058 -0.078552
0.271244 -0.027943 -0.002809 0.011620 0.034078
0.271420 -0.028630 0.011514 -0.045346 -0.304588
0.269910 -0.026338 -0.086756 0.157581 0.015260
0.266622 -0.021058 -0.077798 0.108113 -0.061920
0.263161 -0.016385 -0.095325 0.126226 -0.160906
0.258333 -0.009383 -0.146057 0.223902 0.579750
0.256402 -0.009821 0.048799 -0.239390 -0.534672
0.254783 -0.011061 -0.129079 0.171346 0.535230
0.253231 -0.012887 0.050858 -0.256996 -1.657429
0.244231 0.002368 -0.499209 1.005093 1.204818
0.232425 0.022805 -0.093003 0.034524 0.870466
0.234449 0.011331 0.193463 -0.601629 -0.459415
0.239015 -0.004580 0.035762 -0.202626 -0.438723
0.237507 -0.005750 -0.110642 0.139102 0.378266
0.235631 -0.006286 0.016402 -0.161818 -0.650169
0.231952 -0.002670 -0.199668 0.336367 0.381131
0.226557 0.004448 -0.070670 0.025308 -0.895263
0.217769 0.019314 -0.367936 0.711277 1.393787
0.212386 0.025893 0.096977 -0.365841 -0.406224
0.213450 0.018621 -0.043116 -0.004267 -0.109572
0.210953 0.020606 -0.081616 0.102424 0.154031
0.208680 0.022715 -0.032213 0.004838 0.987158
0.213905 0.008305 0.292615 -0.718083 -1.214640
0.217399 -0.000567 -0.116219 0.259000 1.485606
0.222670 -0.013353 0.378216 -0.884765 -0.873476
0.231880 -0.034419 0.083828 -0.182666 -1.204254
0.227271 -0.023758 -0.313131 0.705444 0.163775
0.215993 0.000486 -0.251541 0.514197 -0.006368
0.205964 0.020510 -0.250302 0.491308 0.675589
0.200472 0.029644 -0.025279 -0.025491 0.906368
0.205417 0.015467 0.271768 -0.677091 -1.308741
0.207442 0.009790 -0.168780 0.377344 0.689586
0.205309 0.014053 0.061241 -0.155834 -0.082283
0.207153 0.009658 0.031149 -0.066035 -0.095994
0.207724 0.008845 -0.002421 0.023945 1.078109
0.214778 -0.006546 0.354157 -0.785199 -0.403548
0.226150 -0.030817 0.215462 -0.438064 -1.743029
0.223175 -0.021670 -0.362393 0.878843 -0.021055
0.208716 0.012170 -0.361250 0.820651 1.411870
0.203751 0.022537 0.111059 -0.284658 -0.945091
0.201810 0.026609 -0.206990 0.478336 1.481244
0.203390 0.023022 0.284314 -0.642675 0.422321
0.217418 -0.007738 0.417278 -0.897830 -1.005293
0.227297 -0.027146 0.078328 -0.087875 -1.370566
0.221356 -0.010083 -0.374142 0.930203 0.752973
0.211558 0.014122 -0.117220 0.293788 0.916217
0.212972 0.011778 0.186866 -0.401707 -0.114521
0.219592 -0.001679 0.144608 -0.275546 -0.454774
0.222308 -0.005342 -0.008197 0.086588 0.128007
0.222851 -0.004042 0.035167 -0.019850 0.622106
0.228397 -0.014419 0.241569 -0.494385 -0.553346
0.234330 -0.025328 0.056021 -0.059363 0.086402
0.237189 -0.029498 0.086829 -0.148728 -1.286524
0.232144 -0.016139 -0.337834 0.806007 1.124280
0.226264 -0.002584 0.042144 -0.112710 -0.157563
0.226887 -0.004544 -0.010761 0.012588 -0.206301
0.225093 -0.000955 -0.078768 0.165395 -0.442171
0.219025 0.012248 -0.224373 0.492811 -0.080788
0.209557 0.032866 -0.249323 0.541451 0.737715
0.204495 0.043284 -0.004875 -0.010646 0.703858
0.208877 0.033121 0.223425 -0.492777 0.812559
0.223065 0.002402 0.485703 -1.041630 -0.254408
0.240630 -0.033861 0.393639 -0.782375 -1.904678
0.243660 -0.035622 -0.239810 0.673502 0.256687
0.235950 -0.014306 -0.146510 0.400288 1.207201
0.238207 -0.017667 0.257961 -0.555550 -1.948083
0.235519 -0.009594 -0.390234 0.939831 2.016994
0.233486 -0.004428 0.286032 -0.658086 -0.694064
0.240217 -0.019274 0.051653 -0.095071 -0.559349
0.238587 -0.014767 -0.132581 0.315523 0.979143
0.239874 -0.017916 0.195794 -0.462630 -0.913820
0.241595 -0.022147 -0.108595 0.240315 -1.342727
0.228403 0.007293 -0.550047 1.223742 2.527687
0.223381 0.015987 0.295706 -0.759342 -1.590882
0.224474 0.011475 -0.239003 0.514960 0.458389
0.218013 0.024648 -0.084891 0.151485 -0.416073
0.211815 0.037505 -0.224715 0.489118 0.749404
0.207795 0.045832 0.022704 -0.063288 1.008442
0.215291 0.029022 0.351356 -0.770770 -0.777137
0.223990 0.011873 0.084900 -0.099378 -0.922601
0.221201 0.022526 -0.223439 0.623943 1.420539
0.221747 0.025411 0.249030 -0.463827 0.406261
0.234276 0.001876 0.377465 -0.714081 -0.490164
0.245993 -0.018109 0.209406 -0.295040 0.174499
0.255517 -0.032568 0.266843 -0.428878 -0.170666
0.265054 -0.047239 0.210524 -0.309301 0.333492
0.275742 -0.065362 0.323758 -0.596312 -2.038209
0.275200 -0.058686 -0.348708 0.910519 0.726634
0.266344 -0.035943 -0.095489 0.240250 -0.400495
0.259975 -0.021303 -0.222882 0.491128 0.710804
0.255907 -0.013693 0.018450 -0.100834 -0.253538
0.254972 -0.013982 -0.064897 0.083749 -0.343378
0.250135 -0.005760 -0.176755 0.325555 -0.117998
0.242341 0.008539 -0.213111 0.391313 -0.044809
0.233558 0.024588 -0.226310 0.414023 1.257628
0.232876 0.021892 0.190794 -0.536060 -0.108991
0.239651 0.003382 0.148519 -0.395024 -0.211468
0.244115 -0.008527 0.075204 -0.205488 0.203582
0.248462 -0.019762 0.142151 -0.356368 -1.637959
0.243241 -0.008806 -0.401495 0.888931 0.877009
0.233168 0.011920 -0.103702 0.161717 0.092504
0.229631 0.017064 -0.073337 0.097412 0.037137
0.226919 0.020693 -0.062359 0.084933 -0.011286
0.224313 0.024669 -0.067952 0.114237 0.146794
0.222531 0.027444 -0.021389 0.026324 0.330247
0.223810 0.024069 0.085079 -0.192639 0.608235
0.231171 0.007880 0.282634 -0.614134 -0.155247
0.003711 0.003009 0.003769 -0.002222 -0.629664
-0.000338 0.012707 -0.205642 0.482223 -1.071780
-0.015650 0.048144 -0.559285 1.285001 2.074325
-0.024152 0.067207 0.131218 -0.305073 0.365322
-0.016677 0.051421 0.242550 -0.484886 -0.994827
-0.013783 0.049171 -0.096544 0.360162 0.795788
-0.012420 0.052093 0.163762 -0.205498 -0.286015
-0.007928 0.049798 0.061300 0.086260 0.945915
0.000702 0.039845 0.369373 -0.576682 0.518514
0.018736 0.010573 0.532441 -0.888424 -0.805423
0.034504 -0.011095 0.257395 -0.208788 -0.748375
0.039800 -0.007865 0.008243 0.362910 -0.417778
0.037409 0.012466 -0.127727 0.653576 0.155836
0.033394 0.035695 -0.073678 0.514462 1.526791
0.040583 0.033053 0.431371 -0.631033 -1.108129
0.050283 0.026503 0.055193 0.289372 1.881190
0.064970 0.009490 0.677334 -1.123724 -0.743442
0.086910 -0.022247 0.421225 -0.478450 -0.436965
0.100812 -0.034483 0.274657 -0.140575 -0.809355
0.106455 -0.028227 0.008273 0.446402 0.519340
0.110354 -0.019532 0.185854 -0.003668 -0.064331
0.117388 -0.019075 0.165887 0.026191 0.113449
0.124810 -0.020184 0.205061 -0.080399 0.016707
0.133142 -0.023956 0.211571 -0.108547 -0.804577
0.136277 -0.016291 -0.054072 0.485006 0.722320
0.139015 -0.008953 0.189935 -0.108347 -0.280745
0.144736 -0.008977 0.096419 0.104146 0.119711
0.149412 -0.006939 0.137186 -0.000357 -0.769657
0.149782 0.004770 -0.117985 0.579992 1.323903
0.153934 0.007027 0.323928 -0.452213 0.220224
0.168259 -0.013618 0.392512 -0.582310 -0.860213
0.178167 -0.023177 0.104120 0.092963 -0.750299
0.177394 -0.008538 -0.142191 0.634326 2.133060
0.185999 -0.016925 0.569988 -1.031893 -2.391905
0.192759 -0.020423 -0.229034 0.830072 1.662284
0.194814 -0.014283 0.329636 -0.503182 0.142359
0.208890 -0.036201 0.374453 -0.595751 -0.434686
0.220957 -0.053353 0.229758 -0.269895 -1.851440
0.217909 -0.036587 -0.380465 1.092722 0.267563
0.204707 0.000757 -0.280781 0.786059 1.104067
0.200930 0.014253 0.090300 -0.096150 0.241194
0.206092 0.007209 0.167706 -0.255185 0.171350
0.213878 -0.005074 0.221631 -0.359934 0.330581
0.224890 -0.024138 0.328996 -0.593765 -1.831666
0.225824 -0.019481 -0.280245 0.807900 -0.697365
0.210134 0.022064 -0.504297 1.271020 1.826249
0.202244 0.043734 0.107086 -0.162697 0.901731
0.212393 0.024672 0.399808 -0.785594 0.736570
0.233103 -0.016395 0.635674 -1.269073 -2.165282
0.243963 -0.032541 -0.089682 0.434403 0.725992
0.245333 -0.027599 0.157167 -0.177750 0.188721
0.252901 -0.037962 0.221183 -0.340190 -1.246386
0.253486 -0.032823 -0.190594 0.585228 0.512860
0.249428 -0.018788 -0.013261 0.125676 -0.304080
0.246930 -0.009651 -0.111490 0.330108 0.346217
0.244840 -0.002389 0.006383 0.038542 -0.859211
0.239386 0.012289 -0.278356 0.689110 1.698326
0.239620 0.013175 0.287994 -0.626149 -0.127693
0.250160 -0.008724 0.239679 -0.475247 -0.129474
0.258828 -0.025269 0.194183 -0.356973 -1.041581
0.259664 -0.023621 -0.151168 0.428655 0.307665
0.255776 -0.012281 -0.043870 0.144583 1.592556
0.264659 -0.031400 0.486433 -1.086899 -2.072085
0.270239 -0.042316 -0.204710 0.516230 -0.194788
0.260923 -0.020310 -0.261357 0.587418 1.135046
0.258151 -0.015470 0.121226 -0.331619 -0.541714
0.259379 -0.020297 -0.059077 0.083492 -0.735521
0.252180 -0.006209 -0.300321 0.616257 0.487617
0.243517 0.010016 -0.133775 0.203959 0.405166
0.240869 0.011943 0.000838 -0.102878 0.512459
0.244267 0.000404 0.168748 -0.471216 0.739786
0.255864 -0.029137 0.410786 -1.004121 -1.901303
0.259563 -0.039422 -0.223326 0.467020 -0.350022
0.248459 -0.016874 -0.331980 0.662124 0.864703
0.241070 -0.004920 -0.038812 -0.052051 -1.136338
0.231962 0.010441 -0.415530 0.811012 0.759910
0.220496 0.030399 -0.159126 0.199503 0.491560
0.217362 0.031304 0.001875 -0.149131 0.461145
0.220411 0.019218 0.150320 -0.453328 0.531218
0.229844 -0.005990 0.321278 -0.807118 -2.345499
0.226982 -0.001267 -0.461641 1.018585 0.183205
0.209891 0.035305 -0.393881 0.820064 1.532787
0.204371 0.044354 0.115834 -0.349259 -0.740020
0.203930 0.043271 -0.136909 0.286038 1.959687
0.211425 0.025313 0.509841 -1.167450 -0.131876
0.230704 -0.017173 0.455183 -0.967947 -0.740743
0.243869 -0.043577 0.204542 -0.366106 -0.763475
0.247011 -0.046992 -0.046503 0.186878 -1.579702
0.234775 -0.016575 -0.564190 1.324396 0.346496
0.214747 0.028962 -0.438603 0.966436 1.776465
0.209095 0.039777 0.153612 -0.404092 -0.206101
0.213715 0.028280 0.077970 -0.176201 -0.046549
0.216430 0.022882 0.057974 -0.095895 1.704828
0.230017 -0.006437 0.620013 -1.358232 -1.273425
0.246149 -0.039496 0.188845 -0.316178 -2.279892
0.238576 -0.017603 -0.565329 1.391602 0.569060
0.219993 0.027094 -0.365454 0.859526 1.777093
0.217257 0.033722 0.226408 -0.507515 -0.378632
0.223638 0.020739 0.093424 -0.149181 0.919407
0.233416 0.001376 0.394777 -0.813531 -0.999621
0.242424 -0.014643 0.057198 -0.002007 0.732091
0.249607 -0.026261 0.301270 -0.573145 -0.097946
0.260970 -0.047482 0.267447 -0.493259 -2.012361
0.258315 -0.036750 -0.398122 1.011120 0.860005
0.248339 -0.011672 -0.102281 0.258145 0.592806
0.248252 -0.011031 0.097199 -0.219267 -0.741702
0.247194 -0.008332 -0.149271 0.346787 0.049010
0.241617 0.004168 -0.129920 0.281592 1.073505
0.243591 -0.001303 0.227456 -0.544609 -0.578853
0.248756 -0.013459 0.031740 -0.072256 -0.382671
0.247496 -0.010650 -0.094361 0.209341 -0.159495
0.242713 -0.000315 -0.144829 0.308027 0.137247
0.237877 0.009515 -0.097329 0.187162 0.611765
0.238058 0.007612 0.105663 -0.276186 -0.106215
0.241516 -0.001220 0.067564 -0.168675 -0.944866
0.237907 0.006785 -0.247035 0.560280 1.610734
0.238806 0.003900 0.290119 -0.687630 -0.338688
0.248041 -0.017355 0.172510 -0.383567 -0.560046
0.251193 -0.023948 -0.014106 0.046518 0.211683
0.252094 -0.025920 0.058899 -0.142866 -1.597614
0.243857 -0.007474 -0.469253 1.052185 1.011456
0.231989 0.017531 -0.125916 0.214794 0.467993
0.230057 0.019091 0.028714 -0.131591 0.481528
0.234343 0.007087 0.185312 -0.466304 -1.467500
0.231904 0.011806 -0.305555 0.686984 0.584342
0.223643 0.029705 -0.108564 0.218188 -0.042312
0.218983 0.039521 -0.124580 0.273777 1.234378
0.222155 0.032128 0.281963 -0.632277 -0.364408
0.230838 0.014065 0.153029 -0.279292 0.092436
0.237494 0.002219 0.179930 -0.314874 -0.423814
0.241812 -0.003346 0.036630 0.030655 0.428695
0.246134 -0.008779 0.179065 -0.298754 -0.125200
0.252431 -0.018565 0.136143 -0.193973 -0.788900
0.252635 -0.014334 -0.125119 0.398080 1.427306
0.257210 -0.021158 0.352273 -0.724860 -0.812002
0.265832 -0.037164 0.080116 -0.087656 -0.249366
0.267443 -0.037548 0.000677 0.066186 -0.676908
0.263058 -0.025431 -0.219439 0.535530 -0.657067
0.250043 0.004816 -0.431154 0.976653 1.311671
0.241657 0.022578 0.009834 -0.070217 -0.376355
0.239483 0.026206 -0.118114 0.247877 0.818044
0.240174 0.023879 0.151770 -0.356209 -0.037945
0.245880 0.011285 0.133922 -0.277079 -1.116364
0.243739 0.018027 -0.239745 0.603123 0.812541
0.239599 0.029331 0.031544 -0.026748 0.998752
0.247428 0.013688 0.359077 -0.748465 -1.362323
0.252578 0.006043 -0.099722 0.349293 -0.653040
0.244278 0.029767 -0.314956 0.834712 2.000972
0.245038 0.032070 0.350532 -0.697510 0.522306
0.262349 -0.002127 0.515155 -1.014723 -1.039193
0.275884 -0.025395 0.163373 -0.165261 -0.563865
0.278691 -0.023665 -0.022401 0.246292 0.981333
0.284404 -0.029716 0.306926 -0.538951 -0.816958
0.291225 -0.038656 0.035263 0.081380 0.034044
0.292953 -0.036885 0.051019 0.008524 -1.648725
0.284107 -0.012056 -0.491992 1.221067 1.594968
0.275243 0.010415 0.046387 -0.074888 0.260634
0.278793 0.003799 0.130932 -0.254662 -0.749395
0.278992 0.005598 -0.120060 0.336639 1.221890
0.282351 0.000015 0.286635 -0.603701 -0.703186
0.289041 -0.012480 0.049017 -0.031558 1.238741
0.299259 -0.032976 0.460731 -0.983784 -1.433295
0.308076 -0.049743 -0.017770 0.126224 -0.490857
0.304227 -0.038449 -0.174403 0.436387 0.233996
0.298955 -0.026025 -0.089784 0.190703 -0.914652
0.289365 -0.005172 -0.389132 0.846909 1.158771
0.281646 0.009684 0.001451 -0.087990 -0.343776
0.279380 0.011823 -0.114330 0.191442 0.739636
0.279728 0.008173 0.130894 -0.366830 -0.241514
0.283281 -0.002074 0.047285 -0.150588 0.340928
0.287419 -0.013146 0.159458 -0.401713 -0.968195
0.287323 -0.014075 -0.163075 0.344594 0.915394
0.286971 -0.015107 0.144337 -0.386132 -0.959953
0.286332 -0.015608 -0.175104 0.350637 -0.250702
0.277747 0.001472 -0.254252 0.504574 1.873558
0.280112 -0.007737 0.370418 -0.946462 -1.118525
0.287360 -0.027296 -0.006192 -0.048097 -1.080407
0.279979 -0.013166 -0.361907 0.746330 1.923281
0.278439 -0.014133 0.282534 -0.773523 -0.877250
0.283819 -0.030865 -0.012102 -0.076285 -1.298359
0.274757 -0.014566 -0.439827 0.881140 0.614699
0.261420 0.009749 -0.228318 0.346906 -0.114880
0.251555 0.025181 -0.265081 0.426622 1.493293
0.250893 0.019362 0.230317 -0.702925 -2.625243
0.242495 0.032986 -0.647216 1.357666 0.712749
0.221482 0.075337 -0.405218 0.776858 3.000000
0.225143 0.061293 0.585283 -1.451441 -0.258488
0.246484 0.010581 0.483150 -1.098745 -0.415800
0.262849 -0.025226 0.336369 -0.704221 -0.635687
0.272020 -0.043238 0.123311 -0.207077 -0.261150
0.275277 -0.048204 0.039878 -0.044501 -2.113359
0.262917 -0.018580 -0.656127 1.510267 1.054497
0.243954 0.023219 -0.294210 0.600721 1.360471
0.241271 0.026132 0.158366 -0.439824 0.454196
0.250499 0.002794 0.303049 -0.727697 -1.621338
0.251716 -0.000329 -0.240165 0.552958 -0.360240
0.239794 0.026615 -0.356021 0.796132 0.892775
0.231549 0.044352 -0.057712 0.104083 1.250650
0.237468 0.030262 0.352559 -0.798852 0.489193
0.254631 -0.007395 0.505855 -1.087409 -1.317530
0.265946 -0.029328 0.062001 -0.028588 0.026601
0.268658 -0.031480 0.073569 -0.078765 -1.145758
0.264034 -0.017623 -0.303760 0.762669 1.698907
0.263335 -0.014603 0.266639 -0.592094 -0.918151
0.267832 -0.023693 -0.040491 0.125657 0.649953
0.270603 -0.029329 0.178349 -0.401174 -1.319173
0.268965 -0.025231 -0.258776 0.592956 0.908572
0.264801 -0.016811 0.049247 -0.159761 -0.384370
0.264225 -0.017441 -0.077561 0.124163 0.354725
0.263539 -0.018461 0.042790 -0.171259 -0.454533
0.262241 -0.018498 -0.107143 0.164679 0.244043
0.259644 -0.016279 -0.023071 -0.050253 -0.943913
0.252471 -0.004069 -0.334726 0.653298 0.449345
0.242180 0.014222 -0.180802 0.270289 0.935096
0.241177 0.010670 0.129622 -0.438646 -0.906130
0.240243 0.007910 -0.175105 0.289889 -0.439798
0.230340 0.026090 -0.319906 0.618068 1.216976
0.225671 0.031945 0.084910 -0.311057 -0.396014
0.226314 0.026775 -0.052130 0.046559 0.245906
0.225809 0.025459 0.026651 -0.110411 -0.451019
0.223799 0.028746 -0.126647 0.270077 0.126013
0.219544 0.037962 -0.086404 0.193672 -0.195812
0.214726 0.049379 -0.154426 0.376845 1.499270
0.218455 0.042156 0.339366 -0.724095 1.176920
0.239648 -0.002887 0.719904 -1.525928 -0.766976
0.263107 -0.050120 0.455000 -0.854663 -1.950793
0.268315 -0.054379 -0.192222 0.620032 0.859020
0.266544 -0.044798 0.102386 -0.128700 -0.215218
0.269284 -0.047472 0.034845 -0.007282 -0.154806
0.269749 -0.046443 -0.011495 0.057975 -0.818575
0.263956 -0.032685 -0.277563 0.624800 0.283570
0.254904 -0.013607 -0.175800 0.336899 0.706293
0.252651 -0.011715 0.062205 -0.233945 -1.095993
0.247838 -0.004163 -0.301674 0.601318 -0.116846
0.235094 0.020816 -0.335923 0.651885 1.060441
0.228762 0.030255 0.017834 -0.166523 -0.567318
0.225608 0.033263 -0.174826 0.310839 0.320717
0.220719 0.041169 -0.070159 0.089168 2.564117
0.234882 0.006257 0.776147 -1.815531 -1.992760
0.252379 -0.033142 0.101999 -0.185365 -1.558094
0.246138 -0.017118 -0.412556 0.973617 1.041969
0.236749 0.004159 -0.058634 0.106597 0.376328
0.236911 0.002633 0.066309 -0.179194 0.175007
0.240691 -0.006886 0.122702 -0.296967 -0.170721
0.244431 -0.015868 0.064665 -0.155901 -0.379417
0.244502 -0.016399 -0.060638 0.125260 -0.168465
0.241009 -0.009313 -0.113996 0.228986 -0.467723
0.233391 0.006546 -0.266687 0.562417 1.949058
0.235757 -0.001464 0.382801 -0.943377 -1.369458
0.241817 -0.016899 -0.077787 0.153140 -0.607344
0.234724 -0.002005 -0.276466 0.588417 -0.165890
0.222654 0.023283 -0.327371 0.679665 2.511334
0.226311 0.011577 0.507471 -1.240516 -1.909647
0.233690 -0.006744 -0.135765 0.299285 0.023247
0.228472 0.004351 -0.125435 0.258237 0.729469
0.228333 0.003267 0.117657 -0.304762 0.072228
0.233463 -0.009513 0.139045 -0.336332 -0.715978
0.234230 -0.011702 -0.099825 0.218661 0.703003
0.234969 -0.014283 0.135990 -0.340394 -1.487394
0.230493 -0.004891 -0.358239 0.795944 1.061728
0.223355 0.009494 -0.000252 -0.061789 -0.752295
0.218308 0.018918 -0.251362 0.526606 1.094714
0.215569 0.022945 0.113045 -0.312669 -0.081158
0.219450 0.012673 0.081327 -0.204444 -0.989153
0.216060 0.020297 -0.249732 0.576188 0.488588
0.209359 0.035585 -0.086246 0.196636 0.457015
0.208893 0.037044 0.062445 -0.118936 -0.033358
0.211063 0.033863 0.046201 -0.041808 0.316337
0.214926 0.028225 0.146742 -0.238461 -0.539240
0.217102 0.027990 -0.037203 0.220226 -0.026765
0.215399 0.037617 -0.048099 0.262455 2.335701
0.228953 0.012842 0.723672 -1.482028 -0.445464
0.254673 -0.037264 0.563909 -1.039353 -2.003927
0.263820 -0.047519 -0.103896 0.502656 0.219014
0.261292 -0.032496 -0.023135 0.254874 0.376610
0.262974 -0.029131 0.106659 -0.081246 -0.311654
0.265213 -0.028117 0.005596 0.129159 0.493177
0.268793 -0.031305 0.172794 -0.283392 0.003505
0.275748 -0.043000 0.175183 -0.303409 -1.404887
0.273459 -0.034134 -0.288211 0.734033 0.618737
0.266228 -0.016006 -0.074506 0.183555 0.156742
0.264351 -0.011651 -0.019678 0.037098 0.453641
0.266610 -0.017420 0.132179 -0.321641 -0.310383
0.269820 -0.025458 0.028843 -0.085174 0.354696
0.273374 -0.034755 0.148588 -0.377393 0.198009
0.280652 -0.053158 0.215398 -0.544070 -1.243414
0.281039 -0.056341 -0.194556 0.371389 -1.721996
0.261988 -0.016843 -0.756918 1.594714 1.405979
0.241345 0.022851 -0.277826 0.414484 0.561829
0.233982 0.030808 -0.091118 -0.009090 -0.069184
0.229809 0.032262 -0.117451 0.080858 1.152478
0.232716 0.018475 0.261781 -0.761227 -1.081978
0.235834 0.006124 -0.104296 0.128764 0.210164
0.233065 0.008048 -0.034425 -0.029933 0.292371
0.233609 0.002618 0.061422 -0.239673 -0.485785
0.232791 0.000909 -0.101685 0.148416 1.145489
0.236363 -0.010898 0.279128 -0.728772 -1.796462
0.235491 -0.011699 -0.320540 0.668917 -0.121419
0.221988 0.015791 -0.355047 0.710409 0.985413
0.214412 0.028525 -0.025211 -0.060270 -0.377378
0.210820 0.032685 -0.153982 0.264581 0.909702
0.210675 0.029748 0.145749 -0.402659 0.585066
0.220266 0.005923 0.333673 -0.787970 -1.046669
0.226514 -0.008286 -0.019685 0.062753 0.043455
0.226040 -0.006681 -0.004127 0.018441 0.143613
0.226844 -0.008291 0.044187 -0.097636 0.894877
0.234564 -0.025968 0.341072 -0.780081 -1.282564
0.239613 -0.037005 -0.086827 0.211996 -0.117331
0.235472 -0.027831 -0.120361 0.247994 -1.064131
0.223677 -0.002511 -0.468684 1.012399 0.953689
0.211432 0.021957 -0.145281 0.226916 0.887461
0.211507 0.017646 0.148103 -0.434043 0.221451
0.218797 -0.002094 0.216594 -0.555143 -2.054609
0.213712 0.007996 -0.468580 1.039228 1.439753
0.204683 0.026285 0.014977 -0.104954 0.272292
0.207016 0.018693 0.101542 -0.273745 0.921532
0.217121 -0.005575 0.403144 -0.935213 -2.327561
0.217631 -0.006067 -0.374821 0.884950 0.985025
0.209334 0.012914 -0.041616 0.079185 -0.678409
0.203137 0.026736 -0.267690 0.607176 0.378153
0.194973 0.045068 -0.141326 0.317244 0.690831
0.193855 0.047831 0.084598 -0.171671 0.968369
0.203538 0.027494 0.398970 -0.839999 -0.256698
0.217595 -0.000358 0.304785 -0.561922 -0.798411
0.224382 -0.009777 0.035784 0.080062 0.608779
0.229889 -0.016213 0.238937 -0.396446 -1.378620
0.230245 -0.010693 -0.219624 0.658727 0.965570
0.227999 -0.000260 0.105925 -0.124007 0.065452
0.232646 -0.006019 0.126466 -0.164537 0.498595
0.241002 -0.020134 0.291035 -0.538738 -0.748007
0.247625 -0.029899 0.041179 0.040391 0.005731
0.249376 -0.029076 0.046328 0.001465 0.296076
0.253258 -0.034198 0.147445 -0.255008 -1.367204
0.250096 -0.023823 -0.304174 0.761654 0.904539
0.244109 -0.008782 0.003409 0.003956 -0.403804
0.241576 -0.002590 -0.129730 0.302656 0.302545
0.238447 0.004442 -0.027222 0.053846 1.857932
0.249712 -0.021879 0.588736 -1.355238 -1.690941
0.261854 -0.048789 0.021063 -0.014852 -0.629894
0.258612 -0.040799 -0.182641 0.410009 -0.105250
0.250758 -0.024244 -0.210387 0.420863 -0.464909
0.239367 -0.001361 -0.359135 0.723588 -0.187549
0.223867 0.029496 -0.416276 0.823925 0.913321
0.213348 0.048054 -0.111147 0.117748 0.864225
0.214556 0.040505 0.170780 -0.488253 1.167087
0.228983 0.004686 0.550019 -1.298640 -2.141065
0.236531 -0.012484 -0.169660 0.412670 0.105169
0.230531 0.001604 -0.130796 0.296184 0.544342
0.228957 0.004769 0.051417 -0.131323 0.256979
0.232689 -0.004107 0.135067 -0.311719 -0.948588
0.231740 -0.001643 -0.181432 0.425109 0.706435
0.229246 0.003941 0.055771 -0.136921 0.803323
0.236788 -0.013565 0.320694 -0.733455 -0.606433
0.245497 -0.032885 0.115896 -0.243355 -1.394912
0.240889 -0.021606 -0.344905 0.795086 1.252542
0.235590 -0.010571 0.078182 -0.226880 -1.030885
0.231847 -0.003717 -0.264245 0.559932 0.493538
0.224652 0.010299 -0.096435 0.149389 0.557914
0.224503 0.007779 0.088401 -0.270012 -0.560094
0.224253 0.006160 -0.100184 0.182425 0.810096
0.225645 0.000947 0.168962 -0.435441 -1.117594
0.224899 0.001340 -0.204940 0.442847 0.933417
0.222972 0.004190 0.107393 -0.289511 -0.800666
0.221885 0.005432 -0.160758 0.342974 1.005890
0.222183 0.003403 0.174473 -0.433926 -1.193024
0.221149 0.005072 -0.224734 0.504525 -0.124224
0.211396 0.026643 -0.263231 0.577270 1.361533
0.209946 0.028719 0.189062 -0.458447 0.470053
0.220497 0.004482 0.338515 -0.754119 -1.965159
0.220836 0.005663 -0.319193 0.791708 1.071055
0.215295 0.019995 0.040533 -0.060232 -0.668017
0.212414 0.028434 -0.183901 0.476284 2.233940
0.219917 0.013257 0.556775 -1.214605 -0.873158
0.236160 -0.019938 0.257141 -0.462253 -1.461811
0.236690 -0.015776 -0.228989 0.655495 1.673666
0.238791 -0.016465 0.332011 -0.671473 -1.182201
0.244137 -0.024609 -0.063122 0.249701 -0.331942
0.239491 -0.010384 -0.169115 0.461381 0.645211
0.237106 -0.002657 0.048912 -0.066099 0.731681
0.243921 -0.016474 0.291209 -0.619712 -0.526831
0.252003 -0.032685 0.113852 -0.200002 -1.373289
0.247462 -0.020054 -0.339571 0.819881 0.930200
0.240231 -0.003070 -0.023461 0.043504 0.739108
0.244220 -0.012777 0.222176 -0.522833 -1.545513
0.242772 -0.009510 -0.292755 0.670101 1.249430
0.239493 -0.002981 0.127127 -0.328351 -0.882197
0.238664 -0.002155 -0.167538 0.360140 0.277904
0.233868 0.007486 -0.072820 0.127127 0.392134
0.233563 0.006588 0.057146 -0.168059 0.770991
0.240934 -0.011565 0.310879 -0.735221 -1.748755
0.241648 -0.013360 -0.273026 0.625981 -0.331843
0.228642 0.015668 -0.377532 0.828310 1.245992
0.221916 0.028961 0.039440 -0.147222 0.341408
0.225674 0.018738 0.148323 -0.362944 0.713097
0.236249 -0.005775 0.380152 -0.860592 -1.188195
0.243430 -0.020890 -0.019368 0.088453 -0.194989
0.241414 -0.014921 -0.081350 0.209476 0.236710
0.239796 -0.010767 0.000044 0.001976 -0.333272
0.237601 -0.005783 -0.109475 0.244811 0.265557
0.235036 -0.000494 -0.019253 0.023773 -1.279561
0.225756 0.020110 -0.443610 0.996767 1.781665
0.219964 0.031800 0.151596 -0.390286 0.134946
0.226791 0.015416 0.190031 -0.431590 -0.445954
0.231322 0.005979 0.037259 -0.047498 -0.196128
0.231482 0.007337 -0.029035 0.113412 0.142221
0.231262 0.009750 0.017831 0.009211 0.293294
0.233900 0.005871 0.113827 -0.201009 -0.049471
0.238075 -0.000961 0.095120 -0.142741 1.015291
0.248608 -0.022057 0.430725 -0.905475 -0.776414
0.260578 -0.045614 0.169239 -0.285908 -0.945591
0.261114 -0.043183 -0.141414 0.398363 0.074297
0.256104 -0.029884 -0.109545 0.270956 -0.546054
0.248194 -0.011679 -0.285700 0.637802 0.401990
0.239561 0.006570 -0.146880 0.283230 -0.103647
0.233022 0.019302 -0.180179 0.354873 0.897727
0.231794 0.019722 0.117706 -0.324267 -0.139788
0.235476 0.009827 0.066822 -0.174504 -1.164278
0.230353 0.021233 -0.321795 0.734262 0.404434
0.220231 0.043946 -0.185219 0.410515 0.666512
0.217213 0.050661 0.033413 -0.066675 1.420272
0.227863 0.027521 0.498020 -1.080999 -0.769532
0.242434 -0.001772 0.232119 -0.398904 0.078852
0.252179 -0.018400 0.255381 -0.435279 0.333956
0.264582 -0.040738 0.364799 -0.682509 -0.987739
0.272587 -0.052876 0.036867 0.062590 -0.016954
0.274070 -0.051381 0.037197 0.013103 -0.241507
0.274064 -0.048325 -0.037344 0.138542 -0.463947
0.269611 -0.036936 -0.185088 0.429115 0.461764
0.265423 -0.028257 -0.025100 0.012364 -0.013146
0.264395 -0.028201 -0.026326 -0.009277 -0.584877
0.259513 -0.020202 -0.217297 0.404998 0.071867
0.251405 -0.006086 -0.188502 0.304987 0.122377
0.244740 0.003714 -0.145158 0.188588 0.297904
0.240936 0.006544 -0.045456 -0.043234 -0.244355
0.237471 0.008809 -0.127512 0.154143 0.021510
0.232517 0.014674 -0.120307 0.140459 0.102115
0.228373 0.018908 -0.087123 0.073080 0.461427
0.227925 0.015119 0.064293 -0.258648 -0.290542
0.228490 0.009967 -0.035557 -0.003562 0.871097
0.232837 -0.003288 0.252190 -0.652697 -1.046690
0.235869 -0.012486 -0.099146 0.179293 -0.282586
0.230077 -0.001468 -0.190384 0.371089 -0.265611
0.220752 0.016961 -0.275889 0.551446 0.934795
0.215978 0.024355 0.035917 -0.170092 -0.648767
0.213018 0.028343 -0.183191 0.362808 0.931070
0.211871 0.028774 0.124748 -0.331406 -0.395578
0.214112 0.022743 -0.012040 0.023683 1.278685
0.222084 0.004589 0.409520 -0.921788 -1.167870
0.230541 -0.012961 0.015144 0.027490 -0.020439
0.231039 -0.011843 0.009729 0.028568 0.328694
0.233640 -0.016023 0.120021 -0.234681 -0.152362
0.237423 -0.023089 0.069444 -0.121615 -0.454500
0.237207 -0.021308 -0.079777 0.206378 -0.008104
0.234037 -0.013662 -0.078896 0.177864 -0.441030
0.228002 -0.000289 -0.222635 0.489038 0.280493
0.221035 0.014340 -0.126394 0.248711 0.073378
0.216470 0.023200 -0.102103 0.196792 0.862364
0.218096 0.018144 0.182511 -0.441646 -0.745852
0.220324 0.012986 -0.070067 0.174129 0.899469
0.223497 0.006245 0.227805 -0.503061 -0.807586
0.227142 -0.000612 -0.044411 0.149728 0.608092
0.229430 -0.004138 0.158131 -0.320132 -1.123863
0.228234 0.000697 -0.216628 0.550611 0.765064
0.224735 0.010290 0.040544 -0.060445 0.917468
0.232423 -0.005861 0.343080 -0.740769 -0.784102
0.240826 -0.022550 0.078367 -0.105983 0.098078
0.244642 -0.028637 0.112413 -0.198281 -0.647295
0.244863 -0.026990 -0.100664 0.274310 -0.132458
0.240053 -0.014938 -0.139966 0.329896 0.107334
0.235248 -0.004141 -0.100649 0.213705 0.040233
0.231528 0.003444 -0.085551 0.167723 -0.379237
0.225598 0.015873 -0.210735 0.452167 0.612235
0.221271 0.024360 -0.006530 -0.019478 -0.004596
0.220919 0.024283 -0.011058 0.015149 0.615202
0.224512 0.016026 0.190193 -0.423476 -0.951004
0.225689 0.014676 -0.130126 0.344930 0.275487
0.222330 0.024166 -0.038312 0.134416 -0.470796
0.217628 0.037198 -0.196475 0.514380 0.918628
0.215865 0.043903 0.107125 -0.168090 0.993848
0.226627 0.023222 0.430353 -0.860509 -0.253441
0.241965 -0.005567 0.337502 -0.588442 -0.359051
0.252991 -0.022881 0.214573 -0.284959 -0.197617
0.260258 -0.031345 0.149177 -0.141966 -0.413956
0.263512 -0.031159 0.013975 0.147264 -0.542785
0.260545 -0.017806 -0.162008 0.517829 0.627803
0.258352 -0.007797 0.051347 -0.008011 -0.313193
0.258332 -0.003430 -0.052068 0.223934 -0.267885
0.254502 0.009309 -0.139361 0.412924 0.573708
0.252779 0.016724 0.052370 -0.034415 0.855556
0.260515 0.002686 0.333741 -0.661490 -0.751344
0.268754 -0.011237 0.079383 -0.046087 -0.523822
0.268455 -0.005186 -0.093810 0.344374 0.503099
0.268106 0.000326 0.075621 -0.062003 0.989904
0.277699 -0.017227 0.403169 -0.808577 -2.086531
0.279856 -0.016797 -0.292806 0.807446 0.235377
0.269862 0.010462 -0.207754 0.564302 0.789193
0.266858 0.020446 0.056352 -0.054366 0.402989
0.271731 0.012676 0.187059 -0.331791 -0.655280
0.274769 0.010256 -0.034300 0.202822 0.679633
0.277918 0.007944 0.190993 -0.311658 1.452301
0.295145 -0.026185 0.669311 -1.386355 -0.754640
0.316736 -0.068760 0.412046 -0.759966 -0.744103
0.328304 -0.088309 0.167644 -0.229121 -1.127769
0.327680 -0.081951 -0.197803 0.537653 0.204106
0.321382 -0.066146 -0.117768 0.259442 0.985649
0.323406 -0.072714 0.217750 -0.577306 -1.759183
0.320506 -0.069785 -0.360792 0.706434 0.734170
0.311216 -0.055311 -0.104966 0.029398 -0.390761
0.304552 -0.049449 -0.227980 0.261583 -0.647359
0.291284 -0.030535 -0.435156 0.682071 0.247883
0.275704 -0.008664 -0.344641 0.419429 0.917928
0.268115 -0.006739 -0.035984 -0.312515 -0.551572
0.262982 -0.010493 -0.219925 0.118027 -0.812017
0.248833 0.006314 -0.486930 0.717248 -0.456279
0.226425 0.041211 -0.633609 1.029959 1.135518
0.208702 0.064593 -0.254411 0.156472 1.442455
0.207996 0.050070 0.217864 -0.871403 -1.437843
0.206914 0.039615 -0.269969 0.329929 1.868237
0.208502 0.024648 0.347563 -1.061926 -1.434521
0.212651 0.006220 -0.138007 0.120404 -0.161780
0.206060 0.013532 -0.191454 0.244893 -0.586048
0.194513 0.032343 -0.385559 0.693032 1.398427
0.188423 0.038460 0.079284 -0.370962 -0.391378
0.188851 0.031047 -0.057232 -0.006183 -0.289557
0.184565 0.036008 -0.156760 0.251584 1.221139
0.186370 0.027867 0.245808 -0.647712 -0.302189
0.194030 0.008148 0.138016 -0.346339 -1.180083
0.191627 0.013114 -0.256831 0.582603 1.077943
0.188579 0.019428 0.103005 -0.253895 0.120599
0.193416 0.008250 0.138947 -0.306464 -0.255787
0.197203 0.000563 0.050890 -0.082536 0.182057
0.200431 -0.005371 0.110422 -0.213501 1.094296
0.212101 -0.030521 0.472262 -1.037269 -2.154728
0.216569 -0.038224 -0.246100 0.627042 0.683568
0.211447 -0.025323 -0.011158 0.028862 0.262374
0.212803 -0.028789 0.078706 -0.199641 -0.749755
0.210997 -0.025630 -0.168233 0.350487 0.149223
0.205368 -0.014933 -0.113625 0.188755 1.016184
0.207644 -0.023560 0.226303 -0.610582 -0.774543
0.211504 -0.035791 -0.032125 -0.011894 -0.898904
0.204319 -0.023254 -0.326373 0.632291 0.121678
0.192221 -0.001187 -0.279148 0.477560 0.947964
0.187437 0.002713 0.038727 -0.271271 -1.111985
0.181544 0.009400 -0.332199 0.594751 0.341915
0.170601 0.027390 -0.215743 0.312319 0.675758
0.166452 0.029757 0.007476 -0.186454 -0.153356
0.165636 0.025625 -0.047927 -0.023231 -0.120419
0.162857 0.027204 -0.090892 0.100790 0.165362
0.160274 0.029230 -0.038454 0.002274 0.093446
0.159290 0.028599 -0.010793 -0.033424 0.932294
0.164987 0.013694 0.294887 -0.705433 -1.306112
0.167953 0.006841 -0.144824 0.346721 0.280395
0.164058 0.016139 -0.050439 0.123159 -0.246364
0.160380 0.025101 -0.133320 0.323904 0.591923
0.158972 0.029163 0.062148 -0.113847 -0.173219
0.160218 0.028142 0.000430 0.060206 0.185212
0.161407 0.028327 0.058826 -0.049386 0.975255
0.170168 0.012148 0.378472 -0.752988 -0.497128
0.181851 -0.008998 0.206750 -0.314630 -0.854452
0.184401 -0.008196 -0.078222 0.345610 0.914108
0.187416 -0.009020 0.227837 -0.376797 -0.445612
0.193520 -0.016904 0.078084 -0.023962 -0.302062
0.194661 -0.013536 -0.020786 0.190028 0.605072
0.197906 -0.015752 0.182334 -0.294479 -0.725898
0.200354 -0.016308 -0.059036 0.258804 0.181089
0.199267 -0.009417 0.004252 0.089461 -0.429225
0.196610 0.000462 -0.136795 0.402066 -0.080317
0.190658 0.017296 -0.161067 0.442440 1.041194
0.191162 0.018860 0.185036 -0.352796 -0.715986
0.193699 0.016701 -0.057246 0.236199 0.935485
0.197623 0.011901 0.252432 -0.467316 -0.664498
0.203195 0.004365 0.027159 0.081381 -0.321075
0.202140 0.012595 -0.079675 0.328278 2.408124
0.214985 -0.011364 0.719526 -1.505297 -2.355920
0.227884 -0.033598 -0.071181 0.362637 0.255257
0.226856 -0.024228 0.019222 0.111195 -0.263747
0.225934 -0.016395 -0.065199 0.279675 0.911239
0.229460 -0.019915 0.240416 -0.446207 -2.059118
0.225350 -0.005958 -0.443718 1.124871 0.629307
0.211966 0.027772 -0.226988 0.576053 1.845762
0.215181 0.022399 0.385655 -0.826125 -1.504475
0.220418 0.014133 -0.121742 0.394106 2.157527
0.229921 -0.003396 0.594653 -1.250995 -0.807991
0.248141 -0.039383 0.318148 -0.565254 -0.839840
0.255278 -0.049222 0.039861 0.062432 -0.414537
0.254229 -0.041549 -0.092046 0.319138 0.951100
0.257007 -0.044730 0.229782 -0.467743 -2.294182
0.250970 -0.028619 -0.529365 1.252704 1.289005
0.238618 -0.000608 -0.090378 0.168419 -0.245689
0.233393 0.009700 -0.170794 0.346554 0.119861
0.227387 0.021520 -0.129891 0.248193 0.917061
0.228277 0.017571 0.173422 -0.436832 -0.603625
0.231090 0.010401 -0.031862 0.069801 -0.714005
0.225050 0.024349 -0.269550 0.622584 0.324583
0.216463 0.044044 -0.160585 0.369693 1.808516
0.222015 0.031664 0.436420 -0.972540 -0.309019
0.237194 -0.000416 0.323604 -0.642340 -0.759074
0.244985 -0.013553 0.067167 -0.025788 -0.376826
0.245185 -0.009030 -0.056855 0.248975 -0.590365
0.239035 0.009503 -0.250340 0.675340 0.547400
0.232737 0.027473 -0.065584 0.232994 0.552242
0.233753 0.028689 0.115745 -0.166322 -0.410154
0.235558 0.029272 -0.024953 0.190564 0.886623
0.240412 0.023759 0.266711 -0.458200 -0.071587
0.250472 0.007746 0.236797 -0.347154 -0.590049
0.255939 0.003622 0.037375 0.133404 0.773689
0.262583 -0.002968 0.294013 -0.455981 -0.886127
0.268376 -0.007000 -0.003190 0.243790 0.246087
0.269928 -0.001463 0.080351 0.037016 1.396025
0.282427 -0.021461 0.543314 -1.025870 -1.416341
0.294621 -0.039825 0.068544 0.088184 -0.149401
0.296463 -0.034997 0.023525 0.153246 -0.075637
0.296993 -0.028675 0.002918 0.163938 -0.189599
0.295930 -0.020044 -0.056074 0.267856 -0.083243
0.293212 -0.008829 -0.080011 0.294751 0.794623
0.295355 -0.009801 0.186218 -0.334722 -1.199111
0.294792 -0.004504 -0.213031 0.587674 1.561912
0.296754 -0.005840 0.309242 -0.637521 -0.546337
0.305400 -0.022188 0.124055 -0.189449 0.254420
0.312069 -0.033893 0.209304 -0.395213 -0.855065
0.314765 -0.036795 -0.073424 0.240546 -0.518115
0.308497 -0.020355 -0.239805 0.580002 -0.025443
0.298865 0.002027 -0.242267 0.544035 1.394266
0.298523 0.001726 0.223522 -0.543880 -0.746466
0.302409 -0.007756 -0.028117 0.059404 0.883574
0.307185 -0.019177 0.266057 -0.623093 -0.712074
0.313036 -0.032742 0.027641 -0.065733 -0.298731
0.312216 -0.031423 -0.068381 0.129185 -0.834217
0.304020 -0.014314 -0.340824 0.721404 0.545220
0.294154 0.004903 -0.153572 0.249837 0.117475
0.288818 0.012904 -0.113498 0.153187 0.267829
0.286053 0.015046 -0.025104 -0.042906 -0.207062
0.283630 0.016951 -0.095806 0.136055 0.505494
0.283141 0.014877 0.070812 -0.234982 -1.159440
0.278191 0.023983 -0.317091 0.679220 0.876905
0.271386 0.037377 -0.024489 0.002755 0.490155
0.273579 0.030869 0.133762 -0.324848 0.617203
0.282912 0.009590 0.332665 -0.737624 -0.243694
0.294459 -0.014921 0.245524 -0.496160 -0.252096
0.302556 -0.030537 0.159923 -0.290644 -0.976080
0.302480 -0.027458 -0.162624 0.435051 0.640387
0.300357 -0.021070 0.055527 -0.106844 -0.842138
0.297004 -0.012718 -0.222381 0.517385 0.911778
0.294278 -0.006980 0.084806 -0.219014 -1.147996
0.290013 0.002065 -0.296855 0.660670 1.037099
0.285130 0.011761 0.051250 -0.162335 0.441571
0.290063 -0.000989 0.195182 -0.473323 -0.744675
0.292844 -0.007834 -0.055087 0.121359 0.015641
0.290777 -0.003526 -0.048376 0.095234 0.795483
0.294153 -0.012111 0.216372 -0.517545 -1.370033
0.293640 -0.011320 -0.240378 0.542372 0.667051
0.288567 -0.000824 -0.014334 -0.007796 0.661504
0.292392 -0.011272 0.205006 -0.509624 -1.365815
0.291453 -0.010221 -0.250363 0.547552 0.902845
0.287547 -0.003123 0.053837 -0.181049 0.810103
0.295067 -0.022607 0.321554 -0.788432 -0.997334
0.301225 -0.038269 -0.012131 -0.008838 -0.909823
0.294772 -0.025502 -0.309762 0.640690 -0.044172
0.282240 -0.000611 -0.317313 0.609166 1.338704
0.278547 0.002390 0.130939 -0.443707 -0.345695
0.281412 -0.009369 0.013009 -0.150686 -0.278110
0.280081 -0.011110 -0.079225 0.060300 -0.744153
0.271996 0.002425 -0.324426 0.611437 1.118831
0.266549 0.008964 0.050580 -0.270826 -0.365839
0.266077 0.004351 -0.073580 0.034995 0.005717
0.263168 0.005748 -0.071928 0.035127 0.395033
0.262911 0.001201 0.058703 -0.259223 -0.792517
0.259945 0.003414 -0.206088 0.361578 0.877569
0.257585 0.004022 0.087056 -0.321438 0.014561
0.261106 -0.008505 0.089242 -0.307591 -1.043951
0.257703 -0.004525 -0.258219 0.496079 -0.225360
0.245960 0.018044 -0.329133 0.634888 0.148437
0.233839 0.040763 -0.277594 0.507360 0.690978
0.227314 0.050763 -0.049656 0.001822 0.353262
0.227560 0.046633 0.061742 -0.206196 -0.129167
0.229032 0.041765 0.012205 -0.040471 1.041733
0.236343 0.025227 0.352531 -0.779447 0.317801
0.252379 -0.009163 0.449630 -0.944541 -1.715737
0.258822 -0.019495 -0.125162 0.406834 0.289163
0.255838 -0.008616 -0.024662 0.142979 0.523950
0.258372 -0.011294 0.150763 -0.271609 -0.675222
0.259889 -0.011642 -0.074080 0.246850 0.606114
0.261016 -0.011638 0.129657 -0.239812 -0.928481
0.260010 -0.006875 -0.178919 0.468967 1.097549
0.260236 -0.005724 0.188836 -0.398994 -0.117501
0.266955 -0.019438 0.147555 -0.290938 -0.485937
0.269620 -0.023635 -0.013666 0.075094 0.998592
0.275774 -0.036577 0.320408 -0.713615 -1.624995
0.277756 -0.040046 -0.219350 0.522074 -0.435061
0.266253 -0.014073 -0.355869 0.778133 0.628598
0.256347 0.006063 -0.140633 0.240196 0.835797
0.256303 0.002684 0.137491 -0.400808 -1.155676
0.254047 0.005039 -0.248947 0.506304 1.140238
0.251737 0.007250 0.132053 -0.382854 -1.555293
0.246598 0.016545 -0.387319 0.832345 1.411805
0.240582 0.027467 0.084599 -0.268506 0.482494
0.247071 0.010350 0.239662 -0.586275 -0.364546
0.254117 -0.006439 0.113468 -0.261051 0.165093
0.259725 -0.019180 0.166991 -0.376898 -0.655546
0.262026 -0.024092 -0.051037 0.123259 0.540825
0.263651 -0.028156 0.131678 -0.321023 -1.709589
0.257560 -0.014935 -0.434523 0.966724 0.260673
0.242091 0.018126 -0.339957 0.696635 0.431152
0.231425 0.038895 -0.194316 0.350885 1.336645
0.232503 0.032894 0.246844 -0.638323 -0.397104
0.239563 0.015112 0.107066 -0.259541 -0.179605
0.242574 0.008227 0.043868 -0.088455 -0.812044
0.238891 0.017514 -0.227210 0.545733 1.319043
0.238615 0.018806 0.211792 -0.466658 -1.257531
0.238604 0.020559 -0.210797 0.540507 2.497150
0.246811 0.003628 0.618566 -1.363837 -1.689769
0.260093 -0.023015 0.048137 0.007025 0.184225
0.263290 -0.026064 0.111513 -0.157760 -1.150943
0.260124 -0.015051 -0.268706 0.698629 0.060084
0.249909 0.010731 -0.242654 0.596984 1.053729
0.247274 0.017918 0.109455 -0.224592 0.382804
0.254119 0.003813 0.232677 -0.479878 -0.617858
0.259229 -0.005116 0.023776 0.024558 0.054006
0.260548 -0.005071 0.042130 -0.021680 0.389822
0.264829 -0.011973 0.171565 -0.320592 -0.408104
0.268949 -0.018335 0.035074 -0.003231 -0.999050
0.263742 -0.003497 -0.294582 0.737718 0.403906
0.254760 0.018782 -0.155472 0.385592 0.436129
0.251454 0.027472 -0.010546 0.055312 -0.188845
0.249717 0.033192 -0.076107 0.229412 1.476630
0.256447 0.020213 0.411161 -0.865717 -1.284499
0.264166 0.006988 -0.023334 0.187160 0.785451
0.268463 0.002369 0.237313 -0.410672 0.051510
0.278222 -0.014198 0.250964 -0.420783 -0.210004
0.286824 -0.027523 0.179630 -0.250537 -0.649774
0.289703 -0.027825 -0.034896 0.228613 0.543145
0.292010 -0.027929 0.149512 -0.227397 -0.446166
0.295044 -0.030476 0.002784 0.094995 0.413884
0.297985 -0.033824 0.143771 -0.258113 -0.674747
0.299280 -0.034192 -0.078228 0.232723 -0.332213
0.294049 -0.020848 -0.183268 0.434273 0.643350
0.291107 -0.014388 0.035205 -0.102438 -0.741034
0.287600 -0.007263 -0.209837 0.452318 0.023513
0.279445 0.009732 -0.198296 0.401484 1.083983
0.278760 0.008865 0.162783 -0.433267 -1.394876
0.275905 0.013786 -0.303937 0.664826 1.650721
0.274794 0.014494 0.246403 -0.611316 -0.806588
0.279157 0.003624 -0.027037 0.056308 0.209757
0.279468 0.002702 0.042338 -0.100407 0.092153
0.281749 -0.002494 0.071740 -0.159600 -0.999786
0.277946 0.006677 -0.260900 0.609185 0.982132
0.274116 0.015338 0.068052 -0.163517 -0.379881
0.274248 0.015248 -0.060959 0.154546 -0.137225
0.270882 0.023727 -0.107341 0.269482 1.389169
0.275810 0.013408 0.352352 -0.772923 -0.672739
0.285277 -0.005786 0.122219 -0.198652 0.567089
0.293914 -0.022270 0.309309 -0.622813 -0.448420
0.303253 -0.039939 0.158537 -0.269182 -1.329542
0.300797 -0.030830 -0.280010 0.712753 -0.023440
0.289612 -0.003587 -0.279814 0.655593 0.779702
0.283710 0.009738 -0.016533 0.022179 0.604622
0.287049 0.001572 0.182919 -0.425814 0.679057
0.298810 -0.025249 0.404895 -0.913628 -1.434518
0.305379 -0.039099 -0.074398 0.202535 0.102823
0.303202 -0.033718 -0.034778 0.069411 -0.686896
0.297326 -0.021237 -0.258514 0.550419 1.408215
0.296481 -0.022047 0.214562 -0.575292 -0.399714
0.302366 -0.038633 0.080487 -0.261749 -0.380753
0.303100 -0.043778 -0.043276 -0.000263 -0.758441
0.296424 -0.033140 -0.289907 0.526946 -0.166392
0.283876 -0.010954 -0.337819 0.585933 1.019335
0.277260 -0.004190 0.005598 -0.234890 -1.079372
0.270280 0.003238 -0.353435 0.596107 1.101159
0.263553 0.009469 0.015632 -0.271145 -1.020352
0.257332 0.014906 -0.325569 0.532754 1.346719
0.253316 0.015192 0.123178 -0.503834 -0.261458
0.256396 0.000107 0.031467 -0.256850 -0.950892
0.251291 0.004815 -0.285633 0.482803 1.076867
0.247093 0.007078 0.074369 -0.357411 -0.042138
0.249719 -0.005902 0.057256 -0.295025 -0.370622
0.249513 -0.011725 -0.066973 -0.001388 -1.055003
0.239843 0.004185 -0.415587 0.788941 2.024347
0.236797 0.003714 0.260839 -0.790405 -1.980163
0.233932 0.003691 -0.401698 0.767356 0.930203
0.224161 0.019184 -0.088320 0.020921 -0.717775
0.215815 0.031491 -0.328294 0.588841 1.179389
0.210545 0.036920 0.063284 -0.303678 -0.522616
0.209473 0.034091 -0.116168 0.155221 0.025459
0.204941 0.040529 -0.110520 0.167808 0.652819
0.204793 0.037981 0.102453 -0.289299 0.983852
0.215302 0.012613 0.422451 -0.974656 0.358315
0.234403 -0.030243 0.533052 -1.173708 -2.393811
0.239691 -0.039547 -0.265537 0.680415 0.365349
0.231686 -0.019726 -0.135646 0.319529 0.177625
0.227531 -0.010521 -0.072548 0.144955 -0.066629
0.224228 -0.004102 -0.092642 0.176862 0.360992
0.222957 -0.002869 0.028630 -0.110954 -0.778869
0.218909 0.004777 -0.230285 0.486372 0.886065
0.215652 0.010117 0.066265 -0.208539 -0.289608
0.216319 0.006775 -0.032456 0.037327 0.468860
0.218127 0.001209 0.122430 -0.311803 -0.693511
0.218358 -0.000126 -0.110012 0.237082 0.124573
0.214819 0.007162 -0.067232 0.130242 -0.189244
0.210872 0.015309 -0.130075 0.276699 1.085101
0.212891 0.009735 0.229848 -0.545007 -1.629192
0.211139 0.013958 -0.315511 0.738950 1.724934
0.210069 0.016401 0.259853 -0.597535 -0.672764
0.215856 0.004054 0.030621 -0.030156 0.540246
0.220656 -0.005276 0.208924 -0.432548 -1.270893
0.220500 -0.002555 -0.215247 0.555262 0.992296
0.218575 0.003651 0.117690 -0.232656 -0.245158
0.221604 -0.001451 0.034138 -0.026349 -0.646438
0.218663 0.007471 -0.180571 0.467276 0.671913
0.215959 0.015433 0.044369 -0.060187 0.475700
0.220848 0.006200 0.199773 -0.398521 -0.161923
0.227682 -0.006533 0.142388 -0.242829 -0.868652
0.227571 -0.002683 -0.146978 0.426654 1.673528
0.232889 -0.011918 0.411031 -0.871952 -1.857817
0.236861 -0.017327 -0.210060 0.579971 0.199089
0.229903 0.001679 -0.138477 0.376957 0.005686
0.224450 0.016249 -0.134489 0.354708 0.685812
0.223644 0.019851 0.093307 -0.166531 -0.009456
0.227238 0.014063 0.086558 -0.124580 0.281765
0.232518 0.005290 0.177304 -0.313158 0.251496
0.241217 -0.010513 0.257687 -0.477818 -0.071341
0.250994 -0.028090 0.231597 -0.405536 -0.523065
0.256773 -0.036347 0.058164 -0.014507 -0.773116
0.254032 -0.025841 -0.194610 0.534218 -0.619541
0.242259 0.003773 -0.393923 0.946589 0.420309
0.229430 0.034043 -0.248719 0.578165 0.869442
0.225269 0.043890 0.039458 -0.074588 1.220464
0.234847 0.023344 0.438549 -0.944815 -0.878480
0.246345 0.000894 0.137880 -0.192571 1.648576
0.262787 -0.031810 0.682871 -1.431523 -1.673645
0.278818 -0.062172 0.121436 -0.111758 -0.866349
0.278033 -0.054620 -0.159904 0.482585 -0.876155
0.266000 -0.023745 -0.441473 1.059407 0.607578
0.252592 0.007372 -0.230364 0.510219 1.223382
0.251572 0.008514 0.177909 -0.439515 0.755943
0.263628 -0.019857 0.424569 -0.977109 -1.424182
0.271031 -0.036191 -0.052342 0.141301 0.851754
0.274700 -0.044606 0.234876 -0.553916 -0.885061
0.278225 -0.053452 -0.057444 0.100583 0.027730
0.276244 -0.051199 -0.041724 0.013709 -2.176526
0.260220 -0.018438 -0.757753 1.609069 1.857967
0.242555 0.014832 -0.128488 0.082431 0.599189
0.241383 0.009186 0.069276 -0.359648 -0.083369
0.243525 -0.003198 0.038255 -0.263381 -0.372121
0.242549 -0.007712 -0.086544 0.032649 -0.329655
0.236918 -0.001537 -0.194755 0.273931 -0.427492
0.226330 0.015613 -0.334456 0.582642 1.649423
0.223978 0.013198 0.214910 -0.686101 -0.380321
0.229912 -0.007153 0.082716 -0.340294 -1.884448
0.220650 0.008505 -0.543850 1.105950 2.336994
0.214590 0.015596 0.237867 -0.724217 -1.035578
0.217073 0.003895 -0.112227 0.124973 0.782591
0.217800 -0.003176 0.147785 -0.471542 0.327991
0.225828 -0.026490 0.253718 -0.695608 -1.301279
0.227276 -0.033993 -0.179593 0.304832 -1.766485
0.208466 0.004161 -0.759693 1.592543 2.176545
0.192790 0.032429 -0.027425 -0.148697 -0.773730
0.186454 0.039339 -0.288507 0.486589 0.435714
0.177797 0.052414 -0.145092 0.174217 0.338344
0.174151 0.055215 -0.037605 -0.030668 0.403000
0.175195 0.049172 0.089559 -0.269342 0.011738
0.178701 0.039760 0.086032 -0.204020 0.251409
0.183690 0.028980 0.163389 -0.335285 -0.841794
0.184506 0.029660 -0.121546 0.359680 1.377292
0.188784 0.023160 0.334016 -0.671555 0.126269
0.202824 -0.004160 0.368445 -0.699443 -1.063215
0.210384 -0.014917 0.011092 0.147541 0.162567
0.211957 -0.012008 0.067255 0.000544 -0.083687
0.214110 -0.010933 0.040437 0.052704 0.013734
0.215843 -0.009313 0.046181 0.028945 0.390140
0.220303 -0.014357 0.176452 -0.277859 -1.305396
0.218661 -0.005334 -0.257200 0.716854 1.048310
0.215460 0.006199 0.095630 -0.126083 -0.510264
0.215852 0.009353 -0.075503 0.278762 -0.666288
0.208414 0.030630 -0.295959 0.782129 1.423431
0.206084 0.039786 0.177550 -0.307073 -0.294710
0.211083 0.033410 0.072959 -0.017005 0.679143
0.218432 0.023156 0.293921 -0.491113 0.209912
0.231449 0.001535 0.357184 -0.592821 0.313825
0.247719 -0.026117 0.456545 -0.792402 -1.326317
0.257088 -0.036945 0.013705 0.234300 -0.950629
0.251421 -0.014096 -0.296445 0.903432 1.340114
0.248637 -0.000030 0.155284 -0.182134 -0.519635
0.251355 0.000962 -0.018758 0.226188 1.743975
0.262229 -0.017014 0.560702 -1.109737 -1.474773
0.274708 -0.037618 0.065522 0.058781 -0.469403
0.274292 -0.028966 -0.086016 0.371203 0.771336
0.276095 -0.027085 0.175132 -0.267838 -1.541072
0.272863 -0.014359 -0.335164 0.890488 1.756474
0.271301 -0.007203 0.254765 -0.511633 -0.133395
0.280537 -0.025060 0.207552 -0.386497 -1.132271
0.281300 -0.023156 -0.168104 0.470046 0.688478
0.279273 -0.016054 0.065732 -0.105478 -0.043057
0.281631 -0.019804 0.052285 -0.083083 -0.423309
0.280934 -0.016935 -0.086702 0.222785 -0.319410
0.275409 -0.003769 -0.189466 0.435138 0.220008
0.269365 0.009626 -0.113297 0.240000 0.913432
0.270921 0.005135 0.190083 -0.455676 -0.925402
0.272284 0.001892 -0.120713 0.282547 0.199708
0.268819 0.009832 -0.052958 0.118319 0.621406
0.270826 0.005128 0.152683 -0.347881 -1.268188
0.268429 0.011321 -0.271112 0.644801 1.794987
0.269592 0.008984 0.327161 -0.742673 -1.138365
0.274969 -0.001992 -0.056693 0.178793 0.342942
0.275009 -0.000353 0.058246 -0.092687 -0.949620
0.271004 0.010687 -0.257587 0.636621 0.747707
0.265741 0.024108 -0.006717 0.045428 2.090192
0.279323 -0.005635 0.683968 -1.516729 -2.187942
0.291904 -0.030758 -0.051653 0.230776 -0.542736
0.286326 -0.014172 -0.227011 0.596713 0.386660
0.279934 0.002672 -0.093413 0.253628 0.840710
0.281818 -0.000335 0.186639 -0.395436 0.057984
0.289605 -0.016481 0.202989 -0.414818 -0.349660
0.295368 -0.027492 0.085785 -0.141737 -0.236770
0.297260 -0.029936 0.009120 0.016810 -0.190332
0.296424 -0.027021 -0.050771 0.127933 1.054752
0.301485 -0.038862 0.302698 -0.710481 -1.842806
0.301317 -0.038926 -0.308935 0.687621 0.237143
0.290725 -0.016850 -0.221453 0.424182 0.902168
0.287969 -0.014670 0.082500 -0.304501 -0.282970
0.289373 -0.022407 -0.011799 -0.086997 -0.805627
0.283580 -0.013889 -0.277114 0.506299 0.306548
0.274643 0.000683 -0.170438 0.229062 -0.619516
0.263739 0.019101 -0.374396 0.689007 0.332361
0.251037 0.041109 -0.261548 0.419624 1.965318
0.253614 0.028168 0.388419 -1.048874 -1.995502
0.255657 0.018947 -0.283647 0.563479 1.169377
0.252130 0.023251 0.105822 -0.334784 -0.242127
0.254648 0.014601 0.020584 -0.102649 -0.256328
0.253715 0.014946 -0.066881 0.116901 -0.142901
0.250071 0.022047 -0.115295 0.237835 0.326882
0.247616 0.026775 -0.007894 0.002829 1.274515
0.255713 0.007975 0.411694 -0.933529 -1.363242
0.262949 -0.006949 -0.047940 0.168939 -0.577243
0.257227 0.008333 -0.237763 0.592206 0.701008
0.252446 0.020698 -0.002415 0.036345 1.096703
0.259598 0.005782 0.359049 -0.773753 -1.045656
0.266868 -0.007891 0.006034 0.075449 -0.777079
0.261963 0.006826 -0.250651 0.655171 2.075636
0.265822 0.000474 0.441231 -0.951516 -0.847018
0.277686 -0.023248 0.153479 -0.249189 -1.253831
0.275493 -0.014123 -0.261814 0.694078 0.592550
0.269093 0.003325 -0.059290 0.188837 0.901781
0.272736 -0.003109 0.240488 -0.502101 -0.612395
0.278208 -0.013144 0.034033 -0.008570 -1.456548
0.269903 0.008639 -0.447986 1.086659 2.297255
0.267404 0.015611 0.320114 -0.711347 -0.939215
0.273813 0.002941 0.001779 0.064492 -0.128510
0.273027 0.007522 -0.041028 0.164032 0.528479
0.274903 0.005964 0.134252 -0.236596 0.125105
0.281050 -0.004923 0.173187 -0.308888 0.338465
0.290187 -0.022135 0.283588 -0.551731 -0.929505
0.295308 -0.029665 -0.026277 0.163678 -0.765909
0.289248 -0.012220 -0.276223 0.704459 0.402715
0.281007 0.008588 -0.136777 0.345116 1.037702
0.282466 0.006231 0.208579 -0.452224 -0.775159
0.285566 0.000842 -0.052545 0.172943 0.423230
0.286298 0.001089 0.088663 -0.155966 0.431221
0.292682 -0.011499 0.230267 -0.471500 -0.024595
0.301678 -0.029577 0.219915 -0.436456 -0.720805
0.305676 -0.036033 -0.019046 0.104712 0.346459
0.307310 -0.038101 0.100317 -0.204207 -0.874743
0.305556 -0.033421 -0.187082 0.430296 0.272594
0.300023 -0.021710 -0.090206 0.161274 0.605708
0.300515 -0.025250 0.114102 -0.332015 0.348562
0.307402 -0.043993 0.230150 -0.604979 -2.269573
0.301524 -0.033560 -0.521608 1.104932 1.083288
0.288107 -0.008224 -0.151140 0.179683 -0.328408
0.279924 0.003604 -0.257881 0.410846 1.286643
0.278223 -0.000167 0.171372 -0.586189 -1.573669
0.274523 0.001369 -0.354504 0.646000 0.422224
0.263248 0.019918 -0.210159 0.290178 -0.496610
0.251540 0.039254 -0.374987 0.674946 1.575512
0.247030 0.042125 0.147595 -0.514048 0.571072
0.256560 0.014492 0.328898 -0.868173 -1.144924
0.261935 -0.001116 -0.058415 0.071533 -1.126018
0.252120 0.018959 -0.431391 0.924125 1.571976
0.245415 0.031028 0.093989 -0.300895 -0.072517
0.248575 0.021265 0.064361 -0.190708 -0.948098
0.244764 0.028985 -0.253880 0.567552 2.303760
0.249947 0.016276 0.510586 -1.181170 -0.603725
0.266135 -0.019700 0.300321 -0.632437 -0.097605
0.277441 -0.043069 0.265557 -0.541946 -1.876563
0.275596 -0.036196 -0.355769 0.867323 -0.196922
0.260262 -0.000437 -0.411465 0.926857 2.414100
0.260001 -0.001663 0.395498 -0.961894 -1.206117
0.267653 -0.020327 -0.011026 0.011264 -0.747341
0.262286 -0.008848 -0.256729 0.557303 0.810604
0.257510 0.000075 0.016792 -0.100141 -0.035242
0.257930 -0.003218 0.004316 -0.065685 0.619206
0.262217 -0.015312 0.209519 -0.534772 -1.774715
0.258744 -0.009048 -0.381171 0.830050 0.638089
0.247886 0.013066 -0.162984 0.287657 0.249859
0.243042 0.020688 -0.079685 0.097654 0.615994
0.243918 0.015519 0.122902 -0.350817 -0.347298
0.246434 0.007687 0.003496 -0.046590 -0.021658
0.246402 0.006435 -0.004999 -0.016704 0.645742
0.250478 -0.003945 0.208220 -0.497585 -1.772557
0.246945 0.003996 -0.382853 0.876898 0.921201
0.237880 0.023881 -0.071974 0.131817 0.746445
0.239929 0.018109 0.173670 -0.413905 0.339167
-0.007298 0.004430 0.000507 -0.003795 -1.461061
-0.017010 0.026871 -0.484785 1.114447 1.743079
-0.024705 0.043874 0.097540 -0.241570 -0.451451
-0.023945 0.042521 -0.058847 0.167961 -0.240964
-0.027975 0.053744 -0.142565 0.392245 0.454049
-0.030728 0.063250 0.004266 0.089259 0.091160
-0.030088 0.066826 0.027668 0.090266 0.216936
-0.027685 0.068603 0.092260 0.000238 0.739704
-0.019246 0.058941 0.329178 -0.478601 0.293784
-0.004342 0.037362 0.416199 -0.602906 -0.876907
0.006285 0.028446 0.116443 0.144939 0.740919
0.015811 0.023405 0.359169 -0.390476 0.301488
0.032055 0.004291 0.453096 -0.566559 -0.125232
0.049232 -0.015519 0.406355 -0.429806 -0.609227
0.061386 -0.023069 0.202196 0.044136 -1.377993
0.060348 -0.000661 -0.252925 1.066422 1.820605
0.062488 0.012657 0.357397 -0.377550 0.164660
0.077776 -0.004107 0.407212 -0.462740 -0.957936
0.087614 -0.007306 0.085905 0.291557 0.832618
0.096632 -0.008925 0.364001 -0.363622 0.089974
0.111737 -0.024504 0.391501 -0.417652 -0.460725
0.124307 -0.034078 0.237736 -0.067919 0.353608
0.136217 -0.042857 0.357466 -0.368522 -0.798562
0.145231 -0.045786 0.094182 0.213268 0.188706
0.150373 -0.041436 0.162518 0.007911 0.438558
0.159870 -0.048763 0.311874 -0.370352 -2.066864
0.158644 -0.032456 -0.371149 1.167690 1.197082
0.151997 -0.006389 0.036780 0.154845 0.622868
0.157639 -0.010067 0.244629 -0.332594 0.460061
0.170446 -0.030174 0.395556 -0.671934 -2.172766
0.171774 -0.023446 -0.326722 0.986473 1.606420
0.169582 -0.010474 0.214908 -0.317116 -1.526625
0.167990 0.000525 -0.292908 0.852852 1.991569
0.169641 0.002965 0.372996 -0.708429 -0.091689
0.183829 -0.022899 0.337028 -0.591507 -1.001061
0.190605 -0.030880 0.003133 0.179971 0.082014
0.191363 -0.025850 0.034560 0.073961 -1.074073
0.185663 -0.007048 -0.318716 0.858935 0.613343
0.177134 0.016621 -0.109012 0.336567 0.068520
0.173237 0.029014 -0.086172 0.286275 2.678159
0.187573 -0.000319 0.800493 -1.730790 -1.181084
0.211465 -0.049053 0.396613 -0.729936 -0.840351
0.221734 -0.065486 0.118173 -0.103972 -2.200310
0.211962 -0.037269 -0.605023 1.498739 1.576555
0.198549 -0.004353 -0.068191 0.171914 -0.029069
0.195660 0.002679 -0.076388 0.180943 0.077915
0.193140 0.008580 -0.049811 0.116181 0.651550
0.195476 0.003302 0.165949 -0.374263 -1.179824
0.194197 0.007075 -0.228520 0.550679 0.918065
0.191227 0.014468 0.078717 -0.169385 0.356040
0.196681 0.002827 0.193844 -0.411583 -1.179211
0.196517 0.005139 -0.200662 0.514616 0.886170
0.194446 0.011584 0.095933 -0.181272 0.556466
0.201926 -0.003661 0.277748 -0.578470 -0.608457
0.208904 -0.016722 0.072131 -0.084100 0.579649
0.215663 -0.029223 0.265378 -0.537055 -1.193448
0.218320 -0.032304 -0.131055 0.369628 -0.319472
0.211077 -0.013817 -0.231190 0.555802 -0.137368
0.201027 0.009502 -0.271659 0.613898 1.371932
0.199354 0.012422 0.186329 -0.452282 -1.484115
0.196835 0.018063 -0.310556 0.718938 1.743030
0.196071 0.019553 0.270200 -0.625248 0.274493
0.208562 -0.008345 0.354651 -0.773051 -1.855908
0.210299 -0.009875 -0.265517 0.675865 2.447473
0.216078 -0.021533 0.551717 -1.234174 -1.900142
0.225365 -0.040538 -0.084612 0.258870 -0.499141
0.218787 -0.023770 -0.244140 0.578431 0.811470
0.214556 -0.014385 0.031390 -0.097874 0.199945
0.217156 -0.021540 0.098509 -0.259012 -2.363183
0.205385 0.004280 -0.684839 1.530115 1.837114
0.190432 0.035358 -0.065737 0.051066 -0.398773
0.185078 0.044310 -0.201604 0.393461 0.594432
0.180923 0.051475 -0.006944 -0.027769 0.359938
0.182915 0.046121 0.106289 -0.238081 0.227360
0.188534 0.034543 0.174707 -0.341651 0.115430
0.196154 0.020410 0.206539 -0.367427 0.395236
0.206936 0.000654 0.332528 -0.620705 -0.692574
0.215526 -0.012640 0.098114 -0.054608 -0.344050
0.217174 -0.009711 -0.015394 0.198104 1.558917
0.226971 -0.026178 0.503684 -1.007691 -1.793595
0.235088 -0.038166 -0.095399 0.386120 0.061803
0.231819 -0.025026 -0.068447 0.275005 0.118110
0.229958 -0.016745 -0.024959 0.142534 -0.358023
0.226632 -0.006081 -0.141183 0.389349 0.145811
0.222022 0.006634 -0.089773 0.250854 0.975595
0.224939 0.001542 0.234548 -0.496011 -1.088738
0.226994 -0.000831 -0.130390 0.364846 -0.286844
0.219922 0.017706 -0.223240 0.562883 1.150962
0.218688 0.022249 0.160063 -0.322363 -0.936352
0.218759 0.024728 -0.155424 0.436132 1.408279
0.221912 0.020589 0.311513 -0.628994 0.353853
0.236578 -0.008642 0.422017 -0.835434 -0.980299
0.246822 -0.026038 0.091778 -0.048926 -0.519498
0.247081 -0.020510 -0.078354 0.321235 -0.094525
0.243406 -0.007068 -0.105625 0.353071 -0.810862
0.233850 0.018922 -0.371732 0.943246 1.971709
0.232189 0.025602 0.286138 -0.586347 -0.587589
0.239573 0.012597 0.084121 -0.073626 -0.182342
0.241678 0.012893 0.021364 0.086236 -0.797985
0.237201 0.028833 -0.244530 0.705181 1.448147
0.237084 0.034592 0.236825 -0.400471 -0.535029
0.242852 0.028178 0.052414 0.071895 1.262680
0.253284 0.012278 0.468072 -0.857084 -0.420557
0.269042 -0.014059 0.320880 -0.470406 -0.285414
0.279927 -0.028134 0.224020 -0.239401 -0.012958
0.288817 -0.037791 0.220664 -0.245285 -0.615974
0.293585 -0.038647 0.018430 0.196076 0.469472
0.297550 -0.039120 0.179236 -0.214048 -0.676498
0.300268 -0.037875 -0.042613 0.269716 -0.543764
0.295065 -0.019932 -0.217329 0.626051 0.791080
0.291767 -0.008297 0.051182 -0.032782 -0.129814
0.292958 -0.007719 0.008521 0.060469 0.471429
0.296456 -0.012760 0.165872 -0.308343 -0.619519
0.298946 -0.015419 -0.040572 0.168169 0.176722
0.298553 -0.011948 0.020624 0.008299 -0.326615
0.297228 -0.006846 -0.086588 0.244510 0.582185
0.297685 -0.006455 0.108706 -0.218390 0.007512
0.302060 -0.015124 0.110207 -0.216803 -0.407106
0.303757 -0.017565 -0.024839 0.089967 0.568511
0.306593 -0.023188 0.166074 -0.365861 -1.145044
0.305613 -0.020250 -0.213793 0.501185 0.362702
0.299592 -0.006877 -0.088019 0.174670 0.536834
0.299682 -0.008496 0.091865 -0.249940 0.011881
0.303414 -0.018504 0.094931 -0.252427 -1.099336
0.299900 -0.011773 -0.269485 0.578676 -0.152385
0.288219 0.012704 -0.314911 0.648998 1.509921
0.285734 0.014935 0.188804 -0.520570 -0.452428
0.290162 0.002140 0.033467 -0.127222 1.155005
0.299157 -0.020439 0.415359 -0.993968 -1.898835
0.303035 -0.030152 -0.218968 0.485484 0.445548
0.297378 -0.018890 -0.064689 0.085436 0.016124
0.294952 -0.016241 -0.056736 0.048055 -0.414680
0.289967 -0.008358 -0.192207 0.343489 -0.282628
0.280469 0.009102 -0.282734 0.530349 0.847109
0.274854 0.016838 0.000806 -0.132673 -0.404991
0.272134 0.018353 -0.136311 0.203993 0.509740
0.270061 0.018871 0.032049 -0.172662 -0.822807
0.265800 0.025306 -0.244179 0.486413 1.313887
0.264786 0.024565 0.191935 -0.509637 -0.790770
0.267069 0.017613 -0.076638 0.151432 0.158814
0.265040 0.021478 -0.025065 0.044080 0.775432
0.269149 0.011812 0.229855 -0.521367 -0.838135
0.272658 0.004846 -0.053219 0.162090 0.321751
0.272679 0.006324 0.053820 -0.084402 -0.182672
0.273584 0.006057 -0.008301 0.068830 0.150966
0.274248 0.006582 0.041303 -0.040898 -0.222711
0.274392 0.008619 -0.033854 0.140593 1.391226
0.282288 -0.007075 0.427340 -0.913604 0.395608
0.301883 -0.048592 0.552710 -1.166751 -1.875879
0.311448 -0.066040 -0.071783 0.270201 -0.652439
0.304423 -0.047089 -0.279188 0.675562 0.369574
0.295917 -0.027696 -0.147058 0.303040 0.021994
0.290286 -0.016927 -0.134743 0.238436 -0.018701
0.284845 -0.007782 -0.137516 0.220869 -1.250052
0.271080 0.019814 -0.549819 1.151252 1.854259
0.261549 0.036351 0.070655 -0.300459 1.149583
0.271893 0.007962 0.445863 -1.113396 -1.139706
0.281958 -0.017357 0.059310 -0.170844 -0.162285
0.283261 -0.021839 0.006135 -0.055752 1.210781
0.291597 -0.043061 0.409567 -0.996169 -2.129462
0.293767 -0.049889 -0.298383 0.630396 0.464213
0.285124 -0.033765 -0.134741 0.185133 -0.683598
0.275292 -0.016868 -0.356443 0.656515 0.316160
0.263276 0.003293 -0.245184 0.359669 1.492981
0.263450 -0.005637 0.252236 -0.791762 -0.404507
0.270743 -0.030141 0.113423 -0.443255 -1.774160
0.263483 -0.020716 -0.474528 0.897650 -0.258295
0.242968 0.017502 -0.551700 1.019068 0.726017
0.225849 0.046184 -0.305761 0.429201 0.732839
0.218455 0.052641 -0.064910 -0.097594 -0.028922
0.215536 0.050562 -0.080884 -0.008004 0.411763
0.214924 0.045145 0.049984 -0.260375 0.163962
0.217872 0.033645 0.097559 -0.316129 -0.724354
0.216832 0.033360 -0.148612 0.293290 0.575169
0.214679 0.036687 0.040233 -0.120432 0.676542
0.220683 0.022539 0.259525 -0.583322 -0.195516
0.229620 0.003554 0.187999 -0.372621 0.840223
0.242658 -0.023636 0.463483 -0.983617 -1.659893
0.250056 -0.036688 -0.091310 0.310061 -0.143843
0.245570 -0.023302 -0.133142 0.361176 0.341554
0.242619 -0.015085 -0.015058 0.055551 -0.044416
0.241759 -0.012567 -0.027937 0.070632 0.863436
0.246420 -0.023355 0.260146 -0.602673 -0.974987
0.250299 -0.032192 -0.064852 0.148463 -0.735178
0.242907 -0.015875 -0.304267 0.663443 0.638739
0.235119 -0.000371 -0.086250 0.122414 -0.536373
0.228119 0.012628 -0.263372 0.524458 1.570309
0.228079 0.009113 0.259560 -0.683968 -1.483889
0.228465 0.005712 -0.238384 0.496691 1.111668
0.226385 0.008007 0.132977 -0.369342 -1.155264
0.223943 0.011697 -0.253730 0.541800 1.280548
0.222365 0.013284 0.173250 -0.448214 -0.880388
0.223338 0.009825 -0.123422 0.264600 0.923157
0.224556 0.006141 0.183325 -0.439662 -1.299804
0.223159 0.009293 -0.251665 0.583529 1.177127
0.220986 0.014029 0.141501 -0.332926 -0.696391
0.221928 0.012221 -0.093500 0.234217 0.006422
0.218234 0.021503 -0.091364 0.231802 1.374110
0.223701 0.009905 0.363345 -0.799635 -1.787960
0.226193 0.006730 -0.236511 0.620351 0.550558
0.220468 0.022459 -0.050735 0.175489 1.494007
0.228346 0.006866 0.443206 -0.942629 -1.787433
0.234019 -0.001914 -0.157169 0.481941 1.125292
0.235288 -0.000567 0.219230 -0.401926 -0.543294
0.240377 -0.007727 0.036015 0.036337 0.040761
0.242104 -0.007082 0.050291 -0.003403 -0.584464
0.240237 0.001647 -0.143161 0.435436 1.564948
0.244976 -0.005477 0.378382 -0.776033 -0.648984
0.255682 -0.025593 0.158135 -0.241349 -0.607597
0.257980 -0.026145 -0.042505 0.207340 0.383730
0.258916 -0.024586 0.088761 -0.124449 -1.505246
0.252485 -0.006808 -0.408908 1.001162 1.420297
0.245739 0.009963 0.069497 -0.143161 -0.077570
0.247954 0.005893 0.041466 -0.062307 0.265359
0.251350 -0.000415 0.128170 -0.251645 -1.576165
0.245950 0.014104 -0.396560 0.963371 1.596605
0.240817 0.027204 0.137660 -0.288102 -0.004689
0.246182 0.016812 0.130878 -0.234264 0.543167
0.254951 -0.000154 0.307297 -0.612104 -1.135704
0.259589 -0.006329 -0.073889 0.289438 0.426876
0.259524 -0.001798 0.070026 -0.057115 -0.346978
0.260005 0.001329 -0.045595 0.210316 1.315771
0.266956 -0.010678 0.391801 -0.798878 -0.344168
0.280234 -0.036482 0.273059 -0.500646 -1.651503
0.280174 -0.031296 -0.274257 0.743550 0.109366
0.270107 -0.004910 -0.229814 0.583216 0.455870
0.264041 0.010564 -0.074355 0.198921 0.622809
0.265212 0.008975 0.132167 -0.272074 0.252279
0.272110 -0.005170 0.212767 -0.435674 0.094490
0.281189 -0.023545 0.241459 -0.485981 -0.505185
0.287461 -0.035083 0.072972 -0.098724 -1.643010
0.279512 -0.014450 -0.468980 1.117596 1.046999
0.267915 0.012379 -0.112729 0.241495 0.597281
0.267384 0.012868 0.085472 -0.210590 0.716236
0.275503 -0.005939 0.320018 -0.726281 -1.665065
0.277126 -0.008538 -0.236759 0.577494 0.241520
0.269365 0.009921 -0.152002 0.352287 1.420381
0.272760 0.001992 0.320232 -0.735062 -1.225679
0.277296 -0.007511 -0.091740 0.244253 0.681923
0.278212 -0.008679 0.136728 -0.295296 0.766665
0.288751 -0.032036 0.389740 -0.869015 -1.015852
0.297521 -0.050751 0.050371 -0.081747 -0.441326
0.296700 -0.048287 -0.091028 0.201431 -1.071287
0.286071 -0.025149 -0.439701 0.949777 1.369045
0.277788 -0.010008 0.023554 -0.174067 -1.102096
0.271395 -0.000009 -0.342096 0.664250 0.017402
0.257929 0.025436 -0.331802 0.613742 1.171058
0.252481 0.031810 0.057880 -0.281123 0.467509
0.257791 0.014534 0.207503 -0.581940 -0.632070
0.261765 0.002115 -0.007767 -0.048911 -0.331755
0.259233 0.005405 -0.118475 0.210422 -0.062111
0.254099 0.014656 -0.138352 0.253362 -0.113251
0.247815 0.026568 -0.175926 0.343346 0.704781
0.245455 0.029678 0.057045 -0.179848 -0.419832
0.244848 0.029899 -0.086849 0.185823 0.998222
0.247969 0.022495 0.241938 -0.547253 0.710658
0.262236 -0.009017 0.471248 -1.027856 -2.101079
0.266969 -0.016650 -0.231896 0.621481 0.995534
0.264441 -0.008259 0.104096 -0.188939 0.191279
0.269862 -0.018654 0.166927 -0.330848 -0.804615
0.271174 -0.019480 -0.100363 0.280767 1.280207
0.275756 -0.028702 0.328073 -0.729441 -0.926396
0.282667 -0.043313 0.018920 -0.014199 0.133674
0.284404 -0.046883 0.067768 -0.162952 -1.315519
0.278447 -0.034058 -0.364446 0.793488 -0.141435
0.263122 -0.001963 -0.402330 0.817270 0.342509
0.249436 0.024359 -0.282967 0.508408 0.572126
0.241945 0.035830 -0.092500 0.073605 0.984305
0.244720 0.024435 0.230411 -0.635780 -0.012077
0.253704 0.000639 0.219343 -0.559739 -1.325615
0.253571 -0.000585 -0.224359 0.483628 -0.407296
0.241960 0.024394 -0.356226 0.766248 1.518993
0.237872 0.031305 0.149852 -0.402803 -0.485471
0.240503 0.023950 -0.017490 0.027630 0.194054
0.241041 0.022636 0.044199 -0.091905 0.587166
0.246645 0.010633 0.235593 -0.504871 -0.055092
0.255596 -0.007751 0.212464 -0.419189 -1.889221
0.251476 0.004929 -0.416473 1.035320 1.429286
0.244465 0.023162 0.063775 -0.103945 0.829598
0.252460 0.006984 0.335398 -0.699852 -0.931957
0.259549 -0.005550 0.020437 0.060022 0.650670
0.264709 -0.013310 0.236959 -0.442490 -0.660560
0.269750 -0.020536 0.016015 0.072481 -0.390213
0.267846 -0.012173 -0.110966 0.343525 1.587151
0.274038 -0.023514 0.418858 -0.895351 -0.302642
0.288689 -0.053987 0.314692 -0.638059 -2.151706
0.286994 -0.046892 -0.397106 0.971857 0.689465
0.275941 -0.020945 -0.156965 0.339262 0.497687
0.273069 -0.015925 0.012609 -0.081357 -0.674118
0.269111 -0.009051 -0.209874 0.419384 -0.739266
0.255881 0.018345 -0.451312 0.948379 1.177564
0.245762 0.037393 -0.056467 0.020992 0.724397
0.248238 0.027991 0.179667 -0.485850 -0.247481
0.253640 0.013694 0.091083 -0.235329 -1.371763
0.248089 0.026024 -0.367172 0.839104 2.012681
0.246852 0.028216 0.302864 -0.707296 -0.062652
0.258376 0.002527 0.273985 -0.583965 -0.633797
0.265019 -0.010213 0.059249 -0.062863 0.593903
0.271347 -0.021962 0.256666 -0.520483 -1.591498
0.270994 -0.018113 -0.272546 0.696635 1.252695
0.268566 -0.010802 0.149444 -0.315482 -0.484378
0.271293 -0.015770 -0.012379 0.060799 1.336498
0.279728 -0.034276 0.432816 -0.975057 -2.149001
0.282676 -0.039758 -0.282722 0.676581 0.475454
0.274716 -0.021783 -0.116253 0.231838 0.583503
0.274029 -0.022254 0.081165 -0.248753 -0.105823
0.276582 -0.030732 0.046778 -0.177818 -0.734624
0.273609 -0.027011 -0.194696 0.357080 0.345079
0.268230 -0.019103 -0.074850 0.044273 -0.442997
0.262340 -0.011002 -0.219351 0.357983 -0.292675
0.251699 0.007108 -0.312748 0.548427 1.431430
0.248779 0.006515 0.165044 -0.562573 -1.259816
0.246902 0.004299 -0.257322 0.437277 -0.432606
0.233789 0.027980 -0.398261 0.747053 1.159801
0.225623 0.039743 -0.011696 -0.143911 0.104781
0.225741 0.033526 0.017678 -0.167811 0.006728
0.226391 0.027748 0.015010 -0.122863 0.943780
0.233186 0.009185 0.324045 -0.799549 -1.178290
0.238165 -0.003376 -0.073367 0.155619 -0.237962
0.233676 0.006256 -0.151036 0.325512 -0.713276
0.222922 0.029981 -0.386228 0.857893 1.631578
0.218382 0.038848 0.157078 -0.395049 0.195698
0.225816 0.021512 0.214830 -0.474063 -1.088223
0.227047 0.020440 -0.151950 0.407884 1.328243
0.229813 0.016332 0.288790 -0.599959 -0.993264
0.234624 0.008819 -0.046854 0.211431 -0.295389
0.230790 0.021783 -0.144717 0.436182 1.514428
0.235084 0.015945 0.357746 -0.713124 -0.183158
0.248024 -0.008395 0.290032 -0.511531 -0.707703
0.254851 -0.017447 0.052347 0.049224 -0.699563
0.252330 -0.005155 -0.177844 0.560689 1.821439
0.257421 -0.011533 0.430325 -0.860882 -1.294299
0.265913 -0.025158 -0.003892 0.162454 0.236699
0.267405 -0.023051 0.078131 -0.053653 -0.488833
0.267315 -0.018108 -0.082151 0.296838 1.516637
0.274196 -0.030305 0.424569 -0.892292 -1.824209
0.278975 -0.037467 -0.183299 0.512922 0.583854
0.275682 -0.027428 0.017676 -0.001835 0.139238
0.277372 -0.030236 0.066677 -0.137246 -0.496964
0.276777 -0.028578 -0.095883 0.215498 -0.127365
0.272189 -0.018919 -0.133643 0.268631 0.591266
0.270857 -0.018021 0.066290 -0.216750 -0.896267
0.267553 -0.013020 -0.230538 0.458312 0.729807
0.263284 -0.006783 0.016032 -0.136847 -0.929840
0.257733 0.002086 -0.292619 0.572101 0.962858
0.252515 0.009494 0.030372 -0.189530 -1.188759
0.245772 0.020681 -0.366289 0.738028 1.790445
0.243093 0.022238 0.230163 -0.640498 -0.271513
0.250345 0.002194 0.133256 -0.369431 -0.349932
0.253285 -0.006627 0.014331 -0.077480 0.014106
0.253953 -0.009958 0.019106 -0.089579 -0.172490
0.253576 -0.010969 -0.037720 0.037082 -0.290014
0.250166 -0.005300 -0.132554 0.244566 -0.925950
0.238752 0.018293 -0.437528 0.930086 1.372805
0.230480 0.033635 0.021928 -0.144683 -0.061752
0.230847 0.029807 -0.003354 -0.048803 0.668614
0.235083 0.018385 0.214619 -0.518003 0.856555
0.249242 -0.014336 0.493021 -1.116124 -1.654521
0.257816 -0.032373 -0.061901 0.192124 -0.593128
0.251492 -0.016550 -0.253959 0.596522 1.307030
0.250152 -0.013912 0.185284 -0.449460 0.294270
0.259480 -0.036097 0.281208 -0.661143 -1.281356
0.262186 -0.042801 -0.144249 0.310862 -0.795914
0.251264 -0.019525 -0.401488 0.850091 0.469092
0.238496 0.005715 -0.238025 0.422885 -0.480582
0.225830 0.029611 -0.395170 0.771696 1.759624
0.221775 0.033162 0.190234 -0.574486 0.851391
0.234886 -0.001323 0.465070 -1.148613 -2.491955
0.236739 -0.007445 -0.369250 0.813720 0.862730
0.227846 0.010624 -0.076854 0.103318 0.545772
0.228392 0.006517 0.103607 -0.303793 -0.345631
0.230174 0.000268 -0.013927 -0.013950 -0.419720
0.226820 0.006220 -0.153399 0.308180 1.062577
0.227782 0.001992 0.200338 -0.508953 -0.749730
0.230724 -0.006085 -0.052151 0.095026 0.377009
0.231171 -0.008309 0.074085 -0.202456 -0.805354
0.228763 -0.003920 -0.193642 0.414083 -0.028702
0.220895 0.012476 -0.200053 0.409050 1.065361
0.220011 0.012253 0.154579 -0.408736 1.016442
0.232863 -0.018845 0.487472 -1.141995 -1.965763
0.239154 -0.033215 -0.170256 0.398806 0.062564
0.232891 -0.019491 -0.143287 0.291555 0.684607
0.231799 -0.019154 0.087823 -0.266794 -1.332557
0.226449 -0.009413 -0.353935 0.741652 -0.279936
0.210563 0.023377 -0.440757 0.902032 1.143825
0.200623 0.041270 -0.057979 0.008933 0.180651
0.199413 0.039838 -0.002660 -0.079555 0.596887
0.203172 0.028565 0.190203 -0.480727 -0.690049
0.206050 0.021278 -0.045239 0.106706 1.390365
0.213453 0.004585 0.414082 -0.930207 -0.670005
0.225403 -0.020940 0.184788 -0.359098 -0.426645
0.229944 -0.028717 0.042917 -0.035883 0.088450
0.232303 -0.032090 0.074952 -0.132108 -0.527067
0.231843 -0.029814 -0.097379 0.241125 0.032153
0.228262 -0.021641 -0.081951 0.170127 -0.567231
0.221283 -0.006818 -0.266685 0.568416 0.406623
0.213420 0.008789 -0.127305 0.219900 -0.559835
0.204616 0.026130 -0.312551 0.644584 0.907745
0.198188 0.037761 -0.010175 -0.050838 0.100087
0.198351 0.035176 0.018352 -0.078560 0.220981
0.200460 0.029604 0.087020 -0.199413 -0.461541
0.200771 0.029711 -0.070901 0.199179 0.953687
0.204235 0.023506 0.243153 -0.500866 -0.166875
0.212716 0.007294 0.181511 -0.315486 -0.917964
0.213799 0.009416 -0.126278 0.411773 1.597314
0.219407 0.001065 0.404936 -0.813802 0.006029
0.235511 -0.030420 0.400903 -0.767305 -1.189186
0.243583 -0.042494 0.004372 0.148185 0.819072
0.249314 -0.050275 0.281268 -0.529193 -1.713489
0.249201 -0.045590 -0.285049 0.746567 -0.592512
0.234067 -0.008643 -0.471797 1.103152 1.362950
0.224444 0.012907 -0.011457 -0.005749 0.518677
0.227403 0.005055 0.158962 -0.383118 -0.414487
0.230931 -0.003233 0.018144 -0.037809 0.376121
0.234157 -0.010510 0.142822 -0.323473 -1.574914
0.229364 0.000973 -0.380803 0.882981 2.139546
0.228492 0.002303 0.334589 -0.792646 -1.159218
0.234036 -0.010442 -0.055725 0.139746 -0.512957
0.228436 0.002638 -0.223965 0.511627 0.168308
0.220665 0.019934 -0.165136 0.358752 0.791703
0.219331 0.022149 0.097479 -0.239121 -0.194279
0.221848 0.016443 0.028770 -0.049960 0.004374
0.222979 0.014868 0.027825 -0.029365 -0.046057
0.223743 0.014829 0.010443 0.026619 0.106556
0.224834 0.014610 0.044041 -0.036705 0.017364
0.226667 0.013309 0.047631 -0.028721 0.389529
0.231123 0.006570 0.174847 -0.305689 -0.305052
0.236019 -0.000364 0.070521 -0.046002 -0.066072
0.238387 -0.001089 0.047978 0.008826 0.601612
0.244305 -0.009969 0.247363 -0.448200 -0.801936
0.248812 -0.015165 -0.020921 0.178590 0.593272
0.251976 -0.017680 0.178404 -0.298184 -0.703608
0.254420 -0.018768 -0.055359 0.236061 1.031208
0.259136 -0.025874 0.290033 -0.581236 -0.325082
0.268539 -0.043914 0.180856 -0.327977 -1.182967
0.267951 -0.039427 -0.208972 0.541060 -0.255410
0.258059 -0.015462 -0.285906 0.660294 0.897579
0.252725 -0.004044 0.017848 -0.076812 -0.161895
0.252357 -0.004584 -0.036057 0.047932 -0.161898
0.249852 -0.000314 -0.089058 0.164785 -0.073819
0.245822 0.007220 -0.112521 0.212754 1.135979
0.248891 -0.001802 0.264808 -0.653499 -0.682919
0.254843 -0.016582 0.033924 -0.096314 0.014970
0.256319 -0.020886 0.039937 -0.119402 -1.016163
0.251184 -0.010345 -0.295733 0.637961 0.673346
0.243951 0.003771 -0.067015 0.078456 -0.308389
0.239221 0.011664 -0.169278 0.314464 0.014778
0.232568 0.023902 -0.163626 0.300054 0.873084
0.231820 0.022689 0.125207 -0.351794 -0.518760
0.233271 0.017619 -0.051877 0.091111 1.257399
0.239530 0.002275 0.363698 -0.848193 -1.160555
0.246221 -0.012597 -0.027448 0.088448 0.434674
0.248052 -0.016109 0.118525 -0.259847 -0.563171
0.249040 -0.017841 -0.068432 0.166884 -0.075378
0.245863 -0.010608 -0.090503 0.195798 0.158379
0.243346 -0.005681 -0.035618 0.053537 -0.400676
0.239275 0.002450 -0.167674 0.350427 0.625877
0.236776 0.006477 0.041901 -0.141371 0.195184
0.239712 -0.001801 0.104839 -0.272309 -1.050630
0.236876 0.003808 -0.245457 0.542406 0.945072
0.233415 0.010386 0.071124 -0.201701 -0.618979
0.232086 0.012376 -0.136859 0.294620 1.004482
0.233307 0.008663 0.196777 -0.470251 -1.531886
0.230893 0.014257 -0.315677 0.734101 1.734104
0.229876 0.016378 0.262668 -0.608738 -1.610527
0.229537 0.018003 -0.277672 0.672335 1.294771
0.227098 0.024577 0.154051 -0.328267 0.081786
0.233694 0.011242 0.175979 -0.340892 -0.253725
0.238962 0.002266 0.087966 -0.112902 0.362984
0.244867 -0.007578 0.207037 -0.377554 -0.984029
0.246556 -0.007190 -0.121415 0.386350 0.485309
0.244996 0.000170 0.042654 -0.011330 -0.496239
0.243393 0.007405 -0.122363 0.369170 0.159327
0.239591 0.019449 -0.068151 0.237263 1.067105
0.243948 0.012731 0.284911 -0.563250 -2.767399
0.236817 0.033807 -0.638468 1.590602 2.173791
0.225890 0.062803 0.088754 -0.110301 1.311726
0.237993 0.039949 0.515478 -1.024490 -0.010055
0.258293 0.001468 0.500402 -0.908691 -0.678902
0.273641 -0.023146 0.268334 -0.334958 -0.691376
0.279765 -0.025962 0.038764 0.186261 0.960027
0.287776 -0.034052 0.360739 -0.581568 0.515605
0.305609 -0.065184 0.530847 -0.975421 -1.225603
0.318688 -0.085606 0.125017 -0.063035 -1.032671
0.317006 -0.074201 -0.208326 0.626062 -0.802377
0.303592 -0.039378 -0.462298 1.115436 2.001228
0.298661 -0.027851 0.213074 -0.514186 -1.459203
0.297462 -0.025940 -0.271376 0.594571 0.433739
0.289638 -0.010182 -0.120723 0.201923 -0.701713
0.280193 0.008202 -0.351054 0.713747 1.424561
0.275716 0.014139 0.125332 -0.400042 -0.210191
0.279237 0.002263 0.051289 -0.198952 -0.112273
0.280505 -0.003618 0.012372 -0.097680 -0.908258
0.274950 0.006510 -0.289252 0.596332 1.015350
0.270208 0.014155 0.050763 -0.201342 0.312872
0.274256 0.001927 0.151529 -0.409532 -0.388006
0.277667 -0.007866 0.019729 -0.086588 0.062162
0.278872 -0.012316 0.040518 -0.136127 -0.968977
0.274052 -0.002944 -0.280568 0.596301 1.710401
0.274302 -0.006201 0.291055 -0.741013 -1.764256
0.274108 -0.007858 -0.298578 0.638486 0.587488
0.266185 0.007655 -0.098606 0.147111 -0.204644
0.260883 0.016699 -0.166418 0.304678 -0.047456
0.253918 0.029631 -0.182028 0.343957 1.388506
0.255854 0.022340 0.277377 -0.695451 -1.653147
0.255796 0.021399 -0.278253 0.629647 0.830392
0.250232 0.033531 -0.001166 -0.011540 -0.311251
0.248035 0.038683 -0.108375 0.266267 1.338083
0.252545 0.029389 0.332572 -0.719098 -1.404556
0.256326 0.023882 -0.141671 0.426648 1.933768
0.263524 0.011286 0.499586 -1.038507 -1.326499
0.274494 -0.008178 0.050923 0.046269 1.805839
0.288559 -0.034271 0.650646 -1.336468 -2.107846
0.300435 -0.054356 -0.053812 0.304693 0.097406
0.299090 -0.045286 -0.013827 0.152698 1.455443
0.308331 -0.062716 0.474306 -1.010963 -2.128264
0.313145 -0.070642 -0.230880 0.590292 -0.476566
0.300984 -0.042116 -0.377328 0.838287 0.354645
0.288468 -0.016092 -0.249510 0.473091 0.184576
0.279823 -0.000979 -0.183317 0.288116 0.286719
0.274444 0.005763 -0.086139 0.053600 -0.234768
0.269432 0.011606 -0.164274 0.237142 -0.486858
0.259633 0.028553 -0.325411 0.608331 1.286114
0.255197 0.033028 0.102005 -0.369890 -0.261857
0.257405 0.023548 0.008968 -0.109629 0.239452
0.259286 0.016214 0.084945 -0.256423 0.015992
0.262712 0.006468 0.086596 -0.233156 -0.455586
0.263092 0.004640 -0.066973 0.136244 0.771140
0.265550 -0.001793 0.189066 -0.450971 -0.480858
0.269846 -0.011846 0.026538 -0.059154 -0.546903
0.267284 -0.005968 -0.154136 0.348470 0.992790
0.267785 -0.007850 0.178041 -0.431946 -1.414695
0.265445 -0.002962 -0.293433 0.661970 1.233072
0.262014 0.003657 0.120247 -0.316007 0.172655
0.267914 -0.011092 0.174834 -0.422869 -0.987009
0.268300 -0.012501 -0.154339 0.341429 0.228790
0.263725 -0.003069 -0.074897 0.134935 0.679314
0.265272 -0.008324 0.151568 -0.391354 0.241244
0.272896 -0.027319 0.229724 -0.559792 -1.431708
0.272538 -0.027582 -0.245962 0.531291 0.162854
0.263922 -0.010148 -0.185401 0.346422 0.601294
0.260580 -0.006196 0.017472 -0.141183 -0.799991
0.255950 0.000524 -0.248200 0.469934 0.149138
0.247083 0.016447 -0.195638 0.331302 0.594977
0.243228 0.020533 0.002085 -0.119818 0.844227
0.248861 0.003444 0.278981 -0.729532 -1.571507
0.249447 -0.000504 -0.247705 0.513891 1.055970
0.246640 0.003164 0.106009 -0.318052 -0.507725
0.247446 -0.001224 -0.065003 0.092006 -0.407071
0.242153 0.008594 -0.199375 0.396569 0.777616
0.239389 0.012216 0.060186 -0.206243 -0.022452
0.241586 0.004907 0.049881 -0.161306 -0.231177
0.242006 0.002372 -0.028569 0.031379 -0.539822
0.237269 0.011971 -0.207822 0.444668 0.567967
0.232771 0.020756 -0.017903 0.002545 -0.480984
0.228807 0.028762 -0.179861 0.393846 1.317786
0.230367 0.024469 0.256440 -0.595516 -0.975468
0.233988 0.017035 -0.074055 0.211102 1.018085
0.237786 0.009999 0.262908 -0.553597 0.705370
0.252882 -0.021966 0.491729 -1.044070 -2.440697
0.256203 -0.025324 -0.322663 0.848866 1.561056
0.253859 -0.017027 0.203370 -0.414705 -0.632438
0.257757 -0.023702 -0.007562 0.072750 0.238733
0.259102 -0.025067 0.074506 -0.138313 -0.192955
0.260830 -0.027996 0.012152 -0.010527 -0.754477
0.256356 -0.017431 -0.235232 0.533312 1.936410
0.259944 -0.026926 0.412434 -0.988515 -2.368302
0.260599 -0.029379 -0.376777 0.839639 -0.176035
0.244547 0.005142 -0.426363 0.892490 2.095671
0.241556 0.007608 0.274193 -0.745693 -0.502696
0.249048 -0.013291 0.101511 -0.309534 -1.042542
0.246156 -0.009520 -0.244988 0.487667 0.666670
0.240885 -0.001096 -0.019547 -0.057160 0.377852
0.242609 -0.009105 0.105487 -0.340892 0.312232
0.248873 -0.027262 0.207700 -0.567341 -2.871454
0.238058 -0.005706 -0.745552 1.619012 1.709018
0.219863 0.030536 -0.167101 0.220140 0.561875
0.216880 0.031164 0.017338 -0.182961 1.201185
0.225465 0.006402 0.411044 -1.048066 -2.221334
0.226956 0.000189 -0.333667 0.711539 0.701777
0.218383 0.016958 -0.096183 0.138307 2.182938
0.229037 -0.010798 0.626870 -1.508592 -2.391603
0.237997 -0.032612 -0.175452 0.386647 -0.329911
0.228914 -0.013319 -0.278778 0.579133 0.698377
0.222524 -0.001933 -0.041796 0.000519 -1.207190
0.212826 0.016621 -0.442047 0.917961 2.307047
0.210589 0.017103 0.327445 -0.868663 -1.307816
0.214817 0.004039 -0.114185 0.197931 0.121465
0.211077 0.009954 -0.073099 0.100400 0.855674
0.213835 0.000958 0.210210 -0.543008 -1.685615
0.210944 0.005918 -0.352823 0.773543 2.296817
0.212211 0.000716 0.413499 -1.009688 -2.608456
0.211242 0.001805 -0.458792 1.035671 1.158056
0.200744 0.024138 -0.068003 0.098638 -0.412085
0.195242 0.034878 -0.206795 0.435723 1.386201
0.196172 0.031302 0.251765 -0.600698 -0.220606
0.204610 0.012231 0.170885 -0.359954 -0.459128
0.208305 0.005694 0.014542 0.026403 -0.303499
0.206853 0.011554 -0.086864 0.264399 0.761880
0.208455 0.010386 0.166065 -0.314890 0.715953
0.219783 -0.012503 0.399968 -0.826888 -1.913434
0.222950 -0.015328 -0.239230 0.664113 0.046984
0.213822 0.009316 -0.217776 0.574236 0.354709
0.207531 0.026331 -0.097558 0.283979 0.121521
0.204415 0.036103 -0.058554 0.207641 1.534825
0.212222 0.021461 0.447498 -0.926899 -0.331962
0.227719 -0.008732 0.328383 -0.593359 -0.816667
0.235343 -0.019282 0.054030 0.054646 -0.232060
0.236003 -0.014004 -0.020854 0.208141 -0.661048
0.230827 0.003922 -0.237568 0.685033 1.168412
0.229184 0.012598 0.153816 -0.236551 0.138195
0.236184 0.001670 0.196285 -0.310976 1.137825
0.251545 -0.027747 0.570978 -1.153747 -0.946891
0.267964 -0.058418 0.251817 -0.396806 -0.831053
0.272577 -0.062339 -0.020172 0.191626 -0.747481
0.266964 -0.044878 -0.260088 0.678178 0.470081
0.259884 -0.026873 -0.094914 0.231788 -0.447323
0.253204 -0.011629 -0.238914 0.529317 -0.436572
0.240847 0.015310 -0.378982 0.818877 1.311664
0.234500 0.027220 0.059769 -0.206516 -0.432916
0.233916 0.026553 -0.088347 0.167789 0.219989
0.231808 0.030320 -0.017370 0.023335 0.567746
0.234821 0.023251 0.167511 -0.372613 -0.320937
0.239273 0.014356 0.055727 -0.078003 0.603802
0.245469 0.002442 0.253614 -0.513955 -0.301867
0.253516 -0.012691 0.149433 -0.249412 -0.009319
0.259415 -0.022442 0.145749 -0.240221 -0.734502
0.260368 -0.020928 -0.097300 0.308511 0.226893
0.258073 -0.012929 -0.017911 0.095981 -0.324772
0.255235 -0.004488 -0.123806 0.324543 0.466988
0.253444 0.000822 0.033561 -0.052698 -0.170648
0.253637 0.001466 -0.023718 0.083128 -1.045246
0.245740 0.020813 -0.370239 0.876875 1.937380
0.243897 0.025496 0.275666 -0.620723 -0.790735
0.249508 0.014275 0.006132 0.048151 1.085941
0.256946 -0.000169 0.364794 -0.761881 -1.061896
0.264353 -0.013271 0.007106 0.092151 0.428193
0.267523 -0.016550 0.150910 -0.251932 -1.031646
0.266690 -0.010785 -0.191461 0.530385 0.679872
0.263652 -0.000930 0.038551 -0.027885 -0.654025
0.260836 0.008061 -0.178757 0.472228 1.576389
0.264220 0.002333 0.346165 -0.742728 -1.370318
0.268827 -0.005233 -0.113951 0.347617 0.853850
0.270008 -0.004989 0.171919 -0.325924 0.943672
0.283117 -0.032160 0.482942 -1.028023 -1.313228
0.293612 -0.052460 0.043841 -0.005679 -0.682170
0.290942 -0.043397 -0.176795 0.454199 -0.017988
0.283912 -0.026530 -0.175099 0.393352 -1.336691
0.268133 0.008631 -0.613022 1.358171 0.369334
0.246257 0.055701 -0.482209 1.009631 2.546048
0.243913 0.057075 0.361998 -0.913611 -0.332319
0.255918 0.028205 0.239289 -0.540619 -0.805591
0.259982 0.020372 -0.034917 0.137919 0.866170
0.264315 0.012920 0.250754 -0.503028 0.173374
0.275387 -0.008848 0.303114 -0.588452 -1.357026
0.278409 -0.010912 -0.150359 0.469942 0.376377
0.274987 0.001267 -0.021466 0.145995 0.691611
0.278741 -0.003639 0.208473 -0.384834 -1.280086
0.278508 0.001109 -0.218675 0.609248 0.500085
0.273171 0.017054 -0.049124 0.196966 0.515648
0.274621 0.017193 0.121019 -0.184653 0.269424
0.281181 0.006361 0.206886 -0.356656 -1.292452
0.280783 0.012624 -0.225320 0.656786 1.985415
0.285040 0.007863 0.435881 -0.874280 0.684947
0.306872 -0.036230 0.655803 -1.332510 -1.779241
0.321144 -0.061251 0.060539 0.056395 -0.792991
0.318432 -0.048295 -0.195541 0.586679 -0.459000
0.307748 -0.019643 -0.338821 0.847987 0.333683
0.296582 0.007603 -0.220480 0.524223 0.457006
0.290861 0.021069 -0.066400 0.156916 0.500579
0.291507 0.019980 0.098130 -0.206487 1.132844
0.302886 -0.004899 0.470050 -1.030876 -0.898685
0.315559 -0.031023 0.165246 -0.290970 -0.389639
0.319597 -0.036971 0.037228 -0.011566 -0.168025
0.320045 -0.035658 -0.014714 0.076194 0.162115
0.320622 -0.035992 0.043314 -0.090619 -0.835420
0.316863 -0.027472 -0.230512 0.509910 0.405980
0.310479 -0.014596 -0.089484 0.141582 0.082965
0.307504 -0.010703 -0.059460 0.055057 -0.084338
0.304596 -0.007495 -0.085929 0.105264 0.766234
0.306288 -0.015340 0.169736 -0.490677 -0.232365
0.311491 -0.031068 0.091006 -0.301525 -0.439951
0.312229 -0.036665 -0.053501 0.016075 -0.430697
0.307309 -0.030256 -0.192141 0.301621 -0.252942
0.298056 -0.015386 -0.270593 0.442843 0.341336
0.289606 -0.003840 -0.152570 0.140959 0.554313
0.287223 -0.006972 0.032807 -0.292073 -0.581833
0.284639 -0.009464 -0.161266 0.160615 -0.811779
0.272837 0.009022 -0.428272 0.758944 0.614397
0.259891 0.029162 -0.220202 0.259157 0.414925
0.253818 0.033516 -0.083954 -0.036413 1.238976
0.258621 0.013893 0.323107 -0.936169 -1.626096
0.260557 0.003029 -0.224093 0.372503 -0.223932
0.250154 0.020972 -0.296153 0.526011 0.661685
0.242742 0.031667 -0.075458 0.018081 -0.311016
0.237588 0.037908 -0.181977 0.291377 1.301311
0.238919 0.030121 0.247240 -0.668889 -0.671485
0.244173 0.015305 0.016594 -0.082982 -0.175802
0.243617 0.015191 -0.044122 0.075033 0.091060
0.242432 0.017085 -0.015265 0.020836 -0.167257
0.240670 0.020897 -0.072683 0.168444 1.698090
0.249032 0.001855 0.489174 -1.106528 -1.031515
0.261560 -0.024996 0.139084 -0.253418 -1.496399
0.257183 -0.012353 -0.356444 0.872371 1.845219
0.255355 -0.007219 0.262675 -0.594107 -1.139149
0.258206 -0.012818 -0.118607 0.300481 -0.091970
0.252920 -0.000046 -0.145867 0.340106 0.438003
0.250047 0.006413 0.001542 -0.010964 -0.407020
0.247382 0.012430 -0.134439 0.308548 0.473937
0.245172 0.017409 0.023271 -0.053516 0.602273
0.250057 0.006534 0.220542 -0.486335 -0.725139
0.253962 -0.000936 -0.024245 0.103105 -0.449046
0.250018 0.009970 -0.172648 0.439622 0.077802
0.243669 0.026047 -0.145216 0.368409 0.414547
0.240609 0.034576 -0.008402 0.064060 0.713196
0.244942 0.026955 0.224410 -0.439579 -0.446481
0.250815 0.017489 0.070032 -0.041152 1.168653
0.261337 -0.001599 0.455080 -0.904954 -0.705164
0.274707 -0.025743 0.214816 -0.315368 -1.022788
0.276499 -0.022780 -0.124097 0.453302 0.468460
0.274763 -0.012931 0.036485 0.046770 1.145729
0.283872 -0.028978 0.417881 -0.839738 -1.516552
0.290432 -0.038795 -0.087823 0.330360 -0.376356
0.284547 -0.021101 -0.206442 0.554700 0.674519
0.280902 -0.010465 0.023117 -0.012817 -0.273974
0.280021 -0.006954 -0.066920 0.186256 0.898910
0.283363 -0.013685 0.233066 -0.514289 -0.156786
0.291591 -0.031439 0.178877 -0.378892 -0.318624
0.296636 -0.041891 0.073938 -0.149014 0.089976
0.300259 -0.049970 0.107230 -0.255083 -1.460017
0.294913 -0.038569 -0.373122 0.812599 0.606076
0.284226 -0.017318 -0.162441 0.261739 0.693762
0.282422 -0.018229 0.071370 -0.299584 -1.509314
0.275233 -0.007024 -0.429247 0.846055 1.403823
0.267547 0.003985 0.042961 -0.277648 0.286716
0.271123 -0.011035 0.135808 -0.473579 -0.509344
0.273121 -0.021750 -0.035067 -0.070011 0.125910
0.272595 -0.026870 0.008689 -0.185390 -1.640694
0.262063 -0.009440 -0.533698 1.043220 1.080620
0.248085 0.014099 -0.167034 0.150941 0.620144
0.245523 0.010761 0.038255 -0.311977 -0.048393
0.246662 -0.000282 0.019017 -0.243348 -0.898263
0.241413 0.004129 -0.280468 0.454990 0.525010
0.233748 0.013778 -0.103610 0.035265 -0.326331
0.227410 0.020501 -0.213049 0.298544 0.365613
0.221320 0.026934 -0.091979 0.028217 1.124965
0.225068 0.011406 0.278394 -0.796242 -0.969072
0.229611 -0.004197 -0.049695 0.001828 0.540172
0.231226 -0.012492 0.129944 -0.412415 -1.385429
0.227173 -0.007415 -0.331029 0.652365 1.053464
0.221055 0.001481 0.023646 -0.193928 -0.703923
0.217286 0.004863 -0.211322 0.355952 -0.655507
0.204516 0.028838 -0.426839 0.840682 1.052742
0.194506 0.045888 -0.075284 0.026810 0.200878
0.192731 0.044944 -0.013631 -0.072772 0.564921
0.195828 0.034545 0.168111 -0.444073 -0.264210
0.200648 0.022272 0.073515 -0.175704 0.165210
0.204607 0.013500 0.124447 -0.263413 0.250268
0.211174 -0.000174 0.203946 -0.420780 -1.175703
0.211442 0.001659 -0.189144 0.499868 1.711761
0.215330 -0.005232 0.381594 -0.827139 -0.594474
0.226520 -0.028159 0.179113 -0.330788 -2.290128
0.218460 -0.006392 -0.579874 1.399365 2.135816
0.209694 0.014794 0.138508 -0.311744 0.191404
0.216423 0.000185 0.198032 -0.420082 -0.792031
0.219006 -0.003843 -0.067804 0.209079 1.103667
0.223671 -0.012763 0.299880 -0.644871 -1.150979
0.227936 -0.020272 -0.085081 0.255249 0.067090
0.225058 -0.011864 -0.059097 0.168023 -0.513372
0.219327 0.002283 -0.227152 0.536993 0.374180
0.212803 0.017390 -0.099854 0.225731 0.834640
0.214351 0.013743 0.176380 -0.400033 0.036018
0.221550 -0.001917 0.183882 -0.386267 -0.371759
0.226373 -0.011144 0.057921 -0.081167 0.661168
0.233095 -0.024657 0.277654 -0.589993 -1.000325
0.237510 -0.032642 -0.055586 0.178300 -0.510267
0.231988 -0.018632 -0.220221 0.520181 -0.961518
0.216901 0.015857 -0.533742 1.201512 1.991028
0.208937 0.032146 0.132787 -0.361625 0.351291
0.216455 0.013555 0.243155 -0.568723 -0.971108
0.219601 0.006840 -0.084516 0.220571 0.277734
0.218082 0.011302 0.008112 0.006421 -0.308297
0.216326 0.016591 -0.095596 0.255581 0.608108
0.216543 0.017561 0.105732 -0.200451 0.124939
0.221529 0.008344 0.143598 -0.261395 0.198470
0.228528 -0.004574 0.206439 -0.385299 -0.577545
0.232889 -0.010660 0.012445 0.073352 0.765283
0.238506 -0.019784 0.267647 -0.522984 -0.324219
0.247014 -0.035442 0.158457 -0.266655 -0.890125
0.247467 -0.032871 -0.134875 0.386539 0.498426
0.245513 -0.026303 0.036434 -0.050717 0.114770
0.247781 -0.030599 0.076870 -0.163395 -1.685145
0.239689 -0.011715 -0.479935 1.093885 0.681526
0.225214 0.019873 -0.245300 0.500120 1.727284
0.226920 0.013182 0.328664 -0.817586 0.207641
0.241291 -0.021277 0.390409 -0.910838 -1.303010
0.248148 -0.036944 -0.045683 0.109890 -0.821627
0.240953 -0.020905 -0.313490 0.687243 0.361030
0.230963 -0.000330 -0.186879 0.350260 0.026687
0.223718 0.012828 -0.175684 0.310818 0.089613
0.217304 0.023801 -0.145341 0.241011 -0.178041
0.210288 0.036442 -0.205458 0.391390 0.414197
0.204800 0.046103 -0.069630 0.097794 1.563606
0.212319 0.027009 0.444234 -1.040602 -0.837779
0.224294 0.000309 0.156142 -0.309821 -1.174924
0.222671 0.006432 -0.235990 0.604319 0.569374
0.217091 0.021243 -0.044027 0.145684 1.189752
0.223212 0.009141 0.348951 -0.740810 -0.867489
0.231261 -0.005917 0.054871 -0.025125 0.548467
0.237107 -0.015408 0.236962 -0.445376 -0.272291
0.244734 -0.028759 0.145020 -0.227932 0.560434
0.254285 -0.046801 0.332162 -0.671392 -1.920903
0.254800 -0.044349 -0.304260 0.774240 0.983279
0.249379 -0.030495 0.031701 -0.067162 -0.900124
0.244715 -0.019943 -0.264067 0.587714 0.358653
0.236670 -0.003157 -0.139044 0.259492 0.576481
0.234987 -0.002020 0.054198 -0.196027 -0.892809
0.231189 0.004105 -0.243147 0.493817 1.070759
0.228650 0.006878 0.114828 -0.342861 -0.298894
0.231186 -0.001592 0.012511 -0.085914 0.550062
0.235333 -0.013367 0.194462 -0.499363 -1.227511
0.234899 -0.014094 -0.214697 0.449513 -0.088644
0.225819 0.004355 -0.239598 0.476207 0.162003
0.217374 0.020413 -0.183192 0.331946 0.451976
0.213055 0.026817 -0.033390 -0.005742 0.045723
0.211961 0.026552 -0.021344 -0.007482 0.552854
0.214720 0.018429 0.158882 -0.394880 -0.753004
0.215962 0.015195 -0.095771 0.223896 1.154732
0.219808 0.006508 0.286872 -0.647759 -1.797788
0.219207 0.009276 -0.314800 0.766844 1.351776
0.215697 0.018420 0.137477 -0.292929 -0.900107
0.215118 0.021390 -0.165342 0.431871 1.286394
0.217072 0.018875 0.261573 -0.544415 -0.033981
0.227178 -0.001169 0.244235 -0.462906 -0.378009
0.234359 -0.013241 0.115506 -0.147513 -0.485709
0.235749 -0.011745 -0.045476 0.217469 0.401640
0.236654 -0.009735 0.090195 -0.111967 -0.527462
0.236752 -0.006143 -0.084761 0.286706 0.930097
0.239599 -0.009446 0.226079 -0.442299 -0.751644
0.243591 -0.015177 -0.025481 0.146367 -0.217809
0.241173 -0.006481 -0.095349 0.288147 -0.077451
0.236897 0.005742 -0.118645 0.324911 0.991186
0.238775 0.003253 0.211438 -0.439133 0.754986
0.252175 -0.025207 0.458244 -0.981797 -1.644461
0.259470 -0.038465 -0.091213 0.298093 0.421647
0.258752 -0.034265 0.054627 -0.081964 0.053764
0.261354 -0.039017 0.075493 -0.155597 -1.102241
0.257105 -0.028987 -0.286917 0.647915 1.278557
0.254293 -0.024211 0.144609 -0.393582 -0.529952
0.256545 -0.031821 -0.031201 0.005923 -0.695305
0.250744 -0.021624 -0.258288 0.499043 0.689506
0.245123 -0.013393 -0.023825 -0.077796 -1.297809
0.235556 0.003255 -0.453343 0.899787 0.975784
0.224043 0.023159 -0.123919 0.110540 0.292607
0.220998 0.023508 -0.028661 -0.090198 -0.211487
0.218378 0.023846 -0.102014 0.104448 -1.082950
0.207058 0.045097 -0.463031 0.950227 2.681155
0.206401 0.041814 0.427106 -1.086581 -0.324745
0.221068 0.005789 0.307421 -0.726674 -1.626853
0.222416 0.002861 -0.237965 0.561613 0.187586
0.214220 0.021800 -0.172451 0.391476 0.560618
0.211057 0.028875 0.013504 -0.030354 0.987692
0.218093 0.013248 0.337462 -0.744144 -0.732399
0.226572 -0.003922 0.087759 -0.126377 -0.852132
0.224397 0.004237 -0.195619 0.526752 0.321607
0.218776 0.019805 -0.086137 0.258540 -0.270374
0.213522 0.034459 -0.176529 0.473979 1.273340
0.214916 0.034092 0.244748 -0.478998 0.876122
0.230377 0.002957 0.528002 -1.075637 -1.371232
0.242198 -0.017447 0.065140 0.035740 -0.354523
0.242481 -0.010975 -0.050710 0.285623 0.548045
0.244158 -0.008558 0.133821 -0.158065 0.202744
0.250847 -0.017935 0.200555 -0.310513 -0.630120
0.254663 -0.020632 -0.008941 0.168392 0.765979
0.259464 -0.026320 0.248171 -0.445286 -0.133596
0.268487 -0.042052 0.203413 -0.345855 -1.593797
0.266062 -0.031903 -0.323062 0.838823 1.482240
0.263190 -0.022933 0.177474 -0.371646 -1.017777
0.263510 -0.022166 -0.160275 0.399323 0.514773
0.260630 -0.015110 0.015432 -0.039023 0.240754
0.262873 -0.020632 0.096537 -0.235393 -1.915405
0.254002 -0.000755 -0.538255 1.212956 3.000000
0.252610 0.000073 0.465036 -1.138410 -0.422183
0.268227 -0.037419 0.317127 -0.749108 -1.659900
0.269843 -0.041749 -0.234273 0.513941 -0.083136
0.260088 -0.021537 -0.253865 0.500811 0.721478
0.254856 -0.013726 -0.008812 -0.100305 -0.802371
0.249182 -0.005567 -0.274117 0.501421 -0.488353
0.235058 0.021222 -0.432059 0.838594 1.122483
0.225321 0.036935 -0.056468 -0.037365 0.028949
0.223167 0.035937 -0.051211 -0.013087 0.531685
0.224571 0.028139 0.120985 -0.373288 -0.545832
0.225658 0.022778 -0.065777 0.097572 0.549458
0.226643 0.018680 0.114455 -0.297745 -0.135923
0.230226 0.009728 0.065121 -0.153605 0.088848
0.233373 0.002690 0.092278 -0.199052 0.180308
0.238223 -0.007674 0.150231 -0.319502 -1.243758
0.235923 -0.001057 -0.263870 0.638227 2.288604
0.240687 -0.011526 0.499501 -1.138827 -1.693461
0.249251 -0.029776 -0.068810 0.203692 -0.432761
0.243714 -0.015908 -0.207886 0.488500 1.191019
0.243427 -0.015650 0.192073 -0.462208 -2.084112
0.237209 -0.001833 -0.500772 1.133457 0.545555
0.220982 0.033603 -0.312035 0.652194 1.834637
0.220720 0.031484 0.296866 -0.739058 -0.312778
0.230330 0.008481 0.184515 -0.420084 -0.133956
0.236733 -0.005466 0.136088 -0.281958 -0.013654
0.242050 -0.016245 0.130027 -0.259423 -1.790500
0.235334 0.000893 -0.464075 1.100672 3.000000
0.236887 -0.002578 0.538186 -1.242060 -1.242896
0.249960 -0.031529 0.117599 -0.225617 -1.919901
0.241927 -0.011466 -0.517426 1.212746 0.630428
0.225630 0.025510 -0.298998 0.651301 1.321718
0.222498 0.031033 0.140729 -0.359786 0.627074
0.232171 0.008253 0.342684 -0.777918 -0.877911
0.239897 -0.008104 0.045069 -0.053340 -0.651297
0.237373 -0.000306 -0.170688 0.437852 1.601319
0.241259 -0.007946 0.363244 -0.803888 -0.475441
0.252517 -0.031867 0.200731 -0.402623 -0.531672
0.257016 -0.039974 0.024998 -0.009893 -1.122435
0.250636 -0.024019 -0.343082 0.799573 0.372921
0.239564 0.000647 -0.211489 0.443565 0.053899
0.231527 0.017020 -0.190793 0.379233 0.770228
0.229035 0.020285 0.065230 -0.207058 0.016593
0.231675 0.012534 0.066951 -0.182400 -0.629365
0.230108 0.015480 -0.144597 0.323184 0.921728
0.230465 0.014217 0.161407 -0.376719 -0.383736
0.234276 0.005918 0.029793 -0.044562 -0.615166
0.231351 0.013824 -0.175447 0.434737 1.596198
0.234980 0.006478 0.355171 -0.786409 -1.074248
0.241902 -0.007231 -0.007460 0.086012 0.006919
0.241674 -0.004137 -0.004057 0.069524 -1.064756
0.234443 0.014857 -0.356575 0.872597 1.031431
0.227135 0.033143 -0.010500 0.056972 0.451252
0.229644 0.029235 0.135574 -0.248891 -0.343287
0.232674 0.025608 0.016482 0.062509 1.128073
0.240781 0.011345 0.387858 -0.766925 -0.256828
0.254438 -0.014050 0.295827 -0.511415 -1.010020
0.259498 -0.018586 -0.041509 0.272670 -0.810131
0.252523 0.004020 -0.306749 0.853930 1.583346
0.250898 0.012854 0.223386 -0.392880 -0.010030
0.259671 -0.001835 0.215595 -0.345155 -0.830751
0.262712 -0.002410 -0.062517 0.307132 0.596641
0.264224 0.000292 0.137329 -0.164893 0.134111
0.270575 -0.008088 0.180259 -0.254517 -0.649117
0.273439 -0.008096 -0.036296 0.247109 0.762183
0.277104 -0.010391 0.218691 -0.353890 -0.207011
0.284437 -0.021087 0.148388 -0.185428 0.446452
0.293353 -0.035556 0.297134 -0.535919 0.367070
0.307668 -0.062686 0.418665 -0.821827 -1.391574
0.315177 -0.074571 -0.041281 0.210447 -1.040903
0.306803 -0.052188 -0.376849 0.903734 -0.079234
0.291450 -0.017200 -0.391513 0.853251 1.030345
0.282809 -0.000404 -0.042148 0.001753 0.454296
0.284146 -0.007293 0.108556 -0.342735 -0.667075
0.284014 -0.010434 -0.114277 0.177769 0.274682
0.281319 -0.007991 -0.020850 -0.051935 -0.913432
0.274418 0.003880 -0.323346 0.638182 0.592248
0.265512 0.019579 -0.123036 0.156653 0.510750
0.263967 0.018279 0.045225 -0.216645 0.033441
0.265923 0.009847 0.052775 -0.206745 -0.337407
0.265735 0.007301 -0.061717 0.074961 0.249494
0.264919 0.006571 0.020640 -0.109005 0.566547
0.269480 -0.006160 0.206997 -0.524226 -0.799340
0.272374 -0.014256 -0.061131 0.108898 -0.253233
0.268290 -0.006451 -0.142934 0.280473 -0.034069
0.262401 0.004801 -0.151727 0.284337 1.126468
0.263856 -0.001365 0.223233 -0.581726 -1.727533
0.261206 0.002688 -0.353696 0.766248 0.704177
0.251851 0.021594 -0.115339 0.190954 0.286375
0.249120 0.025118 -0.021570 -0.011215 -0.042413
0.247915 0.025957 -0.038632 0.052466 1.691906
0.257569 0.002645 0.519867 -1.205218 -1.247819
0.269870 -0.024683 0.097313 -0.181048 -0.313371
0.271702 -0.027405 -0.005324 0.041248 -0.352602
0.269208 -0.020995 -0.119145 0.277238 0.192434
0.265808 -0.013683 -0.051273 0.092390 0.522909
0.267277 -0.018426 0.124186 -0.324648 -1.331442
0.263378 -0.010921 -0.317710 0.687240 1.342843
0.259729 -0.005200 0.133489 -0.385018 -0.314564
0.262928 -0.015341 0.027043 -0.127676 -1.042524
0.257089 -0.004586 -0.318007 0.656593 1.610476
0.255190 -0.004016 0.221101 -0.610222 -1.724167
0.252480 -0.001181 -0.354557 0.733658 0.268988
0.240200 0.023057 -0.260277 0.486577 1.643037
0.240738 0.017210 0.285340 -0.762606 -0.300227
0.249999 -0.007230 0.178630 -0.468352 -0.939398
0.250839 -0.011040 -0.135444 0.266772 0.888727
0.251396 -0.014601 0.162278 -0.435687 -0.561310
0.254118 -0.023131 -0.025314 0.001357 -0.486496
0.249920 -0.016111 -0.184178 0.346180 -0.728701
0.237793 0.008127 -0.421816 0.863248 0.707492
0.225739 0.030857 -0.182229 0.285960 1.152321
0.226087 0.024974 0.198391 -0.569273 -0.747839
0.228905 0.015064 -0.056328 0.062966 0.433470
0.229509 0.011226 0.086096 -0.251197 -0.929075
0.226707 0.016085 -0.225149 0.484736 1.704640
0.229073 0.009056 0.341605 -0.819298 -1.420779
0.233139 -0.000545 -0.136395 0.321374 0.548138
0.231375 0.003486 0.047473 -0.112941 -0.622153
-0.000283 0.007790 0.008681 -0.002844 -0.839060
-0.005540 0.020792 -0.270727 0.646373 0.651656
-0.011988 0.036303 -0.052777 0.139463 0.005885
-0.014125 0.042492 -0.054161 0.170824 0.712719
-0.011628 0.039198 0.178273 -0.329188 -0.828728
-0.010152 0.040147 -0.103433 0.367075 0.778733
-0.009155 0.043379 0.152353 -0.196899 0.084029
-0.002639 0.035538 0.173614 -0.196671 -0.611819
0.000118 0.038206 -0.035051 0.323329 0.591152
0.002598 0.042585 0.158312 -0.097574 0.602271
0.012812 0.030622 0.352016 -0.497391 -0.509134
0.023349 0.019983 0.175726 -0.042994 0.228440
0.031832 0.015342 0.248253 -0.187942 0.591601
0.045619 -0.000591 0.440760 -0.605975 -0.378653
0.060624 -0.018150 0.310334 -0.280062 0.412829
0.075765 -0.035674 0.446554 -0.595158 -2.229058
0.078778 -0.025237 -0.293492 1.095531 0.923212
0.073387 0.002418 0.022178 0.303725 1.584917
0.084843 -0.010071 0.549004 -0.913533 -1.518451
0.096573 -0.022239 0.039594 0.285781 -0.747192
0.093266 -0.000166 -0.204559 0.814826 1.335735
0.094079 0.010875 0.243374 -0.245663 -0.222285
0.102261 0.005105 0.166115 -0.046735 1.187452
0.116772 -0.014765 0.558439 -0.938189 -1.004109
0.132307 -0.035899 0.220007 -0.134155 -0.267309
0.139377 -0.037758 0.133764 0.038407 -0.686697
0.140238 -0.026552 -0.090160 0.517467 -0.545996
0.133126 0.001283 -0.265434 0.874798 1.282534
0.131159 0.015490 0.165206 -0.147264 0.266062
0.139469 0.006125 0.250201 -0.320401 0.395629
0.152035 -0.012143 0.378020 -0.592763 -0.971799
0.160617 -0.020359 0.052439 0.169567 0.551568
0.166443 -0.022693 0.238214 -0.280391 -0.969689
0.169519 -0.019114 -0.083335 0.449787 -0.202789
0.164937 0.001002 -0.145975 0.558479 0.399868
0.161831 0.016529 -0.010165 0.225630 1.772581
0.173202 -0.001537 0.577001 -1.113815 -2.337400
0.180558 -0.008674 -0.206212 0.729654 0.449717
0.175420 0.012481 -0.051667 0.337809 1.031038
0.180224 0.010049 0.290710 -0.448847 -0.671187
0.187287 0.003295 0.063396 0.102081 0.105488
0.190522 0.005754 0.098165 0.022461 -0.454581
0.191404 0.013796 -0.053659 0.376274 0.865471
0.195029 0.015428 0.233857 -0.285034 0.798360
0.209605 -0.007441 0.494469 -0.854995 -1.491016
0.219340 -0.017709 -0.005657 0.322968 0.287405
0.221102 -0.009991 0.093218 0.068031 1.003592
0.231527 -0.022955 0.427087 -0.707832 -0.969885
0.242093 -0.035908 0.102624 0.046896 0.582153
0.250145 -0.043811 0.299399 -0.436793 -0.226382
0.260638 -0.058193 0.225730 -0.287314 -1.161447
0.262025 -0.052807 -0.155156 0.546073 0.278802
0.257865 -0.037149 -0.053597 0.244069 0.562747
0.259577 -0.037171 0.138472 -0.238426 -1.700305
0.253851 -0.021113 -0.423166 1.026950 2.068286
0.250880 -0.013630 0.271946 -0.628183 -0.686339
0.257125 -0.027655 0.041382 -0.083548 -0.103871
0.258135 -0.029897 0.009268 -0.029749 -0.284418
0.256674 -0.027340 -0.082079 0.155496 -1.003246
0.246800 -0.006520 -0.410876 0.879518 1.103452
0.237852 0.010414 -0.038246 -0.016826 -0.758448
0.231251 0.021690 -0.291126 0.574517 0.161538
0.220718 0.041961 -0.236109 0.444888 0.848553
0.216886 0.047159 0.043457 -0.175163 -0.012712
0.218405 0.041716 0.032695 -0.099109 -0.109896
0.218870 0.040581 -0.009242 0.040221 0.315920
0.220510 0.038277 0.091011 -0.153166 0.073404
0.224524 0.032165 0.109755 -0.153636 0.753559
0.233823 0.015451 0.354711 -0.678079 -0.805696
0.242506 0.002020 0.080746 -0.005537 1.571175
0.256173 -0.022236 0.601182 -1.195247 -0.559498
0.276356 -0.060322 0.409450 -0.723418 -1.368157
0.283659 -0.068693 -0.042505 0.288791 -0.292122
0.280207 -0.054601 -0.130162 0.416792 0.127198
0.276025 -0.041663 -0.079432 0.235164 -0.601005
0.268976 -0.024275 -0.272758 0.632167 1.810952
0.270258 -0.028176 0.334693 -0.807747 -2.501600
0.266947 -0.021621 -0.497404 1.110005 0.610600
0.251327 0.011449 -0.285067 0.557749 0.817782
0.245421 0.020752 -0.011370 -0.081729 -0.313197
0.242823 0.022919 -0.118162 0.186736 0.993620
0.244681 0.015449 0.210022 -0.551418 -0.345890
0.250660 -0.000163 0.089734 -0.236647 0.465951
0.257310 -0.016438 0.242559 -0.575580 -0.226032
0.265455 -0.035566 0.165351 -0.387286 -2.017606
0.258670 -0.020361 -0.502582 1.129512 1.750511
0.250426 -0.004019 0.087857 -0.289376 -0.220106
0.252439 -0.011887 0.013272 -0.108111 -0.618987
0.248862 -0.006801 -0.191525 0.356876 -0.352684
0.238923 0.012290 -0.305392 0.598079 0.608767
0.230819 0.026382 -0.100834 0.116157 0.060980
0.227149 0.030585 -0.082804 0.095102 1.565073
0.234190 0.010978 0.433446 -1.063233 -1.283439
0.242802 -0.010122 -0.000811 -0.010710 -0.600978
0.238790 -0.001501 -0.199270 0.437177 0.046499
0.231195 0.014690 -0.180863 0.376434 1.175652
0.231801 0.011565 0.209862 -0.520696 0.069074
0.240547 -0.009322 0.227817 -0.527698 -0.639612
0.245343 -0.020078 0.012944 -0.019397 -0.813081
0.240491 -0.008767 -0.254837 0.578792 0.533660
0.233951 0.005246 -0.073083 0.130917 -0.059536
0.230637 0.011381 -0.092666 0.176439 0.334730
0.229156 0.013363 0.018147 -0.073419 -0.806831
0.224471 0.023267 -0.251597 0.561636 1.286922
0.222995 0.025804 0.176233 -0.420490 -0.641484
0.225652 0.020038 -0.042433 0.123450 0.381796
0.226463 0.019456 0.082561 -0.148827 0.616074
0.233792 0.004734 0.283477 -0.584085 -0.876960
0.239192 -0.004221 -0.012200 0.124601 0.750857
0.243720 -0.010993 0.237861 -0.456384 -2.062057
0.239468 0.002829 -0.448322 1.128023 1.906127
0.234372 0.017273 0.190936 -0.381690 -0.146959
0.240930 0.005218 0.137399 -0.225586 0.148909
0.247364 -0.005625 0.184361 -0.317427 0.321643
0.256835 -0.022924 0.289177 -0.547729 -0.504191
0.265010 -0.036848 0.120458 -0.156751 -0.130120
0.269016 -0.041725 0.080022 -0.089044 -2.558630
0.255276 -0.006821 -0.764834 1.814986 1.227087
0.233133 0.044385 -0.344935 0.770345 1.641765
0.230262 0.050071 0.199351 -0.467413 -0.247810
0.236402 0.037005 0.108268 -0.192253 0.004179
0.240642 0.030414 0.103935 -0.139318 0.813013
0.250110 0.013299 0.368907 -0.711853 -1.076142
0.257562 0.002667 0.005242 0.165872 1.176494
0.265607 -0.008882 0.395882 -0.733013 -1.194858
0.273394 -0.019024 -0.004866 0.210595 1.236387
0.281489 -0.030265 0.408287 -0.761152 -1.176303
0.289942 -0.042294 0.016018 0.144458 -0.462377
0.287617 -0.030549 -0.132045 0.441008 0.186292
0.283702 -0.017023 -0.064236 0.240728 -0.120281
0.280401 -0.006220 -0.100915 0.300716 -0.301999
0.274410 0.009945 -0.198638 0.507827 1.513988
0.276584 0.006596 0.305621 -0.659540 -0.453499
0.285672 -0.011741 0.149728 -0.266466 0.515695
0.295071 -0.030195 0.319965 -0.654405 0.379489
0.310354 -0.061977 0.444282 -0.936842 -0.876348
0.322292 -0.086181 0.154194 -0.287717 -1.828258
0.316467 -0.071334 -0.443829 1.015284 -0.522921
0.295544 -0.025674 -0.602783 1.273238 2.271873
0.286794 -0.011912 0.162261 -0.556840 -1.639085
0.282326 -0.008513 -0.383791 0.709688 0.789094
0.272352 0.006631 -0.116209 0.059655 0.446097
0.270667 0.002264 0.031539 -0.274192 -0.060809
0.271479 -0.007324 0.009358 -0.208074 -1.089171
0.264595 0.001220 -0.352442 0.625294 1.032518
0.257460 0.009588 -0.005764 -0.193700 -0.228680
0.255659 0.005862 -0.083897 0.003854 -0.499489
0.248970 0.013848 -0.250125 0.391584 0.564904
0.242752 0.020661 -0.061578 -0.043427 -0.095780
0.239600 0.020962 -0.095880 0.057148 0.203879
0.237083 0.020558 -0.030178 -0.075546 -0.828750
0.230306 0.030874 -0.307821 0.584080 1.394271
0.227283 0.032809 0.155001 -0.472097 0.046254
0.233645 0.014642 0.163465 -0.440297 -0.341812
0.237808 0.003246 0.045365 -0.136022 -1.262759
0.231192 0.017500 -0.374916 0.837829 0.384948
0.218841 0.044426 -0.243633 0.518408 1.051209
0.216060 0.049424 0.103230 -0.256582 0.887671
0.225937 0.027076 0.390160 -0.856970 -0.935425
0.235126 0.008982 0.070826 -0.062385 1.055646
0.244944 -0.009394 0.419232 -0.848981 -1.256225
0.253243 -0.023094 -0.002504 0.147200 -0.762726
0.248136 -0.006177 -0.252308 0.694334 -0.034609
0.237926 0.021102 -0.258718 0.675287 1.636481
0.238510 0.022620 0.285932 -0.581445 -0.565374
0.246041 0.009394 0.091636 -0.089295 0.466157
0.252766 -0.000953 0.244245 -0.425432 -0.549284
0.258811 -0.008937 0.058878 0.018420 -0.100898
0.260510 -0.006834 0.026128 0.086181 -0.275822
0.259741 0.000625 -0.064413 0.285447 0.785006
0.262421 -0.000337 0.197466 -0.325152 -0.428212
0.267415 -0.006290 0.052881 0.021462 -0.185514
0.268305 -0.002708 -0.008198 0.156433 -0.030945
0.267794 0.003800 -0.017484 0.170099 0.175756
0.268273 0.007813 0.041168 0.033266 -0.170783
0.268764 0.011953 -0.016504 0.172603 0.132587
0.268977 0.016917 0.026921 0.077921 0.383196
0.272568 0.014487 0.152262 -0.196037 0.568582
0.282370 -0.001440 0.337504 -0.597841 -1.309363
0.287064 -0.004420 -0.101168 0.433741 2.297466
0.298366 -0.022999 0.663853 -1.341327 -1.823066
0.312634 -0.047358 0.052331 0.097920 -0.636529
0.310607 -0.034858 -0.153263 0.523647 1.075834
0.311781 -0.031893 0.210541 -0.362421 -1.399357
0.310906 -0.025120 -0.252782 0.687743 0.273725
0.302770 -0.003273 -0.154865 0.412744 0.464335
0.299729 0.005518 0.002059 0.033845 0.546031
0.303431 -0.001392 0.182553 -0.374986 -0.272982
0.308858 -0.011687 0.089362 -0.145034 0.141134
0.313371 -0.019693 0.136229 -0.255299 -0.234073
0.317263 -0.026386 0.058801 -0.083110 -1.028628
0.312816 -0.014376 -0.280242 0.675416 0.467248
0.304844 0.004266 -0.119294 0.266072 1.439854
0.309678 -0.007431 0.359475 -0.837720 -1.541522
0.313689 -0.016274 -0.156867 0.376703 0.269133
0.309294 -0.006184 -0.063425 0.133211 0.286725
0.308695 -0.005545 0.033115 -0.097904 -0.440823
0.307082 -0.002650 -0.113310 0.238528 0.555223
0.306282 -0.001982 0.072626 -0.198888 -1.010784
0.302435 0.005848 -0.263932 0.581024 0.637924
0.296193 0.018687 -0.049198 0.070644 1.404800
0.303535 0.000312 0.415033 -0.978371 -1.423836
0.310513 -0.015596 -0.064087 0.163746 0.604549
0.312026 -0.018876 0.139090 -0.321605 -1.264149
0.309172 -0.012295 -0.280466 0.638518 1.466342
0.307828 -0.010385 0.211467 -0.526276 -0.171052
0.315090 -0.028311 0.152184 -0.375713 -0.941675
0.314919 -0.029003 -0.159632 0.331037 -0.021196
0.308506 -0.016518 -0.161308 0.296131 0.231118
0.303671 -0.008971 -0.080863 0.085666 -0.378356
0.297953 -0.000023 -0.204824 0.359659 1.064898
0.296898 -0.002448 0.150834 -0.469723 -1.600417
0.292219 0.003953 -0.382969 0.773605 0.945455
0.283297 0.019464 -0.064591 0.015680 -0.024610
0.280508 0.020933 -0.074828 0.057487 -0.171924
0.276332 0.026316 -0.133828 0.210600 1.361205
0.280004 0.014204 0.316066 -0.804457 -0.959341
0.286109 -0.001796 -0.009273 -0.009832 0.702121
0.290408 -0.012969 0.223620 -0.543522 -0.390525
0.296699 -0.028251 0.091706 -0.228049 -1.273432
0.291924 -0.018135 -0.329189 0.722556 1.038185
0.285810 -0.006534 0.021976 -0.128311 0.378446
0.289201 -0.017428 0.147294 -0.414533 -0.205475
0.293700 -0.030673 0.078203 -0.252612 -1.374916
0.287714 -0.020011 -0.376152 0.773496 1.147418
0.280462 -0.008166 0.011880 -0.165754 -0.036870
0.280685 -0.014169 -0.000545 -0.136027 -0.735404
0.275783 -0.008432 -0.243803 0.416270 -0.014553
0.266017 0.007718 -0.244839 0.394761 0.375005
0.258762 0.017428 -0.118583 0.096870 0.549213
0.257648 0.013172 0.062350 -0.304885 -0.723488
0.255254 0.012834 -0.181130 0.279732 0.452831
0.251035 0.017024 -0.030466 -0.064585 0.848682
0.255413 0.001917 0.248707 -0.685061 -2.473786
0.248797 0.013514 -0.576750 1.240112 1.754406
0.237553 0.034868 0.011929 -0.148377 1.309735
0.246638 0.009868 0.441410 -1.093536 -0.701598
0.259438 -0.021370 0.200084 -0.483101 -0.664491
0.262993 -0.030305 -0.021333 0.027343 -0.623127
0.258065 -0.020350 -0.224574 0.466273 0.772771
0.254337 -0.014632 0.037080 -0.170362 -1.215745
0.247739 -0.002851 -0.365770 0.748899 1.016073
0.239987 0.010460 -0.023383 -0.069210 0.388596
0.241602 0.002089 0.103865 -0.347097 -0.939691
0.239448 0.003187 -0.210464 0.391846 0.250771
0.232748 0.014592 -0.125034 0.183591 0.494970
0.231033 0.014460 0.038711 -0.185024 0.024968
0.232686 0.007293 0.044068 -0.174886 -0.475922
0.231238 0.008048 -0.115886 0.207399 -0.380680
0.224082 0.022137 -0.241743 0.495810 0.889012
0.220348 0.028208 0.053868 -0.181491 0.070880
0.222881 0.020797 0.072879 -0.190431 1.179991
0.233565 -0.004169 0.460515 -1.050792 -1.792285
0.239909 -0.017320 -0.140846 0.370596 2.036397
0.247911 -0.034635 0.538737 -1.217236 -2.685714
0.251491 -0.041257 -0.356332 0.855525 -0.000063
0.237455 -0.009095 -0.346240 0.760197 0.859933
0.229459 0.006909 -0.054950 0.053122 0.298121
0.229235 0.004578 0.043443 -0.167031 -1.057638
0.223899 0.014511 -0.309115 0.654077 1.164216
0.219343 0.022293 0.079724 -0.250662 0.036829
0.222686 0.012591 0.087653 -0.236566 -0.203693
0.224770 0.006904 0.016934 -0.051481 -0.399988
0.222760 0.011258 -0.117038 0.265600 -0.452547
0.215080 0.028780 -0.266759 0.609091 1.067409
0.211532 0.036656 0.087910 -0.202222 0.463625
0.218014 0.022615 0.236005 -0.498489 0.489507
0.230578 -0.003609 0.392225 -0.813491 -0.210892
0.244742 -0.031860 0.316814 -0.607577 -0.622529
0.253247 -0.046492 0.109472 -0.133711 -1.227216
0.249544 -0.033873 -0.293494 0.754847 0.250167
0.239653 -0.009274 -0.201942 0.483721 0.494291
0.234953 0.001658 -0.033873 0.070832 -0.833617
0.228057 0.017281 -0.310261 0.704492 1.222969
0.223845 0.026180 0.098010 -0.244371 0.427494
0.230509 0.010815 0.235057 -0.523034 -0.292372
0.237858 -0.004623 0.133105 -0.255679 -0.610610
0.239087 -0.005193 -0.070918 0.220390 -0.081774
0.235746 0.004506 -0.096236 0.265845 0.880733
0.237780 0.001400 0.196960 -0.412219 0.097848
0.246239 -0.015966 0.226214 -0.458911 -0.885912
0.249356 -0.020432 -0.069225 0.225136 0.442652
0.249606 -0.018960 0.081136 -0.146086 -0.747232
0.247897 -0.013532 -0.165824 0.410778 1.072506
0.248487 -0.014402 0.194007 -0.442478 -1.525077
0.246064 -0.008379 -0.313441 0.728397 1.275566
0.242137 0.000029 0.115364 -0.291987 -0.011917
0.246625 -0.011039 0.109278 -0.264024 -0.513969
0.247559 -0.013571 -0.061926 0.131359 0.151839
0.246139 -0.011104 -0.009317 -0.005590 -0.812738
0.240381 0.000944 -0.277853 0.601872 1.008812
0.236065 0.008774 0.060621 -0.197564 -1.085743
0.231215 0.018056 -0.301941 0.651528 0.737770
0.224100 0.032375 -0.054987 0.075415 1.382777
0.231033 0.014853 0.400388 -0.940875 -0.974760
0.240385 -0.006166 0.068857 -0.125636 -1.063442
0.236055 0.005212 -0.284295 0.685424 0.162464
0.225852 0.029379 -0.226548 0.529928 1.545333
0.227077 0.026873 0.286010 -0.639377 -1.847635
0.226067 0.031192 -0.334299 0.835462 2.128582
0.226899 0.031599 0.373402 -0.792183 -0.606067
0.237608 0.011056 0.163223 -0.246582 1.254109
0.252409 -0.017440 0.575926 -1.170844 -1.485374
0.265419 -0.040257 0.076907 0.008644 -0.414738
0.265821 -0.034446 -0.056500 0.279246 0.452458
0.266682 -0.031351 0.098902 -0.118346 0.118218
0.271471 -0.038428 0.140472 -0.235252 -1.270510
0.268686 -0.028876 -0.278444 0.701675 1.071217
0.264840 -0.018830 0.084566 -0.184994 -0.524625
0.264743 -0.018324 -0.088786 0.204886 -0.867395
0.255491 0.002534 -0.373255 0.833364 1.311190
0.249401 0.014708 0.066886 -0.207580 0.129775
0.252872 0.005067 0.106767 -0.275410 -0.109338
0.256359 -0.003746 0.067918 -0.168500 -0.060190
0.258655 -0.009385 0.047061 -0.115344 -0.433511
0.257654 -0.007366 -0.096645 0.212135 -0.140309
0.252900 0.002858 -0.141094 0.299857 0.889347
0.253208 0.000892 0.155475 -0.388884 -0.500498
0.256034 -0.006396 -0.013427 0.017318 0.565016
0.259269 -0.014519 0.174660 -0.418931 -1.012318
0.259488 -0.015467 -0.162493 0.360378 0.787707
0.258314 -0.013958 0.102804 -0.275710 0.270833
0.264215 -0.029068 0.192187 -0.479887 -1.203258
0.263890 -0.029791 -0.206976 0.430789 -1.029344
0.248895 0.002017 -0.542288 1.155791 0.695085
0.231998 0.036105 -0.304135 0.563795 0.465388
0.222932 0.051636 -0.150042 0.220728 0.539529
0.220432 0.053136 0.024478 -0.140322 0.132014
0.222146 0.046959 0.061273 -0.169289 0.824579
0.229945 0.028896 0.328148 -0.729699 -0.164791
0.241794 0.003927 0.265113 -0.526495 0.484272
0.255525 -0.023733 0.421409 -0.857302 -0.956902
0.265933 -0.042694 0.100563 -0.105270 -0.314022
0.267941 -0.042896 0.000155 0.092352 -0.424833
0.265227 -0.033762 -0.135605 0.362382 0.466392
0.263031 -0.027658 0.025051 -0.050213 -1.713665
0.252686 -0.003886 -0.540799 1.225737 1.332004
0.240107 0.022989 -0.090379 0.138715 0.055313
0.236827 0.028074 -0.073761 0.116875 0.350541
0.236159 0.027902 0.040019 -0.122132 -0.261831
0.235934 0.027889 -0.050917 0.118110 1.411960
0.243239 0.011464 0.414875 -0.928023 -0.437376
0.256753 -0.017389 0.261989 -0.525994 -0.503654
0.263836 -0.030352 0.093024 -0.130339 -0.016489
0.267490 -0.035803 0.089768 -0.143112 -0.782294
0.265932 -0.030121 -0.166887 0.420460 -0.049903
0.259052 -0.013759 -0.177464 0.401131 0.721438
0.256841 -0.009616 0.065930 -0.184959 -0.657715
0.255094 -0.006851 -0.152554 0.316742 0.638037
0.253297 -0.004530 0.061871 -0.193119 -0.401384
0.253080 -0.005901 -0.072188 0.119943 -0.655227
0.245863 0.008702 -0.288178 0.606244 1.005745
0.241096 0.016930 0.048449 -0.182082 0.111299
0.243707 0.008610 0.082148 -0.234827 -0.260922
0.245200 0.003777 -0.007082 -0.010949 -0.213096
0.243485 0.006753 -0.078415 0.157972 0.452027
0.243361 0.006111 0.071684 -0.185354 0.545986
0.249815 -0.009264 0.250694 -0.580880 -1.309086
0.251064 -0.011789 -0.186615 0.439750 0.113891
0.244447 0.003228 -0.144735 0.315816 0.348214
0.241011 0.010202 -0.027613 0.038179 1.118330
0.247325 -0.005228 0.342314 -0.800950 -2.046255
0.247293 -0.004842 -0.341464 0.797858 0.862932
0.239503 0.012675 -0.049471 0.091408 1.368050
0.246606 -0.004474 0.403367 -0.937850 -0.505339
0.259243 -0.033037 0.229689 -0.502136 -1.349429
0.259451 -0.032469 -0.217720 0.516367 0.092488
0.251504 -0.014641 -0.180131 0.380412 -0.631160
0.240189 0.009459 -0.385409 0.823143 1.075720
0.232030 0.025017 -0.024186 -0.030083 0.055898
0.231371 0.023613 -0.008723 -0.040235 -0.386043
0.228393 0.028572 -0.139774 0.284607 0.362568
0.225189 0.034714 -0.020952 0.027352 0.009501
0.224337 0.036474 -0.021667 0.060547 0.872867
0.229197 0.026309 0.263905 -0.562116 -0.835454
0.234046 0.018062 -0.020197 0.138352 -0.152399
0.232199 0.026219 -0.072147 0.269269 -0.063209
0.228867 0.038258 -0.094546 0.334170 1.852247
0.237359 0.023694 0.517290 -1.046099 -0.206852
0.256455 -0.012975 0.438564 -0.798056 -0.974089
0.267416 -0.029119 0.111027 -0.023293 -0.420931
0.269110 -0.024182 -0.025989 0.267064 -0.236424
0.266583 -0.010736 -0.100377 0.405932 0.599794
0.266635 -0.004456 0.102100 -0.083839 -0.236020
0.269138 -0.004127 0.023336 0.097833 0.851750
0.275753 -0.013478 0.306590 -0.558027 -0.269684
0.286161 -0.031177 0.214456 -0.333592 -0.206338
0.293378 -0.041585 0.146844 -0.190944 -1.035310
0.292425 -0.034003 -0.193480 0.561058 1.015089
0.291592 -0.028644 0.150425 -0.280276 -0.131073
0.296754 -0.038093 0.107985 -0.195298 -0.243563
0.299505 -0.042754 0.029910 -0.040836 -0.323683
0.298635 -0.040323 -0.073120 0.159997 0.899428
0.301803 -0.048843 0.230506 -0.577226 -1.237048
0.302820 -0.053298 -0.178094 0.340615 -0.771822
0.290735 -0.029496 -0.425866 0.847230 0.607290
0.277934 -0.006723 -0.215406 0.303466 -0.681127
0.264851 0.015344 -0.438429 0.797296 1.789771
0.259306 0.019066 0.158988 -0.590924 -0.995264
0.258916 0.011976 -0.177139 0.223617 0.121833
0.252649 0.019056 -0.136477 0.133111 0.956281
0.253529 0.009987 0.179549 -0.578423 -0.376392
0.258098 -0.006333 0.049706 -0.245497 -0.950592
0.253740 -0.001338 -0.266570 0.485983 0.003120
0.243175 0.017403 -0.262084 0.455215 1.043399
0.239661 0.019414 0.085140 -0.343036 0.622013
0.247109 -0.002922 0.286996 -0.772200 -1.773217
0.246682 -0.005572 -0.306136 0.619639 0.823746
0.240022 0.005633 -0.028127 -0.047807 -0.250211
0.237212 0.007791 -0.112106 0.153354 0.387394
0.235309 0.007983 0.016523 -0.139611 -1.108834
0.228554 0.019839 -0.353148 0.722586 1.832102
0.226677 0.020139 0.257100 -0.687711 -0.522211
0.233337 0.002073 0.076926 -0.225599 -0.029095
0.236179 -0.006119 0.065395 -0.186150 0.323829
0.240931 -0.018397 0.172096 -0.426837 -1.494752
0.237847 -0.012334 -0.324674 0.715224 0.077893
0.225512 0.013872 -0.292739 0.601828 0.737032
0.218763 0.026179 -0.045844 0.024132 1.081452
0.224065 0.011149 0.310008 -0.767560 -0.335967
0.234086 -0.013071 0.192003 -0.452644 -1.168393
0.233952 -0.012890 -0.197326 0.449047 0.194042
0.227444 0.001228 -0.128650 0.262287 -0.619410
0.218212 0.020951 -0.332590 0.721254 1.977868
0.218122 0.018991 0.325801 -0.798319 -0.600252
0.226995 -0.002176 0.119050 -0.271566 -0.237070
0.230140 -0.009045 0.038623 -0.076005 -0.619469
0.227569 -0.002638 -0.166569 0.391082 0.643933
0.225251 0.002567 0.049783 -0.122581 -0.870067
0.221427 0.011294 -0.240120 0.551172 0.679986
0.216400 0.022462 -0.012294 0.016996 0.135462
0.216757 0.021602 0.030056 -0.059100 0.646885
0.222200 0.009925 0.241596 -0.520591 -1.040834
0.224834 0.006061 -0.108540 0.314903 0.755807
0.225548 0.006810 0.143341 -0.269115 0.387126
0.233795 -0.009341 0.268892 -0.537856 -0.457156
0.241443 -0.023288 0.114348 -0.167460 -0.147680
0.245056 -0.027993 0.066522 -0.070123 -1.278842
0.239257 -0.011674 -0.355293 0.876138 1.277642
0.233699 0.002342 0.075494 -0.158067 -0.481590
0.233481 0.003724 -0.085800 0.222129 0.131763
0.230947 0.010416 -0.041228 0.115287 0.370851
0.231754 0.009460 0.081180 -0.159417 -0.154913
0.233920 0.005938 0.027424 -0.019339 -0.014205
0.234901 0.005589 0.021663 0.001538 -1.734086
0.224216 0.032460 -0.554316 1.328441 1.856233
0.214509 0.056147 0.066168 -0.118499 1.310899
0.225721 0.032818 0.493469 -1.039989 -1.411532
0.235834 0.015093 0.014292 0.133931 1.008079
0.243088 0.005188 0.347460 -0.620555 -0.434504
0.253981 -0.011957 0.198094 -0.245380 -0.339760
0.259625 -0.016451 0.084584 0.016097 0.037742
0.263289 -0.016740 0.098568 -0.029956 0.668895
0.271705 -0.028512 0.321622 -0.553577 -0.183752
0.283318 -0.047707 0.259644 -0.412046 -1.715031
0.282339 -0.038397 -0.306854 0.861728 1.421597
0.279728 -0.027751 0.174317 -0.311014 -0.331758
0.284503 -0.035285 0.064982 -0.070605 -0.287799
0.285252 -0.034377 -0.027274 0.113586 -0.979654
0.277735 -0.015703 -0.347837 0.814069 1.116193
0.271402 -0.001703 0.029486 -0.098515 0.201113
0.273905 -0.008605 0.095578 -0.245878 -0.503112
0.274360 -0.010546 -0.072159 0.142980 -0.232520
0.269970 -0.001654 -0.147290 0.301144 -0.141494
0.263184 0.012161 -0.192127 0.391083 0.896076
0.261489 0.013836 0.106266 -0.297284 -0.584280
0.261774 0.011677 -0.091218 0.182150 1.220973
0.266245 0.000272 0.313565 -0.741702 -1.366189
0.269583 -0.007371 -0.144835 0.342800 0.766720
0.268955 -0.006030 0.112448 -0.266911 -0.358658
0.271037 -0.010942 -0.007831 0.016354 -0.392940
0.268133 -0.004489 -0.137020 0.303520 0.461991
0.265779 0.000081 0.018622 -0.068866 -0.618277
0.262397 0.006957 -0.187094 0.407333 1.091069
0.262214 0.006144 0.176647 -0.436295 -0.078587
0.268674 -0.009337 0.146787 -0.342149 -0.140727
0.273575 -0.020583 0.098652 -0.224063 0.667399
0.281968 -0.039937 0.320554 -0.740106 -1.098047
0.287463 -0.052601 -0.044202 0.092521 -0.142045
0.284881 -0.048034 -0.084943 0.136060 -0.351188
0.279275 -0.038472 -0.195184 0.341081 -1.464915
0.261863 -0.003656 -0.674505 1.392080 1.163003
0.242840 0.032242 -0.278824 0.423734 0.166271
0.232787 0.046850 -0.224289 0.311182 0.583566
0.227638 0.051053 -0.033889 -0.094468 1.209408
0.234194 0.030071 0.360820 -0.947108 0.378714
0.250935 -0.011636 0.476677 -1.143673 -0.607502
0.265810 -0.046757 0.268549 -0.626755 -1.802736
0.264575 -0.044397 -0.328258 0.726302 1.119661
0.259097 -0.034497 0.052754 -0.216285 -1.005646
0.254564 -0.028195 -0.278391 0.522317 -1.126003
0.236081 0.008670 -0.645217 1.317116 0.454126
0.213477 0.052845 -0.486436 0.906267 2.665708
0.211756 0.048298 0.397372 -1.106420 -1.672375
0.216258 0.032330 -0.169910 0.285633 1.050580
0.216417 0.028034 0.176749 -0.490379 0.675160
0.227839 -0.000609 0.394187 -0.941169 -1.229380
0.235284 -0.018088 -0.020059 0.049774 -0.959628
0.228143 -0.001805 -0.336202 0.757708 1.872887
0.227269 -0.001288 0.290238 -0.711153 -1.941304
0.225858 0.001048 -0.358523 0.807123 1.565654
0.222048 0.008263 0.166010 -0.427574 -0.570443
0.224808 0.000725 -0.027160 0.042555 -0.386564
0.221152 0.008364 -0.155339 0.336784 -0.539335
0.211380 0.029902 -0.333005 0.738693 1.671505
0.209217 0.033544 0.222762 -0.537904 -0.229436
0.216441 0.017088 0.139133 -0.291544 -0.557045
0.218214 0.014813 -0.049756 0.170843 0.521414
0.219679 0.013798 0.122418 -0.216355 -0.234159
0.222948 0.009395 0.041451 -0.007556 -0.375585
0.222079 0.015137 -0.084549 0.291601 0.155923
0.219738 0.024416 -0.032879 0.175806 0.873241
0.224195 0.018420 0.254862 -0.467796 -1.567218
0.223845 0.024882 -0.270534 0.774729 2.509994
0.229770 0.016929 0.563961 -1.147109 -0.706073
0.247411 -0.016132 0.319684 -0.521257 0.194902
0.261441 -0.039602 0.382060 -0.654954 -1.280002
0.268193 -0.046157 -0.042823 0.312178 0.011917
0.266701 -0.035294 -0.032089 0.234218 0.414968
0.268284 -0.033383 0.110651 -0.133175 -0.298804
0.270772 -0.034678 0.014045 0.065375 -0.849529
0.265765 -0.019871 -0.263707 0.669494 0.528839
0.258876 -0.002530 -0.081806 0.207427 -0.063650
0.255213 0.006449 -0.101443 0.242808 -0.492910
0.247895 0.023599 -0.264199 0.612862 1.247307
0.245658 0.028734 0.150761 -0.341615 0.210523
0.252968 0.013002 0.214866 -0.446605 0.355179
0.263823 -0.009376 0.327943 -0.673581 -1.249273
0.268544 -0.016403 -0.090258 0.307072 0.246907
0.266653 -0.008661 -0.004767 0.084672 -0.234858
0.264926 -0.001937 -0.081420 0.250515 -0.209723
0.260312 0.010969 -0.149347 0.395308 1.561614
0.264755 0.002562 0.369835 -0.800561 -1.561504
0.269028 -0.004297 -0.154113 0.438821 1.034068
0.269813 -0.003274 0.192053 -0.376031 -0.118161
0.276653 -0.016031 0.150391 -0.265878 -0.471417
0.279523 -0.019400 -0.006278 0.091739 -0.810678
0.273932 -0.003808 -0.272687 0.682662 0.834174
0.268680 0.009724 0.008808 0.006129 1.170403
0.276792 -0.007753 0.395769 -0.871122 -0.861558
0.286772 -0.028338 0.104708 -0.172109 -0.138602
0.290071 -0.033483 0.060469 -0.087353 -0.573516
0.288733 -0.028795 -0.126824 0.317000 -1.161747
0.276041 0.000675 -0.507033 1.150691 1.543580
0.266198 0.021505 0.012530 -0.087511 0.419744
0.269427 0.012212 0.148646 -0.374962 -1.600381
0.264640 0.022622 -0.386225 0.879817 1.600188
0.259912 0.032638 0.147687 -0.359465 -0.409685
0.262964 0.025829 0.005571 0.012479 1.707895
0.274485 0.000726 0.569033 -1.255008 -1.081352
0.289855 -0.031125 0.201477 -0.356581 -1.329916
0.289079 -0.025175 -0.238844 0.641324 -0.214226
0.278248 0.002371 -0.303070 0.740007 1.395062
0.275507 0.009647 0.164184 -0.359292 -0.254699
0.280299 -0.000066 0.075966 -0.131482 0.178791
0.284503 -0.007857 0.134140 -0.257807 -0.717157
0.285071 -0.006948 -0.104876 0.295669 -0.250085
0.279268 0.008207 -0.185311 0.462706 0.723568
0.276715 0.015214 0.056670 -0.102967 -0.269366
0.277136 0.015767 -0.035309 0.127494 -0.066242
0.275261 0.022125 -0.058438 0.190749 0.637468
0.277137 0.020270 0.151527 -0.277288 1.116868
0.290533 -0.007091 0.517562 -1.084901 -0.797519
0.305774 -0.036906 0.246106 -0.421157 -0.171521
0.314489 -0.051369 0.190103 -0.306556 -1.028234
0.315321 -0.048608 -0.147434 0.434791 0.488511
0.312840 -0.040380 0.022592 -0.015542 0.446841
0.316799 -0.048739 0.174915 -0.398656 -1.231031
0.315658 -0.046374 -0.230604 0.504755 0.335035
0.308840 -0.033043 -0.111063 0.169050 0.263947
0.306252 -0.031298 -0.018739 -0.078001 -0.947082
0.299263 -0.020471 -0.329878 0.611836 0.847364
0.291844 -0.010281 -0.042341 -0.090491 -1.121318
0.282702 0.003234 -0.413672 0.757037 1.499277
0.276238 0.009572 0.088509 -0.422287 -0.229462
0.278169 -0.002982 0.008587 -0.210869 -0.260847
0.276754 -0.007171 -0.078946 -0.002334 0.164456
0.274707 -0.009929 -0.023527 -0.134256 -0.806415
0.268406 -0.002936 -0.290736 0.476719 0.712469
0.261597 0.004507 -0.050748 -0.095066 -1.768058
0.247784 0.028123 -0.638184 1.261325 1.272666
0.230851 0.058042 -0.210676 0.255128 0.463043
0.225411 0.062191 -0.061871 -0.042617 1.722883
0.234242 0.035619 0.502101 -1.274537 -0.150696
0.253052 -0.010490 0.439565 -1.043134 -2.268561
0.255407 -0.016182 -0.318938 0.732419 0.552109
0.246466 0.003316 -0.129208 0.253021 -0.298047
0.239344 0.017791 -0.226843 0.470536 0.622922
0.234442 0.026868 -0.019162 -0.008110 0.031436
0.233820 0.026735 -0.011919 0.001307 1.038455
0.240187 0.011500 0.329374 -0.755531 -0.466339
0.250115 -0.010240 0.168086 -0.341571 -0.035684
0.256567 -0.023096 0.154825 -0.304279 -0.906402
0.256732 -0.021437 -0.145534 0.377964 0.837536
0.256583 -0.020147 0.136984 -0.303677 -1.035061
0.255173 -0.016422 -0.206331 0.479721 0.382685
0.249572 -0.004097 -0.074494 0.143656 1.055602
0.253642 -0.014820 0.276945 -0.670472 -0.501603
0.261312 -0.033347 0.107541 -0.265327 -0.902401
0.259644 -0.030494 -0.189933 0.399236 0.996868
0.258804 -0.031041 0.146667 -0.415288 -1.794892
0.252739 -0.020231 -0.448020 0.939038 0.308645
0.237059 0.010895 -0.337070 0.627799 1.192401
0.231579 0.017136 0.061494 -0.301443 -0.768311
0.228844 0.017711 -0.197268 0.321591 1.103770
0.228304 0.013636 0.169029 -0.514435 0.356645
0.237328 -0.011385 0.282311 -0.738409 -1.449928
0.238888 -0.017894 -0.202409 0.395673 0.127036
0.231736 -0.004931 -0.155670 0.256993 -0.880001
0.219705 0.018443 -0.445300 0.907133 1.213892
0.210062 0.035338 -0.038659 -0.045466 0.040136
0.208696 0.033819 -0.029616 -0.030956 0.633438
0.211641 0.023720 0.176406 -0.469858 -0.159259
0.217512 0.008588 0.117653 -0.292234 -0.672882
0.217675 0.007865 -0.108650 0.248359 1.198156
0.221315 -0.000718 0.289408 -0.666356 -1.099833
0.225472 -0.009562 -0.080044 0.210084 0.039436
0.222581 -0.002227 -0.064690 0.158793 0.380992
0.222553 -0.001954 0.062816 -0.140860 -0.925442
0.218889 0.006812 -0.245093 0.570906 1.031718
0.216015 0.013235 0.100036 -0.237137 -0.438844
0.217028 0.011155 -0.048799 0.127646 -1.140645
0.207480 0.033911 -0.427662 1.002199 1.645164
0.201383 0.048252 0.120543 -0.264231 1.422763
0.215512 0.017371 0.584994 -1.272171 -0.483482
0.235458 -0.023941 0.413754 -0.808044 -1.474305
0.242126 -0.033056 -0.078368 0.334316 -0.035790
0.238870 -0.020303 -0.084684 0.306259 -0.575080
0.231743 -0.000055 -0.271442 0.704588 0.772162
0.226123 0.015367 -0.010828 0.078397 -0.078059
0.225143 0.019999 -0.038176 0.153065 1.006107
0.230280 0.010975 0.294048 -0.595593 -0.237807
0.240338 -0.008099 0.209595 -0.365116 -1.030429
0.241824 -0.006528 -0.134132 0.432810 0.399953
0.239192 0.003956 0.001839 0.098165 0.473654
0.242416 0.000613 0.158844 -0.260963 -0.434998
0.245828 -0.002733 0.012372 0.088090 0.819218
0.251785 -0.011931 0.284665 -0.540971 -1.123697
0.255634 -0.015818 -0.090742 0.333595 1.081717
0.259279 -0.019859 0.271728 -0.524433 -0.835669
0.264549 -0.027720 -0.007094 0.120743 -0.382696
0.261794 -0.017776 -0.130437 0.374885 0.236359
0.258240 -0.007283 -0.047797 0.154888 -0.510621
0.252966 0.006423 -0.215560 0.527875 0.547001
0.248044 0.018620 -0.031493 0.090592 0.838243
0.252327 0.009723 0.244856 -0.528567 0.104500
0.262709 -0.012051 0.274608 -0.563939 -0.437131
0.270721 -0.027378 0.126853 -0.210451 -1.092959
0.268550 -0.019326 -0.234304 0.603265 0.502200
0.262648 -0.004125 -0.061749 0.165951 -0.159849
0.259145 0.004692 -0.113407 0.275090 0.329546
0.256828 0.010415 -0.002963 0.015826 0.408374
0.259400 0.005036 0.131236 -0.281668 -0.285009
0.262695 -0.001318 0.034003 -0.040652 1.052640
0.271050 -0.019052 0.382794 -0.838317 -1.016136
0.279513 -0.036263 0.041988 -0.037013 -1.053620
0.274257 -0.022322 -0.303899 0.726165 0.636496
0.266491 -0.004504 -0.085582 0.175985 -0.576653
0.259266 0.011093 -0.275319 0.600949 0.825956
0.253810 0.021937 0.001327 -0.047451 0.304697
0.255830 0.015971 0.099482 -0.249195 -0.074182
0.259239 0.007886 0.071238 -0.157918 0.266930
0.263818 -0.002097 0.157631 -0.340659 0.497655
0.273382 -0.022923 0.320397 -0.699662 -1.831482
0.273958 -0.022343 -0.289449 0.708981 0.737166
0.267436 -0.006734 -0.037876 0.083273 -0.044612
0.265649 -0.002948 -0.051535 0.106473 -0.700598
0.258946 0.011902 -0.283044 0.631583 1.363914
0.256763 0.015687 0.172135 -0.426702 -0.359348
0.261154 0.005112 0.048146 -0.108569 0.159870
0.264112 -0.001383 0.099677 -0.215983 -0.142784
0.267115 -0.007533 0.050798 -0.094419 0.787716
0.274385 -0.023420 0.312057 -0.694651 -2.079991
0.272976 -0.018843 -0.380111 0.902056 1.590563
0.268527 -0.008800 0.155486 -0.379991 -0.923796
0.268561 -0.009468 -0.152688 0.336415 0.500679
0.265853 -0.004337 0.016573 -0.073081 0.141765
0.267455 -0.009405 0.063452 -0.179849 -0.460075
0.266924 -0.009474 -0.089460 0.171477 -0.871415
0.257593 0.010360 -0.376426 0.815095 1.454562
0.252310 0.019810 0.110277 -0.324653 0.328831
0.258812 0.002703 0.214851 -0.531201 -0.307769
0.265269 -0.013007 0.108719 -0.261215 -0.835110
0.264049 -0.010543 -0.168772 0.375961 0.200488
0.258710 0.000705 -0.098705 0.191246 0.468033
0.257900 0.000961 0.057631 -0.173256 0.219446
0.261634 -0.009051 0.129012 -0.327155 -2.105897
0.252754 0.010480 -0.570875 1.284922 1.929013
0.242918 0.030816 0.076296 -0.242394 0.555763
0.249558 0.013664 0.255446 -0.613450 -2.495042
0.243053 0.028630 -0.577922 1.337114 2.419172
0.236157 0.043914 0.229831 -0.543062 -0.436658
0.242262 0.030679 0.076298 -0.127055 0.375548
0.247718 0.020759 0.196292 -0.367549 -0.043583
0.255170 0.007746 0.176714 -0.286773 -0.239459
0.260578 0.000565 0.094109 -0.076642 -0.037519
0.264072 -0.001760 0.080691 -0.040592 0.733571
0.272169 -0.014593 0.323548 -0.595776 -0.117390
0.284264 -0.036116 0.281781 -0.486193 -0.606025
0.291505 -0.046407 0.081171 -0.036805 -0.662800
0.290436 -0.038696 -0.134036 0.417531 -0.205765
0.283850 -0.020250 -0.195477 0.507188 -0.095433
0.275513 0.000397 -0.221702 0.528911 1.359333
0.275763 0.000011 0.232536 -0.533350 -0.728295
0.280135 -0.009381 -0.012857 0.053614 -0.589685
0.275723 0.001573 -0.207269 0.490144 0.684023
0.272049 0.010091 0.022569 -0.054867 0.128483
0.273771 0.006271 0.063499 -0.135788 -0.664616
0.271852 0.011418 -0.158785 0.386815 1.779423
0.277365 -0.000655 0.432584 -0.973799 -1.318549
0.285746 -0.018024 -0.011535 0.086986 -0.191443
0.284060 -0.012098 -0.072698 0.208778 1.392950
0.290472 -0.025666 0.391847 -0.874579 -1.339402
0.297158 -0.039475 -0.055604 0.166568 -0.584196
0.291159 -0.024947 -0.244040 0.557278 0.728488
0.286380 -0.015134 0.003981 -0.056105 -0.641580
0.282295 -0.007765 -0.207636 0.419363 1.288013
0.282637 -0.011486 0.223226 -0.591963 -0.911188
0.285439 -0.020611 -0.081808 0.123822 -0.149728
0.281235 -0.013970 -0.128414 0.208334 -0.398987
0.273506 -0.000079 -0.257846 0.485123 -0.595295
0.259307 0.027853 -0.451992 0.910908 1.479722
0.251142 0.041041 0.041711 -0.232586 -0.037058
0.252436 0.033605 0.023262 -0.141953 0.605413
0.257294 0.019639 0.219261 -0.553360 -0.803752
0.260588 0.011085 -0.053405 0.114594 0.718600
0.263220 0.004773 0.184316 -0.423868 0.406713
0.273219 -0.017713 0.315622 -0.701013 -1.082197
0.278575 -0.028569 -0.046298 0.144117 -1.499017
0.266834 -0.000599 -0.539585 1.244618 0.929970
0.251624 0.033260 -0.222774 0.466139 1.555571
0.253050 0.028221 0.292367 -0.702758 0.408323
0.267288 -0.004528 0.419770 -0.937904 -0.985073
0.277389 -0.025723 0.086938 -0.137344 -0.087912
0.280314 -0.030241 0.059460 -0.090132 0.024497
0.282905 -0.034766 0.070112 -0.136394 -0.156017
0.284725 -0.038416 0.021129 -0.048095 -0.929422
0.279466 -0.026868 -0.283298 0.618537 0.747254
0.273256 -0.015020 -0.028386 -0.014982 0.117691
0.272934 -0.017725 0.012166 -0.119327 -0.974897
0.266957 -0.007744 -0.310085 0.610147 -0.167055
0.253552 0.018265 -0.360516 0.694220 1.851771
0.251512 0.017124 0.256324 -0.731468 -0.587561
0.257707 -0.001702 0.054574 -0.220716 -0.293896
0.257904 -0.005728 -0.044271 0.015329 0.050718
0.256485 -0.006015 -0.026762 -0.029126 -1.328551
0.246585 0.013163 -0.467027 0.977671 2.044877
0.241623 0.019897 0.216307 -0.617162 -0.677699
0.245628 0.006941 -0.014906 -0.041273 0.147609
0.245990 0.003273 0.032920 -0.141423 0.170004
0.248407 -0.004696 0.087894 -0.256982 -0.888445
0.245982 -0.001056 -0.208140 0.430052 1.142343
0.245321 -0.001969 0.173711 -0.463326 -0.899568
0.246218 -0.006073 -0.127705 0.247318 0.562964
0.244903 -0.005266 0.061278 -0.200537 -1.038937
0.240423 0.002854 -0.284223 0.596992 0.662628
0.233544 0.015858 -0.060802 0.063300 0.333942
0.233305 0.013580 0.048535 -0.174300 0.161209
0.236260 0.004717 0.099207 -0.269311 -0.533997
0.236621 0.002655 -0.080411 0.159790 -1.001980
0.226755 0.024325 -0.412102 0.917304 1.581603
0.220871 0.036117 0.115720 -0.307985 -0.366171
0.222934 0.030709 -0.011966 0.031775 0.902871
0.228391 0.018832 0.284051 -0.618914 -0.058403
0.239223 -0.003721 0.258147 -0.514617 -0.908645
0.243429 -0.009700 -0.046635 0.204349 0.657711
0.245985 -0.012085 0.173682 -0.316766 -0.864873
0.247153 -0.011284 -0.114297 0.347661 -0.171975
0.241509 0.004581 -0.168030 0.447347 1.671066
0.245956 -0.003646 0.388528 -0.842257 -0.729226
0.256521 -0.025050 0.141072 -0.240707 -0.959324
0.255797 -0.020165 -0.176235 0.475901 0.773172
0.254003 -0.014069 0.085423 -0.160991 -0.545158
0.253796 -0.012206 -0.095157 0.248751 0.518618
0.253501 -0.010801 0.079700 -0.172282 -0.162422
0.255602 -0.015179 0.025666 -0.049248 -0.566220
0.252886 -0.008700 -0.160984 0.368640 0.581166
0.250384 -0.003540 0.035089 -0.103022 0.089978
0.252375 -0.008951 0.064480 -0.167693 -0.932648
0.248742 -0.001277 -0.245183 0.542936 0.493262
0.242299 0.012144 -0.077893 0.136511 -0.335470
0.236942 0.022895 -0.189720 0.399463 1.033235
0.236231 0.023045 0.152958 -0.380955 -0.681174
0.237706 0.019353 -0.078281 0.187656 0.849021
0.240202 0.014060 0.202225 -0.444493 0.167632
0.249303 -0.005333 0.253028 -0.527821 0.229529
0.260877 -0.029348 0.325887 -0.675588 -0.765376
0.268780 -0.044361 0.070495 -0.086425 0.141373
0.272621 -0.050863 0.121449 -0.237842 -0.898895
0.271578 -0.047421 -0.172685 0.401674 -0.596796
0.260866 -0.023798 -0.362791 0.778957 1.163559
0.254263 -0.012074 0.030992 -0.177081 -1.118456
0.248063 -0.001987 -0.339892 0.671495 0.665009
0.238997 0.013743 -0.114552 0.125843 -1.039783
0.227488 0.034929 -0.460040 0.926261 0.653460
0.213494 0.061561 -0.240975 0.417956 1.216927
0.211865 0.060552 0.158172 -0.456301 -0.382721
0.215442 0.050218 0.021431 -0.067790 1.387247
0.225395 0.027529 0.475173 -1.057591 -1.401099
0.234856 0.008840 -0.000019 0.103306 0.940100
0.241097 -0.001356 0.311195 -0.605217 0.051520
0.253791 -0.025533 0.323966 -0.608341 -0.956687
0.260345 -0.034913 0.005051 0.127084 -0.687829
0.256063 -0.020205 -0.218689 0.604558 1.045457
0.254400 -0.013317 0.134118 -0.246858 -0.356210
0.257383 -0.017657 0.015510 0.025142 -0.619626
0.253920 -0.007536 -0.188146 0.476606 0.191735
0.247754 0.007812 -0.120717 0.296342 0.732974
0.247824 0.008232 0.123332 -0.267343 0.012632
0.252778 -0.002067 0.124576 -0.249859 -0.302131
0.255713 -0.007092 0.022653 -0.005838 0.010965
0.256702 -0.007610 0.026793 -0.019964 -0.495571
0.254487 -0.000904 -0.137123 0.351383 0.791056
0.254314 0.000548 0.127527 -0.269767 0.221861
0.260845 -0.013238 0.199007 -0.420134 -0.340225
0.266503 -0.024523 0.084550 -0.150188 -0.701920
0.265244 -0.020081 -0.146774 0.365941 0.694471
0.264089 -0.017028 0.088083 -0.204717 -0.450351
0.264621 -0.018385 -0.060953 0.131890 -0.943120
0.255967 0.000812 -0.371014 0.822108 0.370456
0.243712 0.026962 -0.242769 0.495186 1.267093
0.242440 0.027320 0.177668 -0.463758 -0.173850
0.248256 0.012731 0.113703 -0.271221 0.255563
0.254430 -0.001346 0.195039 -0.433158 -1.074960
0.255014 -0.001569 -0.164538 0.410120 1.426067
0.257980 -0.007618 0.311234 -0.698220 -1.162225
0.262605 -0.016897 -0.078370 0.219513 -0.258486
0.257818 -0.004792 -0.160974 0.385816 0.349680
0.253770 0.004681 -0.042035 0.093797 0.095932
0.252727 0.006982 -0.010286 0.022703 -0.117984
0.251515 0.009874 -0.050238 0.121115 1.674650
0.260637 -0.010901 0.504775 -1.146226 -1.935095
0.267802 -0.025710 -0.143816 0.381256 -0.174736
0.260998 -0.008843 -0.196577 0.464282 0.790487
0.258480 -0.003204 0.069575 -0.172283 -0.329415
0.259049 -0.004840 -0.040675 0.086491 0.289332
0.259367 -0.006016 0.056254 -0.142310 0.209363
0.262999 -0.014838 0.125242 -0.298316 -1.156243
0.260302 -0.008918 -0.258816 0.583118 0.679260
0.254574 0.003021 -0.028711 0.024059 -0.198519
0.252099 0.007108 -0.094865 0.178930 0.276862
0.250154 0.009975 -0.002744 -0.032037 -0.202500
0.248668 0.012117 -0.071383 0.137178 0.107428
0.246517 0.016091 -0.036328 0.063348 1.694851
0.256308 -0.007083 0.524330 -1.208818 -1.244986
0.268827 -0.034822 0.103789 -0.198030 -0.737692
0.268117 -0.031926 -0.138522 0.335894 -0.500080
0.259369 -0.011964 -0.298759 0.661629 0.635472
0.251771 0.003612 -0.082288 0.127736 0.451825
0.251494 0.001728 0.067950 -0.217453 -0.293865
0.252218 -0.002090 -0.031297 0.022461 0.835893
0.256532 -0.014077 0.246247 -0.615250 -2.453559
0.249998 -0.000467 -0.570320 1.272039 0.723146
0.232188 0.037630 -0.321854 0.649201 1.334135
0.228197 0.043175 0.120582 -0.356625 -0.209590
0.231473 0.033643 0.043770 -0.125055 0.508055
0.236505 0.021831 0.207494 -0.463169 -1.305910
0.235994 0.024530 -0.231428 0.583947 0.774975
0.231919 0.035825 0.026517 -0.008556 0.349028
0.235213 0.031016 0.137917 -0.229728 0.139950
0.241549 0.020754 0.178988 -0.284639 0.044699
0.248908 0.009594 0.189190 -0.275687 -0.686563
0.251837 0.009756 -0.041911 0.276098 1.245643
0.258457 0.001574 0.371610 -0.673535 -0.032146
0.272992 -0.023885 0.355737 -0.605431 -0.371524
0.284702 -0.042093 0.230587 -0.312729 -1.401956
0.284642 -0.033602 -0.232177 0.724513 0.771297
0.280661 -0.018165 0.031835 0.059604 0.190880
0.283247 -0.019170 0.097214 -0.107675 -0.375711
0.284656 -0.017963 -0.026336 0.164425 -0.057999
0.283276 -0.011088 -0.042782 0.180437 0.417466
0.284388 -0.010740 0.097859 -0.158218 -0.174776
0.287135 -0.014380 0.039735 -0.026353 0.543327
0.292361 -0.024038 0.221100 -0.452461 -0.809864
0.295799 -0.029614 -0.048130 0.163845 -0.955445
0.287605 -0.009255 -0.360879 0.848645 1.511441
0.283370 0.000160 0.147065 -0.359124 0.010816
0.289266 -0.013850 0.148040 -0.344363 -0.454638
0.292139 -0.020466 -0.003722 0.007324 -0.182179
0.290822 -0.017824 -0.061986 0.123670 0.044892
0.288698 -0.014110 -0.044415 0.063563 0.163894
0.288050 -0.014464 0.011833 -0.079313 -0.208024
0.287158 -0.014637 -0.056194 0.068528 -0.219490
0.283492 -0.008923 -0.126992 0.216252 0.455326
0.281493 -0.007732 0.026436 -0.151313 -0.036783
0.282299 -0.013165 0.014020 -0.121833 -1.443921
0.273265 0.004033 -0.464350 0.969847 2.247630
0.269779 0.007129 0.287277 -0.789737 -1.785098
0.269260 0.004217 -0.311020 0.623766 1.189612
0.264816 0.010190 0.087282 -0.310806 0.120361
0.269037 -0.003407 0.123930 -0.370879 -0.190377
0.272678 -0.014868 0.058582 -0.206759 -1.236550
0.266797 -0.004179 -0.351407 0.730207 1.952486
0.265847 -0.006008 0.301608 -0.800563 -0.856097
0.272108 -0.023918 0.012850 -0.108238 -0.098622
0.272002 -0.027113 -0.017982 -0.052955 -0.709031
0.266620 -0.018873 -0.250516 0.459450 1.770975
0.268491 -0.028722 0.342083 -0.934225 -1.176619
0.274273 -0.047423 -0.051173 -0.017638 -0.988493
0.265758 -0.034017 -0.373732 0.680918 -0.358461
0.248606 -0.002950 -0.484171 0.875877 0.142085
0.230328 0.028685 -0.430575 0.714404 2.562709
0.230195 0.017656 0.421158 -1.240797 -1.810389
0.234775 -0.002073 -0.189534 0.229852 0.002815
0.227254 0.006747 -0.186698 0.213157 1.190016
0.227722 -0.003112 0.208858 -0.695333 -1.578538
0.225479 -0.005792 -0.319006 0.543403 0.215593
0.214251 0.011797 -0.243066 0.342340 0.126947
0.205401 0.023383 -0.199832 0.240703 0.583375
0.201273 0.024302 -0.007220 -0.188533 -0.287661
0.198990 0.022023 -0.106522 0.070516 0.521847
0.198162 0.017276 0.064630 -0.303521 0.182623
0.201877 0.003168 0.121252 -0.403319 -0.849889
0.201005 0.000736 -0.163767 0.271794 1.243340
0.202764 -0.007809 0.250391 -0.687284 -1.801672
0.200708 -0.006854 -0.351050 0.715540 0.371452
0.189260 0.014977 -0.222263 0.384998 0.202659
0.181742 0.027130 -0.154116 0.227300 1.397137
0.184842 0.015130 0.307755 -0.815164 -0.555468
0.193299 -0.007469 0.116254 -0.326120 -1.490620
0.187999 0.002684 -0.379679 0.819711 0.289819
0.174856 0.030022 -0.278368 0.556330 1.273570
0.172206 0.032718 0.144285 -0.407415 0.187149
0.179085 0.014889 0.199867 -0.486462 -0.524171
0.183482 0.004517 0.020882 -0.040397 0.698074
0.188941 -0.007625 0.251464 -0.561803 -1.178463
0.191088 -0.011380 -0.142605 0.360361 -0.182381
0.184246 0.005131 -0.199617 0.466936 0.607906
0.180361 0.014005 0.004420 -0.014706 -0.071715
0.180023 0.014903 -0.021221 0.058806 1.137314
0.186710 0.000094 0.354558 -0.790355 -2.096767
0.186820 0.001793 -0.346563 0.852609 1.798733
0.185042 0.007209 0.255403 -0.560893 0.033999
0.195378 -0.014791 0.261841 -0.543687 -1.199569
0.197818 -0.017688 -0.138342 0.385185 0.259570
0.194104 -0.007153 -0.047931 0.147010 -0.933971
0.186008 0.012755 -0.356173 0.842542 0.608078
0.175901 0.036329 -0.150409 0.347891 0.230068
0.171382 0.047137 -0.076026 0.196803 1.665075
0.179329 0.030348 0.471878 -1.022750 -0.922707
0.191838 0.005724 0.155261 -0.224370 -0.091940
0.197382 -0.001357 0.122221 -0.132371 -0.565333
0.198486 0.002229 -0.066456 0.306185 -0.081163
0.195321 0.015415 -0.091955 0.355064 1.454749
0.201330 0.007206 0.390860 -0.751640 -0.420460
0.214029 -0.015178 0.245083 -0.377276 -0.485142
0.220573 -0.022616 0.082856 -0.001398 -0.441336
0.220994 -0.016368 -0.061459 0.310657 -0.241944
0.217001 -0.000972 -0.138207 0.460115 0.566945
0.215309 0.008133 0.052693 0.003366 0.270871
0.219193 0.004339 0.141287 -0.191090 0.381722
0.227337 -0.008765 0.265746 -0.462888 -1.084974
0.230691 -0.010149 -0.096703 0.381529 0.907204
0.232930 -0.009524 0.207537 -0.339996 -0.734721
0.236307 -0.011556 -0.037796 0.229962 1.048513
0.241823 -0.018995 0.312458 -0.591815 -0.928995
0.248088 -0.028005 0.002090 0.129330 -0.378647
0.245728 -0.017796 -0.119863 0.379661 0.517963
0.244470 -0.011443 0.056180 -0.054704 -0.702357
0.242057 -0.002991 -0.176182 0.471605 0.040470
0.235352 0.014595 -0.159500 0.412003 1.141330
0.236588 0.013376 0.219967 -0.460912 0.263315
0.247033 -0.008136 0.302438 -0.616764 -0.591066
0.255117 -0.023048 0.102808 -0.138544 -0.967663
0.252818 -0.014035 -0.216834 0.580913 0.149391
0.245252 0.005847 -0.162074 0.419391 1.096733
0.246110 0.005392 0.203654 -0.430314 -0.242222
0.252562 -0.007357 0.119541 -0.212704 -0.432116
0.254448 -0.009071 -0.024689 0.121967 1.365449
0.262577 -0.025501 0.429773 -0.931854 -1.789190
0.267779 -0.034613 -0.167295 0.454808 0.273189
0.263046 -0.021987 -0.070026 0.182769 0.261134
0.262055 -0.019405 0.020077 -0.049890 0.025986
0.263064 -0.022148 0.030355 -0.087278 -0.798125
0.259003 -0.013743 -0.232643 0.500953 0.637637
0.254043 -0.004455 -0.016332 -0.027300 -0.090805
0.252790 -0.004185 -0.046232 0.039915 -0.968106
0.244514 0.012169 -0.366709 0.770752 1.199245
0.237911 0.023868 0.034830 -0.170194 0.297721
0.241203 0.013306 0.129692 -0.357407 0.064442
0.246733 -0.001158 0.147054 -0.368464 -0.739104
0.247642 -0.004038 -0.100630 0.215660 -0.233468
0.242103 0.007831 -0.176322 0.377859 -0.762278
0.230017 0.034368 -0.427555 0.946155 1.856120
0.225319 0.043312 0.190253 -0.477001 0.879483
0.238606 0.012415 0.473768 -1.065870 -2.007627
0.244008 0.002378 -0.201021 0.539570 1.147788
0.243672 0.005706 0.182806 -0.359901 -0.391613
0.248306 -0.002016 0.049547 -0.032334 -0.662781
0.245873 0.006914 -0.170603 0.473515 1.301787
0.247758 0.005429 0.263339 -0.533932 -0.181883
0.256983 -0.012250 0.198485 -0.356019 0.574561
0.268710 -0.035081 0.387642 -0.783934 -1.948425
0.271213 -0.036262 -0.260152 0.703721 1.547928
0.271283 -0.033619 0.261675 -0.553477 -2.493296
0.265156 -0.017486 -0.565458 1.337086 1.580382
0.253288 0.009565 -0.030457 0.039024 -1.292928
0.243452 0.031195 -0.460201 1.032625 2.005194
0.238460 0.041117 0.207996 -0.512649 -0.406085
0.243907 0.028523 0.065136 -0.124885 0.081424
